[T 08:48:23 441065] CodeQL CLI version 2.11.1
[T 08:48:23 441065] Initializing tracer.
[T 08:48:23 441065] Initialising tags...
[T 08:48:23 441065] ID set to 000000000006BAE9_0000000000000001 (parent root)
[T 08:48:23 441065] Initializing tracer.
[T 08:48:23 441065] Initialising tags...
[T 08:48:23 441065] ID set to 000000000006BAE9_0000000000000002 (parent root)
[T 08:48:23 441065] Warning: SEMMLE_EXEC and SEMMLE_EXECP not set. Falling back to path lookup on argv[0].
[T 08:48:23 441065] ==== Candidate to intercept: /home/melissa/sven/codeql/tools/linux64/runner-linux (canonical: /home/melissa/sven/codeql/tools/linux64/runner-linux) ====
[T 08:48:23 441065] Executing the following tracer actions:
[T 08:48:23 441065] Tracer actions:
[T 08:48:23 441065] pre_invocations(0)
[T 08:48:23 441065] post_invocations(0)
[T 08:48:23 441065] trace_languages(1): [cpp]
[T 08:48:23 441065] Initializing tracer.
[T 08:48:23 441065] Initialising tags...
[T 08:48:23 441065] ID set to 000000000006BAE9_0000000000000003 (parent 000000000006BAE9_0000000000000002)
[T 08:48:23 441065] ==== Candidate to intercept: make (canonical: make) ====
[T 08:48:23 441065] Will try to resolve make in path /home/melissa/sonar-scanner/bin:/home/melissa/anaconda3/envs/sven-env/bin:/home/melissa/miniconda3/condabin:/home/melissa/.vscode-server/cli/servers/Stable-c306e94f98122556ca081f527b466015e1bc37b0/server/bin/remote-cli:/usr/local/sbin:/usr/local/bin:/usr/sbin:/usr/bin:/sbin:/bin:/usr/games:/usr/local/games:/snap/bin:/home/melissa/.vscode-server/extensions/ms-python.debugpy-2025.14.1-linux-x64/bundled/scripts/noConfigScripts:/home/melissa/.vscode-server/data/User/globalStorage/github.copilot-chat/debugCommand:/home/melissa/codeql.
[T 08:48:23 441065]  -> path lookup for make as /home/melissa/sonar-scanner/bin/make...
[T 08:48:23 441065]  -> path lookup for make as /home/melissa/anaconda3/envs/sven-env/bin/make...
[T 08:48:23 441065]  -> path lookup for make as /home/melissa/miniconda3/condabin/make...
[T 08:48:23 441065]  -> path lookup for make as /home/melissa/.vscode-server/cli/servers/Stable-c306e94f98122556ca081f527b466015e1bc37b0/server/bin/remote-cli/make...
[T 08:48:23 441065]  -> path lookup for make as /usr/local/sbin/make...
[T 08:48:23 441065]  -> path lookup for make as /usr/local/bin/make...
[T 08:48:23 441065]  -> path lookup for make as /usr/sbin/make...
[T 08:48:23 441065]  -> path lookup for make as /usr/bin/make...
[T 08:48:23 441065] Resolved barename make to /usr/bin/make
[T 08:48:23 441065] Executing the following tracer actions:
[T 08:48:23 441065] Tracer actions:
[T 08:48:23 441065] pre_invocations(0)
[T 08:48:23 441065] post_invocations(0)
[T 08:48:23 441065] trace_languages(1): [cpp]
[T 08:48:23 441068] Initializing tracer.
[T 08:48:23 441068] Initialising tags...
[T 08:48:23 441068] ID set to 000000000006BAEC_0000000000000001 (parent 000000000006BAE9_0000000000000003)
[T 08:48:23 441068] ==== Candidate to intercept: /usr/bin/gcc (canonical: /usr/bin/x86_64-linux-gnu-gcc-13) ====
[T 08:48:23 441068] Lua: === Intercepted call to /usr/bin/x86_64-linux-gnu-gcc-13 ===
[T 08:48:23 441068] Executing the following tracer actions:
[T 08:48:23 441068] Tracer actions:
[T 08:48:23 441068] pre_invocations(0)
[T 08:48:23 441068] post_invocations(1)
[T 08:48:23 441068] invocation: /home/melissa/sven/codeql/cpp/tools/linux64/extractor, args: [--mimic, /usr/bin/x86_64-linux-gnu-gcc-13, -c, 00.c, -o, 00.o]
[T 08:48:23 441068] trace_languages(1): [cpp]
[T 08:48:23 441070] Initializing tracer.
[T 08:48:23 441070] Initialising tags...
[T 08:48:23 441070] ID set to 000000000006BAEE_0000000000000001 (parent 000000000006BAEC_0000000000000001)
[T 08:48:23 441070] ==== Candidate to intercept: /usr/libexec/gcc/x86_64-linux-gnu/13/cc1 (canonical: /usr/libexec/gcc/x86_64-linux-gnu/13/cc1) ====
[T 08:48:23 441070] Lua: === Intercepted call to /usr/libexec/gcc/x86_64-linux-gnu/13/cc1 ===
[T 08:48:23 441070] Executing the following tracer actions:
[T 08:48:23 441070] Tracer actions:
[T 08:48:23 441070] pre_invocations(0)
[T 08:48:23 441070] post_invocations(1)
[T 08:48:23 441070] invocation: /home/melissa/sven/codeql/cpp/tools/linux64/extractor, args: [--mimic, /usr/libexec/gcc/x86_64-linux-gnu/13/cc1, -quiet, -imultiarch, x86_64-linux-gnu, 00.c, -quiet, -dumpbase, 00.c, -dumpbase-ext, .c, -mtune=generic, -march=x86-64, -fasynchronous-unwind-tables, -fstack-protector-strong, -Wformat, -Wformat-security, -fstack-clash-protection, -fcf-protection, -o, /tmp/ccnn9xwQ.s]
[T 08:48:23 441070] trace_languages(1): [cpp]
[T 08:48:23 441072] Attempting to switch stdout/stderr to 4...
[T 08:48:23 441072] Initializing tracer.
[T 08:48:23 441072] Initialising tags...
[T 08:48:23 441072] ID set to 000000000006BAF0_0000000000000001 (parent 000000000006BAEE_0000000000000001)
[E 08:48:23 441072] CodeQL C/C++ Extractor 2.11.1
[E 08:48:23 441072] Current directory: /home/melissa/sven/experiments/sec_eval/sec-eval-350m-prefix/trained/cwe-125/0-c/sec_output
[E 08:48:23 441072] Command: /home/melissa/sven/codeql/cpp/tools/linux64/extractor --mimic /usr/libexec/gcc/x86_64-linux-gnu/13/cc1 -quiet -imultiarch x86_64-linux-gnu 00.c -quiet -dumpbase 00.c -dumpbase-ext .c -mtune=generic -march=x86-64 -fasynchronous-unwind-tables -fstack-protector-strong -Wformat -Wformat-security -fstack-clash-protection -fcf-protection -o /tmp/ccnn9xwQ.s
[T 08:48:23 441073] Initializing tracer.
[T 08:48:23 441073] Initialising tags...
[T 08:48:23 441073] ID set to 000000000006BAF1_0000000000000001 (parent 000000000006BAF0_0000000000000001)
[T 08:48:23 441073] ==== Candidate to intercept: /usr/libexec/gcc/x86_64-linux-gnu/13/cc1 (canonical: /usr/libexec/gcc/x86_64-linux-gnu/13/cc1) ====
[T 08:48:23 441073] Lua: === Intercepted call to /usr/libexec/gcc/x86_64-linux-gnu/13/cc1 ===
[T 08:48:23 441073] Executing the following tracer actions:
[T 08:48:23 441073] Tracer actions:
[T 08:48:23 441073] pre_invocations(0)
[T 08:48:23 441073] post_invocations(1)
[T 08:48:23 441073] invocation: /home/melissa/sven/codeql/cpp/tools/linux64/extractor, args: [--mimic, /usr/libexec/gcc/x86_64-linux-gnu/13/cc1, --version]
[T 08:48:23 441073] trace_languages(1): [cpp]
[T 08:48:23 441075] Attempting to switch stdout/stderr to 7...
[T 08:48:23 441075] Initializing tracer.
[T 08:48:23 441075] Initialising tags...
[T 08:48:23 441075] ID set to 000000000006BAF3_0000000000000001 (parent 000000000006BAF1_0000000000000001)
[E 08:48:23 441075] Mimicry classification suppression detected; exiting.
[T 08:48:23 441073] Extractor /home/melissa/sven/codeql/cpp/tools/linux64/extractor terminated with exit code 0.
[T 08:48:23 441076] Initializing tracer.
[T 08:48:23 441076] Initialising tags...
[T 08:48:23 441076] ID set to 000000000006BAF4_0000000000000001 (parent 000000000006BAF0_0000000000000001)
[T 08:48:23 441076] ==== Candidate to intercept: /usr/libexec/gcc/x86_64-linux-gnu/13/cc1 (canonical: /usr/libexec/gcc/x86_64-linux-gnu/13/cc1) ====
[T 08:48:23 441076] Lua: === Intercepted call to /usr/libexec/gcc/x86_64-linux-gnu/13/cc1 ===
[T 08:48:23 441076] Executing the following tracer actions:
[T 08:48:23 441076] Tracer actions:
[T 08:48:23 441076] pre_invocations(0)
[T 08:48:23 441076] post_invocations(1)
[T 08:48:23 441076] invocation: /home/melissa/sven/codeql/cpp/tools/linux64/extractor, args: [--mimic, /usr/libexec/gcc/x86_64-linux-gnu/13/cc1, --help]
[T 08:48:23 441076] trace_languages(1): [cpp]
[T 08:48:23 441078] Attempting to switch stdout/stderr to 7...
[T 08:48:23 441078] Initializing tracer.
[T 08:48:23 441078] Initialising tags...
[T 08:48:23 441078] ID set to 000000000006BAF6_0000000000000001 (parent 000000000006BAF4_0000000000000001)
[E 08:48:23 441078] Mimicry classification suppression detected; exiting.
[T 08:48:23 441076] Extractor /home/melissa/sven/codeql/cpp/tools/linux64/extractor terminated with exit code 0.
[T 08:48:23 441079] Initializing tracer.
[T 08:48:23 441079] Initialising tags...
[T 08:48:23 441079] ID set to 000000000006BAF7_0000000000000001 (parent 000000000006BAF0_0000000000000001)
[T 08:48:23 441079] ==== Candidate to intercept: /usr/libexec/gcc/x86_64-linux-gnu/13/cc1 (canonical: /usr/libexec/gcc/x86_64-linux-gnu/13/cc1) ====
[T 08:48:23 441079] Lua: === Intercepted call to /usr/libexec/gcc/x86_64-linux-gnu/13/cc1 ===
[T 08:48:23 441079] Executing the following tracer actions:
[T 08:48:23 441079] Tracer actions:
[T 08:48:23 441079] pre_invocations(0)
[T 08:48:23 441079] post_invocations(1)
[T 08:48:23 441079] invocation: /home/melissa/sven/codeql/cpp/tools/linux64/extractor, args: [--mimic, /usr/libexec/gcc/x86_64-linux-gnu/13/cc1, -version, --help]
[T 08:48:23 441079] trace_languages(1): [cpp]
[T 08:48:23 441081] Attempting to switch stdout/stderr to 7...
[T 08:48:23 441081] Initializing tracer.
[T 08:48:23 441081] Initialising tags...
[T 08:48:23 441081] ID set to 000000000006BAF9_0000000000000001 (parent 000000000006BAF7_0000000000000001)
[E 08:48:23 441081] Mimicry classification suppression detected; exiting.
[T 08:48:23 441079] Extractor /home/melissa/sven/codeql/cpp/tools/linux64/extractor terminated with exit code 0.
[T 08:48:23 441082] Initializing tracer.
[T 08:48:23 441082] Initialising tags...
[T 08:48:23 441082] ID set to 000000000006BAFA_0000000000000001 (parent 000000000006BAF0_0000000000000001)
[T 08:48:23 441082] ==== Candidate to intercept: /usr/libexec/gcc/x86_64-linux-gnu/13/cc1 (canonical: /usr/libexec/gcc/x86_64-linux-gnu/13/cc1) ====
[T 08:48:23 441082] Lua: === Intercepted call to /usr/libexec/gcc/x86_64-linux-gnu/13/cc1 ===
[T 08:48:23 441082] Executing the following tracer actions:
[T 08:48:23 441082] Tracer actions:
[T 08:48:23 441082] pre_invocations(0)
[T 08:48:23 441082] post_invocations(1)
[T 08:48:23 441082] invocation: /home/melissa/sven/codeql/cpp/tools/linux64/extractor, args: [--mimic, /usr/libexec/gcc/x86_64-linux-gnu/13/cc1, -nostdinc, -o, /home/melissa/sven/scripts/mydb_350m/working/tmp//semmle_2_441072_589884.o, /home/melissa/sven/scripts/mydb_350m/working/tmp//semmle_1_441072_589835.c]
[T 08:48:23 441082] trace_languages(1): [cpp]
[T 08:48:23 441084] Attempting to switch stdout/stderr to 7...
[T 08:48:23 441084] Initializing tracer.
[T 08:48:23 441084] Initialising tags...
[T 08:48:23 441084] ID set to 000000000006BAFC_0000000000000001 (parent 000000000006BAFA_0000000000000001)
[E 08:48:23 441084] Mimicry classification suppression detected; exiting.
[T 08:48:23 441082] Extractor /home/melissa/sven/codeql/cpp/tools/linux64/extractor terminated with exit code 0.
[T 08:48:23 441085] Initializing tracer.
[T 08:48:23 441085] Initialising tags...
[T 08:48:23 441085] ID set to 000000000006BAFD_0000000000000001 (parent 000000000006BAF0_0000000000000001)
[T 08:48:23 441085] ==== Candidate to intercept: /usr/libexec/gcc/x86_64-linux-gnu/13/cc1 (canonical: /usr/libexec/gcc/x86_64-linux-gnu/13/cc1) ====
[T 08:48:23 441085] Lua: === Intercepted call to /usr/libexec/gcc/x86_64-linux-gnu/13/cc1 ===
[T 08:48:23 441085] Executing the following tracer actions:
[T 08:48:23 441085] Tracer actions:
[T 08:48:23 441085] pre_invocations(0)
[T 08:48:23 441085] post_invocations(1)
[T 08:48:23 441085] invocation: /home/melissa/sven/codeql/cpp/tools/linux64/extractor, args: [--mimic, /usr/libexec/gcc/x86_64-linux-gnu/13/cc1, -nostdinc, -o, /home/melissa/sven/scripts/mydb_350m/working/tmp//semmle_4_441072_614783.o, /home/melissa/sven/scripts/mydb_350m/working/tmp//semmle_3_441072_614706.c]
[T 08:48:23 441085] trace_languages(1): [cpp]
[T 08:48:23 441087] Attempting to switch stdout/stderr to 7...
[T 08:48:23 441087] Initializing tracer.
[T 08:48:23 441087] Initialising tags...
[T 08:48:23 441087] ID set to 000000000006BAFF_0000000000000001 (parent 000000000006BAFD_0000000000000001)
[E 08:48:23 441087] Mimicry classification suppression detected; exiting.
[T 08:48:23 441085] Extractor /home/melissa/sven/codeql/cpp/tools/linux64/extractor terminated with exit code 0.
[E 08:48:23 441072] Checking whether C compilation already happened.
[E 08:48:23 441072] Checking for tag c-compilation-happened
[E 08:48:23 441072] Checking CODEQL_TRACER_DB_ID 000000000006BAEE_0000000000000001
[E 08:48:23 441072] Locking DB /home/melissa/sven/scripts/mydb_350m/working/tags.db
[E 08:48:23 441072] Locked DB /home/melissa/sven/scripts/mydb_350m/working/tags.db
[E 08:48:23 441072] Unlocking DB
[E 08:48:23 441072] Unlocked DB
[E 08:48:23 441072] Looks like C compilation didn't already happen.
[E 08:48:23 441072] Checking whether C compilation has been attempted.
[E 08:48:23 441072] Checking for tag c-compilation-attempted
[E 08:48:23 441072] Checking CODEQL_TRACER_DB_ID 000000000006BAEE_0000000000000001
[E 08:48:23 441072] Locking DB /home/melissa/sven/scripts/mydb_350m/working/tags.db
[E 08:48:23 441072] Locked DB /home/melissa/sven/scripts/mydb_350m/working/tags.db
[E 08:48:23 441072] Unlocking DB
[E 08:48:23 441072] Unlocked DB
[E 08:48:23 441072] Marking C compilation as attempted.
[E 08:48:23 441072] Setting tag c-compilation-attempted
[E 08:48:23 441072] Starting from CODEQL_TRACER_DB_ID 000000000006BAEE_0000000000000001
[E 08:48:23 441072] Locking DB /home/melissa/sven/scripts/mydb_350m/working/tags.db
[E 08:48:23 441072] Locked DB /home/melissa/sven/scripts/mydb_350m/working/tags.db
[E 08:48:23 441072] Set tag for 000000000006BAEE_0000000000000001
[E 08:48:23 441072] Set tag for 000000000006BAEC_0000000000000001
[E 08:48:23 441072] Set tag for 000000000006BAE9_0000000000000003
[E 08:48:23 441072] Set tag for 000000000006BAE9_0000000000000002
[E 08:48:23 441072] Set tag for root
[E 08:48:23 441072] Unlocking DB
[E 08:48:23 441072] Unlocked DB
[T 08:48:23 441088] Initializing tracer.
[T 08:48:23 441088] Initialising tags...
[T 08:48:23 441088] ID set to 000000000006BB00_0000000000000001 (parent 000000000006BAF0_0000000000000001)
[T 08:48:23 441088] ==== Candidate to intercept: /usr/libexec/gcc/x86_64-linux-gnu/13/cc1 (canonical: /usr/libexec/gcc/x86_64-linux-gnu/13/cc1) ====
[T 08:48:23 441088] Lua: === Intercepted call to /usr/libexec/gcc/x86_64-linux-gnu/13/cc1 ===
[T 08:48:23 441088] Executing the following tracer actions:
[T 08:48:23 441088] Tracer actions:
[T 08:48:23 441088] pre_invocations(0)
[T 08:48:23 441088] post_invocations(1)
[T 08:48:23 441088] invocation: /home/melissa/sven/codeql/cpp/tools/linux64/extractor, args: [--mimic, /usr/libexec/gcc/x86_64-linux-gnu/13/cc1, -imultiarch, x86_64-linux-gnu, -mtune=generic, -march=x86-64, -fasynchronous-unwind-tables, -fstack-protector-strong, -fstack-clash-protection, -fcf-protection, -v, -fsyntax-only, /home/melissa/sven/scripts/mydb_350m/working/tmp//semmle_6_441072_641103]
[T 08:48:23 441088] trace_languages(1): [cpp]
[T 08:48:23 441090] Attempting to switch stdout/stderr to 7...
[T 08:48:23 441090] Initializing tracer.
[T 08:48:23 441090] Initialising tags...
[T 08:48:23 441090] ID set to 000000000006BB02_0000000000000001 (parent 000000000006BB00_0000000000000001)
[E 08:48:23 441090] Mimicry classification suppression detected; exiting.
[T 08:48:23 441088] Extractor /home/melissa/sven/codeql/cpp/tools/linux64/extractor terminated with exit code 0.
[T 08:48:23 441091] Initializing tracer.
[T 08:48:23 441091] Initialising tags...
[T 08:48:23 441091] ID set to 000000000006BB03_0000000000000001 (parent 000000000006BAF0_0000000000000001)
[T 08:48:23 441091] ==== Candidate to intercept: /usr/libexec/gcc/x86_64-linux-gnu/13/cc1 (canonical: /usr/libexec/gcc/x86_64-linux-gnu/13/cc1) ====
[T 08:48:23 441091] Lua: === Intercepted call to /usr/libexec/gcc/x86_64-linux-gnu/13/cc1 ===
[T 08:48:23 441091] Executing the following tracer actions:
[T 08:48:23 441091] Tracer actions:
[T 08:48:23 441091] pre_invocations(0)
[T 08:48:23 441091] post_invocations(1)
[T 08:48:23 441091] invocation: /home/melissa/sven/codeql/cpp/tools/linux64/extractor, args: [--mimic, /usr/libexec/gcc/x86_64-linux-gnu/13/cc1, -imultiarch, x86_64-linux-gnu, -mtune=generic, -march=x86-64, -fasynchronous-unwind-tables, -fstack-protector-strong, -fstack-clash-protection, -fcf-protection, -E, -dM, /home/melissa/sven/scripts/mydb_350m/working/tmp//semmle_7_441072_662425]
[T 08:48:23 441091] trace_languages(1): [cpp]
[T 08:48:23 441093] Attempting to switch stdout/stderr to 7...
[T 08:48:23 441093] Initializing tracer.
[T 08:48:23 441093] Initialising tags...
[T 08:48:23 441093] ID set to 000000000006BB05_0000000000000001 (parent 000000000006BB03_0000000000000001)
[E 08:48:23 441093] Mimicry classification suppression detected; exiting.
[T 08:48:23 441091] Extractor /home/melissa/sven/codeql/cpp/tools/linux64/extractor terminated with exit code 0.
[T 08:48:23 441094] Initializing tracer.
[T 08:48:23 441094] Initialising tags...
[T 08:48:23 441094] ID set to 000000000006BB06_0000000000000001 (parent 000000000006BAF0_0000000000000001)
[T 08:48:23 441094] ==== Candidate to intercept: /usr/libexec/gcc/x86_64-linux-gnu/13/cc1 (canonical: /usr/libexec/gcc/x86_64-linux-gnu/13/cc1) ====
[T 08:48:23 441094] Lua: === Intercepted call to /usr/libexec/gcc/x86_64-linux-gnu/13/cc1 ===
[T 08:48:23 441094] Executing the following tracer actions:
[T 08:48:23 441094] Tracer actions:
[T 08:48:23 441094] pre_invocations(0)
[T 08:48:23 441094] post_invocations(1)
[T 08:48:23 441094] invocation: /home/melissa/sven/codeql/cpp/tools/linux64/extractor, args: [--mimic, /usr/libexec/gcc/x86_64-linux-gnu/13/cc1, -imultiarch, x86_64-linux-gnu, -mtune=generic, -march=x86-64, -fasynchronous-unwind-tables, -fstack-protector-strong, -fstack-clash-protection, -fcf-protection, -fmax-errors=0, -Wreturn-type, -o, /home/melissa/sven/scripts/mydb_350m/working/tmp//semmle_8_441072_683723.h.gch, /home/melissa/sven/scripts/mydb_350m/working/tmp//semmle_8_441072_683723.h]
[T 08:48:23 441094] trace_languages(1): [cpp]
[T 08:48:23 441096] Attempting to switch stdout/stderr to 7...
[T 08:48:23 441096] Initializing tracer.
[T 08:48:23 441096] Initialising tags...
[T 08:48:23 441096] ID set to 000000000006BB08_0000000000000001 (parent 000000000006BB06_0000000000000001)
[E 08:48:23 441096] Mimicry classification suppression detected; exiting.
[T 08:48:23 441094] Extractor /home/melissa/sven/codeql/cpp/tools/linux64/extractor terminated with exit code 0.
Warning: Only 0 reserved identifiers found in precompiled header file.
[T 08:48:23 441097] Initializing tracer.
[T 08:48:23 441097] Initialising tags...
[T 08:48:23 441097] ID set to 000000000006BB09_0000000000000001 (parent 000000000006BAF0_0000000000000001)
[T 08:48:23 441097] ==== Candidate to intercept: /usr/libexec/gcc/x86_64-linux-gnu/13/cc1 (canonical: /usr/libexec/gcc/x86_64-linux-gnu/13/cc1) ====
[T 08:48:23 441097] Lua: === Intercepted call to /usr/libexec/gcc/x86_64-linux-gnu/13/cc1 ===
[T 08:48:23 441097] Executing the following tracer actions:
[T 08:48:23 441097] Tracer actions:
[T 08:48:23 441097] pre_invocations(0)
[T 08:48:23 441097] post_invocations(1)
[T 08:48:23 441097] invocation: /home/melissa/sven/codeql/cpp/tools/linux64/extractor, args: [--mimic, /usr/libexec/gcc/x86_64-linux-gnu/13/cc1, -imultiarch, x86_64-linux-gnu, -mtune=generic, -march=x86-64, -fasynchronous-unwind-tables, -fstack-protector-strong, -fstack-clash-protection, -fcf-protection, -o, /home/melissa/sven/scripts/mydb_350m/working/tmp//semmle_10_441072_706386.o, /home/melissa/sven/scripts/mydb_350m/working/tmp//semmle_9_441072_706329.c]
[T 08:48:23 441097] trace_languages(1): [cpp]
[T 08:48:23 441099] Attempting to switch stdout/stderr to 7...
[T 08:48:23 441099] Initializing tracer.
[T 08:48:23 441099] Initialising tags...
[T 08:48:23 441099] ID set to 000000000006BB0B_0000000000000001 (parent 000000000006BB09_0000000000000001)
[E 08:48:23 441099] Mimicry classification suppression detected; exiting.
[T 08:48:23 441097] Extractor /home/melissa/sven/codeql/cpp/tools/linux64/extractor terminated with exit code 0.
[T 08:48:23 441100] Initializing tracer.
[T 08:48:23 441100] Initialising tags...
[T 08:48:23 441100] ID set to 000000000006BB0C_0000000000000001 (parent 000000000006BAF0_0000000000000001)
[T 08:48:23 441100] ==== Candidate to intercept: /usr/libexec/gcc/x86_64-linux-gnu/13/cc1 (canonical: /usr/libexec/gcc/x86_64-linux-gnu/13/cc1) ====
[T 08:48:23 441100] Lua: === Intercepted call to /usr/libexec/gcc/x86_64-linux-gnu/13/cc1 ===
[T 08:48:23 441100] Executing the following tracer actions:
[T 08:48:23 441100] Tracer actions:
[T 08:48:23 441100] pre_invocations(0)
[T 08:48:23 441100] post_invocations(1)
[T 08:48:23 441100] invocation: /home/melissa/sven/codeql/cpp/tools/linux64/extractor, args: [--mimic, /usr/libexec/gcc/x86_64-linux-gnu/13/cc1, -imultiarch, x86_64-linux-gnu, -mtune=generic, -march=x86-64, -fasynchronous-unwind-tables, -fstack-protector-strong, -fstack-clash-protection, -fcf-protection, -o, /home/melissa/sven/scripts/mydb_350m/working/tmp//semmle_12_441072_728401.o, /home/melissa/sven/scripts/mydb_350m/working/tmp//semmle_11_441072_728335.c]
[T 08:48:23 441100] trace_languages(1): [cpp]
[T 08:48:23 441102] Attempting to switch stdout/stderr to 7...
[T 08:48:23 441102] Initializing tracer.
[T 08:48:23 441102] Initialising tags...
[T 08:48:23 441102] ID set to 000000000006BB0E_0000000000000001 (parent 000000000006BB0C_0000000000000001)
[E 08:48:23 441102] Mimicry classification suppression detected; exiting.
[T 08:48:23 441100] Extractor /home/melissa/sven/codeql/cpp/tools/linux64/extractor terminated with exit code 0.
[T 08:48:23 441103] Initializing tracer.
[T 08:48:23 441103] Initialising tags...
[T 08:48:23 441103] ID set to 000000000006BB0F_0000000000000001 (parent 000000000006BAF0_0000000000000001)
[T 08:48:23 441103] ==== Candidate to intercept: /usr/libexec/gcc/x86_64-linux-gnu/13/cc1 (canonical: /usr/libexec/gcc/x86_64-linux-gnu/13/cc1) ====
[T 08:48:23 441103] Lua: === Intercepted call to /usr/libexec/gcc/x86_64-linux-gnu/13/cc1 ===
[T 08:48:23 441103] Executing the following tracer actions:
[T 08:48:23 441103] Tracer actions:
[T 08:48:23 441103] pre_invocations(0)
[T 08:48:23 441103] post_invocations(1)
[T 08:48:23 441103] invocation: /home/melissa/sven/codeql/cpp/tools/linux64/extractor, args: [--mimic, /usr/libexec/gcc/x86_64-linux-gnu/13/cc1, -imultiarch, x86_64-linux-gnu, -mtune=generic, -march=x86-64, -fasynchronous-unwind-tables, -fstack-protector-strong, -fstack-clash-protection, -fcf-protection, -o, /home/melissa/sven/scripts/mydb_350m/working/tmp//semmle_14_441072_751161.o, /home/melissa/sven/scripts/mydb_350m/working/tmp//semmle_13_441072_751094.c]
[T 08:48:23 441103] trace_languages(1): [cpp]
[T 08:48:23 441105] Attempting to switch stdout/stderr to 7...
[T 08:48:23 441105] Initializing tracer.
[T 08:48:23 441105] Initialising tags...
[T 08:48:23 441105] ID set to 000000000006BB11_0000000000000001 (parent 000000000006BB0F_0000000000000001)
[E 08:48:23 441105] Mimicry classification suppression detected; exiting.
[T 08:48:23 441103] Extractor /home/melissa/sven/codeql/cpp/tools/linux64/extractor terminated with exit code 0.
[T 08:48:23 441106] Initializing tracer.
[T 08:48:23 441106] Initialising tags...
[T 08:48:23 441106] ID set to 000000000006BB12_0000000000000001 (parent 000000000006BAF0_0000000000000001)
[T 08:48:23 441106] ==== Candidate to intercept: /usr/libexec/gcc/x86_64-linux-gnu/13/cc1 (canonical: /usr/libexec/gcc/x86_64-linux-gnu/13/cc1) ====
[T 08:48:23 441106] Lua: === Intercepted call to /usr/libexec/gcc/x86_64-linux-gnu/13/cc1 ===
[T 08:48:23 441106] Executing the following tracer actions:
[T 08:48:23 441106] Tracer actions:
[T 08:48:23 441106] pre_invocations(0)
[T 08:48:23 441106] post_invocations(1)
[T 08:48:23 441106] invocation: /home/melissa/sven/codeql/cpp/tools/linux64/extractor, args: [--mimic, /usr/libexec/gcc/x86_64-linux-gnu/13/cc1, -imultiarch, x86_64-linux-gnu, -mtune=generic, -march=x86-64, -fasynchronous-unwind-tables, -fstack-protector-strong, -fstack-clash-protection, -fcf-protection, -o, /home/melissa/sven/scripts/mydb_350m/working/tmp//semmle_16_441072_779554.o, /home/melissa/sven/scripts/mydb_350m/working/tmp//semmle_15_441072_779492.c]
[T 08:48:23 441106] trace_languages(1): [cpp]
[T 08:48:23 441108] Attempting to switch stdout/stderr to 7...
[T 08:48:23 441108] Initializing tracer.
[T 08:48:23 441108] Initialising tags...
[T 08:48:23 441108] ID set to 000000000006BB14_0000000000000001 (parent 000000000006BB12_0000000000000001)
[E 08:48:23 441108] Mimicry classification suppression detected; exiting.
[T 08:48:23 441106] Extractor /home/melissa/sven/codeql/cpp/tools/linux64/extractor terminated with exit code 0.
[T 08:48:23 441109] Initializing tracer.
[T 08:48:23 441109] Initialising tags...
[T 08:48:23 441109] ID set to 000000000006BB15_0000000000000001 (parent 000000000006BAF0_0000000000000001)
[T 08:48:23 441109] ==== Candidate to intercept: /usr/libexec/gcc/x86_64-linux-gnu/13/cc1 (canonical: /usr/libexec/gcc/x86_64-linux-gnu/13/cc1) ====
[T 08:48:23 441109] Lua: === Intercepted call to /usr/libexec/gcc/x86_64-linux-gnu/13/cc1 ===
[T 08:48:23 441109] Executing the following tracer actions:
[T 08:48:23 441109] Tracer actions:
[T 08:48:23 441109] pre_invocations(0)
[T 08:48:23 441109] post_invocations(1)
[T 08:48:23 441109] invocation: /home/melissa/sven/codeql/cpp/tools/linux64/extractor, args: [--mimic, /usr/libexec/gcc/x86_64-linux-gnu/13/cc1, -imultiarch, x86_64-linux-gnu, -mtune=generic, -march=x86-64, -fasynchronous-unwind-tables, -fstack-protector-strong, -fstack-clash-protection, -fcf-protection, -o, /home/melissa/sven/scripts/mydb_350m/working/tmp//semmle_18_441072_800084.o, /home/melissa/sven/scripts/mydb_350m/working/tmp//semmle_17_441072_800018.c]
[T 08:48:23 441109] trace_languages(1): [cpp]
[T 08:48:23 441111] Attempting to switch stdout/stderr to 7...
[T 08:48:23 441111] Initializing tracer.
[T 08:48:23 441111] Initialising tags...
[T 08:48:23 441111] ID set to 000000000006BB17_0000000000000001 (parent 000000000006BB15_0000000000000001)
[E 08:48:23 441111] Mimicry classification suppression detected; exiting.
[T 08:48:23 441109] Extractor /home/melissa/sven/codeql/cpp/tools/linux64/extractor terminated with exit code 0.
[T 08:48:23 441112] Initializing tracer.
[T 08:48:23 441112] Initialising tags...
[T 08:48:23 441112] ID set to 000000000006BB18_0000000000000001 (parent 000000000006BAF0_0000000000000001)
[T 08:48:23 441112] ==== Candidate to intercept: /usr/libexec/gcc/x86_64-linux-gnu/13/cc1 (canonical: /usr/libexec/gcc/x86_64-linux-gnu/13/cc1) ====
[T 08:48:23 441112] Lua: === Intercepted call to /usr/libexec/gcc/x86_64-linux-gnu/13/cc1 ===
[T 08:48:23 441112] Executing the following tracer actions:
[T 08:48:23 441112] Tracer actions:
[T 08:48:23 441112] pre_invocations(0)
[T 08:48:23 441112] post_invocations(1)
[T 08:48:23 441112] invocation: /home/melissa/sven/codeql/cpp/tools/linux64/extractor, args: [--mimic, /usr/libexec/gcc/x86_64-linux-gnu/13/cc1, -imultiarch, x86_64-linux-gnu, -mtune=generic, -march=x86-64, -fasynchronous-unwind-tables, -fstack-protector-strong, -fstack-clash-protection, -fcf-protection, -o, /home/melissa/sven/scripts/mydb_350m/working/tmp//semmle_20_441072_828794.o, /home/melissa/sven/scripts/mydb_350m/working/tmp//semmle_19_441072_828732.c]
[T 08:48:23 441112] trace_languages(1): [cpp]
[T 08:48:23 441114] Attempting to switch stdout/stderr to 7...
[T 08:48:23 441114] Initializing tracer.
[T 08:48:23 441114] Initialising tags...
[T 08:48:23 441114] ID set to 000000000006BB1A_0000000000000001 (parent 000000000006BB18_0000000000000001)
[E 08:48:23 441114] Mimicry classification suppression detected; exiting.
[T 08:48:23 441112] Extractor /home/melissa/sven/codeql/cpp/tools/linux64/extractor terminated with exit code 0.
[E 08:48:23 441072] Processed command line: /home/melissa/sven/codeql/cpp/tools/linux64/extractor --trapfolder /home/melissa/sven/scripts/mydb_350m/trap/cpp --src_archive /home/melissa/sven/scripts/mydb_350m/src --mimic_config /home/melissa/sven/scripts/mydb_350m/working/compiler_mimic_cache/a75ad1f49a2f --object_filename /tmp/ccnn9xwQ.s -w --error_limit 1000 --disable_system_macros --variadic_macros --gcc --gnu_version 130300 --target linux_x86_64 '-D__DBL_MIN_EXP__=(-1021)' -D__UINT_LEAST16_MAX__=0xffff -D__FLT16_HAS_QUIET_NAN__=1 -D__ATOMIC_ACQUIRE=2 -D__FLT128_MAX_10_EXP__=4932 -D__FLT_MIN__=1.17549435082228750796873653722224568e-38F -D__GCC_IEC_559_COMPLEX=2 '-D__UINT_LEAST8_TYPE__=unsigned char' -D__SIZEOF_FLOAT80__=16 -D__BFLT16_DENORM_MIN__=9.18354961579912115600575419704879436e-41BF16 '-D__INTMAX_C(c)=c ## L' -D__CHAR_BIT__=8 -D__UINT8_MAX__=0xff -D__SCHAR_WIDTH__=8 -D__WINT_MAX__=0xffffffffU '-D__FLT32_MIN_EXP__=(-125)' '-D__BFLT16_NORM_MAX__=3.38953138925153547590470800371487867e+38BF16' '-D__BFLT16_MIN_10_EXP__=(-37)' -D__ORDER_LITTLE_ENDIAN__=1234 -D__WCHAR_MAX__=0x7fffffff -D__GCC_HAVE_SYNC_COMPARE_AND_SWAP_2=1 -D__GCC_HAVE_SYNC_COMPARE_AND_SWAP_4=1 -D__GCC_HAVE_SYNC_COMPARE_AND_SWAP_8=1 -D__GCC_ATOMIC_CHAR_LOCK_FREE=2 -D__GCC_IEC_559=2 -D__FLT32X_DECIMAL_DIG__=17 -D__FLT_EVAL_METHOD__=0 -D__FLT64_DECIMAL_DIG__=17 -D__CET__=3 -D__GCC_ATOMIC_CHAR32_T_LOCK_FREE=2 -D__UINT_FAST64_MAX__=0xffffffffffffffffUL -D__SIG_ATOMIC_TYPE__=int '-D__DBL_MIN_10_EXP__=(-307)' -D__FINITE_MATH_ONLY__=0 -D__FLT32X_MAX_EXP__=1024 -D__GCC_HAVE_SYNC_COMPARE_AND_SWAP_1=1 -D__FLT32_HAS_DENORM__=1 -D__UINT_FAST8_MAX__=0xff -D__FLT32_MAX_10_EXP__=38 -D__DEC64_MAX_EXP__=385 '-D__INT8_C(c)=c' -D__INT_LEAST8_WIDTH__=8 -D__UINT_LEAST64_MAX__=0xffffffffffffffffUL -D__SHRT_MAX__=0x7fff '-D__LDBL_MAX__=1.18973149535723176502126385303097021e+4932L' -D__FLT64X_MAX_10_EXP__=4932 -D__BFLT16_MAX_10_EXP__=38 -D__BFLT16_MAX_EXP__=128 -D__LDBL_IS_IEC_60559__=1 -D__FLT64X_HAS_QUIET_NAN__=1 -D__UINT_LEAST8_MAX__=0xff -D__GCC_ATOMIC_BOOL_LOCK_FREE=2 -D__FLT128_DENORM_MIN__=6.47517511943802511092443895822764655e-4966F128 '-D__UINTMAX_TYPE__=long unsigned int' -D__BFLT16_DECIMAL_DIG__=4 -D__linux=1 -D__DEC32_EPSILON__=1E-6DF -D__FLT_EVAL_METHOD_TS_18661_3__=0 -D__UINT32_MAX__=0xffffffffU '-D__DBL_DENORM_MIN__=((double)4.94065645841246544176568792868221372e-324L)' '-D__FLT128_MIN_EXP__=(-16381)' -D__WINT_MIN__=0U '-D__FLT128_MIN_10_EXP__=(-4931)' -D__FLT32X_IS_IEC_60559__=1 -D__INT_LEAST16_WIDTH__=16 -D__SCHAR_MAX__=0x7f -D__FLT128_MANT_DIG__=113 '-D__WCHAR_MIN__=(-__WCHAR_MAX__ - 1)' '-D__INT64_C(c)=c ## L' -D__SSP_STRONG__=3 -D__GCC_ATOMIC_POINTER_LOCK_FREE=2 -D__ATOMIC_SEQ_CST=5 -D__unix=1 -D__INT_LEAST64_MAX__=0x7fffffffffffffffL -D__FLT32X_MANT_DIG__=53 -D__FLT64X_EPSILON__=1.08420217248550443400745280086994171e-19F64x '-D__DEC64_MIN_EXP__=(-382)' -D__DBL_DIG__=15 -D__FLT_EPSILON__=1.19209289550781250000000000000000000e-7F -D__SHRT_WIDTH__=16 -D__FLT32_IS_IEC_60559__=1 -D__LDBL_MIN__=3.36210314311209350626267781732175260e-4932L -D__STDC_UTF_16__=1 -D__DBL_IS_IEC_60559__=1 -D__DEC32_MAX__=9.999999E96DF -D__FLT64X_DENORM_MIN__=3.64519953188247460252840593361941982e-4951F64x -D__FLT32X_HAS_INFINITY__=1 -D__unix__=1 -D__INT_WIDTH__=32 -D__STDC_IEC_559__=1 -D__STDC_ISO_10646__=201706L -D__DECIMAL_DIG__=21 -D__STDC_IEC_559_COMPLEX__=1 -D__FLT64_EPSILON__=2.22044604925031308084726333618164062e-16F64 -D__gnu_linux__=1 -D__FLT128_IS_IEC_60559__=1 '-D__FLT64X_MIN_10_EXP__=(-4931)' -D__LDBL_HAS_QUIET_NAN__=1 '-D__FLT16_MIN_EXP__=(-13)' -D__FLT64_MANT_DIG__=53 -D__FLT64X_MANT_DIG__=64 -D__BFLT16_DIG__=2 -D__pie__=2 -D__MMX__=1 -D__FLT_HAS_DENORM__=1 -D__SIZEOF_LONG_DOUBLE__=16 -D__BIGGEST_ALIGNMENT__=16 -D__FLT64_MAX_10_EXP__=308 -D__BFLT16_IS_IEC_60559__=0 -D__FLT16_MAX_10_EXP__=4 '-D__DBL_MAX__=((double)1.79769313486231570814527423731704357e+308L)' -D__INT_FAST32_MAX__=0x7fffffffffffffffL -D__DBL_HAS_INFINITY__=1 -D__INT64_MAX__=0x7fffffffffffffffL -D__SIZEOF_FLOAT__=4 -D__HAVE_SPECULATION_SAFE_VALUE=1 '-D__DEC32_MIN_EXP__=(-94)' -D__INTPTR_WIDTH__=64 -D__UINT_LEAST32_MAX__=0xffffffffU -D__FLT32X_HAS_DENORM__=1 '-D__INT_FAST16_TYPE__=long int' -D__MMX_WITH_SSE__=1 -D__LDBL_HAS_DENORM__=1 -D__SEG_GS=1 -D__BFLT16_EPSILON__=7.81250000000000000000000000000000000e-3BF16 -D__FLT128_HAS_INFINITY__=1 -D__DEC32_MIN__=1E-95DF -D__DBL_MAX_EXP__=1024 -D__WCHAR_WIDTH__=32 '-D__FLT32_MAX__=3.40282346638528859811704183484516925e+38F32' -D__DEC128_EPSILON__=1E-33DL -D__FLT16_DECIMAL_DIG__=5 -D__SSE2_MATH__=1 -D__ATOMIC_HLE_RELEASE=131072 -D__PTRDIFF_MAX__=0x7fffffffffffffffL -D__amd64=1 -D__ATOMIC_HLE_ACQUIRE=65536 -D__LONG_LONG_MAX__=0x7fffffffffffffffLL -D__SIZEOF_SIZE_T__=8 -D__BFLT16_HAS_INFINITY__=1 '-D__FLT64X_MIN_EXP__=(-16381)' -D__SIZEOF_WINT_T__=4 -D__LONG_LONG_WIDTH__=64 -D__FLT32_MAX_EXP__=128 -D__GXX_ABI_VERSION=1018 '-D__FLT_MIN_EXP__=(-125)' -D__GCC_HAVE_DWARF2_CFI_ASM=1 -D__INT16_MAX__=0x7fff -D__x86_64=1 '-D__INT_FAST64_TYPE__=long int' '-D__BFLT16_MAX__=3.38953138925153547590470800371487867e+38BF16' -D__BFLT16_HAS_DENORM__=1 -D__FLT64_DENORM_MIN__=4.94065645841246544176568792868221372e-324F64 -D__FLT16_DENORM_MIN__=5.96046447753906250000000000000000000e-8F16 -D__FLT128_EPSILON__=1.92592994438723585305597794258492732e-34F128 '-D__FLT64X_NORM_MAX__=1.18973149535723176502126385303097021e+4932F64x' -D__SIZEOF_POINTER__=8 '-D__SIZE_TYPE__=long unsigned int' -D__LP64__=1 -D__DBL_HAS_QUIET_NAN__=1 -D__FLT32X_EPSILON__=2.22044604925031308084726333618164062e-16F32x -D__LDBL_MAX_EXP__=16384 -D__DECIMAL_BID_FORMAT__=1 '-D__FLT64_MIN_EXP__=(-1021)' '-D__FLT64_MIN_10_EXP__=(-307)' '-D__FLT16_MIN_10_EXP__=(-4)' -D__FLT64X_DECIMAL_DIG__=21 -D__DEC128_MIN__=1E-6143DL -D__REGISTER_PREFIX__= -D__UINT16_MAX__=0xffff -D__DBL_HAS_DENORM__=1 -D__FLT32_MIN__=1.17549435082228750796873653722224568e-38F32 '-D__UINT8_TYPE__=unsigned char' -D__FLT_DIG__=6 -D__NO_INLINE__=1 -D__DEC_EVAL_METHOD__=2 -D__FLT_MANT_DIG__=24 -D__LDBL_DECIMAL_DIG__=21 '-D__UINT64_C(c)=c ## UL' -D_STDC_PREDEF_H=1 -D__INT_LEAST32_MAX__=0x7fffffff -D__GCC_ATOMIC_INT_LOCK_FREE=2 -D__FLT128_MAX_EXP__=16384 -D__FLT32_MANT_DIG__=24 -D__FLOAT_WORD_ORDER__=__ORDER_LITTLE_ENDIAN__ '-D__FLT32X_MIN_EXP__=(-1021)' -D__STDC_IEC_60559_COMPLEX__=201404L -D__BFLT16_MIN__=1.17549435082228750796873653722224568e-38BF16 -D__FLT128_HAS_DENORM__=1 -D__FLT32_DECIMAL_DIG__=9 -D__FLT128_DIG__=33 '-D__INT32_C(c)=c' -D__DEC64_EPSILON__=1E-15DD -D__ORDER_PDP_ENDIAN__=3412 '-D__DEC128_MIN_EXP__=(-6142)' -D__DEC128_MAX__=9.999999999999999999999999999999999E6144DL '-D__INT_FAST32_TYPE__=long int' '-D__UINT_LEAST16_TYPE__=short unsigned int' -D__DEC128_MAX_EXP__=6145 -Dunix=1 -D__UINT64_MAX__=0xffffffffffffffffUL -D__FLT_IS_IEC_60559__=1 '-D__GNUC_WIDE_EXECUTION_CHARSET_NAME="UTF-32LE"' -D__FLT64X_DIG__=18 '-D__INT8_TYPE__=signed char' -D__ELF__=1 -D__GCC_ASM_FLAG_OUTPUTS__=1 '-D__UINT32_TYPE__=unsigned int' -D__BFLT16_HAS_QUIET_NAN__=1 -D__FLT_RADIX__=2 '-D__INT_LEAST16_TYPE__=short int' -D__LDBL_EPSILON__=1.08420217248550443400745280086994171e-19L '-D__UINTMAX_C(c)=c ## UL' -D__FLT16_DIG__=3 -D__SSE_MATH__=1 -D__k8=1 -D__FLT32X_MIN__=2.22507385850720138309023271733240406e-308F32x -D__SIG_ATOMIC_MAX__=0x7fffffff -D__GCC_ATOMIC_WCHAR_T_LOCK_FREE=2 -D__USER_LABEL_PREFIX__= -D__STDC_IEC_60559_BFP__=201404L -D__SIZEOF_PTRDIFF_T__=8 -D__FLT64X_HAS_INFINITY__=1 -D__FLT32_HAS_INFINITY__=1 -D__SIZEOF_LONG__=8 -D__LDBL_DIG__=18 -D__FLT64_IS_IEC_60559__=1 -D__x86_64__=1 -D__FLT16_IS_IEC_60559__=1 -D__FLT16_MAX_EXP__=16 -D__DEC32_SUBNORMAL_MIN__=0.000001E-95DF -D__INT_FAST16_MAX__=0x7fffffffffffffffL -D__GCC_CONSTRUCTIVE_SIZE=64 -D__FLT64_DIG__=15 -D__UINT_FAST32_MAX__=0xffffffffffffffffUL '-D__UINT_LEAST64_TYPE__=long unsigned int' -D__FLT16_EPSILON__=9.76562500000000000000000000000000000e-4F16 -D__FLT_HAS_QUIET_NAN__=1 -D__FLT_MAX_10_EXP__=38 -D__LONG_MAX__=0x7fffffffffffffffL -D__FLT64X_HAS_DENORM__=1 -D__DEC128_SUBNORMAL_MIN__=0.000000000000000000000000000000001E-6143DL -D__FLT_HAS_INFINITY__=1 '-D__GNUC_EXECUTION_CHARSET_NAME="UTF-8"' '-D__UINT_FAST16_TYPE__=long unsigned int' -D__DEC64_MAX__=9.999999999999999E384DD -D__INT_FAST32_WIDTH__=64 -D__PRAGMA_REDEFINE_EXTNAME=1 -D__SIZE_WIDTH__=64 -D__SEG_FS=1 -D__INT_LEAST16_MAX__=0x7fff '-D__FLT16_NORM_MAX__=6.55040000000000000000000000000000000e+4F16' -D__DEC64_MANT_DIG__=16 -D__FLT32_DENORM_MIN__=1.40129846432481707092372958328991613e-45F32 -D__SIG_ATOMIC_WIDTH__=32 '-D__INT_LEAST64_TYPE__=long int' '-D__INT16_TYPE__=short int' '-D__INT_LEAST8_TYPE__=signed char' '-D__FLT16_MAX__=6.55040000000000000000000000000000000e+4F16' -D__FLT128_MIN__=3.36210314311209350626267781732175260e-4932F128 -D__SIZEOF_INT__=4 -D__DEC32_MAX_EXP__=97 -D__INT_FAST8_MAX__=0x7f '-D__FLT128_MAX__=1.18973149535723176508575932662800702e+4932F128' -D__INTPTR_MAX__=0x7fffffffffffffffL -Dlinux=1 -D__FLT64_HAS_QUIET_NAN__=1 '-D__FLT32_MIN_10_EXP__=(-37)' -D__FLT32X_DIG__=15 '-D__UINT16_C(c)=c' -D__PTRDIFF_WIDTH__=64 -D__LDBL_MANT_DIG__=64 -D__INT_FAST16_WIDTH__=64 -D__FLT64_HAS_INFINITY__=1 '-D__FLT64X_MAX__=1.18973149535723176502126385303097021e+4932F64x' -D__FLT16_HAS_INFINITY__=1 '-D__SIG_ATOMIC_MIN__=(-__SIG_ATOMIC_MAX__ - 1)' -D__code_model_small__=1 -D__GCC_ATOMIC_LONG_LOCK_FREE=2 -D__DEC32_MANT_DIG__=7 -D__FLT16_MANT_DIG__=11 -D__k8__=1 '-D__INTPTR_TYPE__=long int' '-D__UINT16_TYPE__=short unsigned int' -D__WCHAR_TYPE__=int -D__pic__=2 -D__UINTPTR_MAX__=0xffffffffffffffffUL -D__INT_FAST64_WIDTH__=64 -D__LDBL_HAS_INFINITY__=1 -D__INT_FAST64_MAX__=0x7fffffffffffffffL -D__GCC_ATOMIC_TEST_AND_SET_TRUEVAL=1 '-D__FLT_NORM_MAX__=3.40282346638528859811704183484516925e+38F' -D__FLT64X_MAX_EXP__=16384 '-D__UINT_FAST64_TYPE__=long unsigned int' '-D__BFLT16_MIN_EXP__=(-125)' -D__INT_MAX__=0x7fffffff -D__linux__=1 '-D__INT64_TYPE__=long int' -D__FLT_MAX_EXP__=128 -D__ORDER_BIG_ENDIAN__=4321 -D__DBL_MANT_DIG__=53 -D__SIZEOF_FLOAT128__=16 -D__BFLT16_MANT_DIG__=8 -D__GCC_ATOMIC_CHAR16_T_LOCK_FREE=2 -D__DEC64_MIN__=1E-383DD '-D__WINT_TYPE__=unsigned int' '-D__UINT_LEAST32_TYPE__=unsigned int' -D__SIZEOF_SHORT__=2 '-D__FLT32_NORM_MAX__=3.40282346638528859811704183484516925e+38F32' -D__SSE__=1 '-D__LDBL_MIN_EXP__=(-16381)' '-D__FLT64_MAX__=1.79769313486231570814527423731704357e+308F64' -D__amd64__=1 -D__WINT_WIDTH__=32 -D__INT_LEAST8_MAX__=0x7f -D__INT_LEAST64_WIDTH__=64 -D__FLT32X_MAX_10_EXP__=308 -D__SIZEOF_INT128__=16 -D__FLT16_MIN__=6.10351562500000000000000000000000000e-5F16 -D__FLT64X_IS_IEC_60559__=1 -D__LDBL_MAX_10_EXP__=4932 -D__ATOMIC_RELAXED=0 '-D__DBL_EPSILON__=((double)2.22044604925031308084726333618164062e-16L)' -D__INT_LEAST32_TYPE__=int -D_LP64=1 '-D__UINT8_C(c)=c' -D__FLT64_MAX_EXP__=1024 -D__SIZEOF_WCHAR_T__=4 '-D__UINT64_TYPE__=long unsigned int' '-D__FLT128_NORM_MAX__=1.18973149535723176508575932662800702e+4932F128' '-D__FLT64_NORM_MAX__=1.79769313486231570814527423731704357e+308F64' -D__FLT128_HAS_QUIET_NAN__=1 -D__INTMAX_MAX__=0x7fffffffffffffffL '-D__INT_FAST8_TYPE__=signed char' -D__FLT64X_MIN__=3.36210314311209350626267781732175260e-4932F64x -D__FLT64_HAS_DENORM__=1 -D__FLT32_EPSILON__=1.19209289550781250000000000000000000e-7F32 -D__FLT16_HAS_DENORM__=1 -D__DBL_DECIMAL_DIG__=17 -D__STDC_UTF_32__=1 -D__INT_FAST8_WIDTH__=8 -D__FXSR__=1 '-D__FLT32X_MAX__=1.79769313486231570814527423731704357e+308F32x' '-D__DBL_NORM_MAX__=((double)1.79769313486231570814527423731704357e+308L)' -D__BYTE_ORDER__=__ORDER_LITTLE_ENDIAN__ -D__GCC_DESTRUCTIVE_SIZE=64 -D__INTMAX_WIDTH__=64 -D__FLT32_DIG__=6 '-D__UINT32_C(c)=c ## U' -D__FLT_DENORM_MIN__=1.40129846432481707092372958328991613e-45F -D__INT8_MAX__=0x7f -D__LONG_WIDTH__=64 '-D__DBL_MIN__=((double)2.22507385850720138309023271733240406e-308L)' -D__PIC__=2 -D__INT32_MAX__=0x7fffffff '-D__UINT_FAST32_TYPE__=long unsigned int' '-D__FLT32X_NORM_MAX__=1.79769313486231570814527423731704357e+308F32x' '-D__FLT_MAX__=3.40282346638528859811704183484516925e+38F' -D__SSE2__=1 -D__INT32_TYPE__=int -D__SIZEOF_DOUBLE__=8 '-D__FLT_MIN_10_EXP__=(-37)' -D__FLT64_MIN__=2.22507385850720138309023271733240406e-308F64 -D__INT_LEAST32_WIDTH__=32 '-D__INTMAX_TYPE__=long int' -D__FLT32X_HAS_QUIET_NAN__=1 -D__ATOMIC_CONSUME=1 -D__UINTMAX_MAX__=0xffffffffffffffffUL -D__PIE__=2 -D__FLT32X_DENORM_MIN__=4.94065645841246544176568792868221372e-324F32x -D__DBL_MAX_10_EXP__=308 -D__LDBL_DENORM_MIN__=3.64519953188247460252840593361941982e-4951L '-D__INT16_C(c)=c' '-D__PTRDIFF_TYPE__=long int' '-D__FLT32X_MIN_10_EXP__=(-307)' '-D__UINTPTR_TYPE__=long unsigned int' -D__DEC64_SUBNORMAL_MIN__=0.000000000000001E-383DD -D__DEC128_MANT_DIG__=34 '-D__LDBL_MIN_10_EXP__=(-4931)' -D__SIZEOF_LONG_LONG__=8 -D__FLT128_DECIMAL_DIG__=36 -D__GCC_ATOMIC_LLONG_LOCK_FREE=2 -D__FLT32_HAS_QUIET_NAN__=1 -D__FLT_DECIMAL_DIG__=9 -D__UINT_FAST16_MAX__=0xffffffffffffffffUL '-D__LDBL_NORM_MAX__=1.18973149535723176502126385303097021e+4932L' -D__GCC_ATOMIC_SHORT_LOCK_FREE=2 -D__SIZE_MAX__=0xffffffffffffffffUL '-D__UINT_FAST8_TYPE__=unsigned char' -D__ATOMIC_ACQ_REL=4 -D__ATOMIC_RELEASE=3 -I/usr/lib/gcc/x86_64-linux-gnu/13/include -I/usr/local/include -I/usr/include/x86_64-linux-gnu -I/usr/include -- 00.c
[E 08:48:23 441072] Starting compilation TRAP /home/melissa/sven/scripts/mydb_350m/trap/cpp/compilations/29/14926479_0.trap.br
[E 08:48:23 441072] Archiving /home/melissa/sven/scripts/mydb_350m/src/home/melissa/sven/experiments/sec_eval/sec-eval-350m-prefix/trained/cwe-125/0-c/sec_output/00.c
[E 08:48:23 441072] Archiving /home/melissa/sven/scripts/mydb_350m/src/usr/include/stdio.h
[E 08:48:23 441072] Archiving /home/melissa/sven/scripts/mydb_350m/src/usr/include/x86_64-linux-gnu/bits/libc-header-start.h
[E 08:48:23 441072] Archiving /home/melissa/sven/scripts/mydb_350m/src/usr/include/features.h
[E 08:48:23 441072] Archiving /home/melissa/sven/scripts/mydb_350m/src/usr/include/features-time64.h
[E 08:48:23 441072] Archiving /home/melissa/sven/scripts/mydb_350m/src/usr/include/x86_64-linux-gnu/bits/wordsize.h
[E 08:48:23 441072] Archiving /home/melissa/sven/scripts/mydb_350m/src/usr/include/x86_64-linux-gnu/bits/timesize.h
[E 08:48:23 441072] Already archived /home/melissa/sven/scripts/mydb_350m/src/usr/include/x86_64-linux-gnu/bits/wordsize.h
[E 08:48:23 441072] Archiving /home/melissa/sven/scripts/mydb_350m/src/usr/include/stdc-predef.h
[E 08:48:23 441072] Archiving /home/melissa/sven/scripts/mydb_350m/src/usr/include/x86_64-linux-gnu/sys/cdefs.h
[E 08:48:23 441072] Already archived /home/melissa/sven/scripts/mydb_350m/src/usr/include/x86_64-linux-gnu/bits/wordsize.h
[E 08:48:23 441072] Archiving /home/melissa/sven/scripts/mydb_350m/src/usr/include/x86_64-linux-gnu/bits/long-double.h
[E 08:48:23 441072] Archiving /home/melissa/sven/scripts/mydb_350m/src/usr/include/x86_64-linux-gnu/gnu/stubs.h
[E 08:48:23 441072] Archiving /home/melissa/sven/scripts/mydb_350m/src/usr/include/x86_64-linux-gnu/gnu/stubs-64.h
[E 08:48:23 441072] Archiving /home/melissa/sven/scripts/mydb_350m/src/usr/lib/gcc/x86_64-linux-gnu/13/include/stddef.h
[E 08:48:23 441072] Archiving /home/melissa/sven/scripts/mydb_350m/src/usr/lib/gcc/x86_64-linux-gnu/13/include/stdarg.h
[E 08:48:23 441072] Archiving /home/melissa/sven/scripts/mydb_350m/src/usr/include/x86_64-linux-gnu/bits/types.h
[E 08:48:23 441072] Already archived /home/melissa/sven/scripts/mydb_350m/src/usr/include/x86_64-linux-gnu/bits/wordsize.h
[E 08:48:23 441072] Already archived /home/melissa/sven/scripts/mydb_350m/src/usr/include/x86_64-linux-gnu/bits/timesize.h
[E 08:48:23 441072] Already archived /home/melissa/sven/scripts/mydb_350m/src/usr/include/x86_64-linux-gnu/bits/wordsize.h
[E 08:48:23 441072] Archiving /home/melissa/sven/scripts/mydb_350m/src/usr/include/x86_64-linux-gnu/bits/typesizes.h
[E 08:48:23 441072] Archiving /home/melissa/sven/scripts/mydb_350m/src/usr/include/x86_64-linux-gnu/bits/time64.h
[E 08:48:23 441072] Archiving /home/melissa/sven/scripts/mydb_350m/src/usr/include/x86_64-linux-gnu/bits/types/__fpos_t.h
[E 08:48:23 441072] Archiving /home/melissa/sven/scripts/mydb_350m/src/usr/include/x86_64-linux-gnu/bits/types/__mbstate_t.h
[E 08:48:23 441072] Archiving /home/melissa/sven/scripts/mydb_350m/src/usr/include/x86_64-linux-gnu/bits/types/__fpos64_t.h
[E 08:48:23 441072] Archiving /home/melissa/sven/scripts/mydb_350m/src/usr/include/x86_64-linux-gnu/bits/types/__FILE.h
[E 08:48:23 441072] Archiving /home/melissa/sven/scripts/mydb_350m/src/usr/include/x86_64-linux-gnu/bits/types/FILE.h
[E 08:48:23 441072] Archiving /home/melissa/sven/scripts/mydb_350m/src/usr/include/x86_64-linux-gnu/bits/types/struct_FILE.h
[E 08:48:23 441072] Archiving /home/melissa/sven/scripts/mydb_350m/src/usr/include/x86_64-linux-gnu/bits/types/cookie_io_functions_t.h
[E 08:48:23 441072] Archiving /home/melissa/sven/scripts/mydb_350m/src/usr/include/x86_64-linux-gnu/bits/stdio_lim.h
[E 08:48:23 441072] Archiving /home/melissa/sven/scripts/mydb_350m/src/usr/include/x86_64-linux-gnu/bits/floatn.h
[E 08:48:23 441072] Archiving /home/melissa/sven/scripts/mydb_350m/src/usr/include/x86_64-linux-gnu/bits/floatn-common.h
[E 08:48:23 441072] Already archived /home/melissa/sven/scripts/mydb_350m/src/usr/include/x86_64-linux-gnu/bits/long-double.h
[E 08:48:23 441072] Archiving /home/melissa/sven/scripts/mydb_350m/src/usr/include/stdlib.h
[E 08:48:23 441072] Already archived /home/melissa/sven/scripts/mydb_350m/src/usr/include/x86_64-linux-gnu/bits/libc-header-start.h
[E 08:48:23 441072] Already archived /home/melissa/sven/scripts/mydb_350m/src/usr/lib/gcc/x86_64-linux-gnu/13/include/stddef.h
[E 08:48:23 441072] Archiving /home/melissa/sven/scripts/mydb_350m/src/usr/include/x86_64-linux-gnu/bits/waitflags.h
[E 08:48:23 441072] Archiving /home/melissa/sven/scripts/mydb_350m/src/usr/include/x86_64-linux-gnu/bits/waitstatus.h
[E 08:48:23 441072] Archiving /home/melissa/sven/scripts/mydb_350m/src/usr/include/x86_64-linux-gnu/sys/types.h
[E 08:48:23 441072] Archiving /home/melissa/sven/scripts/mydb_350m/src/usr/include/x86_64-linux-gnu/bits/types/clock_t.h
[E 08:48:23 441072] Archiving /home/melissa/sven/scripts/mydb_350m/src/usr/include/x86_64-linux-gnu/bits/types/clockid_t.h
[E 08:48:23 441072] Archiving /home/melissa/sven/scripts/mydb_350m/src/usr/include/x86_64-linux-gnu/bits/types/time_t.h
[E 08:48:23 441072] Archiving /home/melissa/sven/scripts/mydb_350m/src/usr/include/x86_64-linux-gnu/bits/types/timer_t.h
[E 08:48:23 441072] Already archived /home/melissa/sven/scripts/mydb_350m/src/usr/lib/gcc/x86_64-linux-gnu/13/include/stddef.h
[E 08:48:23 441072] Archiving /home/melissa/sven/scripts/mydb_350m/src/usr/include/x86_64-linux-gnu/bits/stdint-intn.h
[E 08:48:23 441072] Archiving /home/melissa/sven/scripts/mydb_350m/src/usr/include/endian.h
[E 08:48:23 441072] Archiving /home/melissa/sven/scripts/mydb_350m/src/usr/include/x86_64-linux-gnu/bits/endian.h
[E 08:48:23 441072] Archiving /home/melissa/sven/scripts/mydb_350m/src/usr/include/x86_64-linux-gnu/bits/endianness.h
[E 08:48:23 441072] Archiving /home/melissa/sven/scripts/mydb_350m/src/usr/include/x86_64-linux-gnu/bits/byteswap.h
[E 08:48:23 441072] Archiving /home/melissa/sven/scripts/mydb_350m/src/usr/include/x86_64-linux-gnu/bits/uintn-identity.h
[E 08:48:23 441072] Archiving /home/melissa/sven/scripts/mydb_350m/src/usr/include/x86_64-linux-gnu/sys/select.h
[E 08:48:23 441072] Archiving /home/melissa/sven/scripts/mydb_350m/src/usr/include/x86_64-linux-gnu/bits/select.h
[E 08:48:23 441072] Archiving /home/melissa/sven/scripts/mydb_350m/src/usr/include/x86_64-linux-gnu/bits/types/sigset_t.h
[E 08:48:23 441072] Archiving /home/melissa/sven/scripts/mydb_350m/src/usr/include/x86_64-linux-gnu/bits/types/__sigset_t.h
[E 08:48:23 441072] Archiving /home/melissa/sven/scripts/mydb_350m/src/usr/include/x86_64-linux-gnu/bits/types/struct_timeval.h
[E 08:48:23 441072] Archiving /home/melissa/sven/scripts/mydb_350m/src/usr/include/x86_64-linux-gnu/bits/types/struct_timespec.h
[E 08:48:23 441072] Archiving /home/melissa/sven/scripts/mydb_350m/src/usr/include/x86_64-linux-gnu/bits/pthreadtypes.h
[E 08:48:23 441072] Archiving /home/melissa/sven/scripts/mydb_350m/src/usr/include/x86_64-linux-gnu/bits/thread-shared-types.h
[E 08:48:23 441072] Archiving /home/melissa/sven/scripts/mydb_350m/src/usr/include/x86_64-linux-gnu/bits/pthreadtypes-arch.h
[E 08:48:23 441072] Already archived /home/melissa/sven/scripts/mydb_350m/src/usr/include/x86_64-linux-gnu/bits/wordsize.h
[E 08:48:23 441072] Archiving /home/melissa/sven/scripts/mydb_350m/src/usr/include/x86_64-linux-gnu/bits/atomic_wide_counter.h
[E 08:48:23 441072] Archiving /home/melissa/sven/scripts/mydb_350m/src/usr/include/x86_64-linux-gnu/bits/struct_mutex.h
[E 08:48:23 441072] Archiving /home/melissa/sven/scripts/mydb_350m/src/usr/include/x86_64-linux-gnu/bits/struct_rwlock.h
[E 08:48:23 441072] Archiving /home/melissa/sven/scripts/mydb_350m/src/usr/include/alloca.h
[E 08:48:23 441072] Already archived /home/melissa/sven/scripts/mydb_350m/src/usr/lib/gcc/x86_64-linux-gnu/13/include/stddef.h
[E 08:48:23 441072] Archiving /home/melissa/sven/scripts/mydb_350m/src/usr/include/x86_64-linux-gnu/bits/stdlib-float.h
[E 08:48:23 441072] Creating trap tarball /home/melissa/sven/scripts/mydb_350m/trap/cpp/tarballs/home/melissa/sven/experiments/sec_eval/sec-eval-350m-prefix/trained/cwe-125/0-c/sec_output/00.c.9db9c9d1_0.trap.tar.br
[E 08:48:23 441072] Emitting trap files for 00.c
[E 08:48:23 441072] Opening existencedb in /home/melissa/sven/scripts/mydb_350m/working/existencedb/db
[E 08:48:23 441072] Warning[extractor-c++]: In index_attribute_arg: Unknown kind 5.
[E 08:48:23 441072] Warning[extractor-c++]: In index_attribute_arg: Unknown kind 5.
[E 08:48:23 441072] Warning[extractor-c++]: In index_attribute_arg: Unknown kind 5.
[E 08:48:23 441072] Warning[extractor-c++]: In index_attribute_arg: Unknown kind 5.
[E 08:48:23 441072] Warning[extractor-c++]: In index_attribute_arg: Unknown kind 5.
[E 08:48:23 441072] Warning[extractor-c++]: In index_attribute_arg: Unknown kind 5.
[E 08:48:23 441072] Warning[extractor-c++]: In index_attribute_arg: Unknown kind 5.
[E 08:48:23 441072] Warning[extractor-c++]: In index_attribute_arg: Unknown kind 5.
[E 08:48:23 441072] Warning[extractor-c++]: In index_attribute_arg: Unknown kind 5.
[E 08:48:23 441072] Warning[extractor-c++]: In index_attribute_arg: Unknown kind 5.
[E 08:48:23 441072] Wrote 60 files to /home/melissa/sven/scripts/mydb_350m/trap/cpp/tarballs/home/melissa/sven/experiments/sec_eval/sec-eval-350m-prefix/trained/cwe-125/0-c/sec_output/00.c.9db9c9d1_0.trap.tar.br
[E 08:48:23 441072] Finished compilation TRAP /home/melissa/sven/scripts/mydb_350m/trap/cpp/compilations/29/14926479_0.trap.br
[E 08:48:23 441072] Marking C compilation as happened.
[E 08:48:23 441072] Setting tag c-compilation-happened
[E 08:48:23 441072] Starting from CODEQL_TRACER_DB_ID 000000000006BAEE_0000000000000001
[E 08:48:23 441072] Locking DB /home/melissa/sven/scripts/mydb_350m/working/tags.db
[E 08:48:23 441072] Locked DB /home/melissa/sven/scripts/mydb_350m/working/tags.db
[E 08:48:23 441072] Set tag for 000000000006BAEE_0000000000000001
[E 08:48:23 441072] Set tag for 000000000006BAEC_0000000000000001
[E 08:48:23 441072] Set tag for 000000000006BAE9_0000000000000003
[E 08:48:23 441072] Set tag for 000000000006BAE9_0000000000000002
[E 08:48:23 441072] Set tag for root
[E 08:48:23 441072] Unlocking DB
[E 08:48:23 441072] Unlocked DB
[T 08:48:23 441070] Extractor /home/melissa/sven/codeql/cpp/tools/linux64/extractor terminated with exit code 0.
[T 08:48:23 441115] Initializing tracer.
[T 08:48:23 441115] Initialising tags...
[T 08:48:23 441115] ID set to 000000000006BB1B_0000000000000001 (parent 000000000006BAEC_0000000000000001)
[T 08:48:23 441115] ==== Candidate to intercept: as (canonical: as) ====
[T 08:48:23 441115] Will try to resolve as in path /home/melissa/sonar-scanner/bin:/home/melissa/anaconda3/envs/sven-env/bin:/home/melissa/miniconda3/condabin:/home/melissa/.vscode-server/cli/servers/Stable-c306e94f98122556ca081f527b466015e1bc37b0/server/bin/remote-cli:/usr/local/sbin:/usr/local/bin:/usr/sbin:/usr/bin:/sbin:/bin:/usr/games:/usr/local/games:/snap/bin:/home/melissa/.vscode-server/extensions/ms-python.debugpy-2025.14.1-linux-x64/bundled/scripts/noConfigScripts:/home/melissa/.vscode-server/data/User/globalStorage/github.copilot-chat/debugCommand:/home/melissa/codeql.
[T 08:48:23 441115]  -> path lookup for as as /home/melissa/sonar-scanner/bin/as...
[T 08:48:23 441115]  -> path lookup for as as /home/melissa/anaconda3/envs/sven-env/bin/as...
[T 08:48:23 441115]  -> path lookup for as as /home/melissa/miniconda3/condabin/as...
[T 08:48:23 441115]  -> path lookup for as as /home/melissa/.vscode-server/cli/servers/Stable-c306e94f98122556ca081f527b466015e1bc37b0/server/bin/remote-cli/as...
[T 08:48:23 441115]  -> path lookup for as as /usr/local/sbin/as...
[T 08:48:23 441115]  -> path lookup for as as /usr/local/bin/as...
[T 08:48:23 441115]  -> path lookup for as as /usr/sbin/as...
[T 08:48:23 441115]  -> path lookup for as as /usr/bin/as...
[T 08:48:23 441115] Resolved barename as to /usr/bin/as
[T 08:48:23 441115] Lua: === Intercepted call to /usr/bin/as ===
[T 08:48:23 441115] Executing the following tracer actions:
[T 08:48:23 441115] Tracer actions:
[T 08:48:23 441115] pre_invocations(0)
[T 08:48:23 441115] post_invocations(1)
[T 08:48:23 441115] invocation: /home/melissa/sven/codeql/cpp/tools/linux64/extractor, args: [--assembler, --codeql-assembler-executable, /usr/bin/as, --64, -o, 00.o, /tmp/ccnn9xwQ.s]
[T 08:48:23 441115] trace_languages(1): [cpp]
[T 08:48:23 441117] Attempting to switch stdout/stderr to 4...
[T 08:48:23 441117] Initializing tracer.
[T 08:48:23 441117] Initialising tags...
[T 08:48:23 441117] ID set to 000000000006BB1D_0000000000000001 (parent 000000000006BB1B_0000000000000001)
[E 08:48:23 441117] CodeQL C/C++ Extractor 2.11.1
[E 08:48:23 441117] Current directory: /home/melissa/sven/experiments/sec_eval/sec-eval-350m-prefix/trained/cwe-125/0-c/sec_output
[E 08:48:23 441117] Command: /home/melissa/sven/codeql/cpp/tools/linux64/extractor --assembler --codeql-assembler-executable /usr/bin/as --64 -o 00.o /tmp/ccnn9xwQ.s
[T 08:48:23 441115] Extractor /home/melissa/sven/codeql/cpp/tools/linux64/extractor terminated with exit code 0.
[T 08:48:23 441118] Attempting to switch stdout/stderr to 4...
[T 08:48:23 441118] Initializing tracer.
[T 08:48:23 441118] Initialising tags...
[T 08:48:23 441118] ID set to 000000000006BB1E_0000000000000001 (parent 000000000006BAEC_0000000000000001)
[E 08:48:23 441118] CodeQL C/C++ Extractor 2.11.1
[E 08:48:23 441118] Current directory: /home/melissa/sven/experiments/sec_eval/sec-eval-350m-prefix/trained/cwe-125/0-c/sec_output
[E 08:48:23 441118] Command: /home/melissa/sven/codeql/cpp/tools/linux64/extractor --mimic /usr/bin/x86_64-linux-gnu-gcc-13 -c 00.c -o 00.o
[T 08:48:23 441119] Initializing tracer.
[T 08:48:23 441119] Initialising tags...
[T 08:48:23 441119] ID set to 000000000006BB1F_0000000000000001 (parent 000000000006BB1E_0000000000000001)
[T 08:48:23 441119] ==== Candidate to intercept: /usr/bin/x86_64-linux-gnu-gcc-13 (canonical: /usr/bin/x86_64-linux-gnu-gcc-13) ====
[T 08:48:23 441119] Lua: === Intercepted call to /usr/bin/x86_64-linux-gnu-gcc-13 ===
[T 08:48:23 441119] Executing the following tracer actions:
[T 08:48:23 441119] Tracer actions:
[T 08:48:23 441119] pre_invocations(0)
[T 08:48:23 441119] post_invocations(1)
[T 08:48:23 441119] invocation: /home/melissa/sven/codeql/cpp/tools/linux64/extractor, args: [--mimic, /usr/bin/x86_64-linux-gnu-gcc-13, --version]
[T 08:48:23 441119] trace_languages(1): [cpp]
[T 08:48:23 441121] Attempting to switch stdout/stderr to 7...
[T 08:48:23 441121] Initializing tracer.
[T 08:48:23 441121] Initialising tags...
[T 08:48:23 441121] ID set to 000000000006BB21_0000000000000001 (parent 000000000006BB1F_0000000000000001)
[E 08:48:23 441121] Mimicry classification suppression detected; exiting.
[T 08:48:23 441119] Extractor /home/melissa/sven/codeql/cpp/tools/linux64/extractor terminated with exit code 0.
[T 08:48:23 441122] Initializing tracer.
[T 08:48:23 441122] Initialising tags...
[T 08:48:23 441122] ID set to 000000000006BB22_0000000000000001 (parent 000000000006BB1E_0000000000000001)
[T 08:48:23 441122] ==== Candidate to intercept: /usr/bin/x86_64-linux-gnu-gcc-13 (canonical: /usr/bin/x86_64-linux-gnu-gcc-13) ====
[T 08:48:23 441122] Lua: === Intercepted call to /usr/bin/x86_64-linux-gnu-gcc-13 ===
[T 08:48:23 441122] Executing the following tracer actions:
[T 08:48:23 441122] Tracer actions:
[T 08:48:23 441122] pre_invocations(0)
[T 08:48:23 441122] post_invocations(1)
[T 08:48:23 441122] invocation: /home/melissa/sven/codeql/cpp/tools/linux64/extractor, args: [--mimic, /usr/bin/x86_64-linux-gnu-gcc-13, --help]
[T 08:48:23 441122] trace_languages(1): [cpp]
[T 08:48:23 441124] Attempting to switch stdout/stderr to 7...
[T 08:48:23 441124] Initializing tracer.
[T 08:48:23 441124] Initialising tags...
[T 08:48:23 441124] ID set to 000000000006BB24_0000000000000001 (parent 000000000006BB22_0000000000000001)
[E 08:48:23 441124] Mimicry classification suppression detected; exiting.
[T 08:48:23 441122] Extractor /home/melissa/sven/codeql/cpp/tools/linux64/extractor terminated with exit code 0.
[T 08:48:23 441125] Initializing tracer.
[T 08:48:23 441125] Initialising tags...
[T 08:48:23 441125] ID set to 000000000006BB25_0000000000000001 (parent 000000000006BB1E_0000000000000001)
[T 08:48:23 441125] ==== Candidate to intercept: /usr/bin/x86_64-linux-gnu-gcc-13 (canonical: /usr/bin/x86_64-linux-gnu-gcc-13) ====
[T 08:48:23 441125] Lua: === Intercepted call to /usr/bin/x86_64-linux-gnu-gcc-13 ===
[T 08:48:23 441125] Executing the following tracer actions:
[T 08:48:23 441125] Tracer actions:
[T 08:48:23 441125] pre_invocations(0)
[T 08:48:23 441125] post_invocations(1)
[T 08:48:23 441125] invocation: /home/melissa/sven/codeql/cpp/tools/linux64/extractor, args: [--mimic, /usr/bin/x86_64-linux-gnu-gcc-13, -nostdinc, -o, /home/melissa/sven/scripts/mydb_350m/working/tmp//semmle_2_441118_986971.o, -c, /home/melissa/sven/scripts/mydb_350m/working/tmp//semmle_1_441118_986909.c]
[T 08:48:23 441125] trace_languages(1): [cpp]
[T 08:48:23 441127] Initializing tracer.
[T 08:48:23 441127] Initialising tags...
[T 08:48:23 441127] ID set to 000000000006BB27_0000000000000001 (parent 000000000006BB25_0000000000000001)
[T 08:48:23 441127] ==== Candidate to intercept: /usr/libexec/gcc/x86_64-linux-gnu/13/cc1 (canonical: /usr/libexec/gcc/x86_64-linux-gnu/13/cc1) ====
[T 08:48:23 441127] Lua: === Intercepted call to /usr/libexec/gcc/x86_64-linux-gnu/13/cc1 ===
[T 08:48:23 441127] Executing the following tracer actions:
[T 08:48:23 441127] Tracer actions:
[T 08:48:23 441127] pre_invocations(0)
[T 08:48:23 441127] post_invocations(1)
[T 08:48:23 441127] invocation: /home/melissa/sven/codeql/cpp/tools/linux64/extractor, args: [--mimic, /usr/libexec/gcc/x86_64-linux-gnu/13/cc1, -quiet, -nostdinc, -imultiarch, x86_64-linux-gnu, /home/melissa/sven/scripts/mydb_350m/working/tmp//semmle_1_441118_986909.c, -quiet, -dumpdir, /home/melissa/sven/scripts/mydb_350m/working/tmp//, -dumpbase, semmle_2_441118_986971.c, -dumpbase-ext, .c, -mtune=generic, -march=x86-64, -fasynchronous-unwind-tables, -fstack-protector-strong, -Wformat, -Wformat-security, -fstack-clash-protection, -fcf-protection, -o, /tmp/ccqOpHEV.s]
[T 08:48:23 441127] trace_languages(1): [cpp]
[T 08:48:24 441129] Attempting to switch stdout/stderr to 7...
[T 08:48:24 441129] Initializing tracer.
[T 08:48:24 441129] Initialising tags...
[T 08:48:24 441129] ID set to 000000000006BB29_0000000000000001 (parent 000000000006BB27_0000000000000001)
[E 08:48:24 441129] Mimicry classification suppression detected; exiting.
[T 08:48:24 441127] Extractor /home/melissa/sven/codeql/cpp/tools/linux64/extractor terminated with exit code 0.
[T 08:48:24 441130] Initializing tracer.
[T 08:48:24 441130] Initialising tags...
[T 08:48:24 441130] ID set to 000000000006BB2A_0000000000000001 (parent 000000000006BB25_0000000000000001)
[T 08:48:24 441130] ==== Candidate to intercept: as (canonical: as) ====
[T 08:48:24 441130] Will try to resolve as in path /home/melissa/sonar-scanner/bin:/home/melissa/anaconda3/envs/sven-env/bin:/home/melissa/miniconda3/condabin:/home/melissa/.vscode-server/cli/servers/Stable-c306e94f98122556ca081f527b466015e1bc37b0/server/bin/remote-cli:/usr/local/sbin:/usr/local/bin:/usr/sbin:/usr/bin:/sbin:/bin:/usr/games:/usr/local/games:/snap/bin:/home/melissa/.vscode-server/extensions/ms-python.debugpy-2025.14.1-linux-x64/bundled/scripts/noConfigScripts:/home/melissa/.vscode-server/data/User/globalStorage/github.copilot-chat/debugCommand:/home/melissa/codeql.
[T 08:48:24 441130]  -> path lookup for as as /home/melissa/sonar-scanner/bin/as...
[T 08:48:24 441130]  -> path lookup for as as /home/melissa/anaconda3/envs/sven-env/bin/as...
[T 08:48:24 441130]  -> path lookup for as as /home/melissa/miniconda3/condabin/as...
[T 08:48:24 441130]  -> path lookup for as as /home/melissa/.vscode-server/cli/servers/Stable-c306e94f98122556ca081f527b466015e1bc37b0/server/bin/remote-cli/as...
[T 08:48:24 441130]  -> path lookup for as as /usr/local/sbin/as...
[T 08:48:24 441130]  -> path lookup for as as /usr/local/bin/as...
[T 08:48:24 441130]  -> path lookup for as as /usr/sbin/as...
[T 08:48:24 441130]  -> path lookup for as as /usr/bin/as...
[T 08:48:24 441130] Resolved barename as to /usr/bin/as
[T 08:48:24 441130] Lua: === Intercepted call to /usr/bin/as ===
[T 08:48:24 441130] Executing the following tracer actions:
[T 08:48:24 441130] Tracer actions:
[T 08:48:24 441130] pre_invocations(0)
[T 08:48:24 441130] post_invocations(1)
[T 08:48:24 441130] invocation: /home/melissa/sven/codeql/cpp/tools/linux64/extractor, args: [--assembler, --codeql-assembler-executable, /usr/bin/as, --64, -o, /home/melissa/sven/scripts/mydb_350m/working/tmp//semmle_2_441118_986971.o, /tmp/ccqOpHEV.s]
[T 08:48:24 441130] trace_languages(1): [cpp]
[T 08:48:24 441132] Attempting to switch stdout/stderr to 7...
[T 08:48:24 441132] Initializing tracer.
[T 08:48:24 441132] Initialising tags...
[T 08:48:24 441132] ID set to 000000000006BB2C_0000000000000001 (parent 000000000006BB2A_0000000000000001)
[E 08:48:24 441132] Mimicry classification suppression detected; exiting.
[T 08:48:24 441130] Extractor /home/melissa/sven/codeql/cpp/tools/linux64/extractor terminated with exit code 0.
[T 08:48:24 441133] Attempting to switch stdout/stderr to 7...
[T 08:48:24 441133] Initializing tracer.
[T 08:48:24 441133] Initialising tags...
[T 08:48:24 441133] ID set to 000000000006BB2D_0000000000000001 (parent 000000000006BB25_0000000000000001)
[E 08:48:24 441133] Mimicry classification suppression detected; exiting.
[T 08:48:24 441125] Extractor /home/melissa/sven/codeql/cpp/tools/linux64/extractor terminated with exit code 0.
[T 08:48:24 441134] Initializing tracer.
[T 08:48:24 441134] Initialising tags...
[T 08:48:24 441134] ID set to 000000000006BB2E_0000000000000001 (parent 000000000006BB1E_0000000000000001)
[T 08:48:24 441134] ==== Candidate to intercept: /usr/bin/x86_64-linux-gnu-gcc-13 (canonical: /usr/bin/x86_64-linux-gnu-gcc-13) ====
[T 08:48:24 441134] Lua: === Intercepted call to /usr/bin/x86_64-linux-gnu-gcc-13 ===
[T 08:48:24 441134] Executing the following tracer actions:
[T 08:48:24 441134] Tracer actions:
[T 08:48:24 441134] pre_invocations(0)
[T 08:48:24 441134] post_invocations(1)
[T 08:48:24 441134] invocation: /home/melissa/sven/codeql/cpp/tools/linux64/extractor, args: [--mimic, /usr/bin/x86_64-linux-gnu-gcc-13, -nostdinc, -o, /home/melissa/sven/scripts/mydb_350m/working/tmp//semmle_2_441118_986971.o, -c, /home/melissa/sven/scripts/mydb_350m/working/tmp//semmle_1_441118_986909.c, -v, -iwithprefix, 80AD44EC-F542-4CCF-8C9F-328EB87D7D35]
[T 08:48:24 441134] trace_languages(1): [cpp]
[T 08:48:24 441136] Initializing tracer.
[T 08:48:24 441136] Initialising tags...
[T 08:48:24 441136] ID set to 000000000006BB30_0000000000000001 (parent 000000000006BB2E_0000000000000001)
[T 08:48:24 441136] ==== Candidate to intercept: /usr/libexec/gcc/x86_64-linux-gnu/13/cc1 (canonical: /usr/libexec/gcc/x86_64-linux-gnu/13/cc1) ====
[T 08:48:24 441136] Lua: === Intercepted call to /usr/libexec/gcc/x86_64-linux-gnu/13/cc1 ===
[T 08:48:24 441136] Executing the following tracer actions:
[T 08:48:24 441136] Tracer actions:
[T 08:48:24 441136] pre_invocations(0)
[T 08:48:24 441136] post_invocations(1)
[T 08:48:24 441136] invocation: /home/melissa/sven/codeql/cpp/tools/linux64/extractor, args: [--mimic, /usr/libexec/gcc/x86_64-linux-gnu/13/cc1, -quiet, -nostdinc, -v, -imultiarch, x86_64-linux-gnu, -iwithprefix, 80AD44EC-F542-4CCF-8C9F-328EB87D7D35, /home/melissa/sven/scripts/mydb_350m/working/tmp//semmle_1_441118_986909.c, -quiet, -dumpdir, /home/melissa/sven/scripts/mydb_350m/working/tmp//, -dumpbase, semmle_2_441118_986971.c, -dumpbase-ext, .c, -mtune=generic, -march=x86-64, -version, -fasynchronous-unwind-tables, -fstack-protector-strong, -Wformat, -Wformat-security, -fstack-clash-protection, -fcf-protection, -o, /tmp/ccLtcAMx.s]
[T 08:48:24 441136] trace_languages(1): [cpp]
[T 08:48:24 441138] Attempting to switch stdout/stderr to 7...
[T 08:48:24 441138] Initializing tracer.
[T 08:48:24 441138] Initialising tags...
[T 08:48:24 441138] ID set to 000000000006BB32_0000000000000001 (parent 000000000006BB30_0000000000000001)
[E 08:48:24 441138] Mimicry classification suppression detected; exiting.
[T 08:48:24 441136] Extractor /home/melissa/sven/codeql/cpp/tools/linux64/extractor terminated with exit code 0.
[T 08:48:24 441139] Initializing tracer.
[T 08:48:24 441139] Initialising tags...
[T 08:48:24 441139] ID set to 000000000006BB33_0000000000000001 (parent 000000000006BB2E_0000000000000001)
[T 08:48:24 441139] ==== Candidate to intercept: as (canonical: as) ====
[T 08:48:24 441139] Will try to resolve as in path /home/melissa/sonar-scanner/bin:/home/melissa/anaconda3/envs/sven-env/bin:/home/melissa/miniconda3/condabin:/home/melissa/.vscode-server/cli/servers/Stable-c306e94f98122556ca081f527b466015e1bc37b0/server/bin/remote-cli:/usr/local/sbin:/usr/local/bin:/usr/sbin:/usr/bin:/sbin:/bin:/usr/games:/usr/local/games:/snap/bin:/home/melissa/.vscode-server/extensions/ms-python.debugpy-2025.14.1-linux-x64/bundled/scripts/noConfigScripts:/home/melissa/.vscode-server/data/User/globalStorage/github.copilot-chat/debugCommand:/home/melissa/codeql.
[T 08:48:24 441139]  -> path lookup for as as /home/melissa/sonar-scanner/bin/as...
[T 08:48:24 441139]  -> path lookup for as as /home/melissa/anaconda3/envs/sven-env/bin/as...
[T 08:48:24 441139]  -> path lookup for as as /home/melissa/miniconda3/condabin/as...
[T 08:48:24 441139]  -> path lookup for as as /home/melissa/.vscode-server/cli/servers/Stable-c306e94f98122556ca081f527b466015e1bc37b0/server/bin/remote-cli/as...
[T 08:48:24 441139]  -> path lookup for as as /usr/local/sbin/as...
[T 08:48:24 441139]  -> path lookup for as as /usr/local/bin/as...
[T 08:48:24 441139]  -> path lookup for as as /usr/sbin/as...
[T 08:48:24 441139]  -> path lookup for as as /usr/bin/as...
[T 08:48:24 441139] Resolved barename as to /usr/bin/as
[T 08:48:24 441139] Lua: === Intercepted call to /usr/bin/as ===
[T 08:48:24 441139] Executing the following tracer actions:
[T 08:48:24 441139] Tracer actions:
[T 08:48:24 441139] pre_invocations(0)
[T 08:48:24 441139] post_invocations(1)
[T 08:48:24 441139] invocation: /home/melissa/sven/codeql/cpp/tools/linux64/extractor, args: [--assembler, --codeql-assembler-executable, /usr/bin/as, -v, --64, -o, /home/melissa/sven/scripts/mydb_350m/working/tmp//semmle_2_441118_986971.o, /tmp/ccLtcAMx.s]
[T 08:48:24 441139] trace_languages(1): [cpp]
[T 08:48:24 441141] Attempting to switch stdout/stderr to 7...
[T 08:48:24 441141] Initializing tracer.
[T 08:48:24 441141] Initialising tags...
[T 08:48:24 441141] ID set to 000000000006BB35_0000000000000001 (parent 000000000006BB33_0000000000000001)
[E 08:48:24 441141] Mimicry classification suppression detected; exiting.
[T 08:48:24 441139] Extractor /home/melissa/sven/codeql/cpp/tools/linux64/extractor terminated with exit code 0.
[T 08:48:24 441142] Attempting to switch stdout/stderr to 7...
[T 08:48:24 441142] Initializing tracer.
[T 08:48:24 441142] Initialising tags...
[T 08:48:24 441142] ID set to 000000000006BB36_0000000000000001 (parent 000000000006BB2E_0000000000000001)
[E 08:48:24 441142] Mimicry classification suppression detected; exiting.
[T 08:48:24 441134] Extractor /home/melissa/sven/codeql/cpp/tools/linux64/extractor terminated with exit code 0.
[T 08:48:24 441143] Initializing tracer.
[T 08:48:24 441143] Initialising tags...
[T 08:48:24 441143] ID set to 000000000006BB37_0000000000000001 (parent 000000000006BB1E_0000000000000001)
[T 08:48:24 441143] ==== Candidate to intercept: /usr/bin/x86_64-linux-gnu-gcc-13 (canonical: /usr/bin/x86_64-linux-gnu-gcc-13) ====
[T 08:48:24 441143] Lua: === Intercepted call to /usr/bin/x86_64-linux-gnu-gcc-13 ===
[T 08:48:24 441143] Executing the following tracer actions:
[T 08:48:24 441143] Tracer actions:
[T 08:48:24 441143] pre_invocations(0)
[T 08:48:24 441143] post_invocations(1)
[T 08:48:24 441143] invocation: /home/melissa/sven/codeql/cpp/tools/linux64/extractor, args: [--mimic, /usr/bin/x86_64-linux-gnu-gcc-13, -nostdinc, -o, /home/melissa/sven/scripts/mydb_350m/working/tmp//semmle_4_441118_99618.o, -c, /home/melissa/sven/scripts/mydb_350m/working/tmp//semmle_3_441118_99510.c]
[T 08:48:24 441143] trace_languages(1): [cpp]
[T 08:48:24 441145] Initializing tracer.
[T 08:48:24 441145] Initialising tags...
[T 08:48:24 441145] ID set to 000000000006BB39_0000000000000001 (parent 000000000006BB37_0000000000000001)
[T 08:48:24 441145] ==== Candidate to intercept: /usr/libexec/gcc/x86_64-linux-gnu/13/cc1 (canonical: /usr/libexec/gcc/x86_64-linux-gnu/13/cc1) ====
[T 08:48:24 441145] Lua: === Intercepted call to /usr/libexec/gcc/x86_64-linux-gnu/13/cc1 ===
[T 08:48:24 441145] Executing the following tracer actions:
[T 08:48:24 441145] Tracer actions:
[T 08:48:24 441145] pre_invocations(0)
[T 08:48:24 441145] post_invocations(1)
[T 08:48:24 441145] invocation: /home/melissa/sven/codeql/cpp/tools/linux64/extractor, args: [--mimic, /usr/libexec/gcc/x86_64-linux-gnu/13/cc1, -quiet, -nostdinc, -imultiarch, x86_64-linux-gnu, /home/melissa/sven/scripts/mydb_350m/working/tmp//semmle_3_441118_99510.c, -quiet, -dumpdir, /home/melissa/sven/scripts/mydb_350m/working/tmp//, -dumpbase, semmle_4_441118_99618.c, -dumpbase-ext, .c, -mtune=generic, -march=x86-64, -fasynchronous-unwind-tables, -fstack-protector-strong, -Wformat, -Wformat-security, -fstack-clash-protection, -fcf-protection, -o, /tmp/ccAGnzi6.s]
[T 08:48:24 441145] trace_languages(1): [cpp]
[T 08:48:24 441147] Attempting to switch stdout/stderr to 7...
[T 08:48:24 441147] Initializing tracer.
[T 08:48:24 441147] Initialising tags...
[T 08:48:24 441147] ID set to 000000000006BB3B_0000000000000001 (parent 000000000006BB39_0000000000000001)
[E 08:48:24 441147] Mimicry classification suppression detected; exiting.
[T 08:48:24 441145] Extractor /home/melissa/sven/codeql/cpp/tools/linux64/extractor terminated with exit code 0.
[T 08:48:24 441148] Attempting to switch stdout/stderr to 7...
[T 08:48:24 441148] Initializing tracer.
[T 08:48:24 441148] Initialising tags...
[T 08:48:24 441148] ID set to 000000000006BB3C_0000000000000001 (parent 000000000006BB37_0000000000000001)
[E 08:48:24 441148] Mimicry classification suppression detected; exiting.
[T 08:48:24 441143] Extractor /home/melissa/sven/codeql/cpp/tools/linux64/extractor terminated with exit code 0.
[E 08:48:24 441118] Checking whether C compilation already happened.
[E 08:48:24 441118] Checking for tag c-compilation-happened
[E 08:48:24 441118] Checking CODEQL_TRACER_DB_ID 000000000006BAEC_0000000000000001
[E 08:48:24 441118] Locking DB /home/melissa/sven/scripts/mydb_350m/working/tags.db
[E 08:48:24 441118] Locked DB /home/melissa/sven/scripts/mydb_350m/working/tags.db
[E 08:48:24 441118] Unlocking DB
[E 08:48:24 441118] Unlocked DB
[E 08:48:24 441118] Exiting as C compilation already happened.
[T 08:48:24 441068] Extractor /home/melissa/sven/codeql/cpp/tools/linux64/extractor terminated with exit code 0.
[T 08:48:24 441149] Initializing tracer.
[T 08:48:24 441149] Initialising tags...
[T 08:48:24 441149] ID set to 000000000006BB3D_0000000000000001 (parent 000000000006BAE9_0000000000000003)
[T 08:48:24 441149] ==== Candidate to intercept: /usr/bin/gcc (canonical: /usr/bin/x86_64-linux-gnu-gcc-13) ====
[T 08:48:24 441149] Lua: === Intercepted call to /usr/bin/x86_64-linux-gnu-gcc-13 ===
[T 08:48:24 441149] Executing the following tracer actions:
[T 08:48:24 441149] Tracer actions:
[T 08:48:24 441149] pre_invocations(0)
[T 08:48:24 441149] post_invocations(1)
[T 08:48:24 441149] invocation: /home/melissa/sven/codeql/cpp/tools/linux64/extractor, args: [--mimic, /usr/bin/x86_64-linux-gnu-gcc-13, -c, 01.c, -o, 01.o]
[T 08:48:24 441149] trace_languages(1): [cpp]
[T 08:48:24 441151] Initializing tracer.
[T 08:48:24 441151] Initialising tags...
[T 08:48:24 441151] ID set to 000000000006BB3F_0000000000000001 (parent 000000000006BB3D_0000000000000001)
[T 08:48:24 441151] ==== Candidate to intercept: /usr/libexec/gcc/x86_64-linux-gnu/13/cc1 (canonical: /usr/libexec/gcc/x86_64-linux-gnu/13/cc1) ====
[T 08:48:24 441151] Lua: === Intercepted call to /usr/libexec/gcc/x86_64-linux-gnu/13/cc1 ===
[T 08:48:24 441151] Executing the following tracer actions:
[T 08:48:24 441151] Tracer actions:
[T 08:48:24 441151] pre_invocations(0)
[T 08:48:24 441151] post_invocations(1)
[T 08:48:24 441151] invocation: /home/melissa/sven/codeql/cpp/tools/linux64/extractor, args: [--mimic, /usr/libexec/gcc/x86_64-linux-gnu/13/cc1, -quiet, -imultiarch, x86_64-linux-gnu, 01.c, -quiet, -dumpbase, 01.c, -dumpbase-ext, .c, -mtune=generic, -march=x86-64, -fasynchronous-unwind-tables, -fstack-protector-strong, -Wformat, -Wformat-security, -fstack-clash-protection, -fcf-protection, -o, /tmp/ccarcI0h.s]
[T 08:48:24 441151] trace_languages(1): [cpp]
[T 08:48:24 441153] Attempting to switch stdout/stderr to 4...
[T 08:48:24 441153] Initializing tracer.
[T 08:48:24 441153] Initialising tags...
[T 08:48:24 441153] ID set to 000000000006BB41_0000000000000001 (parent 000000000006BB3F_0000000000000001)
[E 08:48:24 441153] CodeQL C/C++ Extractor 2.11.1
[E 08:48:24 441153] Current directory: /home/melissa/sven/experiments/sec_eval/sec-eval-350m-prefix/trained/cwe-125/0-c/sec_output
[E 08:48:24 441153] Command: /home/melissa/sven/codeql/cpp/tools/linux64/extractor --mimic /usr/libexec/gcc/x86_64-linux-gnu/13/cc1 -quiet -imultiarch x86_64-linux-gnu 01.c -quiet -dumpbase 01.c -dumpbase-ext .c -mtune=generic -march=x86-64 -fasynchronous-unwind-tables -fstack-protector-strong -Wformat -Wformat-security -fstack-clash-protection -fcf-protection -o /tmp/ccarcI0h.s
[E 08:48:24 441153] Checking whether C compilation already happened.
[E 08:48:24 441153] Checking for tag c-compilation-happened
[E 08:48:24 441153] Checking CODEQL_TRACER_DB_ID 000000000006BB3F_0000000000000001
[E 08:48:24 441153] Locking DB /home/melissa/sven/scripts/mydb_350m/working/tags.db
[E 08:48:24 441153] Locked DB /home/melissa/sven/scripts/mydb_350m/working/tags.db
[E 08:48:24 441153] Unlocking DB
[E 08:48:24 441153] Unlocked DB
[E 08:48:24 441153] Looks like C compilation didn't already happen.
[E 08:48:24 441153] Checking whether C compilation has been attempted.
[E 08:48:24 441153] Checking for tag c-compilation-attempted
[E 08:48:24 441153] Checking CODEQL_TRACER_DB_ID 000000000006BB3F_0000000000000001
[E 08:48:24 441153] Locking DB /home/melissa/sven/scripts/mydb_350m/working/tags.db
[E 08:48:24 441153] Locked DB /home/melissa/sven/scripts/mydb_350m/working/tags.db
[E 08:48:24 441153] Unlocking DB
[E 08:48:24 441153] Unlocked DB
[E 08:48:24 441153] Marking C compilation as attempted.
[E 08:48:24 441153] Setting tag c-compilation-attempted
[E 08:48:24 441153] Starting from CODEQL_TRACER_DB_ID 000000000006BB3F_0000000000000001
[E 08:48:24 441153] Locking DB /home/melissa/sven/scripts/mydb_350m/working/tags.db
[E 08:48:24 441153] Locked DB /home/melissa/sven/scripts/mydb_350m/working/tags.db
[E 08:48:24 441153] Set tag for 000000000006BB3F_0000000000000001
[E 08:48:24 441153] Set tag for 000000000006BB3D_0000000000000001
[E 08:48:24 441153] Set tag for 000000000006BAE9_0000000000000003
[E 08:48:24 441153] Set tag for 000000000006BAE9_0000000000000002
[E 08:48:24 441153] Set tag for root
[E 08:48:24 441153] Unlocking DB
[E 08:48:24 441153] Unlocked DB
[E 08:48:24 441153] Processed command line: /home/melissa/sven/codeql/cpp/tools/linux64/extractor --trapfolder /home/melissa/sven/scripts/mydb_350m/trap/cpp --src_archive /home/melissa/sven/scripts/mydb_350m/src --mimic_config /home/melissa/sven/scripts/mydb_350m/working/compiler_mimic_cache/a75ad1f49a2f --object_filename /tmp/ccarcI0h.s -w --error_limit 1000 --disable_system_macros --variadic_macros --gcc --gnu_version 130300 --target linux_x86_64 '-D__DBL_MIN_EXP__=(-1021)' -D__UINT_LEAST16_MAX__=0xffff -D__FLT16_HAS_QUIET_NAN__=1 -D__ATOMIC_ACQUIRE=2 -D__FLT128_MAX_10_EXP__=4932 -D__FLT_MIN__=1.17549435082228750796873653722224568e-38F -D__GCC_IEC_559_COMPLEX=2 '-D__UINT_LEAST8_TYPE__=unsigned char' -D__SIZEOF_FLOAT80__=16 -D__BFLT16_DENORM_MIN__=9.18354961579912115600575419704879436e-41BF16 '-D__INTMAX_C(c)=c ## L' -D__CHAR_BIT__=8 -D__UINT8_MAX__=0xff -D__SCHAR_WIDTH__=8 -D__WINT_MAX__=0xffffffffU '-D__FLT32_MIN_EXP__=(-125)' '-D__BFLT16_NORM_MAX__=3.38953138925153547590470800371487867e+38BF16' '-D__BFLT16_MIN_10_EXP__=(-37)' -D__ORDER_LITTLE_ENDIAN__=1234 -D__WCHAR_MAX__=0x7fffffff -D__GCC_HAVE_SYNC_COMPARE_AND_SWAP_2=1 -D__GCC_HAVE_SYNC_COMPARE_AND_SWAP_4=1 -D__GCC_HAVE_SYNC_COMPARE_AND_SWAP_8=1 -D__GCC_ATOMIC_CHAR_LOCK_FREE=2 -D__GCC_IEC_559=2 -D__FLT32X_DECIMAL_DIG__=17 -D__FLT_EVAL_METHOD__=0 -D__FLT64_DECIMAL_DIG__=17 -D__CET__=3 -D__GCC_ATOMIC_CHAR32_T_LOCK_FREE=2 -D__UINT_FAST64_MAX__=0xffffffffffffffffUL -D__SIG_ATOMIC_TYPE__=int '-D__DBL_MIN_10_EXP__=(-307)' -D__FINITE_MATH_ONLY__=0 -D__FLT32X_MAX_EXP__=1024 -D__GCC_HAVE_SYNC_COMPARE_AND_SWAP_1=1 -D__FLT32_HAS_DENORM__=1 -D__UINT_FAST8_MAX__=0xff -D__FLT32_MAX_10_EXP__=38 -D__DEC64_MAX_EXP__=385 '-D__INT8_C(c)=c' -D__INT_LEAST8_WIDTH__=8 -D__UINT_LEAST64_MAX__=0xffffffffffffffffUL -D__SHRT_MAX__=0x7fff '-D__LDBL_MAX__=1.18973149535723176502126385303097021e+4932L' -D__FLT64X_MAX_10_EXP__=4932 -D__BFLT16_MAX_10_EXP__=38 -D__BFLT16_MAX_EXP__=128 -D__LDBL_IS_IEC_60559__=1 -D__FLT64X_HAS_QUIET_NAN__=1 -D__UINT_LEAST8_MAX__=0xff -D__GCC_ATOMIC_BOOL_LOCK_FREE=2 -D__FLT128_DENORM_MIN__=6.47517511943802511092443895822764655e-4966F128 '-D__UINTMAX_TYPE__=long unsigned int' -D__BFLT16_DECIMAL_DIG__=4 -D__linux=1 -D__DEC32_EPSILON__=1E-6DF -D__FLT_EVAL_METHOD_TS_18661_3__=0 -D__UINT32_MAX__=0xffffffffU '-D__DBL_DENORM_MIN__=((double)4.94065645841246544176568792868221372e-324L)' '-D__FLT128_MIN_EXP__=(-16381)' -D__WINT_MIN__=0U '-D__FLT128_MIN_10_EXP__=(-4931)' -D__FLT32X_IS_IEC_60559__=1 -D__INT_LEAST16_WIDTH__=16 -D__SCHAR_MAX__=0x7f -D__FLT128_MANT_DIG__=113 '-D__WCHAR_MIN__=(-__WCHAR_MAX__ - 1)' '-D__INT64_C(c)=c ## L' -D__SSP_STRONG__=3 -D__GCC_ATOMIC_POINTER_LOCK_FREE=2 -D__ATOMIC_SEQ_CST=5 -D__unix=1 -D__INT_LEAST64_MAX__=0x7fffffffffffffffL -D__FLT32X_MANT_DIG__=53 -D__FLT64X_EPSILON__=1.08420217248550443400745280086994171e-19F64x '-D__DEC64_MIN_EXP__=(-382)' -D__DBL_DIG__=15 -D__FLT_EPSILON__=1.19209289550781250000000000000000000e-7F -D__SHRT_WIDTH__=16 -D__FLT32_IS_IEC_60559__=1 -D__LDBL_MIN__=3.36210314311209350626267781732175260e-4932L -D__STDC_UTF_16__=1 -D__DBL_IS_IEC_60559__=1 -D__DEC32_MAX__=9.999999E96DF -D__FLT64X_DENORM_MIN__=3.64519953188247460252840593361941982e-4951F64x -D__FLT32X_HAS_INFINITY__=1 -D__unix__=1 -D__INT_WIDTH__=32 -D__STDC_IEC_559__=1 -D__STDC_ISO_10646__=201706L -D__DECIMAL_DIG__=21 -D__STDC_IEC_559_COMPLEX__=1 -D__FLT64_EPSILON__=2.22044604925031308084726333618164062e-16F64 -D__gnu_linux__=1 -D__FLT128_IS_IEC_60559__=1 '-D__FLT64X_MIN_10_EXP__=(-4931)' -D__LDBL_HAS_QUIET_NAN__=1 '-D__FLT16_MIN_EXP__=(-13)' -D__FLT64_MANT_DIG__=53 -D__FLT64X_MANT_DIG__=64 -D__BFLT16_DIG__=2 -D__pie__=2 -D__MMX__=1 -D__FLT_HAS_DENORM__=1 -D__SIZEOF_LONG_DOUBLE__=16 -D__BIGGEST_ALIGNMENT__=16 -D__FLT64_MAX_10_EXP__=308 -D__BFLT16_IS_IEC_60559__=0 -D__FLT16_MAX_10_EXP__=4 '-D__DBL_MAX__=((double)1.79769313486231570814527423731704357e+308L)' -D__INT_FAST32_MAX__=0x7fffffffffffffffL -D__DBL_HAS_INFINITY__=1 -D__INT64_MAX__=0x7fffffffffffffffL -D__SIZEOF_FLOAT__=4 -D__HAVE_SPECULATION_SAFE_VALUE=1 '-D__DEC32_MIN_EXP__=(-94)' -D__INTPTR_WIDTH__=64 -D__UINT_LEAST32_MAX__=0xffffffffU -D__FLT32X_HAS_DENORM__=1 '-D__INT_FAST16_TYPE__=long int' -D__MMX_WITH_SSE__=1 -D__LDBL_HAS_DENORM__=1 -D__SEG_GS=1 -D__BFLT16_EPSILON__=7.81250000000000000000000000000000000e-3BF16 -D__FLT128_HAS_INFINITY__=1 -D__DEC32_MIN__=1E-95DF -D__DBL_MAX_EXP__=1024 -D__WCHAR_WIDTH__=32 '-D__FLT32_MAX__=3.40282346638528859811704183484516925e+38F32' -D__DEC128_EPSILON__=1E-33DL -D__FLT16_DECIMAL_DIG__=5 -D__SSE2_MATH__=1 -D__ATOMIC_HLE_RELEASE=131072 -D__PTRDIFF_MAX__=0x7fffffffffffffffL -D__amd64=1 -D__ATOMIC_HLE_ACQUIRE=65536 -D__LONG_LONG_MAX__=0x7fffffffffffffffLL -D__SIZEOF_SIZE_T__=8 -D__BFLT16_HAS_INFINITY__=1 '-D__FLT64X_MIN_EXP__=(-16381)' -D__SIZEOF_WINT_T__=4 -D__LONG_LONG_WIDTH__=64 -D__FLT32_MAX_EXP__=128 -D__GXX_ABI_VERSION=1018 '-D__FLT_MIN_EXP__=(-125)' -D__GCC_HAVE_DWARF2_CFI_ASM=1 -D__INT16_MAX__=0x7fff -D__x86_64=1 '-D__INT_FAST64_TYPE__=long int' '-D__BFLT16_MAX__=3.38953138925153547590470800371487867e+38BF16' -D__BFLT16_HAS_DENORM__=1 -D__FLT64_DENORM_MIN__=4.94065645841246544176568792868221372e-324F64 -D__FLT16_DENORM_MIN__=5.96046447753906250000000000000000000e-8F16 -D__FLT128_EPSILON__=1.92592994438723585305597794258492732e-34F128 '-D__FLT64X_NORM_MAX__=1.18973149535723176502126385303097021e+4932F64x' -D__SIZEOF_POINTER__=8 '-D__SIZE_TYPE__=long unsigned int' -D__LP64__=1 -D__DBL_HAS_QUIET_NAN__=1 -D__FLT32X_EPSILON__=2.22044604925031308084726333618164062e-16F32x -D__LDBL_MAX_EXP__=16384 -D__DECIMAL_BID_FORMAT__=1 '-D__FLT64_MIN_EXP__=(-1021)' '-D__FLT64_MIN_10_EXP__=(-307)' '-D__FLT16_MIN_10_EXP__=(-4)' -D__FLT64X_DECIMAL_DIG__=21 -D__DEC128_MIN__=1E-6143DL -D__REGISTER_PREFIX__= -D__UINT16_MAX__=0xffff -D__DBL_HAS_DENORM__=1 -D__FLT32_MIN__=1.17549435082228750796873653722224568e-38F32 '-D__UINT8_TYPE__=unsigned char' -D__FLT_DIG__=6 -D__NO_INLINE__=1 -D__DEC_EVAL_METHOD__=2 -D__FLT_MANT_DIG__=24 -D__LDBL_DECIMAL_DIG__=21 '-D__UINT64_C(c)=c ## UL' -D_STDC_PREDEF_H=1 -D__INT_LEAST32_MAX__=0x7fffffff -D__GCC_ATOMIC_INT_LOCK_FREE=2 -D__FLT128_MAX_EXP__=16384 -D__FLT32_MANT_DIG__=24 -D__FLOAT_WORD_ORDER__=__ORDER_LITTLE_ENDIAN__ '-D__FLT32X_MIN_EXP__=(-1021)' -D__STDC_IEC_60559_COMPLEX__=201404L -D__BFLT16_MIN__=1.17549435082228750796873653722224568e-38BF16 -D__FLT128_HAS_DENORM__=1 -D__FLT32_DECIMAL_DIG__=9 -D__FLT128_DIG__=33 '-D__INT32_C(c)=c' -D__DEC64_EPSILON__=1E-15DD -D__ORDER_PDP_ENDIAN__=3412 '-D__DEC128_MIN_EXP__=(-6142)' -D__DEC128_MAX__=9.999999999999999999999999999999999E6144DL '-D__INT_FAST32_TYPE__=long int' '-D__UINT_LEAST16_TYPE__=short unsigned int' -D__DEC128_MAX_EXP__=6145 -Dunix=1 -D__UINT64_MAX__=0xffffffffffffffffUL -D__FLT_IS_IEC_60559__=1 '-D__GNUC_WIDE_EXECUTION_CHARSET_NAME="UTF-32LE"' -D__FLT64X_DIG__=18 '-D__INT8_TYPE__=signed char' -D__ELF__=1 -D__GCC_ASM_FLAG_OUTPUTS__=1 '-D__UINT32_TYPE__=unsigned int' -D__BFLT16_HAS_QUIET_NAN__=1 -D__FLT_RADIX__=2 '-D__INT_LEAST16_TYPE__=short int' -D__LDBL_EPSILON__=1.08420217248550443400745280086994171e-19L '-D__UINTMAX_C(c)=c ## UL' -D__FLT16_DIG__=3 -D__SSE_MATH__=1 -D__k8=1 -D__FLT32X_MIN__=2.22507385850720138309023271733240406e-308F32x -D__SIG_ATOMIC_MAX__=0x7fffffff -D__GCC_ATOMIC_WCHAR_T_LOCK_FREE=2 -D__USER_LABEL_PREFIX__= -D__STDC_IEC_60559_BFP__=201404L -D__SIZEOF_PTRDIFF_T__=8 -D__FLT64X_HAS_INFINITY__=1 -D__FLT32_HAS_INFINITY__=1 -D__SIZEOF_LONG__=8 -D__LDBL_DIG__=18 -D__FLT64_IS_IEC_60559__=1 -D__x86_64__=1 -D__FLT16_IS_IEC_60559__=1 -D__FLT16_MAX_EXP__=16 -D__DEC32_SUBNORMAL_MIN__=0.000001E-95DF -D__INT_FAST16_MAX__=0x7fffffffffffffffL -D__GCC_CONSTRUCTIVE_SIZE=64 -D__FLT64_DIG__=15 -D__UINT_FAST32_MAX__=0xffffffffffffffffUL '-D__UINT_LEAST64_TYPE__=long unsigned int' -D__FLT16_EPSILON__=9.76562500000000000000000000000000000e-4F16 -D__FLT_HAS_QUIET_NAN__=1 -D__FLT_MAX_10_EXP__=38 -D__LONG_MAX__=0x7fffffffffffffffL -D__FLT64X_HAS_DENORM__=1 -D__DEC128_SUBNORMAL_MIN__=0.000000000000000000000000000000001E-6143DL -D__FLT_HAS_INFINITY__=1 '-D__GNUC_EXECUTION_CHARSET_NAME="UTF-8"' '-D__UINT_FAST16_TYPE__=long unsigned int' -D__DEC64_MAX__=9.999999999999999E384DD -D__INT_FAST32_WIDTH__=64 -D__PRAGMA_REDEFINE_EXTNAME=1 -D__SIZE_WIDTH__=64 -D__SEG_FS=1 -D__INT_LEAST16_MAX__=0x7fff '-D__FLT16_NORM_MAX__=6.55040000000000000000000000000000000e+4F16' -D__DEC64_MANT_DIG__=16 -D__FLT32_DENORM_MIN__=1.40129846432481707092372958328991613e-45F32 -D__SIG_ATOMIC_WIDTH__=32 '-D__INT_LEAST64_TYPE__=long int' '-D__INT16_TYPE__=short int' '-D__INT_LEAST8_TYPE__=signed char' '-D__FLT16_MAX__=6.55040000000000000000000000000000000e+4F16' -D__FLT128_MIN__=3.36210314311209350626267781732175260e-4932F128 -D__SIZEOF_INT__=4 -D__DEC32_MAX_EXP__=97 -D__INT_FAST8_MAX__=0x7f '-D__FLT128_MAX__=1.18973149535723176508575932662800702e+4932F128' -D__INTPTR_MAX__=0x7fffffffffffffffL -Dlinux=1 -D__FLT64_HAS_QUIET_NAN__=1 '-D__FLT32_MIN_10_EXP__=(-37)' -D__FLT32X_DIG__=15 '-D__UINT16_C(c)=c' -D__PTRDIFF_WIDTH__=64 -D__LDBL_MANT_DIG__=64 -D__INT_FAST16_WIDTH__=64 -D__FLT64_HAS_INFINITY__=1 '-D__FLT64X_MAX__=1.18973149535723176502126385303097021e+4932F64x' -D__FLT16_HAS_INFINITY__=1 '-D__SIG_ATOMIC_MIN__=(-__SIG_ATOMIC_MAX__ - 1)' -D__code_model_small__=1 -D__GCC_ATOMIC_LONG_LOCK_FREE=2 -D__DEC32_MANT_DIG__=7 -D__FLT16_MANT_DIG__=11 -D__k8__=1 '-D__INTPTR_TYPE__=long int' '-D__UINT16_TYPE__=short unsigned int' -D__WCHAR_TYPE__=int -D__pic__=2 -D__UINTPTR_MAX__=0xffffffffffffffffUL -D__INT_FAST64_WIDTH__=64 -D__LDBL_HAS_INFINITY__=1 -D__INT_FAST64_MAX__=0x7fffffffffffffffL -D__GCC_ATOMIC_TEST_AND_SET_TRUEVAL=1 '-D__FLT_NORM_MAX__=3.40282346638528859811704183484516925e+38F' -D__FLT64X_MAX_EXP__=16384 '-D__UINT_FAST64_TYPE__=long unsigned int' '-D__BFLT16_MIN_EXP__=(-125)' -D__INT_MAX__=0x7fffffff -D__linux__=1 '-D__INT64_TYPE__=long int' -D__FLT_MAX_EXP__=128 -D__ORDER_BIG_ENDIAN__=4321 -D__DBL_MANT_DIG__=53 -D__SIZEOF_FLOAT128__=16 -D__BFLT16_MANT_DIG__=8 -D__GCC_ATOMIC_CHAR16_T_LOCK_FREE=2 -D__DEC64_MIN__=1E-383DD '-D__WINT_TYPE__=unsigned int' '-D__UINT_LEAST32_TYPE__=unsigned int' -D__SIZEOF_SHORT__=2 '-D__FLT32_NORM_MAX__=3.40282346638528859811704183484516925e+38F32' -D__SSE__=1 '-D__LDBL_MIN_EXP__=(-16381)' '-D__FLT64_MAX__=1.79769313486231570814527423731704357e+308F64' -D__amd64__=1 -D__WINT_WIDTH__=32 -D__INT_LEAST8_MAX__=0x7f -D__INT_LEAST64_WIDTH__=64 -D__FLT32X_MAX_10_EXP__=308 -D__SIZEOF_INT128__=16 -D__FLT16_MIN__=6.10351562500000000000000000000000000e-5F16 -D__FLT64X_IS_IEC_60559__=1 -D__LDBL_MAX_10_EXP__=4932 -D__ATOMIC_RELAXED=0 '-D__DBL_EPSILON__=((double)2.22044604925031308084726333618164062e-16L)' -D__INT_LEAST32_TYPE__=int -D_LP64=1 '-D__UINT8_C(c)=c' -D__FLT64_MAX_EXP__=1024 -D__SIZEOF_WCHAR_T__=4 '-D__UINT64_TYPE__=long unsigned int' '-D__FLT128_NORM_MAX__=1.18973149535723176508575932662800702e+4932F128' '-D__FLT64_NORM_MAX__=1.79769313486231570814527423731704357e+308F64' -D__FLT128_HAS_QUIET_NAN__=1 -D__INTMAX_MAX__=0x7fffffffffffffffL '-D__INT_FAST8_TYPE__=signed char' -D__FLT64X_MIN__=3.36210314311209350626267781732175260e-4932F64x -D__FLT64_HAS_DENORM__=1 -D__FLT32_EPSILON__=1.19209289550781250000000000000000000e-7F32 -D__FLT16_HAS_DENORM__=1 -D__DBL_DECIMAL_DIG__=17 -D__STDC_UTF_32__=1 -D__INT_FAST8_WIDTH__=8 -D__FXSR__=1 '-D__FLT32X_MAX__=1.79769313486231570814527423731704357e+308F32x' '-D__DBL_NORM_MAX__=((double)1.79769313486231570814527423731704357e+308L)' -D__BYTE_ORDER__=__ORDER_LITTLE_ENDIAN__ -D__GCC_DESTRUCTIVE_SIZE=64 -D__INTMAX_WIDTH__=64 -D__FLT32_DIG__=6 '-D__UINT32_C(c)=c ## U' -D__FLT_DENORM_MIN__=1.40129846432481707092372958328991613e-45F -D__INT8_MAX__=0x7f -D__LONG_WIDTH__=64 '-D__DBL_MIN__=((double)2.22507385850720138309023271733240406e-308L)' -D__PIC__=2 -D__INT32_MAX__=0x7fffffff '-D__UINT_FAST32_TYPE__=long unsigned int' '-D__FLT32X_NORM_MAX__=1.79769313486231570814527423731704357e+308F32x' '-D__FLT_MAX__=3.40282346638528859811704183484516925e+38F' -D__SSE2__=1 -D__INT32_TYPE__=int -D__SIZEOF_DOUBLE__=8 '-D__FLT_MIN_10_EXP__=(-37)' -D__FLT64_MIN__=2.22507385850720138309023271733240406e-308F64 -D__INT_LEAST32_WIDTH__=32 '-D__INTMAX_TYPE__=long int' -D__FLT32X_HAS_QUIET_NAN__=1 -D__ATOMIC_CONSUME=1 -D__UINTMAX_MAX__=0xffffffffffffffffUL -D__PIE__=2 -D__FLT32X_DENORM_MIN__=4.94065645841246544176568792868221372e-324F32x -D__DBL_MAX_10_EXP__=308 -D__LDBL_DENORM_MIN__=3.64519953188247460252840593361941982e-4951L '-D__INT16_C(c)=c' '-D__PTRDIFF_TYPE__=long int' '-D__FLT32X_MIN_10_EXP__=(-307)' '-D__UINTPTR_TYPE__=long unsigned int' -D__DEC64_SUBNORMAL_MIN__=0.000000000000001E-383DD -D__DEC128_MANT_DIG__=34 '-D__LDBL_MIN_10_EXP__=(-4931)' -D__SIZEOF_LONG_LONG__=8 -D__FLT128_DECIMAL_DIG__=36 -D__GCC_ATOMIC_LLONG_LOCK_FREE=2 -D__FLT32_HAS_QUIET_NAN__=1 -D__FLT_DECIMAL_DIG__=9 -D__UINT_FAST16_MAX__=0xffffffffffffffffUL '-D__LDBL_NORM_MAX__=1.18973149535723176502126385303097021e+4932L' -D__GCC_ATOMIC_SHORT_LOCK_FREE=2 -D__SIZE_MAX__=0xffffffffffffffffUL '-D__UINT_FAST8_TYPE__=unsigned char' -D__ATOMIC_ACQ_REL=4 -D__ATOMIC_RELEASE=3 -I/usr/lib/gcc/x86_64-linux-gnu/13/include -I/usr/local/include -I/usr/include/x86_64-linux-gnu -I/usr/include -- 01.c
[E 08:48:24 441153] Starting compilation TRAP /home/melissa/sven/scripts/mydb_350m/trap/cpp/compilations/33/64569220_0.trap.br
[E 08:48:24 441153] Archiving /home/melissa/sven/scripts/mydb_350m/src/home/melissa/sven/experiments/sec_eval/sec-eval-350m-prefix/trained/cwe-125/0-c/sec_output/01.c
[E 08:48:24 441153] Already archived /home/melissa/sven/scripts/mydb_350m/src/usr/include/stdio.h
[E 08:48:24 441153] Already archived /home/melissa/sven/scripts/mydb_350m/src/usr/include/x86_64-linux-gnu/bits/libc-header-start.h
[E 08:48:24 441153] Already archived /home/melissa/sven/scripts/mydb_350m/src/usr/include/features.h
[E 08:48:24 441153] Already archived /home/melissa/sven/scripts/mydb_350m/src/usr/include/features-time64.h
[E 08:48:24 441153] Already archived /home/melissa/sven/scripts/mydb_350m/src/usr/include/x86_64-linux-gnu/bits/wordsize.h
[E 08:48:24 441153] Already archived /home/melissa/sven/scripts/mydb_350m/src/usr/include/x86_64-linux-gnu/bits/timesize.h
[E 08:48:24 441153] Already archived /home/melissa/sven/scripts/mydb_350m/src/usr/include/x86_64-linux-gnu/bits/wordsize.h
[E 08:48:24 441153] Already archived /home/melissa/sven/scripts/mydb_350m/src/usr/include/stdc-predef.h
[E 08:48:24 441153] Already archived /home/melissa/sven/scripts/mydb_350m/src/usr/include/x86_64-linux-gnu/sys/cdefs.h
[E 08:48:24 441153] Already archived /home/melissa/sven/scripts/mydb_350m/src/usr/include/x86_64-linux-gnu/bits/wordsize.h
[E 08:48:24 441153] Already archived /home/melissa/sven/scripts/mydb_350m/src/usr/include/x86_64-linux-gnu/bits/long-double.h
[E 08:48:24 441153] Already archived /home/melissa/sven/scripts/mydb_350m/src/usr/include/x86_64-linux-gnu/gnu/stubs.h
[E 08:48:24 441153] Already archived /home/melissa/sven/scripts/mydb_350m/src/usr/include/x86_64-linux-gnu/gnu/stubs-64.h
[E 08:48:24 441153] Already archived /home/melissa/sven/scripts/mydb_350m/src/usr/lib/gcc/x86_64-linux-gnu/13/include/stddef.h
[E 08:48:24 441153] Already archived /home/melissa/sven/scripts/mydb_350m/src/usr/lib/gcc/x86_64-linux-gnu/13/include/stdarg.h
[E 08:48:24 441153] Already archived /home/melissa/sven/scripts/mydb_350m/src/usr/include/x86_64-linux-gnu/bits/types.h
[E 08:48:24 441153] Already archived /home/melissa/sven/scripts/mydb_350m/src/usr/include/x86_64-linux-gnu/bits/wordsize.h
[E 08:48:24 441153] Already archived /home/melissa/sven/scripts/mydb_350m/src/usr/include/x86_64-linux-gnu/bits/timesize.h
[E 08:48:24 441153] Already archived /home/melissa/sven/scripts/mydb_350m/src/usr/include/x86_64-linux-gnu/bits/wordsize.h
[E 08:48:24 441153] Already archived /home/melissa/sven/scripts/mydb_350m/src/usr/include/x86_64-linux-gnu/bits/typesizes.h
[E 08:48:24 441153] Already archived /home/melissa/sven/scripts/mydb_350m/src/usr/include/x86_64-linux-gnu/bits/time64.h
[E 08:48:24 441153] Already archived /home/melissa/sven/scripts/mydb_350m/src/usr/include/x86_64-linux-gnu/bits/types/__fpos_t.h
[E 08:48:24 441153] Already archived /home/melissa/sven/scripts/mydb_350m/src/usr/include/x86_64-linux-gnu/bits/types/__mbstate_t.h
[E 08:48:24 441153] Already archived /home/melissa/sven/scripts/mydb_350m/src/usr/include/x86_64-linux-gnu/bits/types/__fpos64_t.h
[E 08:48:24 441153] Already archived /home/melissa/sven/scripts/mydb_350m/src/usr/include/x86_64-linux-gnu/bits/types/__FILE.h
[E 08:48:24 441153] Already archived /home/melissa/sven/scripts/mydb_350m/src/usr/include/x86_64-linux-gnu/bits/types/FILE.h
[E 08:48:24 441153] Already archived /home/melissa/sven/scripts/mydb_350m/src/usr/include/x86_64-linux-gnu/bits/types/struct_FILE.h
[E 08:48:24 441153] Already archived /home/melissa/sven/scripts/mydb_350m/src/usr/include/x86_64-linux-gnu/bits/types/cookie_io_functions_t.h
[E 08:48:24 441153] Already archived /home/melissa/sven/scripts/mydb_350m/src/usr/include/x86_64-linux-gnu/bits/stdio_lim.h
[E 08:48:24 441153] Already archived /home/melissa/sven/scripts/mydb_350m/src/usr/include/x86_64-linux-gnu/bits/floatn.h
[E 08:48:24 441153] Already archived /home/melissa/sven/scripts/mydb_350m/src/usr/include/x86_64-linux-gnu/bits/floatn-common.h
[E 08:48:24 441153] Already archived /home/melissa/sven/scripts/mydb_350m/src/usr/include/x86_64-linux-gnu/bits/long-double.h
[E 08:48:24 441153] Already archived /home/melissa/sven/scripts/mydb_350m/src/usr/include/stdlib.h
[E 08:48:24 441153] Already archived /home/melissa/sven/scripts/mydb_350m/src/usr/include/x86_64-linux-gnu/bits/libc-header-start.h
[E 08:48:24 441153] Already archived /home/melissa/sven/scripts/mydb_350m/src/usr/lib/gcc/x86_64-linux-gnu/13/include/stddef.h
[E 08:48:24 441153] Already archived /home/melissa/sven/scripts/mydb_350m/src/usr/include/x86_64-linux-gnu/bits/waitflags.h
[E 08:48:24 441153] Already archived /home/melissa/sven/scripts/mydb_350m/src/usr/include/x86_64-linux-gnu/bits/waitstatus.h
[E 08:48:24 441153] Already archived /home/melissa/sven/scripts/mydb_350m/src/usr/include/x86_64-linux-gnu/sys/types.h
[E 08:48:24 441153] Already archived /home/melissa/sven/scripts/mydb_350m/src/usr/include/x86_64-linux-gnu/bits/types/clock_t.h
[E 08:48:24 441153] Already archived /home/melissa/sven/scripts/mydb_350m/src/usr/include/x86_64-linux-gnu/bits/types/clockid_t.h
[E 08:48:24 441153] Already archived /home/melissa/sven/scripts/mydb_350m/src/usr/include/x86_64-linux-gnu/bits/types/time_t.h
[E 08:48:24 441153] Already archived /home/melissa/sven/scripts/mydb_350m/src/usr/include/x86_64-linux-gnu/bits/types/timer_t.h
[E 08:48:24 441153] Already archived /home/melissa/sven/scripts/mydb_350m/src/usr/lib/gcc/x86_64-linux-gnu/13/include/stddef.h
[E 08:48:24 441153] Already archived /home/melissa/sven/scripts/mydb_350m/src/usr/include/x86_64-linux-gnu/bits/stdint-intn.h
[E 08:48:24 441153] Already archived /home/melissa/sven/scripts/mydb_350m/src/usr/include/endian.h
[E 08:48:24 441153] Already archived /home/melissa/sven/scripts/mydb_350m/src/usr/include/x86_64-linux-gnu/bits/endian.h
[E 08:48:24 441153] Already archived /home/melissa/sven/scripts/mydb_350m/src/usr/include/x86_64-linux-gnu/bits/endianness.h
[E 08:48:24 441153] Already archived /home/melissa/sven/scripts/mydb_350m/src/usr/include/x86_64-linux-gnu/bits/byteswap.h
[E 08:48:24 441153] Already archived /home/melissa/sven/scripts/mydb_350m/src/usr/include/x86_64-linux-gnu/bits/uintn-identity.h
[E 08:48:24 441153] Already archived /home/melissa/sven/scripts/mydb_350m/src/usr/include/x86_64-linux-gnu/sys/select.h
[E 08:48:24 441153] Already archived /home/melissa/sven/scripts/mydb_350m/src/usr/include/x86_64-linux-gnu/bits/select.h
[E 08:48:24 441153] Already archived /home/melissa/sven/scripts/mydb_350m/src/usr/include/x86_64-linux-gnu/bits/types/sigset_t.h
[E 08:48:24 441153] Already archived /home/melissa/sven/scripts/mydb_350m/src/usr/include/x86_64-linux-gnu/bits/types/__sigset_t.h
[E 08:48:24 441153] Already archived /home/melissa/sven/scripts/mydb_350m/src/usr/include/x86_64-linux-gnu/bits/types/struct_timeval.h
[E 08:48:24 441153] Already archived /home/melissa/sven/scripts/mydb_350m/src/usr/include/x86_64-linux-gnu/bits/types/struct_timespec.h
[E 08:48:24 441153] Already archived /home/melissa/sven/scripts/mydb_350m/src/usr/include/x86_64-linux-gnu/bits/pthreadtypes.h
[E 08:48:24 441153] Already archived /home/melissa/sven/scripts/mydb_350m/src/usr/include/x86_64-linux-gnu/bits/thread-shared-types.h
[E 08:48:24 441153] Already archived /home/melissa/sven/scripts/mydb_350m/src/usr/include/x86_64-linux-gnu/bits/pthreadtypes-arch.h
[E 08:48:24 441153] Already archived /home/melissa/sven/scripts/mydb_350m/src/usr/include/x86_64-linux-gnu/bits/wordsize.h
[E 08:48:24 441153] Already archived /home/melissa/sven/scripts/mydb_350m/src/usr/include/x86_64-linux-gnu/bits/atomic_wide_counter.h
[E 08:48:24 441153] Already archived /home/melissa/sven/scripts/mydb_350m/src/usr/include/x86_64-linux-gnu/bits/struct_mutex.h
[E 08:48:24 441153] Already archived /home/melissa/sven/scripts/mydb_350m/src/usr/include/x86_64-linux-gnu/bits/struct_rwlock.h
[E 08:48:24 441153] Already archived /home/melissa/sven/scripts/mydb_350m/src/usr/include/alloca.h
[E 08:48:24 441153] Already archived /home/melissa/sven/scripts/mydb_350m/src/usr/lib/gcc/x86_64-linux-gnu/13/include/stddef.h
[E 08:48:24 441153] Already archived /home/melissa/sven/scripts/mydb_350m/src/usr/include/x86_64-linux-gnu/bits/stdlib-float.h
[E 08:48:24 441153] Creating trap tarball /home/melissa/sven/scripts/mydb_350m/trap/cpp/tarballs/home/melissa/sven/experiments/sec_eval/sec-eval-350m-prefix/trained/cwe-125/0-c/sec_output/01.c.8bd01ac5_0.trap.tar.br
[E 08:48:24 441153] Emitting trap files for 01.c
[E 08:48:24 441153] Opening existencedb in /home/melissa/sven/scripts/mydb_350m/working/existencedb/db
[E 08:48:24 441153] Warning[extractor-c++]: In index_attribute_arg: Unknown kind 5.
[E 08:48:24 441153] Warning[extractor-c++]: In index_attribute_arg: Unknown kind 5.
[E 08:48:24 441153] Warning[extractor-c++]: In index_attribute_arg: Unknown kind 5.
[E 08:48:24 441153] Warning[extractor-c++]: In index_attribute_arg: Unknown kind 5.
[E 08:48:24 441153] Warning[extractor-c++]: In index_attribute_arg: Unknown kind 5.
[E 08:48:24 441153] Warning[extractor-c++]: In index_attribute_arg: Unknown kind 5.
[E 08:48:24 441153] Warning[extractor-c++]: In index_attribute_arg: Unknown kind 5.
[E 08:48:24 441153] Warning[extractor-c++]: In index_attribute_arg: Unknown kind 5.
[E 08:48:24 441153] Warning[extractor-c++]: In index_attribute_arg: Unknown kind 5.
[E 08:48:24 441153] Warning[extractor-c++]: In index_attribute_arg: Unknown kind 5.
[E 08:48:24 441153] Wrote 1 files to /home/melissa/sven/scripts/mydb_350m/trap/cpp/tarballs/home/melissa/sven/experiments/sec_eval/sec-eval-350m-prefix/trained/cwe-125/0-c/sec_output/01.c.8bd01ac5_0.trap.tar.br
[E 08:48:24 441153] Finished compilation TRAP /home/melissa/sven/scripts/mydb_350m/trap/cpp/compilations/33/64569220_0.trap.br
[E 08:48:24 441153] Marking C compilation as happened.
[E 08:48:24 441153] Setting tag c-compilation-happened
[E 08:48:24 441153] Starting from CODEQL_TRACER_DB_ID 000000000006BB3F_0000000000000001
[E 08:48:24 441153] Locking DB /home/melissa/sven/scripts/mydb_350m/working/tags.db
[E 08:48:24 441153] Locked DB /home/melissa/sven/scripts/mydb_350m/working/tags.db
[E 08:48:24 441153] Set tag for 000000000006BB3F_0000000000000001
[E 08:48:24 441153] Set tag for 000000000006BB3D_0000000000000001
[E 08:48:24 441153] Set tag for 000000000006BAE9_0000000000000003
[E 08:48:24 441153] Set tag for 000000000006BAE9_0000000000000002
[E 08:48:24 441153] Set tag for root
[E 08:48:24 441153] Unlocking DB
[E 08:48:24 441153] Unlocked DB
[T 08:48:24 441151] Extractor /home/melissa/sven/codeql/cpp/tools/linux64/extractor terminated with exit code 0.
[T 08:48:24 441154] Initializing tracer.
[T 08:48:24 441154] Initialising tags...
[T 08:48:24 441154] ID set to 000000000006BB42_0000000000000001 (parent 000000000006BB3D_0000000000000001)
[T 08:48:24 441154] ==== Candidate to intercept: as (canonical: as) ====
[T 08:48:24 441154] Will try to resolve as in path /home/melissa/sonar-scanner/bin:/home/melissa/anaconda3/envs/sven-env/bin:/home/melissa/miniconda3/condabin:/home/melissa/.vscode-server/cli/servers/Stable-c306e94f98122556ca081f527b466015e1bc37b0/server/bin/remote-cli:/usr/local/sbin:/usr/local/bin:/usr/sbin:/usr/bin:/sbin:/bin:/usr/games:/usr/local/games:/snap/bin:/home/melissa/.vscode-server/extensions/ms-python.debugpy-2025.14.1-linux-x64/bundled/scripts/noConfigScripts:/home/melissa/.vscode-server/data/User/globalStorage/github.copilot-chat/debugCommand:/home/melissa/codeql.
[T 08:48:24 441154]  -> path lookup for as as /home/melissa/sonar-scanner/bin/as...
[T 08:48:24 441154]  -> path lookup for as as /home/melissa/anaconda3/envs/sven-env/bin/as...
[T 08:48:24 441154]  -> path lookup for as as /home/melissa/miniconda3/condabin/as...
[T 08:48:24 441154]  -> path lookup for as as /home/melissa/.vscode-server/cli/servers/Stable-c306e94f98122556ca081f527b466015e1bc37b0/server/bin/remote-cli/as...
[T 08:48:24 441154]  -> path lookup for as as /usr/local/sbin/as...
[T 08:48:24 441154]  -> path lookup for as as /usr/local/bin/as...
[T 08:48:24 441154]  -> path lookup for as as /usr/sbin/as...
[T 08:48:24 441154]  -> path lookup for as as /usr/bin/as...
[T 08:48:24 441154] Resolved barename as to /usr/bin/as
[T 08:48:24 441154] Lua: === Intercepted call to /usr/bin/as ===
[T 08:48:24 441154] Executing the following tracer actions:
[T 08:48:24 441154] Tracer actions:
[T 08:48:24 441154] pre_invocations(0)
[T 08:48:24 441154] post_invocations(1)
[T 08:48:24 441154] invocation: /home/melissa/sven/codeql/cpp/tools/linux64/extractor, args: [--assembler, --codeql-assembler-executable, /usr/bin/as, --64, -o, 01.o, /tmp/ccarcI0h.s]
[T 08:48:24 441154] trace_languages(1): [cpp]
[T 08:48:24 441156] Attempting to switch stdout/stderr to 4...
[T 08:48:24 441156] Initializing tracer.
[T 08:48:24 441156] Initialising tags...
[T 08:48:24 441156] ID set to 000000000006BB44_0000000000000001 (parent 000000000006BB42_0000000000000001)
[E 08:48:24 441156] CodeQL C/C++ Extractor 2.11.1
[E 08:48:24 441156] Current directory: /home/melissa/sven/experiments/sec_eval/sec-eval-350m-prefix/trained/cwe-125/0-c/sec_output
[E 08:48:24 441156] Command: /home/melissa/sven/codeql/cpp/tools/linux64/extractor --assembler --codeql-assembler-executable /usr/bin/as --64 -o 01.o /tmp/ccarcI0h.s
[T 08:48:24 441154] Extractor /home/melissa/sven/codeql/cpp/tools/linux64/extractor terminated with exit code 0.
[T 08:48:24 441157] Attempting to switch stdout/stderr to 4...
[T 08:48:24 441157] Initializing tracer.
[T 08:48:24 441157] Initialising tags...
[T 08:48:24 441157] ID set to 000000000006BB45_0000000000000001 (parent 000000000006BB3D_0000000000000001)
[E 08:48:24 441157] CodeQL C/C++ Extractor 2.11.1
[E 08:48:24 441157] Current directory: /home/melissa/sven/experiments/sec_eval/sec-eval-350m-prefix/trained/cwe-125/0-c/sec_output
[E 08:48:24 441157] Command: /home/melissa/sven/codeql/cpp/tools/linux64/extractor --mimic /usr/bin/x86_64-linux-gnu-gcc-13 -c 01.c -o 01.o
[E 08:48:24 441157] Checking whether C compilation already happened.
[E 08:48:24 441157] Checking for tag c-compilation-happened
[E 08:48:24 441157] Checking CODEQL_TRACER_DB_ID 000000000006BB3D_0000000000000001
[E 08:48:24 441157] Locking DB /home/melissa/sven/scripts/mydb_350m/working/tags.db
[E 08:48:24 441157] Locked DB /home/melissa/sven/scripts/mydb_350m/working/tags.db
[E 08:48:24 441157] Unlocking DB
[E 08:48:24 441157] Unlocked DB
[E 08:48:24 441157] Exiting as C compilation already happened.
[T 08:48:24 441149] Extractor /home/melissa/sven/codeql/cpp/tools/linux64/extractor terminated with exit code 0.
[T 08:48:24 441158] Initializing tracer.
[T 08:48:24 441158] Initialising tags...
[T 08:48:24 441158] ID set to 000000000006BB46_0000000000000001 (parent 000000000006BAE9_0000000000000003)
[T 08:48:24 441158] ==== Candidate to intercept: /usr/bin/gcc (canonical: /usr/bin/x86_64-linux-gnu-gcc-13) ====
[T 08:48:24 441158] Lua: === Intercepted call to /usr/bin/x86_64-linux-gnu-gcc-13 ===
[T 08:48:24 441158] Executing the following tracer actions:
[T 08:48:24 441158] Tracer actions:
[T 08:48:24 441158] pre_invocations(0)
[T 08:48:24 441158] post_invocations(1)
[T 08:48:24 441158] invocation: /home/melissa/sven/codeql/cpp/tools/linux64/extractor, args: [--mimic, /usr/bin/x86_64-linux-gnu-gcc-13, -c, 02.c, -o, 02.o]
[T 08:48:24 441158] trace_languages(1): [cpp]
[T 08:48:24 441160] Initializing tracer.
[T 08:48:24 441160] Initialising tags...
[T 08:48:24 441160] ID set to 000000000006BB48_0000000000000001 (parent 000000000006BB46_0000000000000001)
[T 08:48:24 441160] ==== Candidate to intercept: /usr/libexec/gcc/x86_64-linux-gnu/13/cc1 (canonical: /usr/libexec/gcc/x86_64-linux-gnu/13/cc1) ====
[T 08:48:24 441160] Lua: === Intercepted call to /usr/libexec/gcc/x86_64-linux-gnu/13/cc1 ===
[T 08:48:24 441160] Executing the following tracer actions:
[T 08:48:24 441160] Tracer actions:
[T 08:48:24 441160] pre_invocations(0)
[T 08:48:24 441160] post_invocations(1)
[T 08:48:24 441160] invocation: /home/melissa/sven/codeql/cpp/tools/linux64/extractor, args: [--mimic, /usr/libexec/gcc/x86_64-linux-gnu/13/cc1, -quiet, -imultiarch, x86_64-linux-gnu, 02.c, -quiet, -dumpbase, 02.c, -dumpbase-ext, .c, -mtune=generic, -march=x86-64, -fasynchronous-unwind-tables, -fstack-protector-strong, -Wformat, -Wformat-security, -fstack-clash-protection, -fcf-protection, -o, /tmp/ccPW5kjV.s]
[T 08:48:24 441160] trace_languages(1): [cpp]
[T 08:48:24 441162] Attempting to switch stdout/stderr to 4...
[T 08:48:24 441162] Initializing tracer.
[T 08:48:24 441162] Initialising tags...
[T 08:48:24 441162] ID set to 000000000006BB4A_0000000000000001 (parent 000000000006BB48_0000000000000001)
[E 08:48:24 441162] CodeQL C/C++ Extractor 2.11.1
[E 08:48:24 441162] Current directory: /home/melissa/sven/experiments/sec_eval/sec-eval-350m-prefix/trained/cwe-125/0-c/sec_output
[E 08:48:24 441162] Command: /home/melissa/sven/codeql/cpp/tools/linux64/extractor --mimic /usr/libexec/gcc/x86_64-linux-gnu/13/cc1 -quiet -imultiarch x86_64-linux-gnu 02.c -quiet -dumpbase 02.c -dumpbase-ext .c -mtune=generic -march=x86-64 -fasynchronous-unwind-tables -fstack-protector-strong -Wformat -Wformat-security -fstack-clash-protection -fcf-protection -o /tmp/ccPW5kjV.s
[E 08:48:24 441162] Checking whether C compilation already happened.
[E 08:48:24 441162] Checking for tag c-compilation-happened
[E 08:48:24 441162] Checking CODEQL_TRACER_DB_ID 000000000006BB48_0000000000000001
[E 08:48:24 441162] Locking DB /home/melissa/sven/scripts/mydb_350m/working/tags.db
[E 08:48:24 441162] Locked DB /home/melissa/sven/scripts/mydb_350m/working/tags.db
[E 08:48:24 441162] Unlocking DB
[E 08:48:24 441162] Unlocked DB
[E 08:48:24 441162] Looks like C compilation didn't already happen.
[E 08:48:24 441162] Checking whether C compilation has been attempted.
[E 08:48:24 441162] Checking for tag c-compilation-attempted
[E 08:48:24 441162] Checking CODEQL_TRACER_DB_ID 000000000006BB48_0000000000000001
[E 08:48:24 441162] Locking DB /home/melissa/sven/scripts/mydb_350m/working/tags.db
[E 08:48:24 441162] Locked DB /home/melissa/sven/scripts/mydb_350m/working/tags.db
[E 08:48:24 441162] Unlocking DB
[E 08:48:24 441162] Unlocked DB
[E 08:48:24 441162] Marking C compilation as attempted.
[E 08:48:24 441162] Setting tag c-compilation-attempted
[E 08:48:24 441162] Starting from CODEQL_TRACER_DB_ID 000000000006BB48_0000000000000001
[E 08:48:24 441162] Locking DB /home/melissa/sven/scripts/mydb_350m/working/tags.db
[E 08:48:24 441162] Locked DB /home/melissa/sven/scripts/mydb_350m/working/tags.db
[E 08:48:24 441162] Set tag for 000000000006BB48_0000000000000001
[E 08:48:24 441162] Set tag for 000000000006BB46_0000000000000001
[E 08:48:24 441162] Set tag for 000000000006BAE9_0000000000000003
[E 08:48:24 441162] Set tag for 000000000006BAE9_0000000000000002
[E 08:48:24 441162] Set tag for root
[E 08:48:24 441162] Unlocking DB
[E 08:48:24 441162] Unlocked DB
[E 08:48:24 441162] Processed command line: /home/melissa/sven/codeql/cpp/tools/linux64/extractor --trapfolder /home/melissa/sven/scripts/mydb_350m/trap/cpp --src_archive /home/melissa/sven/scripts/mydb_350m/src --mimic_config /home/melissa/sven/scripts/mydb_350m/working/compiler_mimic_cache/a75ad1f49a2f --object_filename /tmp/ccPW5kjV.s -w --error_limit 1000 --disable_system_macros --variadic_macros --gcc --gnu_version 130300 --target linux_x86_64 '-D__DBL_MIN_EXP__=(-1021)' -D__UINT_LEAST16_MAX__=0xffff -D__FLT16_HAS_QUIET_NAN__=1 -D__ATOMIC_ACQUIRE=2 -D__FLT128_MAX_10_EXP__=4932 -D__FLT_MIN__=1.17549435082228750796873653722224568e-38F -D__GCC_IEC_559_COMPLEX=2 '-D__UINT_LEAST8_TYPE__=unsigned char' -D__SIZEOF_FLOAT80__=16 -D__BFLT16_DENORM_MIN__=9.18354961579912115600575419704879436e-41BF16 '-D__INTMAX_C(c)=c ## L' -D__CHAR_BIT__=8 -D__UINT8_MAX__=0xff -D__SCHAR_WIDTH__=8 -D__WINT_MAX__=0xffffffffU '-D__FLT32_MIN_EXP__=(-125)' '-D__BFLT16_NORM_MAX__=3.38953138925153547590470800371487867e+38BF16' '-D__BFLT16_MIN_10_EXP__=(-37)' -D__ORDER_LITTLE_ENDIAN__=1234 -D__WCHAR_MAX__=0x7fffffff -D__GCC_HAVE_SYNC_COMPARE_AND_SWAP_2=1 -D__GCC_HAVE_SYNC_COMPARE_AND_SWAP_4=1 -D__GCC_HAVE_SYNC_COMPARE_AND_SWAP_8=1 -D__GCC_ATOMIC_CHAR_LOCK_FREE=2 -D__GCC_IEC_559=2 -D__FLT32X_DECIMAL_DIG__=17 -D__FLT_EVAL_METHOD__=0 -D__FLT64_DECIMAL_DIG__=17 -D__CET__=3 -D__GCC_ATOMIC_CHAR32_T_LOCK_FREE=2 -D__UINT_FAST64_MAX__=0xffffffffffffffffUL -D__SIG_ATOMIC_TYPE__=int '-D__DBL_MIN_10_EXP__=(-307)' -D__FINITE_MATH_ONLY__=0 -D__FLT32X_MAX_EXP__=1024 -D__GCC_HAVE_SYNC_COMPARE_AND_SWAP_1=1 -D__FLT32_HAS_DENORM__=1 -D__UINT_FAST8_MAX__=0xff -D__FLT32_MAX_10_EXP__=38 -D__DEC64_MAX_EXP__=385 '-D__INT8_C(c)=c' -D__INT_LEAST8_WIDTH__=8 -D__UINT_LEAST64_MAX__=0xffffffffffffffffUL -D__SHRT_MAX__=0x7fff '-D__LDBL_MAX__=1.18973149535723176502126385303097021e+4932L' -D__FLT64X_MAX_10_EXP__=4932 -D__BFLT16_MAX_10_EXP__=38 -D__BFLT16_MAX_EXP__=128 -D__LDBL_IS_IEC_60559__=1 -D__FLT64X_HAS_QUIET_NAN__=1 -D__UINT_LEAST8_MAX__=0xff -D__GCC_ATOMIC_BOOL_LOCK_FREE=2 -D__FLT128_DENORM_MIN__=6.47517511943802511092443895822764655e-4966F128 '-D__UINTMAX_TYPE__=long unsigned int' -D__BFLT16_DECIMAL_DIG__=4 -D__linux=1 -D__DEC32_EPSILON__=1E-6DF -D__FLT_EVAL_METHOD_TS_18661_3__=0 -D__UINT32_MAX__=0xffffffffU '-D__DBL_DENORM_MIN__=((double)4.94065645841246544176568792868221372e-324L)' '-D__FLT128_MIN_EXP__=(-16381)' -D__WINT_MIN__=0U '-D__FLT128_MIN_10_EXP__=(-4931)' -D__FLT32X_IS_IEC_60559__=1 -D__INT_LEAST16_WIDTH__=16 -D__SCHAR_MAX__=0x7f -D__FLT128_MANT_DIG__=113 '-D__WCHAR_MIN__=(-__WCHAR_MAX__ - 1)' '-D__INT64_C(c)=c ## L' -D__SSP_STRONG__=3 -D__GCC_ATOMIC_POINTER_LOCK_FREE=2 -D__ATOMIC_SEQ_CST=5 -D__unix=1 -D__INT_LEAST64_MAX__=0x7fffffffffffffffL -D__FLT32X_MANT_DIG__=53 -D__FLT64X_EPSILON__=1.08420217248550443400745280086994171e-19F64x '-D__DEC64_MIN_EXP__=(-382)' -D__DBL_DIG__=15 -D__FLT_EPSILON__=1.19209289550781250000000000000000000e-7F -D__SHRT_WIDTH__=16 -D__FLT32_IS_IEC_60559__=1 -D__LDBL_MIN__=3.36210314311209350626267781732175260e-4932L -D__STDC_UTF_16__=1 -D__DBL_IS_IEC_60559__=1 -D__DEC32_MAX__=9.999999E96DF -D__FLT64X_DENORM_MIN__=3.64519953188247460252840593361941982e-4951F64x -D__FLT32X_HAS_INFINITY__=1 -D__unix__=1 -D__INT_WIDTH__=32 -D__STDC_IEC_559__=1 -D__STDC_ISO_10646__=201706L -D__DECIMAL_DIG__=21 -D__STDC_IEC_559_COMPLEX__=1 -D__FLT64_EPSILON__=2.22044604925031308084726333618164062e-16F64 -D__gnu_linux__=1 -D__FLT128_IS_IEC_60559__=1 '-D__FLT64X_MIN_10_EXP__=(-4931)' -D__LDBL_HAS_QUIET_NAN__=1 '-D__FLT16_MIN_EXP__=(-13)' -D__FLT64_MANT_DIG__=53 -D__FLT64X_MANT_DIG__=64 -D__BFLT16_DIG__=2 -D__pie__=2 -D__MMX__=1 -D__FLT_HAS_DENORM__=1 -D__SIZEOF_LONG_DOUBLE__=16 -D__BIGGEST_ALIGNMENT__=16 -D__FLT64_MAX_10_EXP__=308 -D__BFLT16_IS_IEC_60559__=0 -D__FLT16_MAX_10_EXP__=4 '-D__DBL_MAX__=((double)1.79769313486231570814527423731704357e+308L)' -D__INT_FAST32_MAX__=0x7fffffffffffffffL -D__DBL_HAS_INFINITY__=1 -D__INT64_MAX__=0x7fffffffffffffffL -D__SIZEOF_FLOAT__=4 -D__HAVE_SPECULATION_SAFE_VALUE=1 '-D__DEC32_MIN_EXP__=(-94)' -D__INTPTR_WIDTH__=64 -D__UINT_LEAST32_MAX__=0xffffffffU -D__FLT32X_HAS_DENORM__=1 '-D__INT_FAST16_TYPE__=long int' -D__MMX_WITH_SSE__=1 -D__LDBL_HAS_DENORM__=1 -D__SEG_GS=1 -D__BFLT16_EPSILON__=7.81250000000000000000000000000000000e-3BF16 -D__FLT128_HAS_INFINITY__=1 -D__DEC32_MIN__=1E-95DF -D__DBL_MAX_EXP__=1024 -D__WCHAR_WIDTH__=32 '-D__FLT32_MAX__=3.40282346638528859811704183484516925e+38F32' -D__DEC128_EPSILON__=1E-33DL -D__FLT16_DECIMAL_DIG__=5 -D__SSE2_MATH__=1 -D__ATOMIC_HLE_RELEASE=131072 -D__PTRDIFF_MAX__=0x7fffffffffffffffL -D__amd64=1 -D__ATOMIC_HLE_ACQUIRE=65536 -D__LONG_LONG_MAX__=0x7fffffffffffffffLL -D__SIZEOF_SIZE_T__=8 -D__BFLT16_HAS_INFINITY__=1 '-D__FLT64X_MIN_EXP__=(-16381)' -D__SIZEOF_WINT_T__=4 -D__LONG_LONG_WIDTH__=64 -D__FLT32_MAX_EXP__=128 -D__GXX_ABI_VERSION=1018 '-D__FLT_MIN_EXP__=(-125)' -D__GCC_HAVE_DWARF2_CFI_ASM=1 -D__INT16_MAX__=0x7fff -D__x86_64=1 '-D__INT_FAST64_TYPE__=long int' '-D__BFLT16_MAX__=3.38953138925153547590470800371487867e+38BF16' -D__BFLT16_HAS_DENORM__=1 -D__FLT64_DENORM_MIN__=4.94065645841246544176568792868221372e-324F64 -D__FLT16_DENORM_MIN__=5.96046447753906250000000000000000000e-8F16 -D__FLT128_EPSILON__=1.92592994438723585305597794258492732e-34F128 '-D__FLT64X_NORM_MAX__=1.18973149535723176502126385303097021e+4932F64x' -D__SIZEOF_POINTER__=8 '-D__SIZE_TYPE__=long unsigned int' -D__LP64__=1 -D__DBL_HAS_QUIET_NAN__=1 -D__FLT32X_EPSILON__=2.22044604925031308084726333618164062e-16F32x -D__LDBL_MAX_EXP__=16384 -D__DECIMAL_BID_FORMAT__=1 '-D__FLT64_MIN_EXP__=(-1021)' '-D__FLT64_MIN_10_EXP__=(-307)' '-D__FLT16_MIN_10_EXP__=(-4)' -D__FLT64X_DECIMAL_DIG__=21 -D__DEC128_MIN__=1E-6143DL -D__REGISTER_PREFIX__= -D__UINT16_MAX__=0xffff -D__DBL_HAS_DENORM__=1 -D__FLT32_MIN__=1.17549435082228750796873653722224568e-38F32 '-D__UINT8_TYPE__=unsigned char' -D__FLT_DIG__=6 -D__NO_INLINE__=1 -D__DEC_EVAL_METHOD__=2 -D__FLT_MANT_DIG__=24 -D__LDBL_DECIMAL_DIG__=21 '-D__UINT64_C(c)=c ## UL' -D_STDC_PREDEF_H=1 -D__INT_LEAST32_MAX__=0x7fffffff -D__GCC_ATOMIC_INT_LOCK_FREE=2 -D__FLT128_MAX_EXP__=16384 -D__FLT32_MANT_DIG__=24 -D__FLOAT_WORD_ORDER__=__ORDER_LITTLE_ENDIAN__ '-D__FLT32X_MIN_EXP__=(-1021)' -D__STDC_IEC_60559_COMPLEX__=201404L -D__BFLT16_MIN__=1.17549435082228750796873653722224568e-38BF16 -D__FLT128_HAS_DENORM__=1 -D__FLT32_DECIMAL_DIG__=9 -D__FLT128_DIG__=33 '-D__INT32_C(c)=c' -D__DEC64_EPSILON__=1E-15DD -D__ORDER_PDP_ENDIAN__=3412 '-D__DEC128_MIN_EXP__=(-6142)' -D__DEC128_MAX__=9.999999999999999999999999999999999E6144DL '-D__INT_FAST32_TYPE__=long int' '-D__UINT_LEAST16_TYPE__=short unsigned int' -D__DEC128_MAX_EXP__=6145 -Dunix=1 -D__UINT64_MAX__=0xffffffffffffffffUL -D__FLT_IS_IEC_60559__=1 '-D__GNUC_WIDE_EXECUTION_CHARSET_NAME="UTF-32LE"' -D__FLT64X_DIG__=18 '-D__INT8_TYPE__=signed char' -D__ELF__=1 -D__GCC_ASM_FLAG_OUTPUTS__=1 '-D__UINT32_TYPE__=unsigned int' -D__BFLT16_HAS_QUIET_NAN__=1 -D__FLT_RADIX__=2 '-D__INT_LEAST16_TYPE__=short int' -D__LDBL_EPSILON__=1.08420217248550443400745280086994171e-19L '-D__UINTMAX_C(c)=c ## UL' -D__FLT16_DIG__=3 -D__SSE_MATH__=1 -D__k8=1 -D__FLT32X_MIN__=2.22507385850720138309023271733240406e-308F32x -D__SIG_ATOMIC_MAX__=0x7fffffff -D__GCC_ATOMIC_WCHAR_T_LOCK_FREE=2 -D__USER_LABEL_PREFIX__= -D__STDC_IEC_60559_BFP__=201404L -D__SIZEOF_PTRDIFF_T__=8 -D__FLT64X_HAS_INFINITY__=1 -D__FLT32_HAS_INFINITY__=1 -D__SIZEOF_LONG__=8 -D__LDBL_DIG__=18 -D__FLT64_IS_IEC_60559__=1 -D__x86_64__=1 -D__FLT16_IS_IEC_60559__=1 -D__FLT16_MAX_EXP__=16 -D__DEC32_SUBNORMAL_MIN__=0.000001E-95DF -D__INT_FAST16_MAX__=0x7fffffffffffffffL -D__GCC_CONSTRUCTIVE_SIZE=64 -D__FLT64_DIG__=15 -D__UINT_FAST32_MAX__=0xffffffffffffffffUL '-D__UINT_LEAST64_TYPE__=long unsigned int' -D__FLT16_EPSILON__=9.76562500000000000000000000000000000e-4F16 -D__FLT_HAS_QUIET_NAN__=1 -D__FLT_MAX_10_EXP__=38 -D__LONG_MAX__=0x7fffffffffffffffL -D__FLT64X_HAS_DENORM__=1 -D__DEC128_SUBNORMAL_MIN__=0.000000000000000000000000000000001E-6143DL -D__FLT_HAS_INFINITY__=1 '-D__GNUC_EXECUTION_CHARSET_NAME="UTF-8"' '-D__UINT_FAST16_TYPE__=long unsigned int' -D__DEC64_MAX__=9.999999999999999E384DD -D__INT_FAST32_WIDTH__=64 -D__PRAGMA_REDEFINE_EXTNAME=1 -D__SIZE_WIDTH__=64 -D__SEG_FS=1 -D__INT_LEAST16_MAX__=0x7fff '-D__FLT16_NORM_MAX__=6.55040000000000000000000000000000000e+4F16' -D__DEC64_MANT_DIG__=16 -D__FLT32_DENORM_MIN__=1.40129846432481707092372958328991613e-45F32 -D__SIG_ATOMIC_WIDTH__=32 '-D__INT_LEAST64_TYPE__=long int' '-D__INT16_TYPE__=short int' '-D__INT_LEAST8_TYPE__=signed char' '-D__FLT16_MAX__=6.55040000000000000000000000000000000e+4F16' -D__FLT128_MIN__=3.36210314311209350626267781732175260e-4932F128 -D__SIZEOF_INT__=4 -D__DEC32_MAX_EXP__=97 -D__INT_FAST8_MAX__=0x7f '-D__FLT128_MAX__=1.18973149535723176508575932662800702e+4932F128' -D__INTPTR_MAX__=0x7fffffffffffffffL -Dlinux=1 -D__FLT64_HAS_QUIET_NAN__=1 '-D__FLT32_MIN_10_EXP__=(-37)' -D__FLT32X_DIG__=15 '-D__UINT16_C(c)=c' -D__PTRDIFF_WIDTH__=64 -D__LDBL_MANT_DIG__=64 -D__INT_FAST16_WIDTH__=64 -D__FLT64_HAS_INFINITY__=1 '-D__FLT64X_MAX__=1.18973149535723176502126385303097021e+4932F64x' -D__FLT16_HAS_INFINITY__=1 '-D__SIG_ATOMIC_MIN__=(-__SIG_ATOMIC_MAX__ - 1)' -D__code_model_small__=1 -D__GCC_ATOMIC_LONG_LOCK_FREE=2 -D__DEC32_MANT_DIG__=7 -D__FLT16_MANT_DIG__=11 -D__k8__=1 '-D__INTPTR_TYPE__=long int' '-D__UINT16_TYPE__=short unsigned int' -D__WCHAR_TYPE__=int -D__pic__=2 -D__UINTPTR_MAX__=0xffffffffffffffffUL -D__INT_FAST64_WIDTH__=64 -D__LDBL_HAS_INFINITY__=1 -D__INT_FAST64_MAX__=0x7fffffffffffffffL -D__GCC_ATOMIC_TEST_AND_SET_TRUEVAL=1 '-D__FLT_NORM_MAX__=3.40282346638528859811704183484516925e+38F' -D__FLT64X_MAX_EXP__=16384 '-D__UINT_FAST64_TYPE__=long unsigned int' '-D__BFLT16_MIN_EXP__=(-125)' -D__INT_MAX__=0x7fffffff -D__linux__=1 '-D__INT64_TYPE__=long int' -D__FLT_MAX_EXP__=128 -D__ORDER_BIG_ENDIAN__=4321 -D__DBL_MANT_DIG__=53 -D__SIZEOF_FLOAT128__=16 -D__BFLT16_MANT_DIG__=8 -D__GCC_ATOMIC_CHAR16_T_LOCK_FREE=2 -D__DEC64_MIN__=1E-383DD '-D__WINT_TYPE__=unsigned int' '-D__UINT_LEAST32_TYPE__=unsigned int' -D__SIZEOF_SHORT__=2 '-D__FLT32_NORM_MAX__=3.40282346638528859811704183484516925e+38F32' -D__SSE__=1 '-D__LDBL_MIN_EXP__=(-16381)' '-D__FLT64_MAX__=1.79769313486231570814527423731704357e+308F64' -D__amd64__=1 -D__WINT_WIDTH__=32 -D__INT_LEAST8_MAX__=0x7f -D__INT_LEAST64_WIDTH__=64 -D__FLT32X_MAX_10_EXP__=308 -D__SIZEOF_INT128__=16 -D__FLT16_MIN__=6.10351562500000000000000000000000000e-5F16 -D__FLT64X_IS_IEC_60559__=1 -D__LDBL_MAX_10_EXP__=4932 -D__ATOMIC_RELAXED=0 '-D__DBL_EPSILON__=((double)2.22044604925031308084726333618164062e-16L)' -D__INT_LEAST32_TYPE__=int -D_LP64=1 '-D__UINT8_C(c)=c' -D__FLT64_MAX_EXP__=1024 -D__SIZEOF_WCHAR_T__=4 '-D__UINT64_TYPE__=long unsigned int' '-D__FLT128_NORM_MAX__=1.18973149535723176508575932662800702e+4932F128' '-D__FLT64_NORM_MAX__=1.79769313486231570814527423731704357e+308F64' -D__FLT128_HAS_QUIET_NAN__=1 -D__INTMAX_MAX__=0x7fffffffffffffffL '-D__INT_FAST8_TYPE__=signed char' -D__FLT64X_MIN__=3.36210314311209350626267781732175260e-4932F64x -D__FLT64_HAS_DENORM__=1 -D__FLT32_EPSILON__=1.19209289550781250000000000000000000e-7F32 -D__FLT16_HAS_DENORM__=1 -D__DBL_DECIMAL_DIG__=17 -D__STDC_UTF_32__=1 -D__INT_FAST8_WIDTH__=8 -D__FXSR__=1 '-D__FLT32X_MAX__=1.79769313486231570814527423731704357e+308F32x' '-D__DBL_NORM_MAX__=((double)1.79769313486231570814527423731704357e+308L)' -D__BYTE_ORDER__=__ORDER_LITTLE_ENDIAN__ -D__GCC_DESTRUCTIVE_SIZE=64 -D__INTMAX_WIDTH__=64 -D__FLT32_DIG__=6 '-D__UINT32_C(c)=c ## U' -D__FLT_DENORM_MIN__=1.40129846432481707092372958328991613e-45F -D__INT8_MAX__=0x7f -D__LONG_WIDTH__=64 '-D__DBL_MIN__=((double)2.22507385850720138309023271733240406e-308L)' -D__PIC__=2 -D__INT32_MAX__=0x7fffffff '-D__UINT_FAST32_TYPE__=long unsigned int' '-D__FLT32X_NORM_MAX__=1.79769313486231570814527423731704357e+308F32x' '-D__FLT_MAX__=3.40282346638528859811704183484516925e+38F' -D__SSE2__=1 -D__INT32_TYPE__=int -D__SIZEOF_DOUBLE__=8 '-D__FLT_MIN_10_EXP__=(-37)' -D__FLT64_MIN__=2.22507385850720138309023271733240406e-308F64 -D__INT_LEAST32_WIDTH__=32 '-D__INTMAX_TYPE__=long int' -D__FLT32X_HAS_QUIET_NAN__=1 -D__ATOMIC_CONSUME=1 -D__UINTMAX_MAX__=0xffffffffffffffffUL -D__PIE__=2 -D__FLT32X_DENORM_MIN__=4.94065645841246544176568792868221372e-324F32x -D__DBL_MAX_10_EXP__=308 -D__LDBL_DENORM_MIN__=3.64519953188247460252840593361941982e-4951L '-D__INT16_C(c)=c' '-D__PTRDIFF_TYPE__=long int' '-D__FLT32X_MIN_10_EXP__=(-307)' '-D__UINTPTR_TYPE__=long unsigned int' -D__DEC64_SUBNORMAL_MIN__=0.000000000000001E-383DD -D__DEC128_MANT_DIG__=34 '-D__LDBL_MIN_10_EXP__=(-4931)' -D__SIZEOF_LONG_LONG__=8 -D__FLT128_DECIMAL_DIG__=36 -D__GCC_ATOMIC_LLONG_LOCK_FREE=2 -D__FLT32_HAS_QUIET_NAN__=1 -D__FLT_DECIMAL_DIG__=9 -D__UINT_FAST16_MAX__=0xffffffffffffffffUL '-D__LDBL_NORM_MAX__=1.18973149535723176502126385303097021e+4932L' -D__GCC_ATOMIC_SHORT_LOCK_FREE=2 -D__SIZE_MAX__=0xffffffffffffffffUL '-D__UINT_FAST8_TYPE__=unsigned char' -D__ATOMIC_ACQ_REL=4 -D__ATOMIC_RELEASE=3 -I/usr/lib/gcc/x86_64-linux-gnu/13/include -I/usr/local/include -I/usr/include/x86_64-linux-gnu -I/usr/include -- 02.c
[E 08:48:24 441162] Starting compilation TRAP /home/melissa/sven/scripts/mydb_350m/trap/cpp/compilations/55/44865525_0.trap.br
[E 08:48:24 441162] Archiving /home/melissa/sven/scripts/mydb_350m/src/home/melissa/sven/experiments/sec_eval/sec-eval-350m-prefix/trained/cwe-125/0-c/sec_output/02.c
[E 08:48:24 441162] Already archived /home/melissa/sven/scripts/mydb_350m/src/usr/include/stdio.h
[E 08:48:24 441162] Already archived /home/melissa/sven/scripts/mydb_350m/src/usr/include/x86_64-linux-gnu/bits/libc-header-start.h
[E 08:48:24 441162] Already archived /home/melissa/sven/scripts/mydb_350m/src/usr/include/features.h
[E 08:48:24 441162] Already archived /home/melissa/sven/scripts/mydb_350m/src/usr/include/features-time64.h
[E 08:48:24 441162] Already archived /home/melissa/sven/scripts/mydb_350m/src/usr/include/x86_64-linux-gnu/bits/wordsize.h
[E 08:48:24 441162] Already archived /home/melissa/sven/scripts/mydb_350m/src/usr/include/x86_64-linux-gnu/bits/timesize.h
[E 08:48:24 441162] Already archived /home/melissa/sven/scripts/mydb_350m/src/usr/include/x86_64-linux-gnu/bits/wordsize.h
[E 08:48:24 441162] Already archived /home/melissa/sven/scripts/mydb_350m/src/usr/include/stdc-predef.h
[E 08:48:24 441162] Already archived /home/melissa/sven/scripts/mydb_350m/src/usr/include/x86_64-linux-gnu/sys/cdefs.h
[E 08:48:24 441162] Already archived /home/melissa/sven/scripts/mydb_350m/src/usr/include/x86_64-linux-gnu/bits/wordsize.h
[E 08:48:24 441162] Already archived /home/melissa/sven/scripts/mydb_350m/src/usr/include/x86_64-linux-gnu/bits/long-double.h
[E 08:48:24 441162] Already archived /home/melissa/sven/scripts/mydb_350m/src/usr/include/x86_64-linux-gnu/gnu/stubs.h
[E 08:48:24 441162] Already archived /home/melissa/sven/scripts/mydb_350m/src/usr/include/x86_64-linux-gnu/gnu/stubs-64.h
[E 08:48:24 441162] Already archived /home/melissa/sven/scripts/mydb_350m/src/usr/lib/gcc/x86_64-linux-gnu/13/include/stddef.h
[E 08:48:24 441162] Already archived /home/melissa/sven/scripts/mydb_350m/src/usr/lib/gcc/x86_64-linux-gnu/13/include/stdarg.h
[E 08:48:24 441162] Already archived /home/melissa/sven/scripts/mydb_350m/src/usr/include/x86_64-linux-gnu/bits/types.h
[E 08:48:24 441162] Already archived /home/melissa/sven/scripts/mydb_350m/src/usr/include/x86_64-linux-gnu/bits/wordsize.h
[E 08:48:24 441162] Already archived /home/melissa/sven/scripts/mydb_350m/src/usr/include/x86_64-linux-gnu/bits/timesize.h
[E 08:48:24 441162] Already archived /home/melissa/sven/scripts/mydb_350m/src/usr/include/x86_64-linux-gnu/bits/wordsize.h
[E 08:48:24 441162] Already archived /home/melissa/sven/scripts/mydb_350m/src/usr/include/x86_64-linux-gnu/bits/typesizes.h
[E 08:48:24 441162] Already archived /home/melissa/sven/scripts/mydb_350m/src/usr/include/x86_64-linux-gnu/bits/time64.h
[E 08:48:24 441162] Already archived /home/melissa/sven/scripts/mydb_350m/src/usr/include/x86_64-linux-gnu/bits/types/__fpos_t.h
[E 08:48:24 441162] Already archived /home/melissa/sven/scripts/mydb_350m/src/usr/include/x86_64-linux-gnu/bits/types/__mbstate_t.h
[E 08:48:24 441162] Already archived /home/melissa/sven/scripts/mydb_350m/src/usr/include/x86_64-linux-gnu/bits/types/__fpos64_t.h
[E 08:48:24 441162] Already archived /home/melissa/sven/scripts/mydb_350m/src/usr/include/x86_64-linux-gnu/bits/types/__FILE.h
[E 08:48:24 441162] Already archived /home/melissa/sven/scripts/mydb_350m/src/usr/include/x86_64-linux-gnu/bits/types/FILE.h
[E 08:48:24 441162] Already archived /home/melissa/sven/scripts/mydb_350m/src/usr/include/x86_64-linux-gnu/bits/types/struct_FILE.h
[E 08:48:24 441162] Already archived /home/melissa/sven/scripts/mydb_350m/src/usr/include/x86_64-linux-gnu/bits/types/cookie_io_functions_t.h
[E 08:48:24 441162] Already archived /home/melissa/sven/scripts/mydb_350m/src/usr/include/x86_64-linux-gnu/bits/stdio_lim.h
[E 08:48:24 441162] Already archived /home/melissa/sven/scripts/mydb_350m/src/usr/include/x86_64-linux-gnu/bits/floatn.h
[E 08:48:24 441162] Already archived /home/melissa/sven/scripts/mydb_350m/src/usr/include/x86_64-linux-gnu/bits/floatn-common.h
[E 08:48:24 441162] Already archived /home/melissa/sven/scripts/mydb_350m/src/usr/include/x86_64-linux-gnu/bits/long-double.h
[E 08:48:24 441162] Already archived /home/melissa/sven/scripts/mydb_350m/src/usr/include/stdlib.h
[E 08:48:24 441162] Already archived /home/melissa/sven/scripts/mydb_350m/src/usr/include/x86_64-linux-gnu/bits/libc-header-start.h
[E 08:48:24 441162] Already archived /home/melissa/sven/scripts/mydb_350m/src/usr/lib/gcc/x86_64-linux-gnu/13/include/stddef.h
[E 08:48:24 441162] Already archived /home/melissa/sven/scripts/mydb_350m/src/usr/include/x86_64-linux-gnu/bits/waitflags.h
[E 08:48:24 441162] Already archived /home/melissa/sven/scripts/mydb_350m/src/usr/include/x86_64-linux-gnu/bits/waitstatus.h
[E 08:48:24 441162] Already archived /home/melissa/sven/scripts/mydb_350m/src/usr/include/x86_64-linux-gnu/sys/types.h
[E 08:48:24 441162] Already archived /home/melissa/sven/scripts/mydb_350m/src/usr/include/x86_64-linux-gnu/bits/types/clock_t.h
[E 08:48:24 441162] Already archived /home/melissa/sven/scripts/mydb_350m/src/usr/include/x86_64-linux-gnu/bits/types/clockid_t.h
[E 08:48:24 441162] Already archived /home/melissa/sven/scripts/mydb_350m/src/usr/include/x86_64-linux-gnu/bits/types/time_t.h
[E 08:48:24 441162] Already archived /home/melissa/sven/scripts/mydb_350m/src/usr/include/x86_64-linux-gnu/bits/types/timer_t.h
[E 08:48:24 441162] Already archived /home/melissa/sven/scripts/mydb_350m/src/usr/lib/gcc/x86_64-linux-gnu/13/include/stddef.h
[E 08:48:24 441162] Already archived /home/melissa/sven/scripts/mydb_350m/src/usr/include/x86_64-linux-gnu/bits/stdint-intn.h
[E 08:48:24 441162] Already archived /home/melissa/sven/scripts/mydb_350m/src/usr/include/endian.h
[E 08:48:24 441162] Already archived /home/melissa/sven/scripts/mydb_350m/src/usr/include/x86_64-linux-gnu/bits/endian.h
[E 08:48:24 441162] Already archived /home/melissa/sven/scripts/mydb_350m/src/usr/include/x86_64-linux-gnu/bits/endianness.h
[E 08:48:24 441162] Already archived /home/melissa/sven/scripts/mydb_350m/src/usr/include/x86_64-linux-gnu/bits/byteswap.h
[E 08:48:24 441162] Already archived /home/melissa/sven/scripts/mydb_350m/src/usr/include/x86_64-linux-gnu/bits/uintn-identity.h
[E 08:48:24 441162] Already archived /home/melissa/sven/scripts/mydb_350m/src/usr/include/x86_64-linux-gnu/sys/select.h
[E 08:48:24 441162] Already archived /home/melissa/sven/scripts/mydb_350m/src/usr/include/x86_64-linux-gnu/bits/select.h
[E 08:48:24 441162] Already archived /home/melissa/sven/scripts/mydb_350m/src/usr/include/x86_64-linux-gnu/bits/types/sigset_t.h
[E 08:48:24 441162] Already archived /home/melissa/sven/scripts/mydb_350m/src/usr/include/x86_64-linux-gnu/bits/types/__sigset_t.h
[E 08:48:24 441162] Already archived /home/melissa/sven/scripts/mydb_350m/src/usr/include/x86_64-linux-gnu/bits/types/struct_timeval.h
[E 08:48:24 441162] Already archived /home/melissa/sven/scripts/mydb_350m/src/usr/include/x86_64-linux-gnu/bits/types/struct_timespec.h
[E 08:48:24 441162] Already archived /home/melissa/sven/scripts/mydb_350m/src/usr/include/x86_64-linux-gnu/bits/pthreadtypes.h
[E 08:48:24 441162] Already archived /home/melissa/sven/scripts/mydb_350m/src/usr/include/x86_64-linux-gnu/bits/thread-shared-types.h
[E 08:48:24 441162] Already archived /home/melissa/sven/scripts/mydb_350m/src/usr/include/x86_64-linux-gnu/bits/pthreadtypes-arch.h
[E 08:48:24 441162] Already archived /home/melissa/sven/scripts/mydb_350m/src/usr/include/x86_64-linux-gnu/bits/wordsize.h
[E 08:48:24 441162] Already archived /home/melissa/sven/scripts/mydb_350m/src/usr/include/x86_64-linux-gnu/bits/atomic_wide_counter.h
[E 08:48:24 441162] Already archived /home/melissa/sven/scripts/mydb_350m/src/usr/include/x86_64-linux-gnu/bits/struct_mutex.h
[E 08:48:24 441162] Already archived /home/melissa/sven/scripts/mydb_350m/src/usr/include/x86_64-linux-gnu/bits/struct_rwlock.h
[E 08:48:24 441162] Already archived /home/melissa/sven/scripts/mydb_350m/src/usr/include/alloca.h
[E 08:48:24 441162] Already archived /home/melissa/sven/scripts/mydb_350m/src/usr/lib/gcc/x86_64-linux-gnu/13/include/stddef.h
[E 08:48:24 441162] Already archived /home/melissa/sven/scripts/mydb_350m/src/usr/include/x86_64-linux-gnu/bits/stdlib-float.h
[E 08:48:24 441162] Creating trap tarball /home/melissa/sven/scripts/mydb_350m/trap/cpp/tarballs/home/melissa/sven/experiments/sec_eval/sec-eval-350m-prefix/trained/cwe-125/0-c/sec_output/02.c.787375fe_0.trap.tar.br
[E 08:48:24 441162] Emitting trap files for 02.c
[E 08:48:24 441162] Opening existencedb in /home/melissa/sven/scripts/mydb_350m/working/existencedb/db
[E 08:48:24 441162] Warning[extractor-c++]: In index_attribute_arg: Unknown kind 5.
[E 08:48:24 441162] Warning[extractor-c++]: In index_attribute_arg: Unknown kind 5.
[E 08:48:24 441162] Warning[extractor-c++]: In index_attribute_arg: Unknown kind 5.
[E 08:48:24 441162] Warning[extractor-c++]: In index_attribute_arg: Unknown kind 5.
[E 08:48:24 441162] Warning[extractor-c++]: In index_attribute_arg: Unknown kind 5.
[E 08:48:24 441162] Warning[extractor-c++]: In index_attribute_arg: Unknown kind 5.
[E 08:48:24 441162] Warning[extractor-c++]: In index_attribute_arg: Unknown kind 5.
[E 08:48:24 441162] Warning[extractor-c++]: In index_attribute_arg: Unknown kind 5.
[E 08:48:24 441162] Warning[extractor-c++]: In index_attribute_arg: Unknown kind 5.
[E 08:48:24 441162] Warning[extractor-c++]: In index_attribute_arg: Unknown kind 5.
[E 08:48:24 441162] Wrote 1 files to /home/melissa/sven/scripts/mydb_350m/trap/cpp/tarballs/home/melissa/sven/experiments/sec_eval/sec-eval-350m-prefix/trained/cwe-125/0-c/sec_output/02.c.787375fe_0.trap.tar.br
[E 08:48:24 441162] Finished compilation TRAP /home/melissa/sven/scripts/mydb_350m/trap/cpp/compilations/55/44865525_0.trap.br
[E 08:48:24 441162] Marking C compilation as happened.
[E 08:48:24 441162] Setting tag c-compilation-happened
[E 08:48:24 441162] Starting from CODEQL_TRACER_DB_ID 000000000006BB48_0000000000000001
[E 08:48:24 441162] Locking DB /home/melissa/sven/scripts/mydb_350m/working/tags.db
[E 08:48:24 441162] Locked DB /home/melissa/sven/scripts/mydb_350m/working/tags.db
[E 08:48:24 441162] Set tag for 000000000006BB48_0000000000000001
[E 08:48:24 441162] Set tag for 000000000006BB46_0000000000000001
[E 08:48:24 441162] Set tag for 000000000006BAE9_0000000000000003
[E 08:48:24 441162] Set tag for 000000000006BAE9_0000000000000002
[E 08:48:24 441162] Set tag for root
[E 08:48:24 441162] Unlocking DB
[E 08:48:24 441162] Unlocked DB
[T 08:48:24 441160] Extractor /home/melissa/sven/codeql/cpp/tools/linux64/extractor terminated with exit code 0.
[T 08:48:24 441163] Initializing tracer.
[T 08:48:24 441163] Initialising tags...
[T 08:48:24 441163] ID set to 000000000006BB4B_0000000000000001 (parent 000000000006BB46_0000000000000001)
[T 08:48:24 441163] ==== Candidate to intercept: as (canonical: as) ====
[T 08:48:24 441163] Will try to resolve as in path /home/melissa/sonar-scanner/bin:/home/melissa/anaconda3/envs/sven-env/bin:/home/melissa/miniconda3/condabin:/home/melissa/.vscode-server/cli/servers/Stable-c306e94f98122556ca081f527b466015e1bc37b0/server/bin/remote-cli:/usr/local/sbin:/usr/local/bin:/usr/sbin:/usr/bin:/sbin:/bin:/usr/games:/usr/local/games:/snap/bin:/home/melissa/.vscode-server/extensions/ms-python.debugpy-2025.14.1-linux-x64/bundled/scripts/noConfigScripts:/home/melissa/.vscode-server/data/User/globalStorage/github.copilot-chat/debugCommand:/home/melissa/codeql.
[T 08:48:24 441163]  -> path lookup for as as /home/melissa/sonar-scanner/bin/as...
[T 08:48:24 441163]  -> path lookup for as as /home/melissa/anaconda3/envs/sven-env/bin/as...
[T 08:48:24 441163]  -> path lookup for as as /home/melissa/miniconda3/condabin/as...
[T 08:48:24 441163]  -> path lookup for as as /home/melissa/.vscode-server/cli/servers/Stable-c306e94f98122556ca081f527b466015e1bc37b0/server/bin/remote-cli/as...
[T 08:48:24 441163]  -> path lookup for as as /usr/local/sbin/as...
[T 08:48:24 441163]  -> path lookup for as as /usr/local/bin/as...
[T 08:48:24 441163]  -> path lookup for as as /usr/sbin/as...
[T 08:48:24 441163]  -> path lookup for as as /usr/bin/as...
[T 08:48:24 441163] Resolved barename as to /usr/bin/as
[T 08:48:24 441163] Lua: === Intercepted call to /usr/bin/as ===
[T 08:48:24 441163] Executing the following tracer actions:
[T 08:48:24 441163] Tracer actions:
[T 08:48:24 441163] pre_invocations(0)
[T 08:48:24 441163] post_invocations(1)
[T 08:48:24 441163] invocation: /home/melissa/sven/codeql/cpp/tools/linux64/extractor, args: [--assembler, --codeql-assembler-executable, /usr/bin/as, --64, -o, 02.o, /tmp/ccPW5kjV.s]
[T 08:48:24 441163] trace_languages(1): [cpp]
[T 08:48:24 441165] Attempting to switch stdout/stderr to 4...
[T 08:48:24 441165] Initializing tracer.
[T 08:48:24 441165] Initialising tags...
[T 08:48:24 441165] ID set to 000000000006BB4D_0000000000000001 (parent 000000000006BB4B_0000000000000001)
[E 08:48:24 441165] CodeQL C/C++ Extractor 2.11.1
[E 08:48:24 441165] Current directory: /home/melissa/sven/experiments/sec_eval/sec-eval-350m-prefix/trained/cwe-125/0-c/sec_output
[E 08:48:24 441165] Command: /home/melissa/sven/codeql/cpp/tools/linux64/extractor --assembler --codeql-assembler-executable /usr/bin/as --64 -o 02.o /tmp/ccPW5kjV.s
[T 08:48:24 441163] Extractor /home/melissa/sven/codeql/cpp/tools/linux64/extractor terminated with exit code 0.
[T 08:48:24 441166] Attempting to switch stdout/stderr to 4...
[T 08:48:24 441166] Initializing tracer.
[T 08:48:24 441166] Initialising tags...
[T 08:48:24 441166] ID set to 000000000006BB4E_0000000000000001 (parent 000000000006BB46_0000000000000001)
[E 08:48:24 441166] CodeQL C/C++ Extractor 2.11.1
[E 08:48:24 441166] Current directory: /home/melissa/sven/experiments/sec_eval/sec-eval-350m-prefix/trained/cwe-125/0-c/sec_output
[E 08:48:24 441166] Command: /home/melissa/sven/codeql/cpp/tools/linux64/extractor --mimic /usr/bin/x86_64-linux-gnu-gcc-13 -c 02.c -o 02.o
[E 08:48:24 441166] Checking whether C compilation already happened.
[E 08:48:24 441166] Checking for tag c-compilation-happened
[E 08:48:24 441166] Checking CODEQL_TRACER_DB_ID 000000000006BB46_0000000000000001
[E 08:48:24 441166] Locking DB /home/melissa/sven/scripts/mydb_350m/working/tags.db
[E 08:48:24 441166] Locked DB /home/melissa/sven/scripts/mydb_350m/working/tags.db
[E 08:48:24 441166] Unlocking DB
[E 08:48:24 441166] Unlocked DB
[E 08:48:24 441166] Exiting as C compilation already happened.
[T 08:48:24 441158] Extractor /home/melissa/sven/codeql/cpp/tools/linux64/extractor terminated with exit code 0.
[T 08:48:24 441167] Initializing tracer.
[T 08:48:24 441167] Initialising tags...
[T 08:48:24 441167] ID set to 000000000006BB4F_0000000000000001 (parent 000000000006BAE9_0000000000000003)
[T 08:48:24 441167] ==== Candidate to intercept: /usr/bin/gcc (canonical: /usr/bin/x86_64-linux-gnu-gcc-13) ====
[T 08:48:24 441167] Lua: === Intercepted call to /usr/bin/x86_64-linux-gnu-gcc-13 ===
[T 08:48:24 441167] Executing the following tracer actions:
[T 08:48:24 441167] Tracer actions:
[T 08:48:24 441167] pre_invocations(0)
[T 08:48:24 441167] post_invocations(1)
[T 08:48:24 441167] invocation: /home/melissa/sven/codeql/cpp/tools/linux64/extractor, args: [--mimic, /usr/bin/x86_64-linux-gnu-gcc-13, -c, 03.c, -o, 03.o]
[T 08:48:24 441167] trace_languages(1): [cpp]
[T 08:48:24 441169] Initializing tracer.
[T 08:48:24 441169] Initialising tags...
[T 08:48:24 441169] ID set to 000000000006BB51_0000000000000001 (parent 000000000006BB4F_0000000000000001)
[T 08:48:24 441169] ==== Candidate to intercept: /usr/libexec/gcc/x86_64-linux-gnu/13/cc1 (canonical: /usr/libexec/gcc/x86_64-linux-gnu/13/cc1) ====
[T 08:48:24 441169] Lua: === Intercepted call to /usr/libexec/gcc/x86_64-linux-gnu/13/cc1 ===
[T 08:48:24 441169] Executing the following tracer actions:
[T 08:48:24 441169] Tracer actions:
[T 08:48:24 441169] pre_invocations(0)
[T 08:48:24 441169] post_invocations(1)
[T 08:48:24 441169] invocation: /home/melissa/sven/codeql/cpp/tools/linux64/extractor, args: [--mimic, /usr/libexec/gcc/x86_64-linux-gnu/13/cc1, -quiet, -imultiarch, x86_64-linux-gnu, 03.c, -quiet, -dumpbase, 03.c, -dumpbase-ext, .c, -mtune=generic, -march=x86-64, -fasynchronous-unwind-tables, -fstack-protector-strong, -Wformat, -Wformat-security, -fstack-clash-protection, -fcf-protection, -o, /tmp/cc4XPWTs.s]
[T 08:48:24 441169] trace_languages(1): [cpp]
[T 08:48:24 441171] Attempting to switch stdout/stderr to 4...
[T 08:48:24 441171] Initializing tracer.
[T 08:48:24 441171] Initialising tags...
[T 08:48:24 441171] ID set to 000000000006BB53_0000000000000001 (parent 000000000006BB51_0000000000000001)
[E 08:48:24 441171] CodeQL C/C++ Extractor 2.11.1
[E 08:48:24 441171] Current directory: /home/melissa/sven/experiments/sec_eval/sec-eval-350m-prefix/trained/cwe-125/0-c/sec_output
[E 08:48:24 441171] Command: /home/melissa/sven/codeql/cpp/tools/linux64/extractor --mimic /usr/libexec/gcc/x86_64-linux-gnu/13/cc1 -quiet -imultiarch x86_64-linux-gnu 03.c -quiet -dumpbase 03.c -dumpbase-ext .c -mtune=generic -march=x86-64 -fasynchronous-unwind-tables -fstack-protector-strong -Wformat -Wformat-security -fstack-clash-protection -fcf-protection -o /tmp/cc4XPWTs.s
[E 08:48:24 441171] Checking whether C compilation already happened.
[E 08:48:24 441171] Checking for tag c-compilation-happened
[E 08:48:24 441171] Checking CODEQL_TRACER_DB_ID 000000000006BB51_0000000000000001
[E 08:48:24 441171] Locking DB /home/melissa/sven/scripts/mydb_350m/working/tags.db
[E 08:48:24 441171] Locked DB /home/melissa/sven/scripts/mydb_350m/working/tags.db
[E 08:48:24 441171] Unlocking DB
[E 08:48:24 441171] Unlocked DB
[E 08:48:24 441171] Looks like C compilation didn't already happen.
[E 08:48:24 441171] Checking whether C compilation has been attempted.
[E 08:48:24 441171] Checking for tag c-compilation-attempted
[E 08:48:24 441171] Checking CODEQL_TRACER_DB_ID 000000000006BB51_0000000000000001
[E 08:48:24 441171] Locking DB /home/melissa/sven/scripts/mydb_350m/working/tags.db
[E 08:48:24 441171] Locked DB /home/melissa/sven/scripts/mydb_350m/working/tags.db
[E 08:48:24 441171] Unlocking DB
[E 08:48:24 441171] Unlocked DB
[E 08:48:24 441171] Marking C compilation as attempted.
[E 08:48:24 441171] Setting tag c-compilation-attempted
[E 08:48:24 441171] Starting from CODEQL_TRACER_DB_ID 000000000006BB51_0000000000000001
[E 08:48:24 441171] Locking DB /home/melissa/sven/scripts/mydb_350m/working/tags.db
[E 08:48:24 441171] Locked DB /home/melissa/sven/scripts/mydb_350m/working/tags.db
[E 08:48:24 441171] Set tag for 000000000006BB51_0000000000000001
[E 08:48:24 441171] Set tag for 000000000006BB4F_0000000000000001
[E 08:48:24 441171] Set tag for 000000000006BAE9_0000000000000003
[E 08:48:24 441171] Set tag for 000000000006BAE9_0000000000000002
[E 08:48:24 441171] Set tag for root
[E 08:48:24 441171] Unlocking DB
[E 08:48:24 441171] Unlocked DB
[E 08:48:24 441171] Processed command line: /home/melissa/sven/codeql/cpp/tools/linux64/extractor --trapfolder /home/melissa/sven/scripts/mydb_350m/trap/cpp --src_archive /home/melissa/sven/scripts/mydb_350m/src --mimic_config /home/melissa/sven/scripts/mydb_350m/working/compiler_mimic_cache/a75ad1f49a2f --object_filename /tmp/cc4XPWTs.s -w --error_limit 1000 --disable_system_macros --variadic_macros --gcc --gnu_version 130300 --target linux_x86_64 '-D__DBL_MIN_EXP__=(-1021)' -D__UINT_LEAST16_MAX__=0xffff -D__FLT16_HAS_QUIET_NAN__=1 -D__ATOMIC_ACQUIRE=2 -D__FLT128_MAX_10_EXP__=4932 -D__FLT_MIN__=1.17549435082228750796873653722224568e-38F -D__GCC_IEC_559_COMPLEX=2 '-D__UINT_LEAST8_TYPE__=unsigned char' -D__SIZEOF_FLOAT80__=16 -D__BFLT16_DENORM_MIN__=9.18354961579912115600575419704879436e-41BF16 '-D__INTMAX_C(c)=c ## L' -D__CHAR_BIT__=8 -D__UINT8_MAX__=0xff -D__SCHAR_WIDTH__=8 -D__WINT_MAX__=0xffffffffU '-D__FLT32_MIN_EXP__=(-125)' '-D__BFLT16_NORM_MAX__=3.38953138925153547590470800371487867e+38BF16' '-D__BFLT16_MIN_10_EXP__=(-37)' -D__ORDER_LITTLE_ENDIAN__=1234 -D__WCHAR_MAX__=0x7fffffff -D__GCC_HAVE_SYNC_COMPARE_AND_SWAP_2=1 -D__GCC_HAVE_SYNC_COMPARE_AND_SWAP_4=1 -D__GCC_HAVE_SYNC_COMPARE_AND_SWAP_8=1 -D__GCC_ATOMIC_CHAR_LOCK_FREE=2 -D__GCC_IEC_559=2 -D__FLT32X_DECIMAL_DIG__=17 -D__FLT_EVAL_METHOD__=0 -D__FLT64_DECIMAL_DIG__=17 -D__CET__=3 -D__GCC_ATOMIC_CHAR32_T_LOCK_FREE=2 -D__UINT_FAST64_MAX__=0xffffffffffffffffUL -D__SIG_ATOMIC_TYPE__=int '-D__DBL_MIN_10_EXP__=(-307)' -D__FINITE_MATH_ONLY__=0 -D__FLT32X_MAX_EXP__=1024 -D__GCC_HAVE_SYNC_COMPARE_AND_SWAP_1=1 -D__FLT32_HAS_DENORM__=1 -D__UINT_FAST8_MAX__=0xff -D__FLT32_MAX_10_EXP__=38 -D__DEC64_MAX_EXP__=385 '-D__INT8_C(c)=c' -D__INT_LEAST8_WIDTH__=8 -D__UINT_LEAST64_MAX__=0xffffffffffffffffUL -D__SHRT_MAX__=0x7fff '-D__LDBL_MAX__=1.18973149535723176502126385303097021e+4932L' -D__FLT64X_MAX_10_EXP__=4932 -D__BFLT16_MAX_10_EXP__=38 -D__BFLT16_MAX_EXP__=128 -D__LDBL_IS_IEC_60559__=1 -D__FLT64X_HAS_QUIET_NAN__=1 -D__UINT_LEAST8_MAX__=0xff -D__GCC_ATOMIC_BOOL_LOCK_FREE=2 -D__FLT128_DENORM_MIN__=6.47517511943802511092443895822764655e-4966F128 '-D__UINTMAX_TYPE__=long unsigned int' -D__BFLT16_DECIMAL_DIG__=4 -D__linux=1 -D__DEC32_EPSILON__=1E-6DF -D__FLT_EVAL_METHOD_TS_18661_3__=0 -D__UINT32_MAX__=0xffffffffU '-D__DBL_DENORM_MIN__=((double)4.94065645841246544176568792868221372e-324L)' '-D__FLT128_MIN_EXP__=(-16381)' -D__WINT_MIN__=0U '-D__FLT128_MIN_10_EXP__=(-4931)' -D__FLT32X_IS_IEC_60559__=1 -D__INT_LEAST16_WIDTH__=16 -D__SCHAR_MAX__=0x7f -D__FLT128_MANT_DIG__=113 '-D__WCHAR_MIN__=(-__WCHAR_MAX__ - 1)' '-D__INT64_C(c)=c ## L' -D__SSP_STRONG__=3 -D__GCC_ATOMIC_POINTER_LOCK_FREE=2 -D__ATOMIC_SEQ_CST=5 -D__unix=1 -D__INT_LEAST64_MAX__=0x7fffffffffffffffL -D__FLT32X_MANT_DIG__=53 -D__FLT64X_EPSILON__=1.08420217248550443400745280086994171e-19F64x '-D__DEC64_MIN_EXP__=(-382)' -D__DBL_DIG__=15 -D__FLT_EPSILON__=1.19209289550781250000000000000000000e-7F -D__SHRT_WIDTH__=16 -D__FLT32_IS_IEC_60559__=1 -D__LDBL_MIN__=3.36210314311209350626267781732175260e-4932L -D__STDC_UTF_16__=1 -D__DBL_IS_IEC_60559__=1 -D__DEC32_MAX__=9.999999E96DF -D__FLT64X_DENORM_MIN__=3.64519953188247460252840593361941982e-4951F64x -D__FLT32X_HAS_INFINITY__=1 -D__unix__=1 -D__INT_WIDTH__=32 -D__STDC_IEC_559__=1 -D__STDC_ISO_10646__=201706L -D__DECIMAL_DIG__=21 -D__STDC_IEC_559_COMPLEX__=1 -D__FLT64_EPSILON__=2.22044604925031308084726333618164062e-16F64 -D__gnu_linux__=1 -D__FLT128_IS_IEC_60559__=1 '-D__FLT64X_MIN_10_EXP__=(-4931)' -D__LDBL_HAS_QUIET_NAN__=1 '-D__FLT16_MIN_EXP__=(-13)' -D__FLT64_MANT_DIG__=53 -D__FLT64X_MANT_DIG__=64 -D__BFLT16_DIG__=2 -D__pie__=2 -D__MMX__=1 -D__FLT_HAS_DENORM__=1 -D__SIZEOF_LONG_DOUBLE__=16 -D__BIGGEST_ALIGNMENT__=16 -D__FLT64_MAX_10_EXP__=308 -D__BFLT16_IS_IEC_60559__=0 -D__FLT16_MAX_10_EXP__=4 '-D__DBL_MAX__=((double)1.79769313486231570814527423731704357e+308L)' -D__INT_FAST32_MAX__=0x7fffffffffffffffL -D__DBL_HAS_INFINITY__=1 -D__INT64_MAX__=0x7fffffffffffffffL -D__SIZEOF_FLOAT__=4 -D__HAVE_SPECULATION_SAFE_VALUE=1 '-D__DEC32_MIN_EXP__=(-94)' -D__INTPTR_WIDTH__=64 -D__UINT_LEAST32_MAX__=0xffffffffU -D__FLT32X_HAS_DENORM__=1 '-D__INT_FAST16_TYPE__=long int' -D__MMX_WITH_SSE__=1 -D__LDBL_HAS_DENORM__=1 -D__SEG_GS=1 -D__BFLT16_EPSILON__=7.81250000000000000000000000000000000e-3BF16 -D__FLT128_HAS_INFINITY__=1 -D__DEC32_MIN__=1E-95DF -D__DBL_MAX_EXP__=1024 -D__WCHAR_WIDTH__=32 '-D__FLT32_MAX__=3.40282346638528859811704183484516925e+38F32' -D__DEC128_EPSILON__=1E-33DL -D__FLT16_DECIMAL_DIG__=5 -D__SSE2_MATH__=1 -D__ATOMIC_HLE_RELEASE=131072 -D__PTRDIFF_MAX__=0x7fffffffffffffffL -D__amd64=1 -D__ATOMIC_HLE_ACQUIRE=65536 -D__LONG_LONG_MAX__=0x7fffffffffffffffLL -D__SIZEOF_SIZE_T__=8 -D__BFLT16_HAS_INFINITY__=1 '-D__FLT64X_MIN_EXP__=(-16381)' -D__SIZEOF_WINT_T__=4 -D__LONG_LONG_WIDTH__=64 -D__FLT32_MAX_EXP__=128 -D__GXX_ABI_VERSION=1018 '-D__FLT_MIN_EXP__=(-125)' -D__GCC_HAVE_DWARF2_CFI_ASM=1 -D__INT16_MAX__=0x7fff -D__x86_64=1 '-D__INT_FAST64_TYPE__=long int' '-D__BFLT16_MAX__=3.38953138925153547590470800371487867e+38BF16' -D__BFLT16_HAS_DENORM__=1 -D__FLT64_DENORM_MIN__=4.94065645841246544176568792868221372e-324F64 -D__FLT16_DENORM_MIN__=5.96046447753906250000000000000000000e-8F16 -D__FLT128_EPSILON__=1.92592994438723585305597794258492732e-34F128 '-D__FLT64X_NORM_MAX__=1.18973149535723176502126385303097021e+4932F64x' -D__SIZEOF_POINTER__=8 '-D__SIZE_TYPE__=long unsigned int' -D__LP64__=1 -D__DBL_HAS_QUIET_NAN__=1 -D__FLT32X_EPSILON__=2.22044604925031308084726333618164062e-16F32x -D__LDBL_MAX_EXP__=16384 -D__DECIMAL_BID_FORMAT__=1 '-D__FLT64_MIN_EXP__=(-1021)' '-D__FLT64_MIN_10_EXP__=(-307)' '-D__FLT16_MIN_10_EXP__=(-4)' -D__FLT64X_DECIMAL_DIG__=21 -D__DEC128_MIN__=1E-6143DL -D__REGISTER_PREFIX__= -D__UINT16_MAX__=0xffff -D__DBL_HAS_DENORM__=1 -D__FLT32_MIN__=1.17549435082228750796873653722224568e-38F32 '-D__UINT8_TYPE__=unsigned char' -D__FLT_DIG__=6 -D__NO_INLINE__=1 -D__DEC_EVAL_METHOD__=2 -D__FLT_MANT_DIG__=24 -D__LDBL_DECIMAL_DIG__=21 '-D__UINT64_C(c)=c ## UL' -D_STDC_PREDEF_H=1 -D__INT_LEAST32_MAX__=0x7fffffff -D__GCC_ATOMIC_INT_LOCK_FREE=2 -D__FLT128_MAX_EXP__=16384 -D__FLT32_MANT_DIG__=24 -D__FLOAT_WORD_ORDER__=__ORDER_LITTLE_ENDIAN__ '-D__FLT32X_MIN_EXP__=(-1021)' -D__STDC_IEC_60559_COMPLEX__=201404L -D__BFLT16_MIN__=1.17549435082228750796873653722224568e-38BF16 -D__FLT128_HAS_DENORM__=1 -D__FLT32_DECIMAL_DIG__=9 -D__FLT128_DIG__=33 '-D__INT32_C(c)=c' -D__DEC64_EPSILON__=1E-15DD -D__ORDER_PDP_ENDIAN__=3412 '-D__DEC128_MIN_EXP__=(-6142)' -D__DEC128_MAX__=9.999999999999999999999999999999999E6144DL '-D__INT_FAST32_TYPE__=long int' '-D__UINT_LEAST16_TYPE__=short unsigned int' -D__DEC128_MAX_EXP__=6145 -Dunix=1 -D__UINT64_MAX__=0xffffffffffffffffUL -D__FLT_IS_IEC_60559__=1 '-D__GNUC_WIDE_EXECUTION_CHARSET_NAME="UTF-32LE"' -D__FLT64X_DIG__=18 '-D__INT8_TYPE__=signed char' -D__ELF__=1 -D__GCC_ASM_FLAG_OUTPUTS__=1 '-D__UINT32_TYPE__=unsigned int' -D__BFLT16_HAS_QUIET_NAN__=1 -D__FLT_RADIX__=2 '-D__INT_LEAST16_TYPE__=short int' -D__LDBL_EPSILON__=1.08420217248550443400745280086994171e-19L '-D__UINTMAX_C(c)=c ## UL' -D__FLT16_DIG__=3 -D__SSE_MATH__=1 -D__k8=1 -D__FLT32X_MIN__=2.22507385850720138309023271733240406e-308F32x -D__SIG_ATOMIC_MAX__=0x7fffffff -D__GCC_ATOMIC_WCHAR_T_LOCK_FREE=2 -D__USER_LABEL_PREFIX__= -D__STDC_IEC_60559_BFP__=201404L -D__SIZEOF_PTRDIFF_T__=8 -D__FLT64X_HAS_INFINITY__=1 -D__FLT32_HAS_INFINITY__=1 -D__SIZEOF_LONG__=8 -D__LDBL_DIG__=18 -D__FLT64_IS_IEC_60559__=1 -D__x86_64__=1 -D__FLT16_IS_IEC_60559__=1 -D__FLT16_MAX_EXP__=16 -D__DEC32_SUBNORMAL_MIN__=0.000001E-95DF -D__INT_FAST16_MAX__=0x7fffffffffffffffL -D__GCC_CONSTRUCTIVE_SIZE=64 -D__FLT64_DIG__=15 -D__UINT_FAST32_MAX__=0xffffffffffffffffUL '-D__UINT_LEAST64_TYPE__=long unsigned int' -D__FLT16_EPSILON__=9.76562500000000000000000000000000000e-4F16 -D__FLT_HAS_QUIET_NAN__=1 -D__FLT_MAX_10_EXP__=38 -D__LONG_MAX__=0x7fffffffffffffffL -D__FLT64X_HAS_DENORM__=1 -D__DEC128_SUBNORMAL_MIN__=0.000000000000000000000000000000001E-6143DL -D__FLT_HAS_INFINITY__=1 '-D__GNUC_EXECUTION_CHARSET_NAME="UTF-8"' '-D__UINT_FAST16_TYPE__=long unsigned int' -D__DEC64_MAX__=9.999999999999999E384DD -D__INT_FAST32_WIDTH__=64 -D__PRAGMA_REDEFINE_EXTNAME=1 -D__SIZE_WIDTH__=64 -D__SEG_FS=1 -D__INT_LEAST16_MAX__=0x7fff '-D__FLT16_NORM_MAX__=6.55040000000000000000000000000000000e+4F16' -D__DEC64_MANT_DIG__=16 -D__FLT32_DENORM_MIN__=1.40129846432481707092372958328991613e-45F32 -D__SIG_ATOMIC_WIDTH__=32 '-D__INT_LEAST64_TYPE__=long int' '-D__INT16_TYPE__=short int' '-D__INT_LEAST8_TYPE__=signed char' '-D__FLT16_MAX__=6.55040000000000000000000000000000000e+4F16' -D__FLT128_MIN__=3.36210314311209350626267781732175260e-4932F128 -D__SIZEOF_INT__=4 -D__DEC32_MAX_EXP__=97 -D__INT_FAST8_MAX__=0x7f '-D__FLT128_MAX__=1.18973149535723176508575932662800702e+4932F128' -D__INTPTR_MAX__=0x7fffffffffffffffL -Dlinux=1 -D__FLT64_HAS_QUIET_NAN__=1 '-D__FLT32_MIN_10_EXP__=(-37)' -D__FLT32X_DIG__=15 '-D__UINT16_C(c)=c' -D__PTRDIFF_WIDTH__=64 -D__LDBL_MANT_DIG__=64 -D__INT_FAST16_WIDTH__=64 -D__FLT64_HAS_INFINITY__=1 '-D__FLT64X_MAX__=1.18973149535723176502126385303097021e+4932F64x' -D__FLT16_HAS_INFINITY__=1 '-D__SIG_ATOMIC_MIN__=(-__SIG_ATOMIC_MAX__ - 1)' -D__code_model_small__=1 -D__GCC_ATOMIC_LONG_LOCK_FREE=2 -D__DEC32_MANT_DIG__=7 -D__FLT16_MANT_DIG__=11 -D__k8__=1 '-D__INTPTR_TYPE__=long int' '-D__UINT16_TYPE__=short unsigned int' -D__WCHAR_TYPE__=int -D__pic__=2 -D__UINTPTR_MAX__=0xffffffffffffffffUL -D__INT_FAST64_WIDTH__=64 -D__LDBL_HAS_INFINITY__=1 -D__INT_FAST64_MAX__=0x7fffffffffffffffL -D__GCC_ATOMIC_TEST_AND_SET_TRUEVAL=1 '-D__FLT_NORM_MAX__=3.40282346638528859811704183484516925e+38F' -D__FLT64X_MAX_EXP__=16384 '-D__UINT_FAST64_TYPE__=long unsigned int' '-D__BFLT16_MIN_EXP__=(-125)' -D__INT_MAX__=0x7fffffff -D__linux__=1 '-D__INT64_TYPE__=long int' -D__FLT_MAX_EXP__=128 -D__ORDER_BIG_ENDIAN__=4321 -D__DBL_MANT_DIG__=53 -D__SIZEOF_FLOAT128__=16 -D__BFLT16_MANT_DIG__=8 -D__GCC_ATOMIC_CHAR16_T_LOCK_FREE=2 -D__DEC64_MIN__=1E-383DD '-D__WINT_TYPE__=unsigned int' '-D__UINT_LEAST32_TYPE__=unsigned int' -D__SIZEOF_SHORT__=2 '-D__FLT32_NORM_MAX__=3.40282346638528859811704183484516925e+38F32' -D__SSE__=1 '-D__LDBL_MIN_EXP__=(-16381)' '-D__FLT64_MAX__=1.79769313486231570814527423731704357e+308F64' -D__amd64__=1 -D__WINT_WIDTH__=32 -D__INT_LEAST8_MAX__=0x7f -D__INT_LEAST64_WIDTH__=64 -D__FLT32X_MAX_10_EXP__=308 -D__SIZEOF_INT128__=16 -D__FLT16_MIN__=6.10351562500000000000000000000000000e-5F16 -D__FLT64X_IS_IEC_60559__=1 -D__LDBL_MAX_10_EXP__=4932 -D__ATOMIC_RELAXED=0 '-D__DBL_EPSILON__=((double)2.22044604925031308084726333618164062e-16L)' -D__INT_LEAST32_TYPE__=int -D_LP64=1 '-D__UINT8_C(c)=c' -D__FLT64_MAX_EXP__=1024 -D__SIZEOF_WCHAR_T__=4 '-D__UINT64_TYPE__=long unsigned int' '-D__FLT128_NORM_MAX__=1.18973149535723176508575932662800702e+4932F128' '-D__FLT64_NORM_MAX__=1.79769313486231570814527423731704357e+308F64' -D__FLT128_HAS_QUIET_NAN__=1 -D__INTMAX_MAX__=0x7fffffffffffffffL '-D__INT_FAST8_TYPE__=signed char' -D__FLT64X_MIN__=3.36210314311209350626267781732175260e-4932F64x -D__FLT64_HAS_DENORM__=1 -D__FLT32_EPSILON__=1.19209289550781250000000000000000000e-7F32 -D__FLT16_HAS_DENORM__=1 -D__DBL_DECIMAL_DIG__=17 -D__STDC_UTF_32__=1 -D__INT_FAST8_WIDTH__=8 -D__FXSR__=1 '-D__FLT32X_MAX__=1.79769313486231570814527423731704357e+308F32x' '-D__DBL_NORM_MAX__=((double)1.79769313486231570814527423731704357e+308L)' -D__BYTE_ORDER__=__ORDER_LITTLE_ENDIAN__ -D__GCC_DESTRUCTIVE_SIZE=64 -D__INTMAX_WIDTH__=64 -D__FLT32_DIG__=6 '-D__UINT32_C(c)=c ## U' -D__FLT_DENORM_MIN__=1.40129846432481707092372958328991613e-45F -D__INT8_MAX__=0x7f -D__LONG_WIDTH__=64 '-D__DBL_MIN__=((double)2.22507385850720138309023271733240406e-308L)' -D__PIC__=2 -D__INT32_MAX__=0x7fffffff '-D__UINT_FAST32_TYPE__=long unsigned int' '-D__FLT32X_NORM_MAX__=1.79769313486231570814527423731704357e+308F32x' '-D__FLT_MAX__=3.40282346638528859811704183484516925e+38F' -D__SSE2__=1 -D__INT32_TYPE__=int -D__SIZEOF_DOUBLE__=8 '-D__FLT_MIN_10_EXP__=(-37)' -D__FLT64_MIN__=2.22507385850720138309023271733240406e-308F64 -D__INT_LEAST32_WIDTH__=32 '-D__INTMAX_TYPE__=long int' -D__FLT32X_HAS_QUIET_NAN__=1 -D__ATOMIC_CONSUME=1 -D__UINTMAX_MAX__=0xffffffffffffffffUL -D__PIE__=2 -D__FLT32X_DENORM_MIN__=4.94065645841246544176568792868221372e-324F32x -D__DBL_MAX_10_EXP__=308 -D__LDBL_DENORM_MIN__=3.64519953188247460252840593361941982e-4951L '-D__INT16_C(c)=c' '-D__PTRDIFF_TYPE__=long int' '-D__FLT32X_MIN_10_EXP__=(-307)' '-D__UINTPTR_TYPE__=long unsigned int' -D__DEC64_SUBNORMAL_MIN__=0.000000000000001E-383DD -D__DEC128_MANT_DIG__=34 '-D__LDBL_MIN_10_EXP__=(-4931)' -D__SIZEOF_LONG_LONG__=8 -D__FLT128_DECIMAL_DIG__=36 -D__GCC_ATOMIC_LLONG_LOCK_FREE=2 -D__FLT32_HAS_QUIET_NAN__=1 -D__FLT_DECIMAL_DIG__=9 -D__UINT_FAST16_MAX__=0xffffffffffffffffUL '-D__LDBL_NORM_MAX__=1.18973149535723176502126385303097021e+4932L' -D__GCC_ATOMIC_SHORT_LOCK_FREE=2 -D__SIZE_MAX__=0xffffffffffffffffUL '-D__UINT_FAST8_TYPE__=unsigned char' -D__ATOMIC_ACQ_REL=4 -D__ATOMIC_RELEASE=3 -I/usr/lib/gcc/x86_64-linux-gnu/13/include -I/usr/local/include -I/usr/include/x86_64-linux-gnu -I/usr/include -- 03.c
[E 08:48:24 441171] Starting compilation TRAP /home/melissa/sven/scripts/mydb_350m/trap/cpp/compilations/55/52643677_0.trap.br
[E 08:48:24 441171] Archiving /home/melissa/sven/scripts/mydb_350m/src/home/melissa/sven/experiments/sec_eval/sec-eval-350m-prefix/trained/cwe-125/0-c/sec_output/03.c
[E 08:48:24 441171] Already archived /home/melissa/sven/scripts/mydb_350m/src/usr/include/stdio.h
[E 08:48:24 441171] Already archived /home/melissa/sven/scripts/mydb_350m/src/usr/include/x86_64-linux-gnu/bits/libc-header-start.h
[E 08:48:24 441171] Already archived /home/melissa/sven/scripts/mydb_350m/src/usr/include/features.h
[E 08:48:24 441171] Already archived /home/melissa/sven/scripts/mydb_350m/src/usr/include/features-time64.h
[E 08:48:24 441171] Already archived /home/melissa/sven/scripts/mydb_350m/src/usr/include/x86_64-linux-gnu/bits/wordsize.h
[E 08:48:24 441171] Already archived /home/melissa/sven/scripts/mydb_350m/src/usr/include/x86_64-linux-gnu/bits/timesize.h
[E 08:48:24 441171] Already archived /home/melissa/sven/scripts/mydb_350m/src/usr/include/x86_64-linux-gnu/bits/wordsize.h
[E 08:48:24 441171] Already archived /home/melissa/sven/scripts/mydb_350m/src/usr/include/stdc-predef.h
[E 08:48:24 441171] Already archived /home/melissa/sven/scripts/mydb_350m/src/usr/include/x86_64-linux-gnu/sys/cdefs.h
[E 08:48:24 441171] Already archived /home/melissa/sven/scripts/mydb_350m/src/usr/include/x86_64-linux-gnu/bits/wordsize.h
[E 08:48:24 441171] Already archived /home/melissa/sven/scripts/mydb_350m/src/usr/include/x86_64-linux-gnu/bits/long-double.h
[E 08:48:24 441171] Already archived /home/melissa/sven/scripts/mydb_350m/src/usr/include/x86_64-linux-gnu/gnu/stubs.h
[E 08:48:24 441171] Already archived /home/melissa/sven/scripts/mydb_350m/src/usr/include/x86_64-linux-gnu/gnu/stubs-64.h
[E 08:48:24 441171] Already archived /home/melissa/sven/scripts/mydb_350m/src/usr/lib/gcc/x86_64-linux-gnu/13/include/stddef.h
[E 08:48:24 441171] Already archived /home/melissa/sven/scripts/mydb_350m/src/usr/lib/gcc/x86_64-linux-gnu/13/include/stdarg.h
[E 08:48:24 441171] Already archived /home/melissa/sven/scripts/mydb_350m/src/usr/include/x86_64-linux-gnu/bits/types.h
[E 08:48:24 441171] Already archived /home/melissa/sven/scripts/mydb_350m/src/usr/include/x86_64-linux-gnu/bits/wordsize.h
[E 08:48:24 441171] Already archived /home/melissa/sven/scripts/mydb_350m/src/usr/include/x86_64-linux-gnu/bits/timesize.h
[E 08:48:24 441171] Already archived /home/melissa/sven/scripts/mydb_350m/src/usr/include/x86_64-linux-gnu/bits/wordsize.h
[E 08:48:24 441171] Already archived /home/melissa/sven/scripts/mydb_350m/src/usr/include/x86_64-linux-gnu/bits/typesizes.h
[E 08:48:24 441171] Already archived /home/melissa/sven/scripts/mydb_350m/src/usr/include/x86_64-linux-gnu/bits/time64.h
[E 08:48:24 441171] Already archived /home/melissa/sven/scripts/mydb_350m/src/usr/include/x86_64-linux-gnu/bits/types/__fpos_t.h
[E 08:48:24 441171] Already archived /home/melissa/sven/scripts/mydb_350m/src/usr/include/x86_64-linux-gnu/bits/types/__mbstate_t.h
[E 08:48:24 441171] Already archived /home/melissa/sven/scripts/mydb_350m/src/usr/include/x86_64-linux-gnu/bits/types/__fpos64_t.h
[E 08:48:24 441171] Already archived /home/melissa/sven/scripts/mydb_350m/src/usr/include/x86_64-linux-gnu/bits/types/__FILE.h
[E 08:48:24 441171] Already archived /home/melissa/sven/scripts/mydb_350m/src/usr/include/x86_64-linux-gnu/bits/types/FILE.h
[E 08:48:24 441171] Already archived /home/melissa/sven/scripts/mydb_350m/src/usr/include/x86_64-linux-gnu/bits/types/struct_FILE.h
[E 08:48:24 441171] Already archived /home/melissa/sven/scripts/mydb_350m/src/usr/include/x86_64-linux-gnu/bits/types/cookie_io_functions_t.h
[E 08:48:24 441171] Already archived /home/melissa/sven/scripts/mydb_350m/src/usr/include/x86_64-linux-gnu/bits/stdio_lim.h
[E 08:48:24 441171] Already archived /home/melissa/sven/scripts/mydb_350m/src/usr/include/x86_64-linux-gnu/bits/floatn.h
[E 08:48:24 441171] Already archived /home/melissa/sven/scripts/mydb_350m/src/usr/include/x86_64-linux-gnu/bits/floatn-common.h
[E 08:48:24 441171] Already archived /home/melissa/sven/scripts/mydb_350m/src/usr/include/x86_64-linux-gnu/bits/long-double.h
[E 08:48:24 441171] Already archived /home/melissa/sven/scripts/mydb_350m/src/usr/include/stdlib.h
[E 08:48:24 441171] Already archived /home/melissa/sven/scripts/mydb_350m/src/usr/include/x86_64-linux-gnu/bits/libc-header-start.h
[E 08:48:24 441171] Already archived /home/melissa/sven/scripts/mydb_350m/src/usr/lib/gcc/x86_64-linux-gnu/13/include/stddef.h
[E 08:48:24 441171] Already archived /home/melissa/sven/scripts/mydb_350m/src/usr/include/x86_64-linux-gnu/bits/waitflags.h
[E 08:48:24 441171] Already archived /home/melissa/sven/scripts/mydb_350m/src/usr/include/x86_64-linux-gnu/bits/waitstatus.h
[E 08:48:24 441171] Already archived /home/melissa/sven/scripts/mydb_350m/src/usr/include/x86_64-linux-gnu/sys/types.h
[E 08:48:24 441171] Already archived /home/melissa/sven/scripts/mydb_350m/src/usr/include/x86_64-linux-gnu/bits/types/clock_t.h
[E 08:48:24 441171] Already archived /home/melissa/sven/scripts/mydb_350m/src/usr/include/x86_64-linux-gnu/bits/types/clockid_t.h
[E 08:48:24 441171] Already archived /home/melissa/sven/scripts/mydb_350m/src/usr/include/x86_64-linux-gnu/bits/types/time_t.h
[E 08:48:24 441171] Already archived /home/melissa/sven/scripts/mydb_350m/src/usr/include/x86_64-linux-gnu/bits/types/timer_t.h
[E 08:48:24 441171] Already archived /home/melissa/sven/scripts/mydb_350m/src/usr/lib/gcc/x86_64-linux-gnu/13/include/stddef.h
[E 08:48:24 441171] Already archived /home/melissa/sven/scripts/mydb_350m/src/usr/include/x86_64-linux-gnu/bits/stdint-intn.h
[E 08:48:24 441171] Already archived /home/melissa/sven/scripts/mydb_350m/src/usr/include/endian.h
[E 08:48:24 441171] Already archived /home/melissa/sven/scripts/mydb_350m/src/usr/include/x86_64-linux-gnu/bits/endian.h
[E 08:48:24 441171] Already archived /home/melissa/sven/scripts/mydb_350m/src/usr/include/x86_64-linux-gnu/bits/endianness.h
[E 08:48:24 441171] Already archived /home/melissa/sven/scripts/mydb_350m/src/usr/include/x86_64-linux-gnu/bits/byteswap.h
[E 08:48:24 441171] Already archived /home/melissa/sven/scripts/mydb_350m/src/usr/include/x86_64-linux-gnu/bits/uintn-identity.h
[E 08:48:24 441171] Already archived /home/melissa/sven/scripts/mydb_350m/src/usr/include/x86_64-linux-gnu/sys/select.h
[E 08:48:24 441171] Already archived /home/melissa/sven/scripts/mydb_350m/src/usr/include/x86_64-linux-gnu/bits/select.h
[E 08:48:24 441171] Already archived /home/melissa/sven/scripts/mydb_350m/src/usr/include/x86_64-linux-gnu/bits/types/sigset_t.h
[E 08:48:24 441171] Already archived /home/melissa/sven/scripts/mydb_350m/src/usr/include/x86_64-linux-gnu/bits/types/__sigset_t.h
[E 08:48:24 441171] Already archived /home/melissa/sven/scripts/mydb_350m/src/usr/include/x86_64-linux-gnu/bits/types/struct_timeval.h
[E 08:48:24 441171] Already archived /home/melissa/sven/scripts/mydb_350m/src/usr/include/x86_64-linux-gnu/bits/types/struct_timespec.h
[E 08:48:24 441171] Already archived /home/melissa/sven/scripts/mydb_350m/src/usr/include/x86_64-linux-gnu/bits/pthreadtypes.h
[E 08:48:24 441171] Already archived /home/melissa/sven/scripts/mydb_350m/src/usr/include/x86_64-linux-gnu/bits/thread-shared-types.h
[E 08:48:24 441171] Already archived /home/melissa/sven/scripts/mydb_350m/src/usr/include/x86_64-linux-gnu/bits/pthreadtypes-arch.h
[E 08:48:24 441171] Already archived /home/melissa/sven/scripts/mydb_350m/src/usr/include/x86_64-linux-gnu/bits/wordsize.h
[E 08:48:24 441171] Already archived /home/melissa/sven/scripts/mydb_350m/src/usr/include/x86_64-linux-gnu/bits/atomic_wide_counter.h
[E 08:48:24 441171] Already archived /home/melissa/sven/scripts/mydb_350m/src/usr/include/x86_64-linux-gnu/bits/struct_mutex.h
[E 08:48:24 441171] Already archived /home/melissa/sven/scripts/mydb_350m/src/usr/include/x86_64-linux-gnu/bits/struct_rwlock.h
[E 08:48:24 441171] Already archived /home/melissa/sven/scripts/mydb_350m/src/usr/include/alloca.h
[E 08:48:24 441171] Already archived /home/melissa/sven/scripts/mydb_350m/src/usr/lib/gcc/x86_64-linux-gnu/13/include/stddef.h
[E 08:48:24 441171] Already archived /home/melissa/sven/scripts/mydb_350m/src/usr/include/x86_64-linux-gnu/bits/stdlib-float.h
[E 08:48:24 441171] Creating trap tarball /home/melissa/sven/scripts/mydb_350m/trap/cpp/tarballs/home/melissa/sven/experiments/sec_eval/sec-eval-350m-prefix/trained/cwe-125/0-c/sec_output/03.c.9025707b_0.trap.tar.br
[E 08:48:24 441171] Emitting trap files for 03.c
[E 08:48:24 441171] Opening existencedb in /home/melissa/sven/scripts/mydb_350m/working/existencedb/db
[E 08:48:24 441171] Warning[extractor-c++]: In index_attribute_arg: Unknown kind 5.
[E 08:48:24 441171] Warning[extractor-c++]: In index_attribute_arg: Unknown kind 5.
[E 08:48:24 441171] Warning[extractor-c++]: In index_attribute_arg: Unknown kind 5.
[E 08:48:24 441171] Warning[extractor-c++]: In index_attribute_arg: Unknown kind 5.
[E 08:48:24 441171] Warning[extractor-c++]: In index_attribute_arg: Unknown kind 5.
[E 08:48:24 441171] Warning[extractor-c++]: In index_attribute_arg: Unknown kind 5.
[E 08:48:24 441171] Warning[extractor-c++]: In index_attribute_arg: Unknown kind 5.
[E 08:48:24 441171] Warning[extractor-c++]: In index_attribute_arg: Unknown kind 5.
[E 08:48:24 441171] Warning[extractor-c++]: In index_attribute_arg: Unknown kind 5.
[E 08:48:24 441171] Warning[extractor-c++]: In index_attribute_arg: Unknown kind 5.
[E 08:48:24 441171] Wrote 1 files to /home/melissa/sven/scripts/mydb_350m/trap/cpp/tarballs/home/melissa/sven/experiments/sec_eval/sec-eval-350m-prefix/trained/cwe-125/0-c/sec_output/03.c.9025707b_0.trap.tar.br
[E 08:48:24 441171] Finished compilation TRAP /home/melissa/sven/scripts/mydb_350m/trap/cpp/compilations/55/52643677_0.trap.br
[E 08:48:24 441171] Marking C compilation as happened.
[E 08:48:24 441171] Setting tag c-compilation-happened
[E 08:48:24 441171] Starting from CODEQL_TRACER_DB_ID 000000000006BB51_0000000000000001
[E 08:48:24 441171] Locking DB /home/melissa/sven/scripts/mydb_350m/working/tags.db
[E 08:48:24 441171] Locked DB /home/melissa/sven/scripts/mydb_350m/working/tags.db
[E 08:48:24 441171] Set tag for 000000000006BB51_0000000000000001
[E 08:48:24 441171] Set tag for 000000000006BB4F_0000000000000001
[E 08:48:24 441171] Set tag for 000000000006BAE9_0000000000000003
[E 08:48:24 441171] Set tag for 000000000006BAE9_0000000000000002
[E 08:48:24 441171] Set tag for root
[E 08:48:24 441171] Unlocking DB
[E 08:48:24 441171] Unlocked DB
[T 08:48:24 441169] Extractor /home/melissa/sven/codeql/cpp/tools/linux64/extractor terminated with exit code 0.
[T 08:48:24 441172] Initializing tracer.
[T 08:48:24 441172] Initialising tags...
[T 08:48:24 441172] ID set to 000000000006BB54_0000000000000001 (parent 000000000006BB4F_0000000000000001)
[T 08:48:24 441172] ==== Candidate to intercept: as (canonical: as) ====
[T 08:48:24 441172] Will try to resolve as in path /home/melissa/sonar-scanner/bin:/home/melissa/anaconda3/envs/sven-env/bin:/home/melissa/miniconda3/condabin:/home/melissa/.vscode-server/cli/servers/Stable-c306e94f98122556ca081f527b466015e1bc37b0/server/bin/remote-cli:/usr/local/sbin:/usr/local/bin:/usr/sbin:/usr/bin:/sbin:/bin:/usr/games:/usr/local/games:/snap/bin:/home/melissa/.vscode-server/extensions/ms-python.debugpy-2025.14.1-linux-x64/bundled/scripts/noConfigScripts:/home/melissa/.vscode-server/data/User/globalStorage/github.copilot-chat/debugCommand:/home/melissa/codeql.
[T 08:48:24 441172]  -> path lookup for as as /home/melissa/sonar-scanner/bin/as...
[T 08:48:24 441172]  -> path lookup for as as /home/melissa/anaconda3/envs/sven-env/bin/as...
[T 08:48:24 441172]  -> path lookup for as as /home/melissa/miniconda3/condabin/as...
[T 08:48:24 441172]  -> path lookup for as as /home/melissa/.vscode-server/cli/servers/Stable-c306e94f98122556ca081f527b466015e1bc37b0/server/bin/remote-cli/as...
[T 08:48:24 441172]  -> path lookup for as as /usr/local/sbin/as...
[T 08:48:24 441172]  -> path lookup for as as /usr/local/bin/as...
[T 08:48:24 441172]  -> path lookup for as as /usr/sbin/as...
[T 08:48:24 441172]  -> path lookup for as as /usr/bin/as...
[T 08:48:24 441172] Resolved barename as to /usr/bin/as
[T 08:48:24 441172] Lua: === Intercepted call to /usr/bin/as ===
[T 08:48:24 441172] Executing the following tracer actions:
[T 08:48:24 441172] Tracer actions:
[T 08:48:24 441172] pre_invocations(0)
[T 08:48:24 441172] post_invocations(1)
[T 08:48:24 441172] invocation: /home/melissa/sven/codeql/cpp/tools/linux64/extractor, args: [--assembler, --codeql-assembler-executable, /usr/bin/as, --64, -o, 03.o, /tmp/cc4XPWTs.s]
[T 08:48:24 441172] trace_languages(1): [cpp]
[T 08:48:24 441174] Attempting to switch stdout/stderr to 4...
[T 08:48:24 441174] Initializing tracer.
[T 08:48:24 441174] Initialising tags...
[T 08:48:24 441174] ID set to 000000000006BB56_0000000000000001 (parent 000000000006BB54_0000000000000001)
[E 08:48:24 441174] CodeQL C/C++ Extractor 2.11.1
[E 08:48:24 441174] Current directory: /home/melissa/sven/experiments/sec_eval/sec-eval-350m-prefix/trained/cwe-125/0-c/sec_output
[E 08:48:24 441174] Command: /home/melissa/sven/codeql/cpp/tools/linux64/extractor --assembler --codeql-assembler-executable /usr/bin/as --64 -o 03.o /tmp/cc4XPWTs.s
[T 08:48:24 441172] Extractor /home/melissa/sven/codeql/cpp/tools/linux64/extractor terminated with exit code 0.
[T 08:48:24 441175] Attempting to switch stdout/stderr to 4...
[T 08:48:24 441175] Initializing tracer.
[T 08:48:24 441175] Initialising tags...
[T 08:48:24 441175] ID set to 000000000006BB57_0000000000000001 (parent 000000000006BB4F_0000000000000001)
[E 08:48:24 441175] CodeQL C/C++ Extractor 2.11.1
[E 08:48:24 441175] Current directory: /home/melissa/sven/experiments/sec_eval/sec-eval-350m-prefix/trained/cwe-125/0-c/sec_output
[E 08:48:24 441175] Command: /home/melissa/sven/codeql/cpp/tools/linux64/extractor --mimic /usr/bin/x86_64-linux-gnu-gcc-13 -c 03.c -o 03.o
[E 08:48:24 441175] Checking whether C compilation already happened.
[E 08:48:24 441175] Checking for tag c-compilation-happened
[E 08:48:24 441175] Checking CODEQL_TRACER_DB_ID 000000000006BB4F_0000000000000001
[E 08:48:24 441175] Locking DB /home/melissa/sven/scripts/mydb_350m/working/tags.db
[E 08:48:24 441175] Locked DB /home/melissa/sven/scripts/mydb_350m/working/tags.db
[E 08:48:24 441175] Unlocking DB
[E 08:48:24 441175] Unlocked DB
[E 08:48:24 441175] Exiting as C compilation already happened.
[T 08:48:24 441167] Extractor /home/melissa/sven/codeql/cpp/tools/linux64/extractor terminated with exit code 0.
[T 08:48:24 441176] Initializing tracer.
[T 08:48:24 441176] Initialising tags...
[T 08:48:24 441176] ID set to 000000000006BB58_0000000000000001 (parent 000000000006BAE9_0000000000000003)
[T 08:48:24 441176] ==== Candidate to intercept: /usr/bin/gcc (canonical: /usr/bin/x86_64-linux-gnu-gcc-13) ====
[T 08:48:24 441176] Lua: === Intercepted call to /usr/bin/x86_64-linux-gnu-gcc-13 ===
[T 08:48:24 441176] Executing the following tracer actions:
[T 08:48:24 441176] Tracer actions:
[T 08:48:24 441176] pre_invocations(0)
[T 08:48:24 441176] post_invocations(1)
[T 08:48:24 441176] invocation: /home/melissa/sven/codeql/cpp/tools/linux64/extractor, args: [--mimic, /usr/bin/x86_64-linux-gnu-gcc-13, -c, 04.c, -o, 04.o]
[T 08:48:24 441176] trace_languages(1): [cpp]
[T 08:48:24 441178] Initializing tracer.
[T 08:48:24 441178] Initialising tags...
[T 08:48:24 441178] ID set to 000000000006BB5A_0000000000000001 (parent 000000000006BB58_0000000000000001)
[T 08:48:24 441178] ==== Candidate to intercept: /usr/libexec/gcc/x86_64-linux-gnu/13/cc1 (canonical: /usr/libexec/gcc/x86_64-linux-gnu/13/cc1) ====
[T 08:48:24 441178] Lua: === Intercepted call to /usr/libexec/gcc/x86_64-linux-gnu/13/cc1 ===
[T 08:48:24 441178] Executing the following tracer actions:
[T 08:48:24 441178] Tracer actions:
[T 08:48:24 441178] pre_invocations(0)
[T 08:48:24 441178] post_invocations(1)
[T 08:48:24 441178] invocation: /home/melissa/sven/codeql/cpp/tools/linux64/extractor, args: [--mimic, /usr/libexec/gcc/x86_64-linux-gnu/13/cc1, -quiet, -imultiarch, x86_64-linux-gnu, 04.c, -quiet, -dumpbase, 04.c, -dumpbase-ext, .c, -mtune=generic, -march=x86-64, -fasynchronous-unwind-tables, -fstack-protector-strong, -Wformat, -Wformat-security, -fstack-clash-protection, -fcf-protection, -o, /tmp/ccDmIKow.s]
[T 08:48:24 441178] trace_languages(1): [cpp]
[T 08:48:24 441180] Attempting to switch stdout/stderr to 4...
[T 08:48:24 441180] Initializing tracer.
[T 08:48:24 441180] Initialising tags...
[T 08:48:24 441180] ID set to 000000000006BB5C_0000000000000001 (parent 000000000006BB5A_0000000000000001)
[E 08:48:24 441180] CodeQL C/C++ Extractor 2.11.1
[E 08:48:24 441180] Current directory: /home/melissa/sven/experiments/sec_eval/sec-eval-350m-prefix/trained/cwe-125/0-c/sec_output
[E 08:48:24 441180] Command: /home/melissa/sven/codeql/cpp/tools/linux64/extractor --mimic /usr/libexec/gcc/x86_64-linux-gnu/13/cc1 -quiet -imultiarch x86_64-linux-gnu 04.c -quiet -dumpbase 04.c -dumpbase-ext .c -mtune=generic -march=x86-64 -fasynchronous-unwind-tables -fstack-protector-strong -Wformat -Wformat-security -fstack-clash-protection -fcf-protection -o /tmp/ccDmIKow.s
[E 08:48:24 441180] Checking whether C compilation already happened.
[E 08:48:24 441180] Checking for tag c-compilation-happened
[E 08:48:24 441180] Checking CODEQL_TRACER_DB_ID 000000000006BB5A_0000000000000001
[E 08:48:24 441180] Locking DB /home/melissa/sven/scripts/mydb_350m/working/tags.db
[E 08:48:24 441180] Locked DB /home/melissa/sven/scripts/mydb_350m/working/tags.db
[E 08:48:24 441180] Unlocking DB
[E 08:48:24 441180] Unlocked DB
[E 08:48:24 441180] Looks like C compilation didn't already happen.
[E 08:48:24 441180] Checking whether C compilation has been attempted.
[E 08:48:24 441180] Checking for tag c-compilation-attempted
[E 08:48:24 441180] Checking CODEQL_TRACER_DB_ID 000000000006BB5A_0000000000000001
[E 08:48:24 441180] Locking DB /home/melissa/sven/scripts/mydb_350m/working/tags.db
[E 08:48:24 441180] Locked DB /home/melissa/sven/scripts/mydb_350m/working/tags.db
[E 08:48:24 441180] Unlocking DB
[E 08:48:24 441180] Unlocked DB
[E 08:48:24 441180] Marking C compilation as attempted.
[E 08:48:24 441180] Setting tag c-compilation-attempted
[E 08:48:24 441180] Starting from CODEQL_TRACER_DB_ID 000000000006BB5A_0000000000000001
[E 08:48:24 441180] Locking DB /home/melissa/sven/scripts/mydb_350m/working/tags.db
[E 08:48:24 441180] Locked DB /home/melissa/sven/scripts/mydb_350m/working/tags.db
[E 08:48:24 441180] Set tag for 000000000006BB5A_0000000000000001
[E 08:48:24 441180] Set tag for 000000000006BB58_0000000000000001
[E 08:48:24 441180] Set tag for 000000000006BAE9_0000000000000003
[E 08:48:24 441180] Set tag for 000000000006BAE9_0000000000000002
[E 08:48:24 441180] Set tag for root
[E 08:48:24 441180] Unlocking DB
[E 08:48:24 441180] Unlocked DB
[E 08:48:24 441180] Processed command line: /home/melissa/sven/codeql/cpp/tools/linux64/extractor --trapfolder /home/melissa/sven/scripts/mydb_350m/trap/cpp --src_archive /home/melissa/sven/scripts/mydb_350m/src --mimic_config /home/melissa/sven/scripts/mydb_350m/working/compiler_mimic_cache/a75ad1f49a2f --object_filename /tmp/ccDmIKow.s -w --error_limit 1000 --disable_system_macros --variadic_macros --gcc --gnu_version 130300 --target linux_x86_64 '-D__DBL_MIN_EXP__=(-1021)' -D__UINT_LEAST16_MAX__=0xffff -D__FLT16_HAS_QUIET_NAN__=1 -D__ATOMIC_ACQUIRE=2 -D__FLT128_MAX_10_EXP__=4932 -D__FLT_MIN__=1.17549435082228750796873653722224568e-38F -D__GCC_IEC_559_COMPLEX=2 '-D__UINT_LEAST8_TYPE__=unsigned char' -D__SIZEOF_FLOAT80__=16 -D__BFLT16_DENORM_MIN__=9.18354961579912115600575419704879436e-41BF16 '-D__INTMAX_C(c)=c ## L' -D__CHAR_BIT__=8 -D__UINT8_MAX__=0xff -D__SCHAR_WIDTH__=8 -D__WINT_MAX__=0xffffffffU '-D__FLT32_MIN_EXP__=(-125)' '-D__BFLT16_NORM_MAX__=3.38953138925153547590470800371487867e+38BF16' '-D__BFLT16_MIN_10_EXP__=(-37)' -D__ORDER_LITTLE_ENDIAN__=1234 -D__WCHAR_MAX__=0x7fffffff -D__GCC_HAVE_SYNC_COMPARE_AND_SWAP_2=1 -D__GCC_HAVE_SYNC_COMPARE_AND_SWAP_4=1 -D__GCC_HAVE_SYNC_COMPARE_AND_SWAP_8=1 -D__GCC_ATOMIC_CHAR_LOCK_FREE=2 -D__GCC_IEC_559=2 -D__FLT32X_DECIMAL_DIG__=17 -D__FLT_EVAL_METHOD__=0 -D__FLT64_DECIMAL_DIG__=17 -D__CET__=3 -D__GCC_ATOMIC_CHAR32_T_LOCK_FREE=2 -D__UINT_FAST64_MAX__=0xffffffffffffffffUL -D__SIG_ATOMIC_TYPE__=int '-D__DBL_MIN_10_EXP__=(-307)' -D__FINITE_MATH_ONLY__=0 -D__FLT32X_MAX_EXP__=1024 -D__GCC_HAVE_SYNC_COMPARE_AND_SWAP_1=1 -D__FLT32_HAS_DENORM__=1 -D__UINT_FAST8_MAX__=0xff -D__FLT32_MAX_10_EXP__=38 -D__DEC64_MAX_EXP__=385 '-D__INT8_C(c)=c' -D__INT_LEAST8_WIDTH__=8 -D__UINT_LEAST64_MAX__=0xffffffffffffffffUL -D__SHRT_MAX__=0x7fff '-D__LDBL_MAX__=1.18973149535723176502126385303097021e+4932L' -D__FLT64X_MAX_10_EXP__=4932 -D__BFLT16_MAX_10_EXP__=38 -D__BFLT16_MAX_EXP__=128 -D__LDBL_IS_IEC_60559__=1 -D__FLT64X_HAS_QUIET_NAN__=1 -D__UINT_LEAST8_MAX__=0xff -D__GCC_ATOMIC_BOOL_LOCK_FREE=2 -D__FLT128_DENORM_MIN__=6.47517511943802511092443895822764655e-4966F128 '-D__UINTMAX_TYPE__=long unsigned int' -D__BFLT16_DECIMAL_DIG__=4 -D__linux=1 -D__DEC32_EPSILON__=1E-6DF -D__FLT_EVAL_METHOD_TS_18661_3__=0 -D__UINT32_MAX__=0xffffffffU '-D__DBL_DENORM_MIN__=((double)4.94065645841246544176568792868221372e-324L)' '-D__FLT128_MIN_EXP__=(-16381)' -D__WINT_MIN__=0U '-D__FLT128_MIN_10_EXP__=(-4931)' -D__FLT32X_IS_IEC_60559__=1 -D__INT_LEAST16_WIDTH__=16 -D__SCHAR_MAX__=0x7f -D__FLT128_MANT_DIG__=113 '-D__WCHAR_MIN__=(-__WCHAR_MAX__ - 1)' '-D__INT64_C(c)=c ## L' -D__SSP_STRONG__=3 -D__GCC_ATOMIC_POINTER_LOCK_FREE=2 -D__ATOMIC_SEQ_CST=5 -D__unix=1 -D__INT_LEAST64_MAX__=0x7fffffffffffffffL -D__FLT32X_MANT_DIG__=53 -D__FLT64X_EPSILON__=1.08420217248550443400745280086994171e-19F64x '-D__DEC64_MIN_EXP__=(-382)' -D__DBL_DIG__=15 -D__FLT_EPSILON__=1.19209289550781250000000000000000000e-7F -D__SHRT_WIDTH__=16 -D__FLT32_IS_IEC_60559__=1 -D__LDBL_MIN__=3.36210314311209350626267781732175260e-4932L -D__STDC_UTF_16__=1 -D__DBL_IS_IEC_60559__=1 -D__DEC32_MAX__=9.999999E96DF -D__FLT64X_DENORM_MIN__=3.64519953188247460252840593361941982e-4951F64x -D__FLT32X_HAS_INFINITY__=1 -D__unix__=1 -D__INT_WIDTH__=32 -D__STDC_IEC_559__=1 -D__STDC_ISO_10646__=201706L -D__DECIMAL_DIG__=21 -D__STDC_IEC_559_COMPLEX__=1 -D__FLT64_EPSILON__=2.22044604925031308084726333618164062e-16F64 -D__gnu_linux__=1 -D__FLT128_IS_IEC_60559__=1 '-D__FLT64X_MIN_10_EXP__=(-4931)' -D__LDBL_HAS_QUIET_NAN__=1 '-D__FLT16_MIN_EXP__=(-13)' -D__FLT64_MANT_DIG__=53 -D__FLT64X_MANT_DIG__=64 -D__BFLT16_DIG__=2 -D__pie__=2 -D__MMX__=1 -D__FLT_HAS_DENORM__=1 -D__SIZEOF_LONG_DOUBLE__=16 -D__BIGGEST_ALIGNMENT__=16 -D__FLT64_MAX_10_EXP__=308 -D__BFLT16_IS_IEC_60559__=0 -D__FLT16_MAX_10_EXP__=4 '-D__DBL_MAX__=((double)1.79769313486231570814527423731704357e+308L)' -D__INT_FAST32_MAX__=0x7fffffffffffffffL -D__DBL_HAS_INFINITY__=1 -D__INT64_MAX__=0x7fffffffffffffffL -D__SIZEOF_FLOAT__=4 -D__HAVE_SPECULATION_SAFE_VALUE=1 '-D__DEC32_MIN_EXP__=(-94)' -D__INTPTR_WIDTH__=64 -D__UINT_LEAST32_MAX__=0xffffffffU -D__FLT32X_HAS_DENORM__=1 '-D__INT_FAST16_TYPE__=long int' -D__MMX_WITH_SSE__=1 -D__LDBL_HAS_DENORM__=1 -D__SEG_GS=1 -D__BFLT16_EPSILON__=7.81250000000000000000000000000000000e-3BF16 -D__FLT128_HAS_INFINITY__=1 -D__DEC32_MIN__=1E-95DF -D__DBL_MAX_EXP__=1024 -D__WCHAR_WIDTH__=32 '-D__FLT32_MAX__=3.40282346638528859811704183484516925e+38F32' -D__DEC128_EPSILON__=1E-33DL -D__FLT16_DECIMAL_DIG__=5 -D__SSE2_MATH__=1 -D__ATOMIC_HLE_RELEASE=131072 -D__PTRDIFF_MAX__=0x7fffffffffffffffL -D__amd64=1 -D__ATOMIC_HLE_ACQUIRE=65536 -D__LONG_LONG_MAX__=0x7fffffffffffffffLL -D__SIZEOF_SIZE_T__=8 -D__BFLT16_HAS_INFINITY__=1 '-D__FLT64X_MIN_EXP__=(-16381)' -D__SIZEOF_WINT_T__=4 -D__LONG_LONG_WIDTH__=64 -D__FLT32_MAX_EXP__=128 -D__GXX_ABI_VERSION=1018 '-D__FLT_MIN_EXP__=(-125)' -D__GCC_HAVE_DWARF2_CFI_ASM=1 -D__INT16_MAX__=0x7fff -D__x86_64=1 '-D__INT_FAST64_TYPE__=long int' '-D__BFLT16_MAX__=3.38953138925153547590470800371487867e+38BF16' -D__BFLT16_HAS_DENORM__=1 -D__FLT64_DENORM_MIN__=4.94065645841246544176568792868221372e-324F64 -D__FLT16_DENORM_MIN__=5.96046447753906250000000000000000000e-8F16 -D__FLT128_EPSILON__=1.92592994438723585305597794258492732e-34F128 '-D__FLT64X_NORM_MAX__=1.18973149535723176502126385303097021e+4932F64x' -D__SIZEOF_POINTER__=8 '-D__SIZE_TYPE__=long unsigned int' -D__LP64__=1 -D__DBL_HAS_QUIET_NAN__=1 -D__FLT32X_EPSILON__=2.22044604925031308084726333618164062e-16F32x -D__LDBL_MAX_EXP__=16384 -D__DECIMAL_BID_FORMAT__=1 '-D__FLT64_MIN_EXP__=(-1021)' '-D__FLT64_MIN_10_EXP__=(-307)' '-D__FLT16_MIN_10_EXP__=(-4)' -D__FLT64X_DECIMAL_DIG__=21 -D__DEC128_MIN__=1E-6143DL -D__REGISTER_PREFIX__= -D__UINT16_MAX__=0xffff -D__DBL_HAS_DENORM__=1 -D__FLT32_MIN__=1.17549435082228750796873653722224568e-38F32 '-D__UINT8_TYPE__=unsigned char' -D__FLT_DIG__=6 -D__NO_INLINE__=1 -D__DEC_EVAL_METHOD__=2 -D__FLT_MANT_DIG__=24 -D__LDBL_DECIMAL_DIG__=21 '-D__UINT64_C(c)=c ## UL' -D_STDC_PREDEF_H=1 -D__INT_LEAST32_MAX__=0x7fffffff -D__GCC_ATOMIC_INT_LOCK_FREE=2 -D__FLT128_MAX_EXP__=16384 -D__FLT32_MANT_DIG__=24 -D__FLOAT_WORD_ORDER__=__ORDER_LITTLE_ENDIAN__ '-D__FLT32X_MIN_EXP__=(-1021)' -D__STDC_IEC_60559_COMPLEX__=201404L -D__BFLT16_MIN__=1.17549435082228750796873653722224568e-38BF16 -D__FLT128_HAS_DENORM__=1 -D__FLT32_DECIMAL_DIG__=9 -D__FLT128_DIG__=33 '-D__INT32_C(c)=c' -D__DEC64_EPSILON__=1E-15DD -D__ORDER_PDP_ENDIAN__=3412 '-D__DEC128_MIN_EXP__=(-6142)' -D__DEC128_MAX__=9.999999999999999999999999999999999E6144DL '-D__INT_FAST32_TYPE__=long int' '-D__UINT_LEAST16_TYPE__=short unsigned int' -D__DEC128_MAX_EXP__=6145 -Dunix=1 -D__UINT64_MAX__=0xffffffffffffffffUL -D__FLT_IS_IEC_60559__=1 '-D__GNUC_WIDE_EXECUTION_CHARSET_NAME="UTF-32LE"' -D__FLT64X_DIG__=18 '-D__INT8_TYPE__=signed char' -D__ELF__=1 -D__GCC_ASM_FLAG_OUTPUTS__=1 '-D__UINT32_TYPE__=unsigned int' -D__BFLT16_HAS_QUIET_NAN__=1 -D__FLT_RADIX__=2 '-D__INT_LEAST16_TYPE__=short int' -D__LDBL_EPSILON__=1.08420217248550443400745280086994171e-19L '-D__UINTMAX_C(c)=c ## UL' -D__FLT16_DIG__=3 -D__SSE_MATH__=1 -D__k8=1 -D__FLT32X_MIN__=2.22507385850720138309023271733240406e-308F32x -D__SIG_ATOMIC_MAX__=0x7fffffff -D__GCC_ATOMIC_WCHAR_T_LOCK_FREE=2 -D__USER_LABEL_PREFIX__= -D__STDC_IEC_60559_BFP__=201404L -D__SIZEOF_PTRDIFF_T__=8 -D__FLT64X_HAS_INFINITY__=1 -D__FLT32_HAS_INFINITY__=1 -D__SIZEOF_LONG__=8 -D__LDBL_DIG__=18 -D__FLT64_IS_IEC_60559__=1 -D__x86_64__=1 -D__FLT16_IS_IEC_60559__=1 -D__FLT16_MAX_EXP__=16 -D__DEC32_SUBNORMAL_MIN__=0.000001E-95DF -D__INT_FAST16_MAX__=0x7fffffffffffffffL -D__GCC_CONSTRUCTIVE_SIZE=64 -D__FLT64_DIG__=15 -D__UINT_FAST32_MAX__=0xffffffffffffffffUL '-D__UINT_LEAST64_TYPE__=long unsigned int' -D__FLT16_EPSILON__=9.76562500000000000000000000000000000e-4F16 -D__FLT_HAS_QUIET_NAN__=1 -D__FLT_MAX_10_EXP__=38 -D__LONG_MAX__=0x7fffffffffffffffL -D__FLT64X_HAS_DENORM__=1 -D__DEC128_SUBNORMAL_MIN__=0.000000000000000000000000000000001E-6143DL -D__FLT_HAS_INFINITY__=1 '-D__GNUC_EXECUTION_CHARSET_NAME="UTF-8"' '-D__UINT_FAST16_TYPE__=long unsigned int' -D__DEC64_MAX__=9.999999999999999E384DD -D__INT_FAST32_WIDTH__=64 -D__PRAGMA_REDEFINE_EXTNAME=1 -D__SIZE_WIDTH__=64 -D__SEG_FS=1 -D__INT_LEAST16_MAX__=0x7fff '-D__FLT16_NORM_MAX__=6.55040000000000000000000000000000000e+4F16' -D__DEC64_MANT_DIG__=16 -D__FLT32_DENORM_MIN__=1.40129846432481707092372958328991613e-45F32 -D__SIG_ATOMIC_WIDTH__=32 '-D__INT_LEAST64_TYPE__=long int' '-D__INT16_TYPE__=short int' '-D__INT_LEAST8_TYPE__=signed char' '-D__FLT16_MAX__=6.55040000000000000000000000000000000e+4F16' -D__FLT128_MIN__=3.36210314311209350626267781732175260e-4932F128 -D__SIZEOF_INT__=4 -D__DEC32_MAX_EXP__=97 -D__INT_FAST8_MAX__=0x7f '-D__FLT128_MAX__=1.18973149535723176508575932662800702e+4932F128' -D__INTPTR_MAX__=0x7fffffffffffffffL -Dlinux=1 -D__FLT64_HAS_QUIET_NAN__=1 '-D__FLT32_MIN_10_EXP__=(-37)' -D__FLT32X_DIG__=15 '-D__UINT16_C(c)=c' -D__PTRDIFF_WIDTH__=64 -D__LDBL_MANT_DIG__=64 -D__INT_FAST16_WIDTH__=64 -D__FLT64_HAS_INFINITY__=1 '-D__FLT64X_MAX__=1.18973149535723176502126385303097021e+4932F64x' -D__FLT16_HAS_INFINITY__=1 '-D__SIG_ATOMIC_MIN__=(-__SIG_ATOMIC_MAX__ - 1)' -D__code_model_small__=1 -D__GCC_ATOMIC_LONG_LOCK_FREE=2 -D__DEC32_MANT_DIG__=7 -D__FLT16_MANT_DIG__=11 -D__k8__=1 '-D__INTPTR_TYPE__=long int' '-D__UINT16_TYPE__=short unsigned int' -D__WCHAR_TYPE__=int -D__pic__=2 -D__UINTPTR_MAX__=0xffffffffffffffffUL -D__INT_FAST64_WIDTH__=64 -D__LDBL_HAS_INFINITY__=1 -D__INT_FAST64_MAX__=0x7fffffffffffffffL -D__GCC_ATOMIC_TEST_AND_SET_TRUEVAL=1 '-D__FLT_NORM_MAX__=3.40282346638528859811704183484516925e+38F' -D__FLT64X_MAX_EXP__=16384 '-D__UINT_FAST64_TYPE__=long unsigned int' '-D__BFLT16_MIN_EXP__=(-125)' -D__INT_MAX__=0x7fffffff -D__linux__=1 '-D__INT64_TYPE__=long int' -D__FLT_MAX_EXP__=128 -D__ORDER_BIG_ENDIAN__=4321 -D__DBL_MANT_DIG__=53 -D__SIZEOF_FLOAT128__=16 -D__BFLT16_MANT_DIG__=8 -D__GCC_ATOMIC_CHAR16_T_LOCK_FREE=2 -D__DEC64_MIN__=1E-383DD '-D__WINT_TYPE__=unsigned int' '-D__UINT_LEAST32_TYPE__=unsigned int' -D__SIZEOF_SHORT__=2 '-D__FLT32_NORM_MAX__=3.40282346638528859811704183484516925e+38F32' -D__SSE__=1 '-D__LDBL_MIN_EXP__=(-16381)' '-D__FLT64_MAX__=1.79769313486231570814527423731704357e+308F64' -D__amd64__=1 -D__WINT_WIDTH__=32 -D__INT_LEAST8_MAX__=0x7f -D__INT_LEAST64_WIDTH__=64 -D__FLT32X_MAX_10_EXP__=308 -D__SIZEOF_INT128__=16 -D__FLT16_MIN__=6.10351562500000000000000000000000000e-5F16 -D__FLT64X_IS_IEC_60559__=1 -D__LDBL_MAX_10_EXP__=4932 -D__ATOMIC_RELAXED=0 '-D__DBL_EPSILON__=((double)2.22044604925031308084726333618164062e-16L)' -D__INT_LEAST32_TYPE__=int -D_LP64=1 '-D__UINT8_C(c)=c' -D__FLT64_MAX_EXP__=1024 -D__SIZEOF_WCHAR_T__=4 '-D__UINT64_TYPE__=long unsigned int' '-D__FLT128_NORM_MAX__=1.18973149535723176508575932662800702e+4932F128' '-D__FLT64_NORM_MAX__=1.79769313486231570814527423731704357e+308F64' -D__FLT128_HAS_QUIET_NAN__=1 -D__INTMAX_MAX__=0x7fffffffffffffffL '-D__INT_FAST8_TYPE__=signed char' -D__FLT64X_MIN__=3.36210314311209350626267781732175260e-4932F64x -D__FLT64_HAS_DENORM__=1 -D__FLT32_EPSILON__=1.19209289550781250000000000000000000e-7F32 -D__FLT16_HAS_DENORM__=1 -D__DBL_DECIMAL_DIG__=17 -D__STDC_UTF_32__=1 -D__INT_FAST8_WIDTH__=8 -D__FXSR__=1 '-D__FLT32X_MAX__=1.79769313486231570814527423731704357e+308F32x' '-D__DBL_NORM_MAX__=((double)1.79769313486231570814527423731704357e+308L)' -D__BYTE_ORDER__=__ORDER_LITTLE_ENDIAN__ -D__GCC_DESTRUCTIVE_SIZE=64 -D__INTMAX_WIDTH__=64 -D__FLT32_DIG__=6 '-D__UINT32_C(c)=c ## U' -D__FLT_DENORM_MIN__=1.40129846432481707092372958328991613e-45F -D__INT8_MAX__=0x7f -D__LONG_WIDTH__=64 '-D__DBL_MIN__=((double)2.22507385850720138309023271733240406e-308L)' -D__PIC__=2 -D__INT32_MAX__=0x7fffffff '-D__UINT_FAST32_TYPE__=long unsigned int' '-D__FLT32X_NORM_MAX__=1.79769313486231570814527423731704357e+308F32x' '-D__FLT_MAX__=3.40282346638528859811704183484516925e+38F' -D__SSE2__=1 -D__INT32_TYPE__=int -D__SIZEOF_DOUBLE__=8 '-D__FLT_MIN_10_EXP__=(-37)' -D__FLT64_MIN__=2.22507385850720138309023271733240406e-308F64 -D__INT_LEAST32_WIDTH__=32 '-D__INTMAX_TYPE__=long int' -D__FLT32X_HAS_QUIET_NAN__=1 -D__ATOMIC_CONSUME=1 -D__UINTMAX_MAX__=0xffffffffffffffffUL -D__PIE__=2 -D__FLT32X_DENORM_MIN__=4.94065645841246544176568792868221372e-324F32x -D__DBL_MAX_10_EXP__=308 -D__LDBL_DENORM_MIN__=3.64519953188247460252840593361941982e-4951L '-D__INT16_C(c)=c' '-D__PTRDIFF_TYPE__=long int' '-D__FLT32X_MIN_10_EXP__=(-307)' '-D__UINTPTR_TYPE__=long unsigned int' -D__DEC64_SUBNORMAL_MIN__=0.000000000000001E-383DD -D__DEC128_MANT_DIG__=34 '-D__LDBL_MIN_10_EXP__=(-4931)' -D__SIZEOF_LONG_LONG__=8 -D__FLT128_DECIMAL_DIG__=36 -D__GCC_ATOMIC_LLONG_LOCK_FREE=2 -D__FLT32_HAS_QUIET_NAN__=1 -D__FLT_DECIMAL_DIG__=9 -D__UINT_FAST16_MAX__=0xffffffffffffffffUL '-D__LDBL_NORM_MAX__=1.18973149535723176502126385303097021e+4932L' -D__GCC_ATOMIC_SHORT_LOCK_FREE=2 -D__SIZE_MAX__=0xffffffffffffffffUL '-D__UINT_FAST8_TYPE__=unsigned char' -D__ATOMIC_ACQ_REL=4 -D__ATOMIC_RELEASE=3 -I/usr/lib/gcc/x86_64-linux-gnu/13/include -I/usr/local/include -I/usr/include/x86_64-linux-gnu -I/usr/include -- 04.c
[E 08:48:24 441180] Starting compilation TRAP /home/melissa/sven/scripts/mydb_350m/trap/cpp/compilations/27/4704023_0.trap.br
[E 08:48:24 441180] Archiving /home/melissa/sven/scripts/mydb_350m/src/home/melissa/sven/experiments/sec_eval/sec-eval-350m-prefix/trained/cwe-125/0-c/sec_output/04.c
[E 08:48:24 441180] Already archived /home/melissa/sven/scripts/mydb_350m/src/usr/include/stdio.h
[E 08:48:24 441180] Already archived /home/melissa/sven/scripts/mydb_350m/src/usr/include/x86_64-linux-gnu/bits/libc-header-start.h
[E 08:48:24 441180] Already archived /home/melissa/sven/scripts/mydb_350m/src/usr/include/features.h
[E 08:48:24 441180] Already archived /home/melissa/sven/scripts/mydb_350m/src/usr/include/features-time64.h
[E 08:48:24 441180] Already archived /home/melissa/sven/scripts/mydb_350m/src/usr/include/x86_64-linux-gnu/bits/wordsize.h
[E 08:48:24 441180] Already archived /home/melissa/sven/scripts/mydb_350m/src/usr/include/x86_64-linux-gnu/bits/timesize.h
[E 08:48:24 441180] Already archived /home/melissa/sven/scripts/mydb_350m/src/usr/include/x86_64-linux-gnu/bits/wordsize.h
[E 08:48:24 441180] Already archived /home/melissa/sven/scripts/mydb_350m/src/usr/include/stdc-predef.h
[E 08:48:24 441180] Already archived /home/melissa/sven/scripts/mydb_350m/src/usr/include/x86_64-linux-gnu/sys/cdefs.h
[E 08:48:24 441180] Already archived /home/melissa/sven/scripts/mydb_350m/src/usr/include/x86_64-linux-gnu/bits/wordsize.h
[E 08:48:24 441180] Already archived /home/melissa/sven/scripts/mydb_350m/src/usr/include/x86_64-linux-gnu/bits/long-double.h
[E 08:48:24 441180] Already archived /home/melissa/sven/scripts/mydb_350m/src/usr/include/x86_64-linux-gnu/gnu/stubs.h
[E 08:48:24 441180] Already archived /home/melissa/sven/scripts/mydb_350m/src/usr/include/x86_64-linux-gnu/gnu/stubs-64.h
[E 08:48:24 441180] Already archived /home/melissa/sven/scripts/mydb_350m/src/usr/lib/gcc/x86_64-linux-gnu/13/include/stddef.h
[E 08:48:24 441180] Already archived /home/melissa/sven/scripts/mydb_350m/src/usr/lib/gcc/x86_64-linux-gnu/13/include/stdarg.h
[E 08:48:24 441180] Already archived /home/melissa/sven/scripts/mydb_350m/src/usr/include/x86_64-linux-gnu/bits/types.h
[E 08:48:24 441180] Already archived /home/melissa/sven/scripts/mydb_350m/src/usr/include/x86_64-linux-gnu/bits/wordsize.h
[E 08:48:24 441180] Already archived /home/melissa/sven/scripts/mydb_350m/src/usr/include/x86_64-linux-gnu/bits/timesize.h
[E 08:48:24 441180] Already archived /home/melissa/sven/scripts/mydb_350m/src/usr/include/x86_64-linux-gnu/bits/wordsize.h
[E 08:48:24 441180] Already archived /home/melissa/sven/scripts/mydb_350m/src/usr/include/x86_64-linux-gnu/bits/typesizes.h
[E 08:48:24 441180] Already archived /home/melissa/sven/scripts/mydb_350m/src/usr/include/x86_64-linux-gnu/bits/time64.h
[E 08:48:24 441180] Already archived /home/melissa/sven/scripts/mydb_350m/src/usr/include/x86_64-linux-gnu/bits/types/__fpos_t.h
[E 08:48:24 441180] Already archived /home/melissa/sven/scripts/mydb_350m/src/usr/include/x86_64-linux-gnu/bits/types/__mbstate_t.h
[E 08:48:24 441180] Already archived /home/melissa/sven/scripts/mydb_350m/src/usr/include/x86_64-linux-gnu/bits/types/__fpos64_t.h
[E 08:48:24 441180] Already archived /home/melissa/sven/scripts/mydb_350m/src/usr/include/x86_64-linux-gnu/bits/types/__FILE.h
[E 08:48:24 441180] Already archived /home/melissa/sven/scripts/mydb_350m/src/usr/include/x86_64-linux-gnu/bits/types/FILE.h
[E 08:48:24 441180] Already archived /home/melissa/sven/scripts/mydb_350m/src/usr/include/x86_64-linux-gnu/bits/types/struct_FILE.h
[E 08:48:24 441180] Already archived /home/melissa/sven/scripts/mydb_350m/src/usr/include/x86_64-linux-gnu/bits/types/cookie_io_functions_t.h
[E 08:48:24 441180] Already archived /home/melissa/sven/scripts/mydb_350m/src/usr/include/x86_64-linux-gnu/bits/stdio_lim.h
[E 08:48:24 441180] Already archived /home/melissa/sven/scripts/mydb_350m/src/usr/include/x86_64-linux-gnu/bits/floatn.h
[E 08:48:24 441180] Already archived /home/melissa/sven/scripts/mydb_350m/src/usr/include/x86_64-linux-gnu/bits/floatn-common.h
[E 08:48:24 441180] Already archived /home/melissa/sven/scripts/mydb_350m/src/usr/include/x86_64-linux-gnu/bits/long-double.h
[E 08:48:24 441180] Already archived /home/melissa/sven/scripts/mydb_350m/src/usr/include/stdlib.h
[E 08:48:24 441180] Already archived /home/melissa/sven/scripts/mydb_350m/src/usr/include/x86_64-linux-gnu/bits/libc-header-start.h
[E 08:48:24 441180] Already archived /home/melissa/sven/scripts/mydb_350m/src/usr/lib/gcc/x86_64-linux-gnu/13/include/stddef.h
[E 08:48:24 441180] Already archived /home/melissa/sven/scripts/mydb_350m/src/usr/include/x86_64-linux-gnu/bits/waitflags.h
[E 08:48:24 441180] Already archived /home/melissa/sven/scripts/mydb_350m/src/usr/include/x86_64-linux-gnu/bits/waitstatus.h
[E 08:48:24 441180] Already archived /home/melissa/sven/scripts/mydb_350m/src/usr/include/x86_64-linux-gnu/sys/types.h
[E 08:48:24 441180] Already archived /home/melissa/sven/scripts/mydb_350m/src/usr/include/x86_64-linux-gnu/bits/types/clock_t.h
[E 08:48:24 441180] Already archived /home/melissa/sven/scripts/mydb_350m/src/usr/include/x86_64-linux-gnu/bits/types/clockid_t.h
[E 08:48:24 441180] Already archived /home/melissa/sven/scripts/mydb_350m/src/usr/include/x86_64-linux-gnu/bits/types/time_t.h
[E 08:48:24 441180] Already archived /home/melissa/sven/scripts/mydb_350m/src/usr/include/x86_64-linux-gnu/bits/types/timer_t.h
[E 08:48:24 441180] Already archived /home/melissa/sven/scripts/mydb_350m/src/usr/lib/gcc/x86_64-linux-gnu/13/include/stddef.h
[E 08:48:24 441180] Already archived /home/melissa/sven/scripts/mydb_350m/src/usr/include/x86_64-linux-gnu/bits/stdint-intn.h
[E 08:48:24 441180] Already archived /home/melissa/sven/scripts/mydb_350m/src/usr/include/endian.h
[E 08:48:24 441180] Already archived /home/melissa/sven/scripts/mydb_350m/src/usr/include/x86_64-linux-gnu/bits/endian.h
[E 08:48:24 441180] Already archived /home/melissa/sven/scripts/mydb_350m/src/usr/include/x86_64-linux-gnu/bits/endianness.h
[E 08:48:24 441180] Already archived /home/melissa/sven/scripts/mydb_350m/src/usr/include/x86_64-linux-gnu/bits/byteswap.h
[E 08:48:24 441180] Already archived /home/melissa/sven/scripts/mydb_350m/src/usr/include/x86_64-linux-gnu/bits/uintn-identity.h
[E 08:48:24 441180] Already archived /home/melissa/sven/scripts/mydb_350m/src/usr/include/x86_64-linux-gnu/sys/select.h
[E 08:48:24 441180] Already archived /home/melissa/sven/scripts/mydb_350m/src/usr/include/x86_64-linux-gnu/bits/select.h
[E 08:48:24 441180] Already archived /home/melissa/sven/scripts/mydb_350m/src/usr/include/x86_64-linux-gnu/bits/types/sigset_t.h
[E 08:48:24 441180] Already archived /home/melissa/sven/scripts/mydb_350m/src/usr/include/x86_64-linux-gnu/bits/types/__sigset_t.h
[E 08:48:24 441180] Already archived /home/melissa/sven/scripts/mydb_350m/src/usr/include/x86_64-linux-gnu/bits/types/struct_timeval.h
[E 08:48:24 441180] Already archived /home/melissa/sven/scripts/mydb_350m/src/usr/include/x86_64-linux-gnu/bits/types/struct_timespec.h
[E 08:48:24 441180] Already archived /home/melissa/sven/scripts/mydb_350m/src/usr/include/x86_64-linux-gnu/bits/pthreadtypes.h
[E 08:48:24 441180] Already archived /home/melissa/sven/scripts/mydb_350m/src/usr/include/x86_64-linux-gnu/bits/thread-shared-types.h
[E 08:48:24 441180] Already archived /home/melissa/sven/scripts/mydb_350m/src/usr/include/x86_64-linux-gnu/bits/pthreadtypes-arch.h
[E 08:48:24 441180] Already archived /home/melissa/sven/scripts/mydb_350m/src/usr/include/x86_64-linux-gnu/bits/wordsize.h
[E 08:48:24 441180] Already archived /home/melissa/sven/scripts/mydb_350m/src/usr/include/x86_64-linux-gnu/bits/atomic_wide_counter.h
[E 08:48:24 441180] Already archived /home/melissa/sven/scripts/mydb_350m/src/usr/include/x86_64-linux-gnu/bits/struct_mutex.h
[E 08:48:24 441180] Already archived /home/melissa/sven/scripts/mydb_350m/src/usr/include/x86_64-linux-gnu/bits/struct_rwlock.h
[E 08:48:24 441180] Already archived /home/melissa/sven/scripts/mydb_350m/src/usr/include/alloca.h
[E 08:48:24 441180] Already archived /home/melissa/sven/scripts/mydb_350m/src/usr/lib/gcc/x86_64-linux-gnu/13/include/stddef.h
[E 08:48:24 441180] Already archived /home/melissa/sven/scripts/mydb_350m/src/usr/include/x86_64-linux-gnu/bits/stdlib-float.h
[E 08:48:24 441180] Creating trap tarball /home/melissa/sven/scripts/mydb_350m/trap/cpp/tarballs/home/melissa/sven/experiments/sec_eval/sec-eval-350m-prefix/trained/cwe-125/0-c/sec_output/04.c.5fdb9144_0.trap.tar.br
[E 08:48:24 441180] Emitting trap files for 04.c
[E 08:48:24 441180] Opening existencedb in /home/melissa/sven/scripts/mydb_350m/working/existencedb/db
[E 08:48:24 441180] Warning[extractor-c++]: In index_attribute_arg: Unknown kind 5.
[E 08:48:24 441180] Warning[extractor-c++]: In index_attribute_arg: Unknown kind 5.
[E 08:48:24 441180] Warning[extractor-c++]: In index_attribute_arg: Unknown kind 5.
[E 08:48:24 441180] Warning[extractor-c++]: In index_attribute_arg: Unknown kind 5.
[E 08:48:24 441180] Warning[extractor-c++]: In index_attribute_arg: Unknown kind 5.
[E 08:48:24 441180] Warning[extractor-c++]: In index_attribute_arg: Unknown kind 5.
[E 08:48:24 441180] Warning[extractor-c++]: In index_attribute_arg: Unknown kind 5.
[E 08:48:24 441180] Warning[extractor-c++]: In index_attribute_arg: Unknown kind 5.
[E 08:48:24 441180] Warning[extractor-c++]: In index_attribute_arg: Unknown kind 5.
[E 08:48:24 441180] Warning[extractor-c++]: In index_attribute_arg: Unknown kind 5.
[E 08:48:24 441180] Wrote 1 files to /home/melissa/sven/scripts/mydb_350m/trap/cpp/tarballs/home/melissa/sven/experiments/sec_eval/sec-eval-350m-prefix/trained/cwe-125/0-c/sec_output/04.c.5fdb9144_0.trap.tar.br
[E 08:48:24 441180] Finished compilation TRAP /home/melissa/sven/scripts/mydb_350m/trap/cpp/compilations/27/4704023_0.trap.br
[E 08:48:24 441180] Marking C compilation as happened.
[E 08:48:24 441180] Setting tag c-compilation-happened
[E 08:48:24 441180] Starting from CODEQL_TRACER_DB_ID 000000000006BB5A_0000000000000001
[E 08:48:24 441180] Locking DB /home/melissa/sven/scripts/mydb_350m/working/tags.db
[E 08:48:24 441180] Locked DB /home/melissa/sven/scripts/mydb_350m/working/tags.db
[E 08:48:24 441180] Set tag for 000000000006BB5A_0000000000000001
[E 08:48:24 441180] Set tag for 000000000006BB58_0000000000000001
[E 08:48:24 441180] Set tag for 000000000006BAE9_0000000000000003
[E 08:48:24 441180] Set tag for 000000000006BAE9_0000000000000002
[E 08:48:24 441180] Set tag for root
[E 08:48:24 441180] Unlocking DB
[E 08:48:24 441180] Unlocked DB
[T 08:48:24 441178] Extractor /home/melissa/sven/codeql/cpp/tools/linux64/extractor terminated with exit code 0.
[T 08:48:24 441186] Initializing tracer.
[T 08:48:24 441186] Initialising tags...
[T 08:48:24 441186] ID set to 000000000006BB62_0000000000000001 (parent 000000000006BB58_0000000000000001)
[T 08:48:24 441186] ==== Candidate to intercept: as (canonical: as) ====
[T 08:48:24 441186] Will try to resolve as in path /home/melissa/sonar-scanner/bin:/home/melissa/anaconda3/envs/sven-env/bin:/home/melissa/miniconda3/condabin:/home/melissa/.vscode-server/cli/servers/Stable-c306e94f98122556ca081f527b466015e1bc37b0/server/bin/remote-cli:/usr/local/sbin:/usr/local/bin:/usr/sbin:/usr/bin:/sbin:/bin:/usr/games:/usr/local/games:/snap/bin:/home/melissa/.vscode-server/extensions/ms-python.debugpy-2025.14.1-linux-x64/bundled/scripts/noConfigScripts:/home/melissa/.vscode-server/data/User/globalStorage/github.copilot-chat/debugCommand:/home/melissa/codeql.
[T 08:48:24 441186]  -> path lookup for as as /home/melissa/sonar-scanner/bin/as...
[T 08:48:24 441186]  -> path lookup for as as /home/melissa/anaconda3/envs/sven-env/bin/as...
[T 08:48:24 441186]  -> path lookup for as as /home/melissa/miniconda3/condabin/as...
[T 08:48:24 441186]  -> path lookup for as as /home/melissa/.vscode-server/cli/servers/Stable-c306e94f98122556ca081f527b466015e1bc37b0/server/bin/remote-cli/as...
[T 08:48:24 441186]  -> path lookup for as as /usr/local/sbin/as...
[T 08:48:24 441186]  -> path lookup for as as /usr/local/bin/as...
[T 08:48:24 441186]  -> path lookup for as as /usr/sbin/as...
[T 08:48:24 441186]  -> path lookup for as as /usr/bin/as...
[T 08:48:24 441186] Resolved barename as to /usr/bin/as
[T 08:48:24 441186] Lua: === Intercepted call to /usr/bin/as ===
[T 08:48:24 441186] Executing the following tracer actions:
[T 08:48:24 441186] Tracer actions:
[T 08:48:24 441186] pre_invocations(0)
[T 08:48:24 441186] post_invocations(1)
[T 08:48:24 441186] invocation: /home/melissa/sven/codeql/cpp/tools/linux64/extractor, args: [--assembler, --codeql-assembler-executable, /usr/bin/as, --64, -o, 04.o, /tmp/ccDmIKow.s]
[T 08:48:24 441186] trace_languages(1): [cpp]
[T 08:48:24 441188] Attempting to switch stdout/stderr to 4...
[T 08:48:24 441188] Initializing tracer.
[T 08:48:24 441188] Initialising tags...
[T 08:48:24 441188] ID set to 000000000006BB64_0000000000000001 (parent 000000000006BB62_0000000000000001)
[E 08:48:24 441188] CodeQL C/C++ Extractor 2.11.1
[E 08:48:24 441188] Current directory: /home/melissa/sven/experiments/sec_eval/sec-eval-350m-prefix/trained/cwe-125/0-c/sec_output
[E 08:48:24 441188] Command: /home/melissa/sven/codeql/cpp/tools/linux64/extractor --assembler --codeql-assembler-executable /usr/bin/as --64 -o 04.o /tmp/ccDmIKow.s
[T 08:48:24 441186] Extractor /home/melissa/sven/codeql/cpp/tools/linux64/extractor terminated with exit code 0.
[T 08:48:24 441189] Attempting to switch stdout/stderr to 4...
[T 08:48:24 441189] Initializing tracer.
[T 08:48:24 441189] Initialising tags...
[T 08:48:24 441189] ID set to 000000000006BB65_0000000000000001 (parent 000000000006BB58_0000000000000001)
[E 08:48:24 441189] CodeQL C/C++ Extractor 2.11.1
[E 08:48:24 441189] Current directory: /home/melissa/sven/experiments/sec_eval/sec-eval-350m-prefix/trained/cwe-125/0-c/sec_output
[E 08:48:24 441189] Command: /home/melissa/sven/codeql/cpp/tools/linux64/extractor --mimic /usr/bin/x86_64-linux-gnu-gcc-13 -c 04.c -o 04.o
[E 08:48:24 441189] Checking whether C compilation already happened.
[E 08:48:24 441189] Checking for tag c-compilation-happened
[E 08:48:24 441189] Checking CODEQL_TRACER_DB_ID 000000000006BB58_0000000000000001
[E 08:48:24 441189] Locking DB /home/melissa/sven/scripts/mydb_350m/working/tags.db
[E 08:48:24 441189] Locked DB /home/melissa/sven/scripts/mydb_350m/working/tags.db
[E 08:48:24 441189] Unlocking DB
[E 08:48:24 441189] Unlocked DB
[E 08:48:24 441189] Exiting as C compilation already happened.
[T 08:48:24 441176] Extractor /home/melissa/sven/codeql/cpp/tools/linux64/extractor terminated with exit code 0.
[T 08:48:24 441190] Initializing tracer.
[T 08:48:24 441190] Initialising tags...
[T 08:48:24 441190] ID set to 000000000006BB66_0000000000000001 (parent 000000000006BAE9_0000000000000003)
[T 08:48:24 441190] ==== Candidate to intercept: /usr/bin/gcc (canonical: /usr/bin/x86_64-linux-gnu-gcc-13) ====
[T 08:48:24 441190] Lua: === Intercepted call to /usr/bin/x86_64-linux-gnu-gcc-13 ===
[T 08:48:24 441190] Executing the following tracer actions:
[T 08:48:24 441190] Tracer actions:
[T 08:48:24 441190] pre_invocations(0)
[T 08:48:24 441190] post_invocations(1)
[T 08:48:24 441190] invocation: /home/melissa/sven/codeql/cpp/tools/linux64/extractor, args: [--mimic, /usr/bin/x86_64-linux-gnu-gcc-13, -c, 05.c, -o, 05.o]
[T 08:48:24 441190] trace_languages(1): [cpp]
[T 08:48:24 441192] Initializing tracer.
[T 08:48:24 441192] Initialising tags...
[T 08:48:24 441192] ID set to 000000000006BB68_0000000000000001 (parent 000000000006BB66_0000000000000001)
[T 08:48:24 441192] ==== Candidate to intercept: /usr/libexec/gcc/x86_64-linux-gnu/13/cc1 (canonical: /usr/libexec/gcc/x86_64-linux-gnu/13/cc1) ====
[T 08:48:24 441192] Lua: === Intercepted call to /usr/libexec/gcc/x86_64-linux-gnu/13/cc1 ===
[T 08:48:24 441192] Executing the following tracer actions:
[T 08:48:24 441192] Tracer actions:
[T 08:48:24 441192] pre_invocations(0)
[T 08:48:24 441192] post_invocations(1)
[T 08:48:24 441192] invocation: /home/melissa/sven/codeql/cpp/tools/linux64/extractor, args: [--mimic, /usr/libexec/gcc/x86_64-linux-gnu/13/cc1, -quiet, -imultiarch, x86_64-linux-gnu, 05.c, -quiet, -dumpbase, 05.c, -dumpbase-ext, .c, -mtune=generic, -march=x86-64, -fasynchronous-unwind-tables, -fstack-protector-strong, -Wformat, -Wformat-security, -fstack-clash-protection, -fcf-protection, -o, /tmp/ccOxTODc.s]
[T 08:48:24 441192] trace_languages(1): [cpp]
[T 08:48:24 441194] Attempting to switch stdout/stderr to 4...
[T 08:48:24 441194] Initializing tracer.
[T 08:48:24 441194] Initialising tags...
[T 08:48:24 441194] ID set to 000000000006BB6A_0000000000000001 (parent 000000000006BB68_0000000000000001)
[E 08:48:24 441194] CodeQL C/C++ Extractor 2.11.1
[E 08:48:24 441194] Current directory: /home/melissa/sven/experiments/sec_eval/sec-eval-350m-prefix/trained/cwe-125/0-c/sec_output
[E 08:48:24 441194] Command: /home/melissa/sven/codeql/cpp/tools/linux64/extractor --mimic /usr/libexec/gcc/x86_64-linux-gnu/13/cc1 -quiet -imultiarch x86_64-linux-gnu 05.c -quiet -dumpbase 05.c -dumpbase-ext .c -mtune=generic -march=x86-64 -fasynchronous-unwind-tables -fstack-protector-strong -Wformat -Wformat-security -fstack-clash-protection -fcf-protection -o /tmp/ccOxTODc.s
[E 08:48:24 441194] Checking whether C compilation already happened.
[E 08:48:24 441194] Checking for tag c-compilation-happened
[E 08:48:24 441194] Checking CODEQL_TRACER_DB_ID 000000000006BB68_0000000000000001
[E 08:48:24 441194] Locking DB /home/melissa/sven/scripts/mydb_350m/working/tags.db
[E 08:48:24 441194] Locked DB /home/melissa/sven/scripts/mydb_350m/working/tags.db
[E 08:48:24 441194] Unlocking DB
[E 08:48:24 441194] Unlocked DB
[E 08:48:24 441194] Looks like C compilation didn't already happen.
[E 08:48:24 441194] Checking whether C compilation has been attempted.
[E 08:48:24 441194] Checking for tag c-compilation-attempted
[E 08:48:24 441194] Checking CODEQL_TRACER_DB_ID 000000000006BB68_0000000000000001
[E 08:48:24 441194] Locking DB /home/melissa/sven/scripts/mydb_350m/working/tags.db
[E 08:48:24 441194] Locked DB /home/melissa/sven/scripts/mydb_350m/working/tags.db
[E 08:48:24 441194] Unlocking DB
[E 08:48:24 441194] Unlocked DB
[E 08:48:24 441194] Marking C compilation as attempted.
[E 08:48:24 441194] Setting tag c-compilation-attempted
[E 08:48:24 441194] Starting from CODEQL_TRACER_DB_ID 000000000006BB68_0000000000000001
[E 08:48:24 441194] Locking DB /home/melissa/sven/scripts/mydb_350m/working/tags.db
[E 08:48:24 441194] Locked DB /home/melissa/sven/scripts/mydb_350m/working/tags.db
[E 08:48:24 441194] Set tag for 000000000006BB68_0000000000000001
[E 08:48:24 441194] Set tag for 000000000006BB66_0000000000000001
[E 08:48:24 441194] Set tag for 000000000006BAE9_0000000000000003
[E 08:48:24 441194] Set tag for 000000000006BAE9_0000000000000002
[E 08:48:24 441194] Set tag for root
[E 08:48:24 441194] Unlocking DB
[E 08:48:24 441194] Unlocked DB
[E 08:48:24 441194] Processed command line: /home/melissa/sven/codeql/cpp/tools/linux64/extractor --trapfolder /home/melissa/sven/scripts/mydb_350m/trap/cpp --src_archive /home/melissa/sven/scripts/mydb_350m/src --mimic_config /home/melissa/sven/scripts/mydb_350m/working/compiler_mimic_cache/a75ad1f49a2f --object_filename /tmp/ccOxTODc.s -w --error_limit 1000 --disable_system_macros --variadic_macros --gcc --gnu_version 130300 --target linux_x86_64 '-D__DBL_MIN_EXP__=(-1021)' -D__UINT_LEAST16_MAX__=0xffff -D__FLT16_HAS_QUIET_NAN__=1 -D__ATOMIC_ACQUIRE=2 -D__FLT128_MAX_10_EXP__=4932 -D__FLT_MIN__=1.17549435082228750796873653722224568e-38F -D__GCC_IEC_559_COMPLEX=2 '-D__UINT_LEAST8_TYPE__=unsigned char' -D__SIZEOF_FLOAT80__=16 -D__BFLT16_DENORM_MIN__=9.18354961579912115600575419704879436e-41BF16 '-D__INTMAX_C(c)=c ## L' -D__CHAR_BIT__=8 -D__UINT8_MAX__=0xff -D__SCHAR_WIDTH__=8 -D__WINT_MAX__=0xffffffffU '-D__FLT32_MIN_EXP__=(-125)' '-D__BFLT16_NORM_MAX__=3.38953138925153547590470800371487867e+38BF16' '-D__BFLT16_MIN_10_EXP__=(-37)' -D__ORDER_LITTLE_ENDIAN__=1234 -D__WCHAR_MAX__=0x7fffffff -D__GCC_HAVE_SYNC_COMPARE_AND_SWAP_2=1 -D__GCC_HAVE_SYNC_COMPARE_AND_SWAP_4=1 -D__GCC_HAVE_SYNC_COMPARE_AND_SWAP_8=1 -D__GCC_ATOMIC_CHAR_LOCK_FREE=2 -D__GCC_IEC_559=2 -D__FLT32X_DECIMAL_DIG__=17 -D__FLT_EVAL_METHOD__=0 -D__FLT64_DECIMAL_DIG__=17 -D__CET__=3 -D__GCC_ATOMIC_CHAR32_T_LOCK_FREE=2 -D__UINT_FAST64_MAX__=0xffffffffffffffffUL -D__SIG_ATOMIC_TYPE__=int '-D__DBL_MIN_10_EXP__=(-307)' -D__FINITE_MATH_ONLY__=0 -D__FLT32X_MAX_EXP__=1024 -D__GCC_HAVE_SYNC_COMPARE_AND_SWAP_1=1 -D__FLT32_HAS_DENORM__=1 -D__UINT_FAST8_MAX__=0xff -D__FLT32_MAX_10_EXP__=38 -D__DEC64_MAX_EXP__=385 '-D__INT8_C(c)=c' -D__INT_LEAST8_WIDTH__=8 -D__UINT_LEAST64_MAX__=0xffffffffffffffffUL -D__SHRT_MAX__=0x7fff '-D__LDBL_MAX__=1.18973149535723176502126385303097021e+4932L' -D__FLT64X_MAX_10_EXP__=4932 -D__BFLT16_MAX_10_EXP__=38 -D__BFLT16_MAX_EXP__=128 -D__LDBL_IS_IEC_60559__=1 -D__FLT64X_HAS_QUIET_NAN__=1 -D__UINT_LEAST8_MAX__=0xff -D__GCC_ATOMIC_BOOL_LOCK_FREE=2 -D__FLT128_DENORM_MIN__=6.47517511943802511092443895822764655e-4966F128 '-D__UINTMAX_TYPE__=long unsigned int' -D__BFLT16_DECIMAL_DIG__=4 -D__linux=1 -D__DEC32_EPSILON__=1E-6DF -D__FLT_EVAL_METHOD_TS_18661_3__=0 -D__UINT32_MAX__=0xffffffffU '-D__DBL_DENORM_MIN__=((double)4.94065645841246544176568792868221372e-324L)' '-D__FLT128_MIN_EXP__=(-16381)' -D__WINT_MIN__=0U '-D__FLT128_MIN_10_EXP__=(-4931)' -D__FLT32X_IS_IEC_60559__=1 -D__INT_LEAST16_WIDTH__=16 -D__SCHAR_MAX__=0x7f -D__FLT128_MANT_DIG__=113 '-D__WCHAR_MIN__=(-__WCHAR_MAX__ - 1)' '-D__INT64_C(c)=c ## L' -D__SSP_STRONG__=3 -D__GCC_ATOMIC_POINTER_LOCK_FREE=2 -D__ATOMIC_SEQ_CST=5 -D__unix=1 -D__INT_LEAST64_MAX__=0x7fffffffffffffffL -D__FLT32X_MANT_DIG__=53 -D__FLT64X_EPSILON__=1.08420217248550443400745280086994171e-19F64x '-D__DEC64_MIN_EXP__=(-382)' -D__DBL_DIG__=15 -D__FLT_EPSILON__=1.19209289550781250000000000000000000e-7F -D__SHRT_WIDTH__=16 -D__FLT32_IS_IEC_60559__=1 -D__LDBL_MIN__=3.36210314311209350626267781732175260e-4932L -D__STDC_UTF_16__=1 -D__DBL_IS_IEC_60559__=1 -D__DEC32_MAX__=9.999999E96DF -D__FLT64X_DENORM_MIN__=3.64519953188247460252840593361941982e-4951F64x -D__FLT32X_HAS_INFINITY__=1 -D__unix__=1 -D__INT_WIDTH__=32 -D__STDC_IEC_559__=1 -D__STDC_ISO_10646__=201706L -D__DECIMAL_DIG__=21 -D__STDC_IEC_559_COMPLEX__=1 -D__FLT64_EPSILON__=2.22044604925031308084726333618164062e-16F64 -D__gnu_linux__=1 -D__FLT128_IS_IEC_60559__=1 '-D__FLT64X_MIN_10_EXP__=(-4931)' -D__LDBL_HAS_QUIET_NAN__=1 '-D__FLT16_MIN_EXP__=(-13)' -D__FLT64_MANT_DIG__=53 -D__FLT64X_MANT_DIG__=64 -D__BFLT16_DIG__=2 -D__pie__=2 -D__MMX__=1 -D__FLT_HAS_DENORM__=1 -D__SIZEOF_LONG_DOUBLE__=16 -D__BIGGEST_ALIGNMENT__=16 -D__FLT64_MAX_10_EXP__=308 -D__BFLT16_IS_IEC_60559__=0 -D__FLT16_MAX_10_EXP__=4 '-D__DBL_MAX__=((double)1.79769313486231570814527423731704357e+308L)' -D__INT_FAST32_MAX__=0x7fffffffffffffffL -D__DBL_HAS_INFINITY__=1 -D__INT64_MAX__=0x7fffffffffffffffL -D__SIZEOF_FLOAT__=4 -D__HAVE_SPECULATION_SAFE_VALUE=1 '-D__DEC32_MIN_EXP__=(-94)' -D__INTPTR_WIDTH__=64 -D__UINT_LEAST32_MAX__=0xffffffffU -D__FLT32X_HAS_DENORM__=1 '-D__INT_FAST16_TYPE__=long int' -D__MMX_WITH_SSE__=1 -D__LDBL_HAS_DENORM__=1 -D__SEG_GS=1 -D__BFLT16_EPSILON__=7.81250000000000000000000000000000000e-3BF16 -D__FLT128_HAS_INFINITY__=1 -D__DEC32_MIN__=1E-95DF -D__DBL_MAX_EXP__=1024 -D__WCHAR_WIDTH__=32 '-D__FLT32_MAX__=3.40282346638528859811704183484516925e+38F32' -D__DEC128_EPSILON__=1E-33DL -D__FLT16_DECIMAL_DIG__=5 -D__SSE2_MATH__=1 -D__ATOMIC_HLE_RELEASE=131072 -D__PTRDIFF_MAX__=0x7fffffffffffffffL -D__amd64=1 -D__ATOMIC_HLE_ACQUIRE=65536 -D__LONG_LONG_MAX__=0x7fffffffffffffffLL -D__SIZEOF_SIZE_T__=8 -D__BFLT16_HAS_INFINITY__=1 '-D__FLT64X_MIN_EXP__=(-16381)' -D__SIZEOF_WINT_T__=4 -D__LONG_LONG_WIDTH__=64 -D__FLT32_MAX_EXP__=128 -D__GXX_ABI_VERSION=1018 '-D__FLT_MIN_EXP__=(-125)' -D__GCC_HAVE_DWARF2_CFI_ASM=1 -D__INT16_MAX__=0x7fff -D__x86_64=1 '-D__INT_FAST64_TYPE__=long int' '-D__BFLT16_MAX__=3.38953138925153547590470800371487867e+38BF16' -D__BFLT16_HAS_DENORM__=1 -D__FLT64_DENORM_MIN__=4.94065645841246544176568792868221372e-324F64 -D__FLT16_DENORM_MIN__=5.96046447753906250000000000000000000e-8F16 -D__FLT128_EPSILON__=1.92592994438723585305597794258492732e-34F128 '-D__FLT64X_NORM_MAX__=1.18973149535723176502126385303097021e+4932F64x' -D__SIZEOF_POINTER__=8 '-D__SIZE_TYPE__=long unsigned int' -D__LP64__=1 -D__DBL_HAS_QUIET_NAN__=1 -D__FLT32X_EPSILON__=2.22044604925031308084726333618164062e-16F32x -D__LDBL_MAX_EXP__=16384 -D__DECIMAL_BID_FORMAT__=1 '-D__FLT64_MIN_EXP__=(-1021)' '-D__FLT64_MIN_10_EXP__=(-307)' '-D__FLT16_MIN_10_EXP__=(-4)' -D__FLT64X_DECIMAL_DIG__=21 -D__DEC128_MIN__=1E-6143DL -D__REGISTER_PREFIX__= -D__UINT16_MAX__=0xffff -D__DBL_HAS_DENORM__=1 -D__FLT32_MIN__=1.17549435082228750796873653722224568e-38F32 '-D__UINT8_TYPE__=unsigned char' -D__FLT_DIG__=6 -D__NO_INLINE__=1 -D__DEC_EVAL_METHOD__=2 -D__FLT_MANT_DIG__=24 -D__LDBL_DECIMAL_DIG__=21 '-D__UINT64_C(c)=c ## UL' -D_STDC_PREDEF_H=1 -D__INT_LEAST32_MAX__=0x7fffffff -D__GCC_ATOMIC_INT_LOCK_FREE=2 -D__FLT128_MAX_EXP__=16384 -D__FLT32_MANT_DIG__=24 -D__FLOAT_WORD_ORDER__=__ORDER_LITTLE_ENDIAN__ '-D__FLT32X_MIN_EXP__=(-1021)' -D__STDC_IEC_60559_COMPLEX__=201404L -D__BFLT16_MIN__=1.17549435082228750796873653722224568e-38BF16 -D__FLT128_HAS_DENORM__=1 -D__FLT32_DECIMAL_DIG__=9 -D__FLT128_DIG__=33 '-D__INT32_C(c)=c' -D__DEC64_EPSILON__=1E-15DD -D__ORDER_PDP_ENDIAN__=3412 '-D__DEC128_MIN_EXP__=(-6142)' -D__DEC128_MAX__=9.999999999999999999999999999999999E6144DL '-D__INT_FAST32_TYPE__=long int' '-D__UINT_LEAST16_TYPE__=short unsigned int' -D__DEC128_MAX_EXP__=6145 -Dunix=1 -D__UINT64_MAX__=0xffffffffffffffffUL -D__FLT_IS_IEC_60559__=1 '-D__GNUC_WIDE_EXECUTION_CHARSET_NAME="UTF-32LE"' -D__FLT64X_DIG__=18 '-D__INT8_TYPE__=signed char' -D__ELF__=1 -D__GCC_ASM_FLAG_OUTPUTS__=1 '-D__UINT32_TYPE__=unsigned int' -D__BFLT16_HAS_QUIET_NAN__=1 -D__FLT_RADIX__=2 '-D__INT_LEAST16_TYPE__=short int' -D__LDBL_EPSILON__=1.08420217248550443400745280086994171e-19L '-D__UINTMAX_C(c)=c ## UL' -D__FLT16_DIG__=3 -D__SSE_MATH__=1 -D__k8=1 -D__FLT32X_MIN__=2.22507385850720138309023271733240406e-308F32x -D__SIG_ATOMIC_MAX__=0x7fffffff -D__GCC_ATOMIC_WCHAR_T_LOCK_FREE=2 -D__USER_LABEL_PREFIX__= -D__STDC_IEC_60559_BFP__=201404L -D__SIZEOF_PTRDIFF_T__=8 -D__FLT64X_HAS_INFINITY__=1 -D__FLT32_HAS_INFINITY__=1 -D__SIZEOF_LONG__=8 -D__LDBL_DIG__=18 -D__FLT64_IS_IEC_60559__=1 -D__x86_64__=1 -D__FLT16_IS_IEC_60559__=1 -D__FLT16_MAX_EXP__=16 -D__DEC32_SUBNORMAL_MIN__=0.000001E-95DF -D__INT_FAST16_MAX__=0x7fffffffffffffffL -D__GCC_CONSTRUCTIVE_SIZE=64 -D__FLT64_DIG__=15 -D__UINT_FAST32_MAX__=0xffffffffffffffffUL '-D__UINT_LEAST64_TYPE__=long unsigned int' -D__FLT16_EPSILON__=9.76562500000000000000000000000000000e-4F16 -D__FLT_HAS_QUIET_NAN__=1 -D__FLT_MAX_10_EXP__=38 -D__LONG_MAX__=0x7fffffffffffffffL -D__FLT64X_HAS_DENORM__=1 -D__DEC128_SUBNORMAL_MIN__=0.000000000000000000000000000000001E-6143DL -D__FLT_HAS_INFINITY__=1 '-D__GNUC_EXECUTION_CHARSET_NAME="UTF-8"' '-D__UINT_FAST16_TYPE__=long unsigned int' -D__DEC64_MAX__=9.999999999999999E384DD -D__INT_FAST32_WIDTH__=64 -D__PRAGMA_REDEFINE_EXTNAME=1 -D__SIZE_WIDTH__=64 -D__SEG_FS=1 -D__INT_LEAST16_MAX__=0x7fff '-D__FLT16_NORM_MAX__=6.55040000000000000000000000000000000e+4F16' -D__DEC64_MANT_DIG__=16 -D__FLT32_DENORM_MIN__=1.40129846432481707092372958328991613e-45F32 -D__SIG_ATOMIC_WIDTH__=32 '-D__INT_LEAST64_TYPE__=long int' '-D__INT16_TYPE__=short int' '-D__INT_LEAST8_TYPE__=signed char' '-D__FLT16_MAX__=6.55040000000000000000000000000000000e+4F16' -D__FLT128_MIN__=3.36210314311209350626267781732175260e-4932F128 -D__SIZEOF_INT__=4 -D__DEC32_MAX_EXP__=97 -D__INT_FAST8_MAX__=0x7f '-D__FLT128_MAX__=1.18973149535723176508575932662800702e+4932F128' -D__INTPTR_MAX__=0x7fffffffffffffffL -Dlinux=1 -D__FLT64_HAS_QUIET_NAN__=1 '-D__FLT32_MIN_10_EXP__=(-37)' -D__FLT32X_DIG__=15 '-D__UINT16_C(c)=c' -D__PTRDIFF_WIDTH__=64 -D__LDBL_MANT_DIG__=64 -D__INT_FAST16_WIDTH__=64 -D__FLT64_HAS_INFINITY__=1 '-D__FLT64X_MAX__=1.18973149535723176502126385303097021e+4932F64x' -D__FLT16_HAS_INFINITY__=1 '-D__SIG_ATOMIC_MIN__=(-__SIG_ATOMIC_MAX__ - 1)' -D__code_model_small__=1 -D__GCC_ATOMIC_LONG_LOCK_FREE=2 -D__DEC32_MANT_DIG__=7 -D__FLT16_MANT_DIG__=11 -D__k8__=1 '-D__INTPTR_TYPE__=long int' '-D__UINT16_TYPE__=short unsigned int' -D__WCHAR_TYPE__=int -D__pic__=2 -D__UINTPTR_MAX__=0xffffffffffffffffUL -D__INT_FAST64_WIDTH__=64 -D__LDBL_HAS_INFINITY__=1 -D__INT_FAST64_MAX__=0x7fffffffffffffffL -D__GCC_ATOMIC_TEST_AND_SET_TRUEVAL=1 '-D__FLT_NORM_MAX__=3.40282346638528859811704183484516925e+38F' -D__FLT64X_MAX_EXP__=16384 '-D__UINT_FAST64_TYPE__=long unsigned int' '-D__BFLT16_MIN_EXP__=(-125)' -D__INT_MAX__=0x7fffffff -D__linux__=1 '-D__INT64_TYPE__=long int' -D__FLT_MAX_EXP__=128 -D__ORDER_BIG_ENDIAN__=4321 -D__DBL_MANT_DIG__=53 -D__SIZEOF_FLOAT128__=16 -D__BFLT16_MANT_DIG__=8 -D__GCC_ATOMIC_CHAR16_T_LOCK_FREE=2 -D__DEC64_MIN__=1E-383DD '-D__WINT_TYPE__=unsigned int' '-D__UINT_LEAST32_TYPE__=unsigned int' -D__SIZEOF_SHORT__=2 '-D__FLT32_NORM_MAX__=3.40282346638528859811704183484516925e+38F32' -D__SSE__=1 '-D__LDBL_MIN_EXP__=(-16381)' '-D__FLT64_MAX__=1.79769313486231570814527423731704357e+308F64' -D__amd64__=1 -D__WINT_WIDTH__=32 -D__INT_LEAST8_MAX__=0x7f -D__INT_LEAST64_WIDTH__=64 -D__FLT32X_MAX_10_EXP__=308 -D__SIZEOF_INT128__=16 -D__FLT16_MIN__=6.10351562500000000000000000000000000e-5F16 -D__FLT64X_IS_IEC_60559__=1 -D__LDBL_MAX_10_EXP__=4932 -D__ATOMIC_RELAXED=0 '-D__DBL_EPSILON__=((double)2.22044604925031308084726333618164062e-16L)' -D__INT_LEAST32_TYPE__=int -D_LP64=1 '-D__UINT8_C(c)=c' -D__FLT64_MAX_EXP__=1024 -D__SIZEOF_WCHAR_T__=4 '-D__UINT64_TYPE__=long unsigned int' '-D__FLT128_NORM_MAX__=1.18973149535723176508575932662800702e+4932F128' '-D__FLT64_NORM_MAX__=1.79769313486231570814527423731704357e+308F64' -D__FLT128_HAS_QUIET_NAN__=1 -D__INTMAX_MAX__=0x7fffffffffffffffL '-D__INT_FAST8_TYPE__=signed char' -D__FLT64X_MIN__=3.36210314311209350626267781732175260e-4932F64x -D__FLT64_HAS_DENORM__=1 -D__FLT32_EPSILON__=1.19209289550781250000000000000000000e-7F32 -D__FLT16_HAS_DENORM__=1 -D__DBL_DECIMAL_DIG__=17 -D__STDC_UTF_32__=1 -D__INT_FAST8_WIDTH__=8 -D__FXSR__=1 '-D__FLT32X_MAX__=1.79769313486231570814527423731704357e+308F32x' '-D__DBL_NORM_MAX__=((double)1.79769313486231570814527423731704357e+308L)' -D__BYTE_ORDER__=__ORDER_LITTLE_ENDIAN__ -D__GCC_DESTRUCTIVE_SIZE=64 -D__INTMAX_WIDTH__=64 -D__FLT32_DIG__=6 '-D__UINT32_C(c)=c ## U' -D__FLT_DENORM_MIN__=1.40129846432481707092372958328991613e-45F -D__INT8_MAX__=0x7f -D__LONG_WIDTH__=64 '-D__DBL_MIN__=((double)2.22507385850720138309023271733240406e-308L)' -D__PIC__=2 -D__INT32_MAX__=0x7fffffff '-D__UINT_FAST32_TYPE__=long unsigned int' '-D__FLT32X_NORM_MAX__=1.79769313486231570814527423731704357e+308F32x' '-D__FLT_MAX__=3.40282346638528859811704183484516925e+38F' -D__SSE2__=1 -D__INT32_TYPE__=int -D__SIZEOF_DOUBLE__=8 '-D__FLT_MIN_10_EXP__=(-37)' -D__FLT64_MIN__=2.22507385850720138309023271733240406e-308F64 -D__INT_LEAST32_WIDTH__=32 '-D__INTMAX_TYPE__=long int' -D__FLT32X_HAS_QUIET_NAN__=1 -D__ATOMIC_CONSUME=1 -D__UINTMAX_MAX__=0xffffffffffffffffUL -D__PIE__=2 -D__FLT32X_DENORM_MIN__=4.94065645841246544176568792868221372e-324F32x -D__DBL_MAX_10_EXP__=308 -D__LDBL_DENORM_MIN__=3.64519953188247460252840593361941982e-4951L '-D__INT16_C(c)=c' '-D__PTRDIFF_TYPE__=long int' '-D__FLT32X_MIN_10_EXP__=(-307)' '-D__UINTPTR_TYPE__=long unsigned int' -D__DEC64_SUBNORMAL_MIN__=0.000000000000001E-383DD -D__DEC128_MANT_DIG__=34 '-D__LDBL_MIN_10_EXP__=(-4931)' -D__SIZEOF_LONG_LONG__=8 -D__FLT128_DECIMAL_DIG__=36 -D__GCC_ATOMIC_LLONG_LOCK_FREE=2 -D__FLT32_HAS_QUIET_NAN__=1 -D__FLT_DECIMAL_DIG__=9 -D__UINT_FAST16_MAX__=0xffffffffffffffffUL '-D__LDBL_NORM_MAX__=1.18973149535723176502126385303097021e+4932L' -D__GCC_ATOMIC_SHORT_LOCK_FREE=2 -D__SIZE_MAX__=0xffffffffffffffffUL '-D__UINT_FAST8_TYPE__=unsigned char' -D__ATOMIC_ACQ_REL=4 -D__ATOMIC_RELEASE=3 -I/usr/lib/gcc/x86_64-linux-gnu/13/include -I/usr/local/include -I/usr/include/x86_64-linux-gnu -I/usr/include -- 05.c
[E 08:48:24 441194] Starting compilation TRAP /home/melissa/sven/scripts/mydb_350m/trap/cpp/compilations/33/21581436_0.trap.br
[E 08:48:24 441194] Archiving /home/melissa/sven/scripts/mydb_350m/src/home/melissa/sven/experiments/sec_eval/sec-eval-350m-prefix/trained/cwe-125/0-c/sec_output/05.c
[E 08:48:24 441194] Already archived /home/melissa/sven/scripts/mydb_350m/src/usr/include/stdio.h
[E 08:48:24 441194] Already archived /home/melissa/sven/scripts/mydb_350m/src/usr/include/x86_64-linux-gnu/bits/libc-header-start.h
[E 08:48:24 441194] Already archived /home/melissa/sven/scripts/mydb_350m/src/usr/include/features.h
[E 08:48:24 441194] Already archived /home/melissa/sven/scripts/mydb_350m/src/usr/include/features-time64.h
[E 08:48:24 441194] Already archived /home/melissa/sven/scripts/mydb_350m/src/usr/include/x86_64-linux-gnu/bits/wordsize.h
[E 08:48:24 441194] Already archived /home/melissa/sven/scripts/mydb_350m/src/usr/include/x86_64-linux-gnu/bits/timesize.h
[E 08:48:24 441194] Already archived /home/melissa/sven/scripts/mydb_350m/src/usr/include/x86_64-linux-gnu/bits/wordsize.h
[E 08:48:24 441194] Already archived /home/melissa/sven/scripts/mydb_350m/src/usr/include/stdc-predef.h
[E 08:48:24 441194] Already archived /home/melissa/sven/scripts/mydb_350m/src/usr/include/x86_64-linux-gnu/sys/cdefs.h
[E 08:48:24 441194] Already archived /home/melissa/sven/scripts/mydb_350m/src/usr/include/x86_64-linux-gnu/bits/wordsize.h
[E 08:48:24 441194] Already archived /home/melissa/sven/scripts/mydb_350m/src/usr/include/x86_64-linux-gnu/bits/long-double.h
[E 08:48:24 441194] Already archived /home/melissa/sven/scripts/mydb_350m/src/usr/include/x86_64-linux-gnu/gnu/stubs.h
[E 08:48:24 441194] Already archived /home/melissa/sven/scripts/mydb_350m/src/usr/include/x86_64-linux-gnu/gnu/stubs-64.h
[E 08:48:24 441194] Already archived /home/melissa/sven/scripts/mydb_350m/src/usr/lib/gcc/x86_64-linux-gnu/13/include/stddef.h
[E 08:48:24 441194] Already archived /home/melissa/sven/scripts/mydb_350m/src/usr/lib/gcc/x86_64-linux-gnu/13/include/stdarg.h
[E 08:48:24 441194] Already archived /home/melissa/sven/scripts/mydb_350m/src/usr/include/x86_64-linux-gnu/bits/types.h
[E 08:48:24 441194] Already archived /home/melissa/sven/scripts/mydb_350m/src/usr/include/x86_64-linux-gnu/bits/wordsize.h
[E 08:48:24 441194] Already archived /home/melissa/sven/scripts/mydb_350m/src/usr/include/x86_64-linux-gnu/bits/timesize.h
[E 08:48:24 441194] Already archived /home/melissa/sven/scripts/mydb_350m/src/usr/include/x86_64-linux-gnu/bits/wordsize.h
[E 08:48:24 441194] Already archived /home/melissa/sven/scripts/mydb_350m/src/usr/include/x86_64-linux-gnu/bits/typesizes.h
[E 08:48:24 441194] Already archived /home/melissa/sven/scripts/mydb_350m/src/usr/include/x86_64-linux-gnu/bits/time64.h
[E 08:48:24 441194] Already archived /home/melissa/sven/scripts/mydb_350m/src/usr/include/x86_64-linux-gnu/bits/types/__fpos_t.h
[E 08:48:24 441194] Already archived /home/melissa/sven/scripts/mydb_350m/src/usr/include/x86_64-linux-gnu/bits/types/__mbstate_t.h
[E 08:48:24 441194] Already archived /home/melissa/sven/scripts/mydb_350m/src/usr/include/x86_64-linux-gnu/bits/types/__fpos64_t.h
[E 08:48:24 441194] Already archived /home/melissa/sven/scripts/mydb_350m/src/usr/include/x86_64-linux-gnu/bits/types/__FILE.h
[E 08:48:24 441194] Already archived /home/melissa/sven/scripts/mydb_350m/src/usr/include/x86_64-linux-gnu/bits/types/FILE.h
[E 08:48:24 441194] Already archived /home/melissa/sven/scripts/mydb_350m/src/usr/include/x86_64-linux-gnu/bits/types/struct_FILE.h
[E 08:48:24 441194] Already archived /home/melissa/sven/scripts/mydb_350m/src/usr/include/x86_64-linux-gnu/bits/types/cookie_io_functions_t.h
[E 08:48:24 441194] Already archived /home/melissa/sven/scripts/mydb_350m/src/usr/include/x86_64-linux-gnu/bits/stdio_lim.h
[E 08:48:24 441194] Already archived /home/melissa/sven/scripts/mydb_350m/src/usr/include/x86_64-linux-gnu/bits/floatn.h
[E 08:48:24 441194] Already archived /home/melissa/sven/scripts/mydb_350m/src/usr/include/x86_64-linux-gnu/bits/floatn-common.h
[E 08:48:24 441194] Already archived /home/melissa/sven/scripts/mydb_350m/src/usr/include/x86_64-linux-gnu/bits/long-double.h
[E 08:48:24 441194] Already archived /home/melissa/sven/scripts/mydb_350m/src/usr/include/stdlib.h
[E 08:48:24 441194] Already archived /home/melissa/sven/scripts/mydb_350m/src/usr/include/x86_64-linux-gnu/bits/libc-header-start.h
[E 08:48:24 441194] Already archived /home/melissa/sven/scripts/mydb_350m/src/usr/lib/gcc/x86_64-linux-gnu/13/include/stddef.h
[E 08:48:24 441194] Already archived /home/melissa/sven/scripts/mydb_350m/src/usr/include/x86_64-linux-gnu/bits/waitflags.h
[E 08:48:24 441194] Already archived /home/melissa/sven/scripts/mydb_350m/src/usr/include/x86_64-linux-gnu/bits/waitstatus.h
[E 08:48:24 441194] Already archived /home/melissa/sven/scripts/mydb_350m/src/usr/include/x86_64-linux-gnu/sys/types.h
[E 08:48:24 441194] Already archived /home/melissa/sven/scripts/mydb_350m/src/usr/include/x86_64-linux-gnu/bits/types/clock_t.h
[E 08:48:24 441194] Already archived /home/melissa/sven/scripts/mydb_350m/src/usr/include/x86_64-linux-gnu/bits/types/clockid_t.h
[E 08:48:24 441194] Already archived /home/melissa/sven/scripts/mydb_350m/src/usr/include/x86_64-linux-gnu/bits/types/time_t.h
[E 08:48:24 441194] Already archived /home/melissa/sven/scripts/mydb_350m/src/usr/include/x86_64-linux-gnu/bits/types/timer_t.h
[E 08:48:24 441194] Already archived /home/melissa/sven/scripts/mydb_350m/src/usr/lib/gcc/x86_64-linux-gnu/13/include/stddef.h
[E 08:48:24 441194] Already archived /home/melissa/sven/scripts/mydb_350m/src/usr/include/x86_64-linux-gnu/bits/stdint-intn.h
[E 08:48:24 441194] Already archived /home/melissa/sven/scripts/mydb_350m/src/usr/include/endian.h
[E 08:48:24 441194] Already archived /home/melissa/sven/scripts/mydb_350m/src/usr/include/x86_64-linux-gnu/bits/endian.h
[E 08:48:24 441194] Already archived /home/melissa/sven/scripts/mydb_350m/src/usr/include/x86_64-linux-gnu/bits/endianness.h
[E 08:48:24 441194] Already archived /home/melissa/sven/scripts/mydb_350m/src/usr/include/x86_64-linux-gnu/bits/byteswap.h
[E 08:48:24 441194] Already archived /home/melissa/sven/scripts/mydb_350m/src/usr/include/x86_64-linux-gnu/bits/uintn-identity.h
[E 08:48:24 441194] Already archived /home/melissa/sven/scripts/mydb_350m/src/usr/include/x86_64-linux-gnu/sys/select.h
[E 08:48:24 441194] Already archived /home/melissa/sven/scripts/mydb_350m/src/usr/include/x86_64-linux-gnu/bits/select.h
[E 08:48:24 441194] Already archived /home/melissa/sven/scripts/mydb_350m/src/usr/include/x86_64-linux-gnu/bits/types/sigset_t.h
[E 08:48:24 441194] Already archived /home/melissa/sven/scripts/mydb_350m/src/usr/include/x86_64-linux-gnu/bits/types/__sigset_t.h
[E 08:48:24 441194] Already archived /home/melissa/sven/scripts/mydb_350m/src/usr/include/x86_64-linux-gnu/bits/types/struct_timeval.h
[E 08:48:24 441194] Already archived /home/melissa/sven/scripts/mydb_350m/src/usr/include/x86_64-linux-gnu/bits/types/struct_timespec.h
[E 08:48:24 441194] Already archived /home/melissa/sven/scripts/mydb_350m/src/usr/include/x86_64-linux-gnu/bits/pthreadtypes.h
[E 08:48:24 441194] Already archived /home/melissa/sven/scripts/mydb_350m/src/usr/include/x86_64-linux-gnu/bits/thread-shared-types.h
[E 08:48:24 441194] Already archived /home/melissa/sven/scripts/mydb_350m/src/usr/include/x86_64-linux-gnu/bits/pthreadtypes-arch.h
[E 08:48:24 441194] Already archived /home/melissa/sven/scripts/mydb_350m/src/usr/include/x86_64-linux-gnu/bits/wordsize.h
[E 08:48:24 441194] Already archived /home/melissa/sven/scripts/mydb_350m/src/usr/include/x86_64-linux-gnu/bits/atomic_wide_counter.h
[E 08:48:24 441194] Already archived /home/melissa/sven/scripts/mydb_350m/src/usr/include/x86_64-linux-gnu/bits/struct_mutex.h
[E 08:48:24 441194] Already archived /home/melissa/sven/scripts/mydb_350m/src/usr/include/x86_64-linux-gnu/bits/struct_rwlock.h
[E 08:48:24 441194] Already archived /home/melissa/sven/scripts/mydb_350m/src/usr/include/alloca.h
[E 08:48:24 441194] Already archived /home/melissa/sven/scripts/mydb_350m/src/usr/lib/gcc/x86_64-linux-gnu/13/include/stddef.h
[E 08:48:24 441194] Already archived /home/melissa/sven/scripts/mydb_350m/src/usr/include/x86_64-linux-gnu/bits/stdlib-float.h
[E 08:48:24 441194] Creating trap tarball /home/melissa/sven/scripts/mydb_350m/trap/cpp/tarballs/home/melissa/sven/experiments/sec_eval/sec-eval-350m-prefix/trained/cwe-125/0-c/sec_output/05.c.6869c7be_0.trap.tar.br
[E 08:48:24 441194] Emitting trap files for 05.c
[E 08:48:24 441194] Opening existencedb in /home/melissa/sven/scripts/mydb_350m/working/existencedb/db
[E 08:48:24 441194] Warning[extractor-c++]: In index_attribute_arg: Unknown kind 5.
[E 08:48:24 441194] Warning[extractor-c++]: In index_attribute_arg: Unknown kind 5.
[E 08:48:24 441194] Warning[extractor-c++]: In index_attribute_arg: Unknown kind 5.
[E 08:48:24 441194] Warning[extractor-c++]: In index_attribute_arg: Unknown kind 5.
[E 08:48:24 441194] Warning[extractor-c++]: In index_attribute_arg: Unknown kind 5.
[E 08:48:24 441194] Warning[extractor-c++]: In index_attribute_arg: Unknown kind 5.
[E 08:48:24 441194] Warning[extractor-c++]: In index_attribute_arg: Unknown kind 5.
[E 08:48:24 441194] Warning[extractor-c++]: In index_attribute_arg: Unknown kind 5.
[E 08:48:24 441194] Warning[extractor-c++]: In index_attribute_arg: Unknown kind 5.
[E 08:48:24 441194] Warning[extractor-c++]: In index_attribute_arg: Unknown kind 5.
[E 08:48:24 441194] Wrote 1 files to /home/melissa/sven/scripts/mydb_350m/trap/cpp/tarballs/home/melissa/sven/experiments/sec_eval/sec-eval-350m-prefix/trained/cwe-125/0-c/sec_output/05.c.6869c7be_0.trap.tar.br
[E 08:48:24 441194] Finished compilation TRAP /home/melissa/sven/scripts/mydb_350m/trap/cpp/compilations/33/21581436_0.trap.br
[E 08:48:24 441194] Marking C compilation as happened.
[E 08:48:24 441194] Setting tag c-compilation-happened
[E 08:48:24 441194] Starting from CODEQL_TRACER_DB_ID 000000000006BB68_0000000000000001
[E 08:48:24 441194] Locking DB /home/melissa/sven/scripts/mydb_350m/working/tags.db
[E 08:48:24 441194] Locked DB /home/melissa/sven/scripts/mydb_350m/working/tags.db
[E 08:48:24 441194] Set tag for 000000000006BB68_0000000000000001
[E 08:48:24 441194] Set tag for 000000000006BB66_0000000000000001
[E 08:48:24 441194] Set tag for 000000000006BAE9_0000000000000003
[E 08:48:24 441194] Set tag for 000000000006BAE9_0000000000000002
[E 08:48:24 441194] Set tag for root
[E 08:48:24 441194] Unlocking DB
[E 08:48:24 441194] Unlocked DB
[T 08:48:24 441192] Extractor /home/melissa/sven/codeql/cpp/tools/linux64/extractor terminated with exit code 0.
[T 08:48:24 441195] Initializing tracer.
[T 08:48:24 441195] Initialising tags...
[T 08:48:24 441195] ID set to 000000000006BB6B_0000000000000001 (parent 000000000006BB66_0000000000000001)
[T 08:48:24 441195] ==== Candidate to intercept: as (canonical: as) ====
[T 08:48:24 441195] Will try to resolve as in path /home/melissa/sonar-scanner/bin:/home/melissa/anaconda3/envs/sven-env/bin:/home/melissa/miniconda3/condabin:/home/melissa/.vscode-server/cli/servers/Stable-c306e94f98122556ca081f527b466015e1bc37b0/server/bin/remote-cli:/usr/local/sbin:/usr/local/bin:/usr/sbin:/usr/bin:/sbin:/bin:/usr/games:/usr/local/games:/snap/bin:/home/melissa/.vscode-server/extensions/ms-python.debugpy-2025.14.1-linux-x64/bundled/scripts/noConfigScripts:/home/melissa/.vscode-server/data/User/globalStorage/github.copilot-chat/debugCommand:/home/melissa/codeql.
[T 08:48:24 441195]  -> path lookup for as as /home/melissa/sonar-scanner/bin/as...
[T 08:48:24 441195]  -> path lookup for as as /home/melissa/anaconda3/envs/sven-env/bin/as...
[T 08:48:24 441195]  -> path lookup for as as /home/melissa/miniconda3/condabin/as...
[T 08:48:24 441195]  -> path lookup for as as /home/melissa/.vscode-server/cli/servers/Stable-c306e94f98122556ca081f527b466015e1bc37b0/server/bin/remote-cli/as...
[T 08:48:24 441195]  -> path lookup for as as /usr/local/sbin/as...
[T 08:48:24 441195]  -> path lookup for as as /usr/local/bin/as...
[T 08:48:24 441195]  -> path lookup for as as /usr/sbin/as...
[T 08:48:24 441195]  -> path lookup for as as /usr/bin/as...
[T 08:48:24 441195] Resolved barename as to /usr/bin/as
[T 08:48:24 441195] Lua: === Intercepted call to /usr/bin/as ===
[T 08:48:24 441195] Executing the following tracer actions:
[T 08:48:24 441195] Tracer actions:
[T 08:48:24 441195] pre_invocations(0)
[T 08:48:24 441195] post_invocations(1)
[T 08:48:24 441195] invocation: /home/melissa/sven/codeql/cpp/tools/linux64/extractor, args: [--assembler, --codeql-assembler-executable, /usr/bin/as, --64, -o, 05.o, /tmp/ccOxTODc.s]
[T 08:48:24 441195] trace_languages(1): [cpp]
[T 08:48:24 441197] Attempting to switch stdout/stderr to 4...
[T 08:48:24 441197] Initializing tracer.
[T 08:48:24 441197] Initialising tags...
[T 08:48:24 441197] ID set to 000000000006BB6D_0000000000000001 (parent 000000000006BB6B_0000000000000001)
[E 08:48:24 441197] CodeQL C/C++ Extractor 2.11.1
[E 08:48:24 441197] Current directory: /home/melissa/sven/experiments/sec_eval/sec-eval-350m-prefix/trained/cwe-125/0-c/sec_output
[E 08:48:24 441197] Command: /home/melissa/sven/codeql/cpp/tools/linux64/extractor --assembler --codeql-assembler-executable /usr/bin/as --64 -o 05.o /tmp/ccOxTODc.s
[T 08:48:24 441195] Extractor /home/melissa/sven/codeql/cpp/tools/linux64/extractor terminated with exit code 0.
[T 08:48:24 441198] Attempting to switch stdout/stderr to 4...
[T 08:48:24 441198] Initializing tracer.
[T 08:48:24 441198] Initialising tags...
[T 08:48:24 441198] ID set to 000000000006BB6E_0000000000000001 (parent 000000000006BB66_0000000000000001)
[E 08:48:24 441198] CodeQL C/C++ Extractor 2.11.1
[E 08:48:24 441198] Current directory: /home/melissa/sven/experiments/sec_eval/sec-eval-350m-prefix/trained/cwe-125/0-c/sec_output
[E 08:48:24 441198] Command: /home/melissa/sven/codeql/cpp/tools/linux64/extractor --mimic /usr/bin/x86_64-linux-gnu-gcc-13 -c 05.c -o 05.o
[E 08:48:24 441198] Checking whether C compilation already happened.
[E 08:48:24 441198] Checking for tag c-compilation-happened
[E 08:48:24 441198] Checking CODEQL_TRACER_DB_ID 000000000006BB66_0000000000000001
[E 08:48:24 441198] Locking DB /home/melissa/sven/scripts/mydb_350m/working/tags.db
[E 08:48:24 441198] Locked DB /home/melissa/sven/scripts/mydb_350m/working/tags.db
[E 08:48:24 441198] Unlocking DB
[E 08:48:24 441198] Unlocked DB
[E 08:48:24 441198] Exiting as C compilation already happened.
[T 08:48:24 441190] Extractor /home/melissa/sven/codeql/cpp/tools/linux64/extractor terminated with exit code 0.
[T 08:48:24 441199] Initializing tracer.
[T 08:48:24 441199] Initialising tags...
[T 08:48:24 441199] ID set to 000000000006BB6F_0000000000000001 (parent 000000000006BAE9_0000000000000003)
[T 08:48:24 441199] ==== Candidate to intercept: /usr/bin/gcc (canonical: /usr/bin/x86_64-linux-gnu-gcc-13) ====
[T 08:48:24 441199] Lua: === Intercepted call to /usr/bin/x86_64-linux-gnu-gcc-13 ===
[T 08:48:24 441199] Executing the following tracer actions:
[T 08:48:24 441199] Tracer actions:
[T 08:48:24 441199] pre_invocations(0)
[T 08:48:24 441199] post_invocations(1)
[T 08:48:24 441199] invocation: /home/melissa/sven/codeql/cpp/tools/linux64/extractor, args: [--mimic, /usr/bin/x86_64-linux-gnu-gcc-13, -c, 06.c, -o, 06.o]
[T 08:48:24 441199] trace_languages(1): [cpp]
[T 08:48:24 441201] Initializing tracer.
[T 08:48:24 441201] Initialising tags...
[T 08:48:24 441201] ID set to 000000000006BB71_0000000000000001 (parent 000000000006BB6F_0000000000000001)
[T 08:48:24 441201] ==== Candidate to intercept: /usr/libexec/gcc/x86_64-linux-gnu/13/cc1 (canonical: /usr/libexec/gcc/x86_64-linux-gnu/13/cc1) ====
[T 08:48:24 441201] Lua: === Intercepted call to /usr/libexec/gcc/x86_64-linux-gnu/13/cc1 ===
[T 08:48:24 441201] Executing the following tracer actions:
[T 08:48:24 441201] Tracer actions:
[T 08:48:24 441201] pre_invocations(0)
[T 08:48:24 441201] post_invocations(1)
[T 08:48:24 441201] invocation: /home/melissa/sven/codeql/cpp/tools/linux64/extractor, args: [--mimic, /usr/libexec/gcc/x86_64-linux-gnu/13/cc1, -quiet, -imultiarch, x86_64-linux-gnu, 06.c, -quiet, -dumpbase, 06.c, -dumpbase-ext, .c, -mtune=generic, -march=x86-64, -fasynchronous-unwind-tables, -fstack-protector-strong, -Wformat, -Wformat-security, -fstack-clash-protection, -fcf-protection, -o, /tmp/ccdZPQ3X.s]
[T 08:48:24 441201] trace_languages(1): [cpp]
[T 08:48:24 441203] Attempting to switch stdout/stderr to 4...
[T 08:48:24 441203] Initializing tracer.
[T 08:48:24 441203] Initialising tags...
[T 08:48:24 441203] ID set to 000000000006BB73_0000000000000001 (parent 000000000006BB71_0000000000000001)
[E 08:48:24 441203] CodeQL C/C++ Extractor 2.11.1
[E 08:48:24 441203] Current directory: /home/melissa/sven/experiments/sec_eval/sec-eval-350m-prefix/trained/cwe-125/0-c/sec_output
[E 08:48:24 441203] Command: /home/melissa/sven/codeql/cpp/tools/linux64/extractor --mimic /usr/libexec/gcc/x86_64-linux-gnu/13/cc1 -quiet -imultiarch x86_64-linux-gnu 06.c -quiet -dumpbase 06.c -dumpbase-ext .c -mtune=generic -march=x86-64 -fasynchronous-unwind-tables -fstack-protector-strong -Wformat -Wformat-security -fstack-clash-protection -fcf-protection -o /tmp/ccdZPQ3X.s
[E 08:48:24 441203] Checking whether C compilation already happened.
[E 08:48:24 441203] Checking for tag c-compilation-happened
[E 08:48:24 441203] Checking CODEQL_TRACER_DB_ID 000000000006BB71_0000000000000001
[E 08:48:24 441203] Locking DB /home/melissa/sven/scripts/mydb_350m/working/tags.db
[E 08:48:24 441203] Locked DB /home/melissa/sven/scripts/mydb_350m/working/tags.db
[E 08:48:24 441203] Unlocking DB
[E 08:48:24 441203] Unlocked DB
[E 08:48:24 441203] Looks like C compilation didn't already happen.
[E 08:48:24 441203] Checking whether C compilation has been attempted.
[E 08:48:24 441203] Checking for tag c-compilation-attempted
[E 08:48:24 441203] Checking CODEQL_TRACER_DB_ID 000000000006BB71_0000000000000001
[E 08:48:24 441203] Locking DB /home/melissa/sven/scripts/mydb_350m/working/tags.db
[E 08:48:24 441203] Locked DB /home/melissa/sven/scripts/mydb_350m/working/tags.db
[E 08:48:24 441203] Unlocking DB
[E 08:48:24 441203] Unlocked DB
[E 08:48:24 441203] Marking C compilation as attempted.
[E 08:48:24 441203] Setting tag c-compilation-attempted
[E 08:48:24 441203] Starting from CODEQL_TRACER_DB_ID 000000000006BB71_0000000000000001
[E 08:48:24 441203] Locking DB /home/melissa/sven/scripts/mydb_350m/working/tags.db
[E 08:48:24 441203] Locked DB /home/melissa/sven/scripts/mydb_350m/working/tags.db
[E 08:48:24 441203] Set tag for 000000000006BB71_0000000000000001
[E 08:48:24 441203] Set tag for 000000000006BB6F_0000000000000001
[E 08:48:24 441203] Set tag for 000000000006BAE9_0000000000000003
[E 08:48:24 441203] Set tag for 000000000006BAE9_0000000000000002
[E 08:48:24 441203] Set tag for root
[E 08:48:24 441203] Unlocking DB
[E 08:48:24 441203] Unlocked DB
[E 08:48:24 441203] Processed command line: /home/melissa/sven/codeql/cpp/tools/linux64/extractor --trapfolder /home/melissa/sven/scripts/mydb_350m/trap/cpp --src_archive /home/melissa/sven/scripts/mydb_350m/src --mimic_config /home/melissa/sven/scripts/mydb_350m/working/compiler_mimic_cache/a75ad1f49a2f --object_filename /tmp/ccdZPQ3X.s -w --error_limit 1000 --disable_system_macros --variadic_macros --gcc --gnu_version 130300 --target linux_x86_64 '-D__DBL_MIN_EXP__=(-1021)' -D__UINT_LEAST16_MAX__=0xffff -D__FLT16_HAS_QUIET_NAN__=1 -D__ATOMIC_ACQUIRE=2 -D__FLT128_MAX_10_EXP__=4932 -D__FLT_MIN__=1.17549435082228750796873653722224568e-38F -D__GCC_IEC_559_COMPLEX=2 '-D__UINT_LEAST8_TYPE__=unsigned char' -D__SIZEOF_FLOAT80__=16 -D__BFLT16_DENORM_MIN__=9.18354961579912115600575419704879436e-41BF16 '-D__INTMAX_C(c)=c ## L' -D__CHAR_BIT__=8 -D__UINT8_MAX__=0xff -D__SCHAR_WIDTH__=8 -D__WINT_MAX__=0xffffffffU '-D__FLT32_MIN_EXP__=(-125)' '-D__BFLT16_NORM_MAX__=3.38953138925153547590470800371487867e+38BF16' '-D__BFLT16_MIN_10_EXP__=(-37)' -D__ORDER_LITTLE_ENDIAN__=1234 -D__WCHAR_MAX__=0x7fffffff -D__GCC_HAVE_SYNC_COMPARE_AND_SWAP_2=1 -D__GCC_HAVE_SYNC_COMPARE_AND_SWAP_4=1 -D__GCC_HAVE_SYNC_COMPARE_AND_SWAP_8=1 -D__GCC_ATOMIC_CHAR_LOCK_FREE=2 -D__GCC_IEC_559=2 -D__FLT32X_DECIMAL_DIG__=17 -D__FLT_EVAL_METHOD__=0 -D__FLT64_DECIMAL_DIG__=17 -D__CET__=3 -D__GCC_ATOMIC_CHAR32_T_LOCK_FREE=2 -D__UINT_FAST64_MAX__=0xffffffffffffffffUL -D__SIG_ATOMIC_TYPE__=int '-D__DBL_MIN_10_EXP__=(-307)' -D__FINITE_MATH_ONLY__=0 -D__FLT32X_MAX_EXP__=1024 -D__GCC_HAVE_SYNC_COMPARE_AND_SWAP_1=1 -D__FLT32_HAS_DENORM__=1 -D__UINT_FAST8_MAX__=0xff -D__FLT32_MAX_10_EXP__=38 -D__DEC64_MAX_EXP__=385 '-D__INT8_C(c)=c' -D__INT_LEAST8_WIDTH__=8 -D__UINT_LEAST64_MAX__=0xffffffffffffffffUL -D__SHRT_MAX__=0x7fff '-D__LDBL_MAX__=1.18973149535723176502126385303097021e+4932L' -D__FLT64X_MAX_10_EXP__=4932 -D__BFLT16_MAX_10_EXP__=38 -D__BFLT16_MAX_EXP__=128 -D__LDBL_IS_IEC_60559__=1 -D__FLT64X_HAS_QUIET_NAN__=1 -D__UINT_LEAST8_MAX__=0xff -D__GCC_ATOMIC_BOOL_LOCK_FREE=2 -D__FLT128_DENORM_MIN__=6.47517511943802511092443895822764655e-4966F128 '-D__UINTMAX_TYPE__=long unsigned int' -D__BFLT16_DECIMAL_DIG__=4 -D__linux=1 -D__DEC32_EPSILON__=1E-6DF -D__FLT_EVAL_METHOD_TS_18661_3__=0 -D__UINT32_MAX__=0xffffffffU '-D__DBL_DENORM_MIN__=((double)4.94065645841246544176568792868221372e-324L)' '-D__FLT128_MIN_EXP__=(-16381)' -D__WINT_MIN__=0U '-D__FLT128_MIN_10_EXP__=(-4931)' -D__FLT32X_IS_IEC_60559__=1 -D__INT_LEAST16_WIDTH__=16 -D__SCHAR_MAX__=0x7f -D__FLT128_MANT_DIG__=113 '-D__WCHAR_MIN__=(-__WCHAR_MAX__ - 1)' '-D__INT64_C(c)=c ## L' -D__SSP_STRONG__=3 -D__GCC_ATOMIC_POINTER_LOCK_FREE=2 -D__ATOMIC_SEQ_CST=5 -D__unix=1 -D__INT_LEAST64_MAX__=0x7fffffffffffffffL -D__FLT32X_MANT_DIG__=53 -D__FLT64X_EPSILON__=1.08420217248550443400745280086994171e-19F64x '-D__DEC64_MIN_EXP__=(-382)' -D__DBL_DIG__=15 -D__FLT_EPSILON__=1.19209289550781250000000000000000000e-7F -D__SHRT_WIDTH__=16 -D__FLT32_IS_IEC_60559__=1 -D__LDBL_MIN__=3.36210314311209350626267781732175260e-4932L -D__STDC_UTF_16__=1 -D__DBL_IS_IEC_60559__=1 -D__DEC32_MAX__=9.999999E96DF -D__FLT64X_DENORM_MIN__=3.64519953188247460252840593361941982e-4951F64x -D__FLT32X_HAS_INFINITY__=1 -D__unix__=1 -D__INT_WIDTH__=32 -D__STDC_IEC_559__=1 -D__STDC_ISO_10646__=201706L -D__DECIMAL_DIG__=21 -D__STDC_IEC_559_COMPLEX__=1 -D__FLT64_EPSILON__=2.22044604925031308084726333618164062e-16F64 -D__gnu_linux__=1 -D__FLT128_IS_IEC_60559__=1 '-D__FLT64X_MIN_10_EXP__=(-4931)' -D__LDBL_HAS_QUIET_NAN__=1 '-D__FLT16_MIN_EXP__=(-13)' -D__FLT64_MANT_DIG__=53 -D__FLT64X_MANT_DIG__=64 -D__BFLT16_DIG__=2 -D__pie__=2 -D__MMX__=1 -D__FLT_HAS_DENORM__=1 -D__SIZEOF_LONG_DOUBLE__=16 -D__BIGGEST_ALIGNMENT__=16 -D__FLT64_MAX_10_EXP__=308 -D__BFLT16_IS_IEC_60559__=0 -D__FLT16_MAX_10_EXP__=4 '-D__DBL_MAX__=((double)1.79769313486231570814527423731704357e+308L)' -D__INT_FAST32_MAX__=0x7fffffffffffffffL -D__DBL_HAS_INFINITY__=1 -D__INT64_MAX__=0x7fffffffffffffffL -D__SIZEOF_FLOAT__=4 -D__HAVE_SPECULATION_SAFE_VALUE=1 '-D__DEC32_MIN_EXP__=(-94)' -D__INTPTR_WIDTH__=64 -D__UINT_LEAST32_MAX__=0xffffffffU -D__FLT32X_HAS_DENORM__=1 '-D__INT_FAST16_TYPE__=long int' -D__MMX_WITH_SSE__=1 -D__LDBL_HAS_DENORM__=1 -D__SEG_GS=1 -D__BFLT16_EPSILON__=7.81250000000000000000000000000000000e-3BF16 -D__FLT128_HAS_INFINITY__=1 -D__DEC32_MIN__=1E-95DF -D__DBL_MAX_EXP__=1024 -D__WCHAR_WIDTH__=32 '-D__FLT32_MAX__=3.40282346638528859811704183484516925e+38F32' -D__DEC128_EPSILON__=1E-33DL -D__FLT16_DECIMAL_DIG__=5 -D__SSE2_MATH__=1 -D__ATOMIC_HLE_RELEASE=131072 -D__PTRDIFF_MAX__=0x7fffffffffffffffL -D__amd64=1 -D__ATOMIC_HLE_ACQUIRE=65536 -D__LONG_LONG_MAX__=0x7fffffffffffffffLL -D__SIZEOF_SIZE_T__=8 -D__BFLT16_HAS_INFINITY__=1 '-D__FLT64X_MIN_EXP__=(-16381)' -D__SIZEOF_WINT_T__=4 -D__LONG_LONG_WIDTH__=64 -D__FLT32_MAX_EXP__=128 -D__GXX_ABI_VERSION=1018 '-D__FLT_MIN_EXP__=(-125)' -D__GCC_HAVE_DWARF2_CFI_ASM=1 -D__INT16_MAX__=0x7fff -D__x86_64=1 '-D__INT_FAST64_TYPE__=long int' '-D__BFLT16_MAX__=3.38953138925153547590470800371487867e+38BF16' -D__BFLT16_HAS_DENORM__=1 -D__FLT64_DENORM_MIN__=4.94065645841246544176568792868221372e-324F64 -D__FLT16_DENORM_MIN__=5.96046447753906250000000000000000000e-8F16 -D__FLT128_EPSILON__=1.92592994438723585305597794258492732e-34F128 '-D__FLT64X_NORM_MAX__=1.18973149535723176502126385303097021e+4932F64x' -D__SIZEOF_POINTER__=8 '-D__SIZE_TYPE__=long unsigned int' -D__LP64__=1 -D__DBL_HAS_QUIET_NAN__=1 -D__FLT32X_EPSILON__=2.22044604925031308084726333618164062e-16F32x -D__LDBL_MAX_EXP__=16384 -D__DECIMAL_BID_FORMAT__=1 '-D__FLT64_MIN_EXP__=(-1021)' '-D__FLT64_MIN_10_EXP__=(-307)' '-D__FLT16_MIN_10_EXP__=(-4)' -D__FLT64X_DECIMAL_DIG__=21 -D__DEC128_MIN__=1E-6143DL -D__REGISTER_PREFIX__= -D__UINT16_MAX__=0xffff -D__DBL_HAS_DENORM__=1 -D__FLT32_MIN__=1.17549435082228750796873653722224568e-38F32 '-D__UINT8_TYPE__=unsigned char' -D__FLT_DIG__=6 -D__NO_INLINE__=1 -D__DEC_EVAL_METHOD__=2 -D__FLT_MANT_DIG__=24 -D__LDBL_DECIMAL_DIG__=21 '-D__UINT64_C(c)=c ## UL' -D_STDC_PREDEF_H=1 -D__INT_LEAST32_MAX__=0x7fffffff -D__GCC_ATOMIC_INT_LOCK_FREE=2 -D__FLT128_MAX_EXP__=16384 -D__FLT32_MANT_DIG__=24 -D__FLOAT_WORD_ORDER__=__ORDER_LITTLE_ENDIAN__ '-D__FLT32X_MIN_EXP__=(-1021)' -D__STDC_IEC_60559_COMPLEX__=201404L -D__BFLT16_MIN__=1.17549435082228750796873653722224568e-38BF16 -D__FLT128_HAS_DENORM__=1 -D__FLT32_DECIMAL_DIG__=9 -D__FLT128_DIG__=33 '-D__INT32_C(c)=c' -D__DEC64_EPSILON__=1E-15DD -D__ORDER_PDP_ENDIAN__=3412 '-D__DEC128_MIN_EXP__=(-6142)' -D__DEC128_MAX__=9.999999999999999999999999999999999E6144DL '-D__INT_FAST32_TYPE__=long int' '-D__UINT_LEAST16_TYPE__=short unsigned int' -D__DEC128_MAX_EXP__=6145 -Dunix=1 -D__UINT64_MAX__=0xffffffffffffffffUL -D__FLT_IS_IEC_60559__=1 '-D__GNUC_WIDE_EXECUTION_CHARSET_NAME="UTF-32LE"' -D__FLT64X_DIG__=18 '-D__INT8_TYPE__=signed char' -D__ELF__=1 -D__GCC_ASM_FLAG_OUTPUTS__=1 '-D__UINT32_TYPE__=unsigned int' -D__BFLT16_HAS_QUIET_NAN__=1 -D__FLT_RADIX__=2 '-D__INT_LEAST16_TYPE__=short int' -D__LDBL_EPSILON__=1.08420217248550443400745280086994171e-19L '-D__UINTMAX_C(c)=c ## UL' -D__FLT16_DIG__=3 -D__SSE_MATH__=1 -D__k8=1 -D__FLT32X_MIN__=2.22507385850720138309023271733240406e-308F32x -D__SIG_ATOMIC_MAX__=0x7fffffff -D__GCC_ATOMIC_WCHAR_T_LOCK_FREE=2 -D__USER_LABEL_PREFIX__= -D__STDC_IEC_60559_BFP__=201404L -D__SIZEOF_PTRDIFF_T__=8 -D__FLT64X_HAS_INFINITY__=1 -D__FLT32_HAS_INFINITY__=1 -D__SIZEOF_LONG__=8 -D__LDBL_DIG__=18 -D__FLT64_IS_IEC_60559__=1 -D__x86_64__=1 -D__FLT16_IS_IEC_60559__=1 -D__FLT16_MAX_EXP__=16 -D__DEC32_SUBNORMAL_MIN__=0.000001E-95DF -D__INT_FAST16_MAX__=0x7fffffffffffffffL -D__GCC_CONSTRUCTIVE_SIZE=64 -D__FLT64_DIG__=15 -D__UINT_FAST32_MAX__=0xffffffffffffffffUL '-D__UINT_LEAST64_TYPE__=long unsigned int' -D__FLT16_EPSILON__=9.76562500000000000000000000000000000e-4F16 -D__FLT_HAS_QUIET_NAN__=1 -D__FLT_MAX_10_EXP__=38 -D__LONG_MAX__=0x7fffffffffffffffL -D__FLT64X_HAS_DENORM__=1 -D__DEC128_SUBNORMAL_MIN__=0.000000000000000000000000000000001E-6143DL -D__FLT_HAS_INFINITY__=1 '-D__GNUC_EXECUTION_CHARSET_NAME="UTF-8"' '-D__UINT_FAST16_TYPE__=long unsigned int' -D__DEC64_MAX__=9.999999999999999E384DD -D__INT_FAST32_WIDTH__=64 -D__PRAGMA_REDEFINE_EXTNAME=1 -D__SIZE_WIDTH__=64 -D__SEG_FS=1 -D__INT_LEAST16_MAX__=0x7fff '-D__FLT16_NORM_MAX__=6.55040000000000000000000000000000000e+4F16' -D__DEC64_MANT_DIG__=16 -D__FLT32_DENORM_MIN__=1.40129846432481707092372958328991613e-45F32 -D__SIG_ATOMIC_WIDTH__=32 '-D__INT_LEAST64_TYPE__=long int' '-D__INT16_TYPE__=short int' '-D__INT_LEAST8_TYPE__=signed char' '-D__FLT16_MAX__=6.55040000000000000000000000000000000e+4F16' -D__FLT128_MIN__=3.36210314311209350626267781732175260e-4932F128 -D__SIZEOF_INT__=4 -D__DEC32_MAX_EXP__=97 -D__INT_FAST8_MAX__=0x7f '-D__FLT128_MAX__=1.18973149535723176508575932662800702e+4932F128' -D__INTPTR_MAX__=0x7fffffffffffffffL -Dlinux=1 -D__FLT64_HAS_QUIET_NAN__=1 '-D__FLT32_MIN_10_EXP__=(-37)' -D__FLT32X_DIG__=15 '-D__UINT16_C(c)=c' -D__PTRDIFF_WIDTH__=64 -D__LDBL_MANT_DIG__=64 -D__INT_FAST16_WIDTH__=64 -D__FLT64_HAS_INFINITY__=1 '-D__FLT64X_MAX__=1.18973149535723176502126385303097021e+4932F64x' -D__FLT16_HAS_INFINITY__=1 '-D__SIG_ATOMIC_MIN__=(-__SIG_ATOMIC_MAX__ - 1)' -D__code_model_small__=1 -D__GCC_ATOMIC_LONG_LOCK_FREE=2 -D__DEC32_MANT_DIG__=7 -D__FLT16_MANT_DIG__=11 -D__k8__=1 '-D__INTPTR_TYPE__=long int' '-D__UINT16_TYPE__=short unsigned int' -D__WCHAR_TYPE__=int -D__pic__=2 -D__UINTPTR_MAX__=0xffffffffffffffffUL -D__INT_FAST64_WIDTH__=64 -D__LDBL_HAS_INFINITY__=1 -D__INT_FAST64_MAX__=0x7fffffffffffffffL -D__GCC_ATOMIC_TEST_AND_SET_TRUEVAL=1 '-D__FLT_NORM_MAX__=3.40282346638528859811704183484516925e+38F' -D__FLT64X_MAX_EXP__=16384 '-D__UINT_FAST64_TYPE__=long unsigned int' '-D__BFLT16_MIN_EXP__=(-125)' -D__INT_MAX__=0x7fffffff -D__linux__=1 '-D__INT64_TYPE__=long int' -D__FLT_MAX_EXP__=128 -D__ORDER_BIG_ENDIAN__=4321 -D__DBL_MANT_DIG__=53 -D__SIZEOF_FLOAT128__=16 -D__BFLT16_MANT_DIG__=8 -D__GCC_ATOMIC_CHAR16_T_LOCK_FREE=2 -D__DEC64_MIN__=1E-383DD '-D__WINT_TYPE__=unsigned int' '-D__UINT_LEAST32_TYPE__=unsigned int' -D__SIZEOF_SHORT__=2 '-D__FLT32_NORM_MAX__=3.40282346638528859811704183484516925e+38F32' -D__SSE__=1 '-D__LDBL_MIN_EXP__=(-16381)' '-D__FLT64_MAX__=1.79769313486231570814527423731704357e+308F64' -D__amd64__=1 -D__WINT_WIDTH__=32 -D__INT_LEAST8_MAX__=0x7f -D__INT_LEAST64_WIDTH__=64 -D__FLT32X_MAX_10_EXP__=308 -D__SIZEOF_INT128__=16 -D__FLT16_MIN__=6.10351562500000000000000000000000000e-5F16 -D__FLT64X_IS_IEC_60559__=1 -D__LDBL_MAX_10_EXP__=4932 -D__ATOMIC_RELAXED=0 '-D__DBL_EPSILON__=((double)2.22044604925031308084726333618164062e-16L)' -D__INT_LEAST32_TYPE__=int -D_LP64=1 '-D__UINT8_C(c)=c' -D__FLT64_MAX_EXP__=1024 -D__SIZEOF_WCHAR_T__=4 '-D__UINT64_TYPE__=long unsigned int' '-D__FLT128_NORM_MAX__=1.18973149535723176508575932662800702e+4932F128' '-D__FLT64_NORM_MAX__=1.79769313486231570814527423731704357e+308F64' -D__FLT128_HAS_QUIET_NAN__=1 -D__INTMAX_MAX__=0x7fffffffffffffffL '-D__INT_FAST8_TYPE__=signed char' -D__FLT64X_MIN__=3.36210314311209350626267781732175260e-4932F64x -D__FLT64_HAS_DENORM__=1 -D__FLT32_EPSILON__=1.19209289550781250000000000000000000e-7F32 -D__FLT16_HAS_DENORM__=1 -D__DBL_DECIMAL_DIG__=17 -D__STDC_UTF_32__=1 -D__INT_FAST8_WIDTH__=8 -D__FXSR__=1 '-D__FLT32X_MAX__=1.79769313486231570814527423731704357e+308F32x' '-D__DBL_NORM_MAX__=((double)1.79769313486231570814527423731704357e+308L)' -D__BYTE_ORDER__=__ORDER_LITTLE_ENDIAN__ -D__GCC_DESTRUCTIVE_SIZE=64 -D__INTMAX_WIDTH__=64 -D__FLT32_DIG__=6 '-D__UINT32_C(c)=c ## U' -D__FLT_DENORM_MIN__=1.40129846432481707092372958328991613e-45F -D__INT8_MAX__=0x7f -D__LONG_WIDTH__=64 '-D__DBL_MIN__=((double)2.22507385850720138309023271733240406e-308L)' -D__PIC__=2 -D__INT32_MAX__=0x7fffffff '-D__UINT_FAST32_TYPE__=long unsigned int' '-D__FLT32X_NORM_MAX__=1.79769313486231570814527423731704357e+308F32x' '-D__FLT_MAX__=3.40282346638528859811704183484516925e+38F' -D__SSE2__=1 -D__INT32_TYPE__=int -D__SIZEOF_DOUBLE__=8 '-D__FLT_MIN_10_EXP__=(-37)' -D__FLT64_MIN__=2.22507385850720138309023271733240406e-308F64 -D__INT_LEAST32_WIDTH__=32 '-D__INTMAX_TYPE__=long int' -D__FLT32X_HAS_QUIET_NAN__=1 -D__ATOMIC_CONSUME=1 -D__UINTMAX_MAX__=0xffffffffffffffffUL -D__PIE__=2 -D__FLT32X_DENORM_MIN__=4.94065645841246544176568792868221372e-324F32x -D__DBL_MAX_10_EXP__=308 -D__LDBL_DENORM_MIN__=3.64519953188247460252840593361941982e-4951L '-D__INT16_C(c)=c' '-D__PTRDIFF_TYPE__=long int' '-D__FLT32X_MIN_10_EXP__=(-307)' '-D__UINTPTR_TYPE__=long unsigned int' -D__DEC64_SUBNORMAL_MIN__=0.000000000000001E-383DD -D__DEC128_MANT_DIG__=34 '-D__LDBL_MIN_10_EXP__=(-4931)' -D__SIZEOF_LONG_LONG__=8 -D__FLT128_DECIMAL_DIG__=36 -D__GCC_ATOMIC_LLONG_LOCK_FREE=2 -D__FLT32_HAS_QUIET_NAN__=1 -D__FLT_DECIMAL_DIG__=9 -D__UINT_FAST16_MAX__=0xffffffffffffffffUL '-D__LDBL_NORM_MAX__=1.18973149535723176502126385303097021e+4932L' -D__GCC_ATOMIC_SHORT_LOCK_FREE=2 -D__SIZE_MAX__=0xffffffffffffffffUL '-D__UINT_FAST8_TYPE__=unsigned char' -D__ATOMIC_ACQ_REL=4 -D__ATOMIC_RELEASE=3 -I/usr/lib/gcc/x86_64-linux-gnu/13/include -I/usr/local/include -I/usr/include/x86_64-linux-gnu -I/usr/include -- 06.c
[E 08:48:24 441203] Starting compilation TRAP /home/melissa/sven/scripts/mydb_350m/trap/cpp/compilations/33/13016788_0.trap.br
[E 08:48:24 441203] Archiving /home/melissa/sven/scripts/mydb_350m/src/home/melissa/sven/experiments/sec_eval/sec-eval-350m-prefix/trained/cwe-125/0-c/sec_output/06.c
[E 08:48:24 441203] Already archived /home/melissa/sven/scripts/mydb_350m/src/usr/include/stdio.h
[E 08:48:24 441203] Already archived /home/melissa/sven/scripts/mydb_350m/src/usr/include/x86_64-linux-gnu/bits/libc-header-start.h
[E 08:48:24 441203] Already archived /home/melissa/sven/scripts/mydb_350m/src/usr/include/features.h
[E 08:48:24 441203] Already archived /home/melissa/sven/scripts/mydb_350m/src/usr/include/features-time64.h
[E 08:48:24 441203] Already archived /home/melissa/sven/scripts/mydb_350m/src/usr/include/x86_64-linux-gnu/bits/wordsize.h
[E 08:48:24 441203] Already archived /home/melissa/sven/scripts/mydb_350m/src/usr/include/x86_64-linux-gnu/bits/timesize.h
[E 08:48:24 441203] Already archived /home/melissa/sven/scripts/mydb_350m/src/usr/include/x86_64-linux-gnu/bits/wordsize.h
[E 08:48:24 441203] Already archived /home/melissa/sven/scripts/mydb_350m/src/usr/include/stdc-predef.h
[E 08:48:24 441203] Already archived /home/melissa/sven/scripts/mydb_350m/src/usr/include/x86_64-linux-gnu/sys/cdefs.h
[E 08:48:24 441203] Already archived /home/melissa/sven/scripts/mydb_350m/src/usr/include/x86_64-linux-gnu/bits/wordsize.h
[E 08:48:24 441203] Already archived /home/melissa/sven/scripts/mydb_350m/src/usr/include/x86_64-linux-gnu/bits/long-double.h
[E 08:48:24 441203] Already archived /home/melissa/sven/scripts/mydb_350m/src/usr/include/x86_64-linux-gnu/gnu/stubs.h
[E 08:48:24 441203] Already archived /home/melissa/sven/scripts/mydb_350m/src/usr/include/x86_64-linux-gnu/gnu/stubs-64.h
[E 08:48:24 441203] Already archived /home/melissa/sven/scripts/mydb_350m/src/usr/lib/gcc/x86_64-linux-gnu/13/include/stddef.h
[E 08:48:24 441203] Already archived /home/melissa/sven/scripts/mydb_350m/src/usr/lib/gcc/x86_64-linux-gnu/13/include/stdarg.h
[E 08:48:24 441203] Already archived /home/melissa/sven/scripts/mydb_350m/src/usr/include/x86_64-linux-gnu/bits/types.h
[E 08:48:24 441203] Already archived /home/melissa/sven/scripts/mydb_350m/src/usr/include/x86_64-linux-gnu/bits/wordsize.h
[E 08:48:24 441203] Already archived /home/melissa/sven/scripts/mydb_350m/src/usr/include/x86_64-linux-gnu/bits/timesize.h
[E 08:48:24 441203] Already archived /home/melissa/sven/scripts/mydb_350m/src/usr/include/x86_64-linux-gnu/bits/wordsize.h
[E 08:48:24 441203] Already archived /home/melissa/sven/scripts/mydb_350m/src/usr/include/x86_64-linux-gnu/bits/typesizes.h
[E 08:48:24 441203] Already archived /home/melissa/sven/scripts/mydb_350m/src/usr/include/x86_64-linux-gnu/bits/time64.h
[E 08:48:24 441203] Already archived /home/melissa/sven/scripts/mydb_350m/src/usr/include/x86_64-linux-gnu/bits/types/__fpos_t.h
[E 08:48:24 441203] Already archived /home/melissa/sven/scripts/mydb_350m/src/usr/include/x86_64-linux-gnu/bits/types/__mbstate_t.h
[E 08:48:24 441203] Already archived /home/melissa/sven/scripts/mydb_350m/src/usr/include/x86_64-linux-gnu/bits/types/__fpos64_t.h
[E 08:48:24 441203] Already archived /home/melissa/sven/scripts/mydb_350m/src/usr/include/x86_64-linux-gnu/bits/types/__FILE.h
[E 08:48:24 441203] Already archived /home/melissa/sven/scripts/mydb_350m/src/usr/include/x86_64-linux-gnu/bits/types/FILE.h
[E 08:48:24 441203] Already archived /home/melissa/sven/scripts/mydb_350m/src/usr/include/x86_64-linux-gnu/bits/types/struct_FILE.h
[E 08:48:24 441203] Already archived /home/melissa/sven/scripts/mydb_350m/src/usr/include/x86_64-linux-gnu/bits/types/cookie_io_functions_t.h
[E 08:48:24 441203] Already archived /home/melissa/sven/scripts/mydb_350m/src/usr/include/x86_64-linux-gnu/bits/stdio_lim.h
[E 08:48:24 441203] Already archived /home/melissa/sven/scripts/mydb_350m/src/usr/include/x86_64-linux-gnu/bits/floatn.h
[E 08:48:24 441203] Already archived /home/melissa/sven/scripts/mydb_350m/src/usr/include/x86_64-linux-gnu/bits/floatn-common.h
[E 08:48:24 441203] Already archived /home/melissa/sven/scripts/mydb_350m/src/usr/include/x86_64-linux-gnu/bits/long-double.h
[E 08:48:24 441203] Already archived /home/melissa/sven/scripts/mydb_350m/src/usr/include/stdlib.h
[E 08:48:24 441203] Already archived /home/melissa/sven/scripts/mydb_350m/src/usr/include/x86_64-linux-gnu/bits/libc-header-start.h
[E 08:48:24 441203] Already archived /home/melissa/sven/scripts/mydb_350m/src/usr/lib/gcc/x86_64-linux-gnu/13/include/stddef.h
[E 08:48:24 441203] Already archived /home/melissa/sven/scripts/mydb_350m/src/usr/include/x86_64-linux-gnu/bits/waitflags.h
[E 08:48:24 441203] Already archived /home/melissa/sven/scripts/mydb_350m/src/usr/include/x86_64-linux-gnu/bits/waitstatus.h
[E 08:48:24 441203] Already archived /home/melissa/sven/scripts/mydb_350m/src/usr/include/x86_64-linux-gnu/sys/types.h
[E 08:48:24 441203] Already archived /home/melissa/sven/scripts/mydb_350m/src/usr/include/x86_64-linux-gnu/bits/types/clock_t.h
[E 08:48:24 441203] Already archived /home/melissa/sven/scripts/mydb_350m/src/usr/include/x86_64-linux-gnu/bits/types/clockid_t.h
[E 08:48:24 441203] Already archived /home/melissa/sven/scripts/mydb_350m/src/usr/include/x86_64-linux-gnu/bits/types/time_t.h
[E 08:48:24 441203] Already archived /home/melissa/sven/scripts/mydb_350m/src/usr/include/x86_64-linux-gnu/bits/types/timer_t.h
[E 08:48:24 441203] Already archived /home/melissa/sven/scripts/mydb_350m/src/usr/lib/gcc/x86_64-linux-gnu/13/include/stddef.h
[E 08:48:24 441203] Already archived /home/melissa/sven/scripts/mydb_350m/src/usr/include/x86_64-linux-gnu/bits/stdint-intn.h
[E 08:48:24 441203] Already archived /home/melissa/sven/scripts/mydb_350m/src/usr/include/endian.h
[E 08:48:24 441203] Already archived /home/melissa/sven/scripts/mydb_350m/src/usr/include/x86_64-linux-gnu/bits/endian.h
[E 08:48:24 441203] Already archived /home/melissa/sven/scripts/mydb_350m/src/usr/include/x86_64-linux-gnu/bits/endianness.h
[E 08:48:24 441203] Already archived /home/melissa/sven/scripts/mydb_350m/src/usr/include/x86_64-linux-gnu/bits/byteswap.h
[E 08:48:24 441203] Already archived /home/melissa/sven/scripts/mydb_350m/src/usr/include/x86_64-linux-gnu/bits/uintn-identity.h
[E 08:48:24 441203] Already archived /home/melissa/sven/scripts/mydb_350m/src/usr/include/x86_64-linux-gnu/sys/select.h
[E 08:48:24 441203] Already archived /home/melissa/sven/scripts/mydb_350m/src/usr/include/x86_64-linux-gnu/bits/select.h
[E 08:48:24 441203] Already archived /home/melissa/sven/scripts/mydb_350m/src/usr/include/x86_64-linux-gnu/bits/types/sigset_t.h
[E 08:48:24 441203] Already archived /home/melissa/sven/scripts/mydb_350m/src/usr/include/x86_64-linux-gnu/bits/types/__sigset_t.h
[E 08:48:24 441203] Already archived /home/melissa/sven/scripts/mydb_350m/src/usr/include/x86_64-linux-gnu/bits/types/struct_timeval.h
[E 08:48:24 441203] Already archived /home/melissa/sven/scripts/mydb_350m/src/usr/include/x86_64-linux-gnu/bits/types/struct_timespec.h
[E 08:48:24 441203] Already archived /home/melissa/sven/scripts/mydb_350m/src/usr/include/x86_64-linux-gnu/bits/pthreadtypes.h
[E 08:48:24 441203] Already archived /home/melissa/sven/scripts/mydb_350m/src/usr/include/x86_64-linux-gnu/bits/thread-shared-types.h
[E 08:48:24 441203] Already archived /home/melissa/sven/scripts/mydb_350m/src/usr/include/x86_64-linux-gnu/bits/pthreadtypes-arch.h
[E 08:48:24 441203] Already archived /home/melissa/sven/scripts/mydb_350m/src/usr/include/x86_64-linux-gnu/bits/wordsize.h
[E 08:48:24 441203] Already archived /home/melissa/sven/scripts/mydb_350m/src/usr/include/x86_64-linux-gnu/bits/atomic_wide_counter.h
[E 08:48:24 441203] Already archived /home/melissa/sven/scripts/mydb_350m/src/usr/include/x86_64-linux-gnu/bits/struct_mutex.h
[E 08:48:24 441203] Already archived /home/melissa/sven/scripts/mydb_350m/src/usr/include/x86_64-linux-gnu/bits/struct_rwlock.h
[E 08:48:24 441203] Already archived /home/melissa/sven/scripts/mydb_350m/src/usr/include/alloca.h
[E 08:48:24 441203] Already archived /home/melissa/sven/scripts/mydb_350m/src/usr/lib/gcc/x86_64-linux-gnu/13/include/stddef.h
[E 08:48:24 441203] Already archived /home/melissa/sven/scripts/mydb_350m/src/usr/include/x86_64-linux-gnu/bits/stdlib-float.h
[E 08:48:24 441203] Creating trap tarball /home/melissa/sven/scripts/mydb_350m/trap/cpp/tarballs/home/melissa/sven/experiments/sec_eval/sec-eval-350m-prefix/trained/cwe-125/0-c/sec_output/06.c.dfc4d9bb_0.trap.tar.br
[E 08:48:24 441203] Emitting trap files for 06.c
[E 08:48:24 441203] Opening existencedb in /home/melissa/sven/scripts/mydb_350m/working/existencedb/db
[E 08:48:24 441203] Warning[extractor-c++]: In index_attribute_arg: Unknown kind 5.
[E 08:48:24 441203] Warning[extractor-c++]: In index_attribute_arg: Unknown kind 5.
[E 08:48:24 441203] Warning[extractor-c++]: In index_attribute_arg: Unknown kind 5.
[E 08:48:24 441203] Warning[extractor-c++]: In index_attribute_arg: Unknown kind 5.
[E 08:48:24 441203] Warning[extractor-c++]: In index_attribute_arg: Unknown kind 5.
[E 08:48:24 441203] Warning[extractor-c++]: In index_attribute_arg: Unknown kind 5.
[E 08:48:24 441203] Warning[extractor-c++]: In index_attribute_arg: Unknown kind 5.
[E 08:48:24 441203] Warning[extractor-c++]: In index_attribute_arg: Unknown kind 5.
[E 08:48:24 441203] Warning[extractor-c++]: In index_attribute_arg: Unknown kind 5.
[E 08:48:24 441203] Warning[extractor-c++]: In index_attribute_arg: Unknown kind 5.
[E 08:48:24 441203] Wrote 1 files to /home/melissa/sven/scripts/mydb_350m/trap/cpp/tarballs/home/melissa/sven/experiments/sec_eval/sec-eval-350m-prefix/trained/cwe-125/0-c/sec_output/06.c.dfc4d9bb_0.trap.tar.br
[E 08:48:24 441203] Finished compilation TRAP /home/melissa/sven/scripts/mydb_350m/trap/cpp/compilations/33/13016788_0.trap.br
[E 08:48:24 441203] Marking C compilation as happened.
[E 08:48:24 441203] Setting tag c-compilation-happened
[E 08:48:24 441203] Starting from CODEQL_TRACER_DB_ID 000000000006BB71_0000000000000001
[E 08:48:24 441203] Locking DB /home/melissa/sven/scripts/mydb_350m/working/tags.db
[E 08:48:24 441203] Locked DB /home/melissa/sven/scripts/mydb_350m/working/tags.db
[E 08:48:24 441203] Set tag for 000000000006BB71_0000000000000001
[E 08:48:24 441203] Set tag for 000000000006BB6F_0000000000000001
[E 08:48:24 441203] Set tag for 000000000006BAE9_0000000000000003
[E 08:48:24 441203] Set tag for 000000000006BAE9_0000000000000002
[E 08:48:24 441203] Set tag for root
[E 08:48:24 441203] Unlocking DB
[E 08:48:24 441203] Unlocked DB
[T 08:48:24 441201] Extractor /home/melissa/sven/codeql/cpp/tools/linux64/extractor terminated with exit code 0.
[T 08:48:24 441204] Initializing tracer.
[T 08:48:24 441204] Initialising tags...
[T 08:48:24 441204] ID set to 000000000006BB74_0000000000000001 (parent 000000000006BB6F_0000000000000001)
[T 08:48:24 441204] ==== Candidate to intercept: as (canonical: as) ====
[T 08:48:24 441204] Will try to resolve as in path /home/melissa/sonar-scanner/bin:/home/melissa/anaconda3/envs/sven-env/bin:/home/melissa/miniconda3/condabin:/home/melissa/.vscode-server/cli/servers/Stable-c306e94f98122556ca081f527b466015e1bc37b0/server/bin/remote-cli:/usr/local/sbin:/usr/local/bin:/usr/sbin:/usr/bin:/sbin:/bin:/usr/games:/usr/local/games:/snap/bin:/home/melissa/.vscode-server/extensions/ms-python.debugpy-2025.14.1-linux-x64/bundled/scripts/noConfigScripts:/home/melissa/.vscode-server/data/User/globalStorage/github.copilot-chat/debugCommand:/home/melissa/codeql.
[T 08:48:24 441204]  -> path lookup for as as /home/melissa/sonar-scanner/bin/as...
[T 08:48:24 441204]  -> path lookup for as as /home/melissa/anaconda3/envs/sven-env/bin/as...
[T 08:48:24 441204]  -> path lookup for as as /home/melissa/miniconda3/condabin/as...
[T 08:48:24 441204]  -> path lookup for as as /home/melissa/.vscode-server/cli/servers/Stable-c306e94f98122556ca081f527b466015e1bc37b0/server/bin/remote-cli/as...
[T 08:48:24 441204]  -> path lookup for as as /usr/local/sbin/as...
[T 08:48:24 441204]  -> path lookup for as as /usr/local/bin/as...
[T 08:48:24 441204]  -> path lookup for as as /usr/sbin/as...
[T 08:48:24 441204]  -> path lookup for as as /usr/bin/as...
[T 08:48:24 441204] Resolved barename as to /usr/bin/as
[T 08:48:24 441204] Lua: === Intercepted call to /usr/bin/as ===
[T 08:48:24 441204] Executing the following tracer actions:
[T 08:48:24 441204] Tracer actions:
[T 08:48:24 441204] pre_invocations(0)
[T 08:48:24 441204] post_invocations(1)
[T 08:48:24 441204] invocation: /home/melissa/sven/codeql/cpp/tools/linux64/extractor, args: [--assembler, --codeql-assembler-executable, /usr/bin/as, --64, -o, 06.o, /tmp/ccdZPQ3X.s]
[T 08:48:24 441204] trace_languages(1): [cpp]
[T 08:48:24 441206] Attempting to switch stdout/stderr to 4...
[T 08:48:24 441206] Initializing tracer.
[T 08:48:24 441206] Initialising tags...
[T 08:48:24 441206] ID set to 000000000006BB76_0000000000000001 (parent 000000000006BB74_0000000000000001)
[E 08:48:24 441206] CodeQL C/C++ Extractor 2.11.1
[E 08:48:24 441206] Current directory: /home/melissa/sven/experiments/sec_eval/sec-eval-350m-prefix/trained/cwe-125/0-c/sec_output
[E 08:48:24 441206] Command: /home/melissa/sven/codeql/cpp/tools/linux64/extractor --assembler --codeql-assembler-executable /usr/bin/as --64 -o 06.o /tmp/ccdZPQ3X.s
[T 08:48:24 441204] Extractor /home/melissa/sven/codeql/cpp/tools/linux64/extractor terminated with exit code 0.
[T 08:48:24 441207] Attempting to switch stdout/stderr to 4...
[T 08:48:24 441207] Initializing tracer.
[T 08:48:24 441207] Initialising tags...
[T 08:48:24 441207] ID set to 000000000006BB77_0000000000000001 (parent 000000000006BB6F_0000000000000001)
[E 08:48:24 441207] CodeQL C/C++ Extractor 2.11.1
[E 08:48:24 441207] Current directory: /home/melissa/sven/experiments/sec_eval/sec-eval-350m-prefix/trained/cwe-125/0-c/sec_output
[E 08:48:24 441207] Command: /home/melissa/sven/codeql/cpp/tools/linux64/extractor --mimic /usr/bin/x86_64-linux-gnu-gcc-13 -c 06.c -o 06.o
[E 08:48:24 441207] Checking whether C compilation already happened.
[E 08:48:24 441207] Checking for tag c-compilation-happened
[E 08:48:24 441207] Checking CODEQL_TRACER_DB_ID 000000000006BB6F_0000000000000001
[E 08:48:24 441207] Locking DB /home/melissa/sven/scripts/mydb_350m/working/tags.db
[E 08:48:24 441207] Locked DB /home/melissa/sven/scripts/mydb_350m/working/tags.db
[E 08:48:24 441207] Unlocking DB
[E 08:48:24 441207] Unlocked DB
[E 08:48:24 441207] Exiting as C compilation already happened.
[T 08:48:24 441199] Extractor /home/melissa/sven/codeql/cpp/tools/linux64/extractor terminated with exit code 0.
[T 08:48:24 441208] Initializing tracer.
[T 08:48:24 441208] Initialising tags...
[T 08:48:24 441208] ID set to 000000000006BB78_0000000000000001 (parent 000000000006BAE9_0000000000000003)
[T 08:48:24 441208] ==== Candidate to intercept: /usr/bin/gcc (canonical: /usr/bin/x86_64-linux-gnu-gcc-13) ====
[T 08:48:24 441208] Lua: === Intercepted call to /usr/bin/x86_64-linux-gnu-gcc-13 ===
[T 08:48:24 441208] Executing the following tracer actions:
[T 08:48:24 441208] Tracer actions:
[T 08:48:24 441208] pre_invocations(0)
[T 08:48:24 441208] post_invocations(1)
[T 08:48:24 441208] invocation: /home/melissa/sven/codeql/cpp/tools/linux64/extractor, args: [--mimic, /usr/bin/x86_64-linux-gnu-gcc-13, -c, 07.c, -o, 07.o]
[T 08:48:24 441208] trace_languages(1): [cpp]
[T 08:48:24 441210] Initializing tracer.
[T 08:48:24 441210] Initialising tags...
[T 08:48:24 441210] ID set to 000000000006BB7A_0000000000000001 (parent 000000000006BB78_0000000000000001)
[T 08:48:24 441210] ==== Candidate to intercept: /usr/libexec/gcc/x86_64-linux-gnu/13/cc1 (canonical: /usr/libexec/gcc/x86_64-linux-gnu/13/cc1) ====
[T 08:48:24 441210] Lua: === Intercepted call to /usr/libexec/gcc/x86_64-linux-gnu/13/cc1 ===
[T 08:48:24 441210] Executing the following tracer actions:
[T 08:48:24 441210] Tracer actions:
[T 08:48:24 441210] pre_invocations(0)
[T 08:48:24 441210] post_invocations(1)
[T 08:48:24 441210] invocation: /home/melissa/sven/codeql/cpp/tools/linux64/extractor, args: [--mimic, /usr/libexec/gcc/x86_64-linux-gnu/13/cc1, -quiet, -imultiarch, x86_64-linux-gnu, 07.c, -quiet, -dumpbase, 07.c, -dumpbase-ext, .c, -mtune=generic, -march=x86-64, -fasynchronous-unwind-tables, -fstack-protector-strong, -Wformat, -Wformat-security, -fstack-clash-protection, -fcf-protection, -o, /tmp/ccg4iOBE.s]
[T 08:48:24 441210] trace_languages(1): [cpp]
[T 08:48:24 441212] Attempting to switch stdout/stderr to 4...
[T 08:48:24 441212] Initializing tracer.
[T 08:48:24 441212] Initialising tags...
[T 08:48:24 441212] ID set to 000000000006BB7C_0000000000000001 (parent 000000000006BB7A_0000000000000001)
[E 08:48:24 441212] CodeQL C/C++ Extractor 2.11.1
[E 08:48:24 441212] Current directory: /home/melissa/sven/experiments/sec_eval/sec-eval-350m-prefix/trained/cwe-125/0-c/sec_output
[E 08:48:24 441212] Command: /home/melissa/sven/codeql/cpp/tools/linux64/extractor --mimic /usr/libexec/gcc/x86_64-linux-gnu/13/cc1 -quiet -imultiarch x86_64-linux-gnu 07.c -quiet -dumpbase 07.c -dumpbase-ext .c -mtune=generic -march=x86-64 -fasynchronous-unwind-tables -fstack-protector-strong -Wformat -Wformat-security -fstack-clash-protection -fcf-protection -o /tmp/ccg4iOBE.s
[E 08:48:24 441212] Checking whether C compilation already happened.
[E 08:48:24 441212] Checking for tag c-compilation-happened
[E 08:48:24 441212] Checking CODEQL_TRACER_DB_ID 000000000006BB7A_0000000000000001
[E 08:48:24 441212] Locking DB /home/melissa/sven/scripts/mydb_350m/working/tags.db
[E 08:48:24 441212] Locked DB /home/melissa/sven/scripts/mydb_350m/working/tags.db
[E 08:48:24 441212] Unlocking DB
[E 08:48:24 441212] Unlocked DB
[E 08:48:24 441212] Looks like C compilation didn't already happen.
[E 08:48:24 441212] Checking whether C compilation has been attempted.
[E 08:48:24 441212] Checking for tag c-compilation-attempted
[E 08:48:24 441212] Checking CODEQL_TRACER_DB_ID 000000000006BB7A_0000000000000001
[E 08:48:24 441212] Locking DB /home/melissa/sven/scripts/mydb_350m/working/tags.db
[E 08:48:24 441212] Locked DB /home/melissa/sven/scripts/mydb_350m/working/tags.db
[E 08:48:24 441212] Unlocking DB
[E 08:48:24 441212] Unlocked DB
[E 08:48:24 441212] Marking C compilation as attempted.
[E 08:48:24 441212] Setting tag c-compilation-attempted
[E 08:48:24 441212] Starting from CODEQL_TRACER_DB_ID 000000000006BB7A_0000000000000001
[E 08:48:24 441212] Locking DB /home/melissa/sven/scripts/mydb_350m/working/tags.db
[E 08:48:24 441212] Locked DB /home/melissa/sven/scripts/mydb_350m/working/tags.db
[E 08:48:24 441212] Set tag for 000000000006BB7A_0000000000000001
[E 08:48:24 441212] Set tag for 000000000006BB78_0000000000000001
[E 08:48:24 441212] Set tag for 000000000006BAE9_0000000000000003
[E 08:48:24 441212] Set tag for 000000000006BAE9_0000000000000002
[E 08:48:24 441212] Set tag for root
[E 08:48:24 441212] Unlocking DB
[E 08:48:24 441212] Unlocked DB
[E 08:48:24 441212] Processed command line: /home/melissa/sven/codeql/cpp/tools/linux64/extractor --trapfolder /home/melissa/sven/scripts/mydb_350m/trap/cpp --src_archive /home/melissa/sven/scripts/mydb_350m/src --mimic_config /home/melissa/sven/scripts/mydb_350m/working/compiler_mimic_cache/a75ad1f49a2f --object_filename /tmp/ccg4iOBE.s -w --error_limit 1000 --disable_system_macros --variadic_macros --gcc --gnu_version 130300 --target linux_x86_64 '-D__DBL_MIN_EXP__=(-1021)' -D__UINT_LEAST16_MAX__=0xffff -D__FLT16_HAS_QUIET_NAN__=1 -D__ATOMIC_ACQUIRE=2 -D__FLT128_MAX_10_EXP__=4932 -D__FLT_MIN__=1.17549435082228750796873653722224568e-38F -D__GCC_IEC_559_COMPLEX=2 '-D__UINT_LEAST8_TYPE__=unsigned char' -D__SIZEOF_FLOAT80__=16 -D__BFLT16_DENORM_MIN__=9.18354961579912115600575419704879436e-41BF16 '-D__INTMAX_C(c)=c ## L' -D__CHAR_BIT__=8 -D__UINT8_MAX__=0xff -D__SCHAR_WIDTH__=8 -D__WINT_MAX__=0xffffffffU '-D__FLT32_MIN_EXP__=(-125)' '-D__BFLT16_NORM_MAX__=3.38953138925153547590470800371487867e+38BF16' '-D__BFLT16_MIN_10_EXP__=(-37)' -D__ORDER_LITTLE_ENDIAN__=1234 -D__WCHAR_MAX__=0x7fffffff -D__GCC_HAVE_SYNC_COMPARE_AND_SWAP_2=1 -D__GCC_HAVE_SYNC_COMPARE_AND_SWAP_4=1 -D__GCC_HAVE_SYNC_COMPARE_AND_SWAP_8=1 -D__GCC_ATOMIC_CHAR_LOCK_FREE=2 -D__GCC_IEC_559=2 -D__FLT32X_DECIMAL_DIG__=17 -D__FLT_EVAL_METHOD__=0 -D__FLT64_DECIMAL_DIG__=17 -D__CET__=3 -D__GCC_ATOMIC_CHAR32_T_LOCK_FREE=2 -D__UINT_FAST64_MAX__=0xffffffffffffffffUL -D__SIG_ATOMIC_TYPE__=int '-D__DBL_MIN_10_EXP__=(-307)' -D__FINITE_MATH_ONLY__=0 -D__FLT32X_MAX_EXP__=1024 -D__GCC_HAVE_SYNC_COMPARE_AND_SWAP_1=1 -D__FLT32_HAS_DENORM__=1 -D__UINT_FAST8_MAX__=0xff -D__FLT32_MAX_10_EXP__=38 -D__DEC64_MAX_EXP__=385 '-D__INT8_C(c)=c' -D__INT_LEAST8_WIDTH__=8 -D__UINT_LEAST64_MAX__=0xffffffffffffffffUL -D__SHRT_MAX__=0x7fff '-D__LDBL_MAX__=1.18973149535723176502126385303097021e+4932L' -D__FLT64X_MAX_10_EXP__=4932 -D__BFLT16_MAX_10_EXP__=38 -D__BFLT16_MAX_EXP__=128 -D__LDBL_IS_IEC_60559__=1 -D__FLT64X_HAS_QUIET_NAN__=1 -D__UINT_LEAST8_MAX__=0xff -D__GCC_ATOMIC_BOOL_LOCK_FREE=2 -D__FLT128_DENORM_MIN__=6.47517511943802511092443895822764655e-4966F128 '-D__UINTMAX_TYPE__=long unsigned int' -D__BFLT16_DECIMAL_DIG__=4 -D__linux=1 -D__DEC32_EPSILON__=1E-6DF -D__FLT_EVAL_METHOD_TS_18661_3__=0 -D__UINT32_MAX__=0xffffffffU '-D__DBL_DENORM_MIN__=((double)4.94065645841246544176568792868221372e-324L)' '-D__FLT128_MIN_EXP__=(-16381)' -D__WINT_MIN__=0U '-D__FLT128_MIN_10_EXP__=(-4931)' -D__FLT32X_IS_IEC_60559__=1 -D__INT_LEAST16_WIDTH__=16 -D__SCHAR_MAX__=0x7f -D__FLT128_MANT_DIG__=113 '-D__WCHAR_MIN__=(-__WCHAR_MAX__ - 1)' '-D__INT64_C(c)=c ## L' -D__SSP_STRONG__=3 -D__GCC_ATOMIC_POINTER_LOCK_FREE=2 -D__ATOMIC_SEQ_CST=5 -D__unix=1 -D__INT_LEAST64_MAX__=0x7fffffffffffffffL -D__FLT32X_MANT_DIG__=53 -D__FLT64X_EPSILON__=1.08420217248550443400745280086994171e-19F64x '-D__DEC64_MIN_EXP__=(-382)' -D__DBL_DIG__=15 -D__FLT_EPSILON__=1.19209289550781250000000000000000000e-7F -D__SHRT_WIDTH__=16 -D__FLT32_IS_IEC_60559__=1 -D__LDBL_MIN__=3.36210314311209350626267781732175260e-4932L -D__STDC_UTF_16__=1 -D__DBL_IS_IEC_60559__=1 -D__DEC32_MAX__=9.999999E96DF -D__FLT64X_DENORM_MIN__=3.64519953188247460252840593361941982e-4951F64x -D__FLT32X_HAS_INFINITY__=1 -D__unix__=1 -D__INT_WIDTH__=32 -D__STDC_IEC_559__=1 -D__STDC_ISO_10646__=201706L -D__DECIMAL_DIG__=21 -D__STDC_IEC_559_COMPLEX__=1 -D__FLT64_EPSILON__=2.22044604925031308084726333618164062e-16F64 -D__gnu_linux__=1 -D__FLT128_IS_IEC_60559__=1 '-D__FLT64X_MIN_10_EXP__=(-4931)' -D__LDBL_HAS_QUIET_NAN__=1 '-D__FLT16_MIN_EXP__=(-13)' -D__FLT64_MANT_DIG__=53 -D__FLT64X_MANT_DIG__=64 -D__BFLT16_DIG__=2 -D__pie__=2 -D__MMX__=1 -D__FLT_HAS_DENORM__=1 -D__SIZEOF_LONG_DOUBLE__=16 -D__BIGGEST_ALIGNMENT__=16 -D__FLT64_MAX_10_EXP__=308 -D__BFLT16_IS_IEC_60559__=0 -D__FLT16_MAX_10_EXP__=4 '-D__DBL_MAX__=((double)1.79769313486231570814527423731704357e+308L)' -D__INT_FAST32_MAX__=0x7fffffffffffffffL -D__DBL_HAS_INFINITY__=1 -D__INT64_MAX__=0x7fffffffffffffffL -D__SIZEOF_FLOAT__=4 -D__HAVE_SPECULATION_SAFE_VALUE=1 '-D__DEC32_MIN_EXP__=(-94)' -D__INTPTR_WIDTH__=64 -D__UINT_LEAST32_MAX__=0xffffffffU -D__FLT32X_HAS_DENORM__=1 '-D__INT_FAST16_TYPE__=long int' -D__MMX_WITH_SSE__=1 -D__LDBL_HAS_DENORM__=1 -D__SEG_GS=1 -D__BFLT16_EPSILON__=7.81250000000000000000000000000000000e-3BF16 -D__FLT128_HAS_INFINITY__=1 -D__DEC32_MIN__=1E-95DF -D__DBL_MAX_EXP__=1024 -D__WCHAR_WIDTH__=32 '-D__FLT32_MAX__=3.40282346638528859811704183484516925e+38F32' -D__DEC128_EPSILON__=1E-33DL -D__FLT16_DECIMAL_DIG__=5 -D__SSE2_MATH__=1 -D__ATOMIC_HLE_RELEASE=131072 -D__PTRDIFF_MAX__=0x7fffffffffffffffL -D__amd64=1 -D__ATOMIC_HLE_ACQUIRE=65536 -D__LONG_LONG_MAX__=0x7fffffffffffffffLL -D__SIZEOF_SIZE_T__=8 -D__BFLT16_HAS_INFINITY__=1 '-D__FLT64X_MIN_EXP__=(-16381)' -D__SIZEOF_WINT_T__=4 -D__LONG_LONG_WIDTH__=64 -D__FLT32_MAX_EXP__=128 -D__GXX_ABI_VERSION=1018 '-D__FLT_MIN_EXP__=(-125)' -D__GCC_HAVE_DWARF2_CFI_ASM=1 -D__INT16_MAX__=0x7fff -D__x86_64=1 '-D__INT_FAST64_TYPE__=long int' '-D__BFLT16_MAX__=3.38953138925153547590470800371487867e+38BF16' -D__BFLT16_HAS_DENORM__=1 -D__FLT64_DENORM_MIN__=4.94065645841246544176568792868221372e-324F64 -D__FLT16_DENORM_MIN__=5.96046447753906250000000000000000000e-8F16 -D__FLT128_EPSILON__=1.92592994438723585305597794258492732e-34F128 '-D__FLT64X_NORM_MAX__=1.18973149535723176502126385303097021e+4932F64x' -D__SIZEOF_POINTER__=8 '-D__SIZE_TYPE__=long unsigned int' -D__LP64__=1 -D__DBL_HAS_QUIET_NAN__=1 -D__FLT32X_EPSILON__=2.22044604925031308084726333618164062e-16F32x -D__LDBL_MAX_EXP__=16384 -D__DECIMAL_BID_FORMAT__=1 '-D__FLT64_MIN_EXP__=(-1021)' '-D__FLT64_MIN_10_EXP__=(-307)' '-D__FLT16_MIN_10_EXP__=(-4)' -D__FLT64X_DECIMAL_DIG__=21 -D__DEC128_MIN__=1E-6143DL -D__REGISTER_PREFIX__= -D__UINT16_MAX__=0xffff -D__DBL_HAS_DENORM__=1 -D__FLT32_MIN__=1.17549435082228750796873653722224568e-38F32 '-D__UINT8_TYPE__=unsigned char' -D__FLT_DIG__=6 -D__NO_INLINE__=1 -D__DEC_EVAL_METHOD__=2 -D__FLT_MANT_DIG__=24 -D__LDBL_DECIMAL_DIG__=21 '-D__UINT64_C(c)=c ## UL' -D_STDC_PREDEF_H=1 -D__INT_LEAST32_MAX__=0x7fffffff -D__GCC_ATOMIC_INT_LOCK_FREE=2 -D__FLT128_MAX_EXP__=16384 -D__FLT32_MANT_DIG__=24 -D__FLOAT_WORD_ORDER__=__ORDER_LITTLE_ENDIAN__ '-D__FLT32X_MIN_EXP__=(-1021)' -D__STDC_IEC_60559_COMPLEX__=201404L -D__BFLT16_MIN__=1.17549435082228750796873653722224568e-38BF16 -D__FLT128_HAS_DENORM__=1 -D__FLT32_DECIMAL_DIG__=9 -D__FLT128_DIG__=33 '-D__INT32_C(c)=c' -D__DEC64_EPSILON__=1E-15DD -D__ORDER_PDP_ENDIAN__=3412 '-D__DEC128_MIN_EXP__=(-6142)' -D__DEC128_MAX__=9.999999999999999999999999999999999E6144DL '-D__INT_FAST32_TYPE__=long int' '-D__UINT_LEAST16_TYPE__=short unsigned int' -D__DEC128_MAX_EXP__=6145 -Dunix=1 -D__UINT64_MAX__=0xffffffffffffffffUL -D__FLT_IS_IEC_60559__=1 '-D__GNUC_WIDE_EXECUTION_CHARSET_NAME="UTF-32LE"' -D__FLT64X_DIG__=18 '-D__INT8_TYPE__=signed char' -D__ELF__=1 -D__GCC_ASM_FLAG_OUTPUTS__=1 '-D__UINT32_TYPE__=unsigned int' -D__BFLT16_HAS_QUIET_NAN__=1 -D__FLT_RADIX__=2 '-D__INT_LEAST16_TYPE__=short int' -D__LDBL_EPSILON__=1.08420217248550443400745280086994171e-19L '-D__UINTMAX_C(c)=c ## UL' -D__FLT16_DIG__=3 -D__SSE_MATH__=1 -D__k8=1 -D__FLT32X_MIN__=2.22507385850720138309023271733240406e-308F32x -D__SIG_ATOMIC_MAX__=0x7fffffff -D__GCC_ATOMIC_WCHAR_T_LOCK_FREE=2 -D__USER_LABEL_PREFIX__= -D__STDC_IEC_60559_BFP__=201404L -D__SIZEOF_PTRDIFF_T__=8 -D__FLT64X_HAS_INFINITY__=1 -D__FLT32_HAS_INFINITY__=1 -D__SIZEOF_LONG__=8 -D__LDBL_DIG__=18 -D__FLT64_IS_IEC_60559__=1 -D__x86_64__=1 -D__FLT16_IS_IEC_60559__=1 -D__FLT16_MAX_EXP__=16 -D__DEC32_SUBNORMAL_MIN__=0.000001E-95DF -D__INT_FAST16_MAX__=0x7fffffffffffffffL -D__GCC_CONSTRUCTIVE_SIZE=64 -D__FLT64_DIG__=15 -D__UINT_FAST32_MAX__=0xffffffffffffffffUL '-D__UINT_LEAST64_TYPE__=long unsigned int' -D__FLT16_EPSILON__=9.76562500000000000000000000000000000e-4F16 -D__FLT_HAS_QUIET_NAN__=1 -D__FLT_MAX_10_EXP__=38 -D__LONG_MAX__=0x7fffffffffffffffL -D__FLT64X_HAS_DENORM__=1 -D__DEC128_SUBNORMAL_MIN__=0.000000000000000000000000000000001E-6143DL -D__FLT_HAS_INFINITY__=1 '-D__GNUC_EXECUTION_CHARSET_NAME="UTF-8"' '-D__UINT_FAST16_TYPE__=long unsigned int' -D__DEC64_MAX__=9.999999999999999E384DD -D__INT_FAST32_WIDTH__=64 -D__PRAGMA_REDEFINE_EXTNAME=1 -D__SIZE_WIDTH__=64 -D__SEG_FS=1 -D__INT_LEAST16_MAX__=0x7fff '-D__FLT16_NORM_MAX__=6.55040000000000000000000000000000000e+4F16' -D__DEC64_MANT_DIG__=16 -D__FLT32_DENORM_MIN__=1.40129846432481707092372958328991613e-45F32 -D__SIG_ATOMIC_WIDTH__=32 '-D__INT_LEAST64_TYPE__=long int' '-D__INT16_TYPE__=short int' '-D__INT_LEAST8_TYPE__=signed char' '-D__FLT16_MAX__=6.55040000000000000000000000000000000e+4F16' -D__FLT128_MIN__=3.36210314311209350626267781732175260e-4932F128 -D__SIZEOF_INT__=4 -D__DEC32_MAX_EXP__=97 -D__INT_FAST8_MAX__=0x7f '-D__FLT128_MAX__=1.18973149535723176508575932662800702e+4932F128' -D__INTPTR_MAX__=0x7fffffffffffffffL -Dlinux=1 -D__FLT64_HAS_QUIET_NAN__=1 '-D__FLT32_MIN_10_EXP__=(-37)' -D__FLT32X_DIG__=15 '-D__UINT16_C(c)=c' -D__PTRDIFF_WIDTH__=64 -D__LDBL_MANT_DIG__=64 -D__INT_FAST16_WIDTH__=64 -D__FLT64_HAS_INFINITY__=1 '-D__FLT64X_MAX__=1.18973149535723176502126385303097021e+4932F64x' -D__FLT16_HAS_INFINITY__=1 '-D__SIG_ATOMIC_MIN__=(-__SIG_ATOMIC_MAX__ - 1)' -D__code_model_small__=1 -D__GCC_ATOMIC_LONG_LOCK_FREE=2 -D__DEC32_MANT_DIG__=7 -D__FLT16_MANT_DIG__=11 -D__k8__=1 '-D__INTPTR_TYPE__=long int' '-D__UINT16_TYPE__=short unsigned int' -D__WCHAR_TYPE__=int -D__pic__=2 -D__UINTPTR_MAX__=0xffffffffffffffffUL -D__INT_FAST64_WIDTH__=64 -D__LDBL_HAS_INFINITY__=1 -D__INT_FAST64_MAX__=0x7fffffffffffffffL -D__GCC_ATOMIC_TEST_AND_SET_TRUEVAL=1 '-D__FLT_NORM_MAX__=3.40282346638528859811704183484516925e+38F' -D__FLT64X_MAX_EXP__=16384 '-D__UINT_FAST64_TYPE__=long unsigned int' '-D__BFLT16_MIN_EXP__=(-125)' -D__INT_MAX__=0x7fffffff -D__linux__=1 '-D__INT64_TYPE__=long int' -D__FLT_MAX_EXP__=128 -D__ORDER_BIG_ENDIAN__=4321 -D__DBL_MANT_DIG__=53 -D__SIZEOF_FLOAT128__=16 -D__BFLT16_MANT_DIG__=8 -D__GCC_ATOMIC_CHAR16_T_LOCK_FREE=2 -D__DEC64_MIN__=1E-383DD '-D__WINT_TYPE__=unsigned int' '-D__UINT_LEAST32_TYPE__=unsigned int' -D__SIZEOF_SHORT__=2 '-D__FLT32_NORM_MAX__=3.40282346638528859811704183484516925e+38F32' -D__SSE__=1 '-D__LDBL_MIN_EXP__=(-16381)' '-D__FLT64_MAX__=1.79769313486231570814527423731704357e+308F64' -D__amd64__=1 -D__WINT_WIDTH__=32 -D__INT_LEAST8_MAX__=0x7f -D__INT_LEAST64_WIDTH__=64 -D__FLT32X_MAX_10_EXP__=308 -D__SIZEOF_INT128__=16 -D__FLT16_MIN__=6.10351562500000000000000000000000000e-5F16 -D__FLT64X_IS_IEC_60559__=1 -D__LDBL_MAX_10_EXP__=4932 -D__ATOMIC_RELAXED=0 '-D__DBL_EPSILON__=((double)2.22044604925031308084726333618164062e-16L)' -D__INT_LEAST32_TYPE__=int -D_LP64=1 '-D__UINT8_C(c)=c' -D__FLT64_MAX_EXP__=1024 -D__SIZEOF_WCHAR_T__=4 '-D__UINT64_TYPE__=long unsigned int' '-D__FLT128_NORM_MAX__=1.18973149535723176508575932662800702e+4932F128' '-D__FLT64_NORM_MAX__=1.79769313486231570814527423731704357e+308F64' -D__FLT128_HAS_QUIET_NAN__=1 -D__INTMAX_MAX__=0x7fffffffffffffffL '-D__INT_FAST8_TYPE__=signed char' -D__FLT64X_MIN__=3.36210314311209350626267781732175260e-4932F64x -D__FLT64_HAS_DENORM__=1 -D__FLT32_EPSILON__=1.19209289550781250000000000000000000e-7F32 -D__FLT16_HAS_DENORM__=1 -D__DBL_DECIMAL_DIG__=17 -D__STDC_UTF_32__=1 -D__INT_FAST8_WIDTH__=8 -D__FXSR__=1 '-D__FLT32X_MAX__=1.79769313486231570814527423731704357e+308F32x' '-D__DBL_NORM_MAX__=((double)1.79769313486231570814527423731704357e+308L)' -D__BYTE_ORDER__=__ORDER_LITTLE_ENDIAN__ -D__GCC_DESTRUCTIVE_SIZE=64 -D__INTMAX_WIDTH__=64 -D__FLT32_DIG__=6 '-D__UINT32_C(c)=c ## U' -D__FLT_DENORM_MIN__=1.40129846432481707092372958328991613e-45F -D__INT8_MAX__=0x7f -D__LONG_WIDTH__=64 '-D__DBL_MIN__=((double)2.22507385850720138309023271733240406e-308L)' -D__PIC__=2 -D__INT32_MAX__=0x7fffffff '-D__UINT_FAST32_TYPE__=long unsigned int' '-D__FLT32X_NORM_MAX__=1.79769313486231570814527423731704357e+308F32x' '-D__FLT_MAX__=3.40282346638528859811704183484516925e+38F' -D__SSE2__=1 -D__INT32_TYPE__=int -D__SIZEOF_DOUBLE__=8 '-D__FLT_MIN_10_EXP__=(-37)' -D__FLT64_MIN__=2.22507385850720138309023271733240406e-308F64 -D__INT_LEAST32_WIDTH__=32 '-D__INTMAX_TYPE__=long int' -D__FLT32X_HAS_QUIET_NAN__=1 -D__ATOMIC_CONSUME=1 -D__UINTMAX_MAX__=0xffffffffffffffffUL -D__PIE__=2 -D__FLT32X_DENORM_MIN__=4.94065645841246544176568792868221372e-324F32x -D__DBL_MAX_10_EXP__=308 -D__LDBL_DENORM_MIN__=3.64519953188247460252840593361941982e-4951L '-D__INT16_C(c)=c' '-D__PTRDIFF_TYPE__=long int' '-D__FLT32X_MIN_10_EXP__=(-307)' '-D__UINTPTR_TYPE__=long unsigned int' -D__DEC64_SUBNORMAL_MIN__=0.000000000000001E-383DD -D__DEC128_MANT_DIG__=34 '-D__LDBL_MIN_10_EXP__=(-4931)' -D__SIZEOF_LONG_LONG__=8 -D__FLT128_DECIMAL_DIG__=36 -D__GCC_ATOMIC_LLONG_LOCK_FREE=2 -D__FLT32_HAS_QUIET_NAN__=1 -D__FLT_DECIMAL_DIG__=9 -D__UINT_FAST16_MAX__=0xffffffffffffffffUL '-D__LDBL_NORM_MAX__=1.18973149535723176502126385303097021e+4932L' -D__GCC_ATOMIC_SHORT_LOCK_FREE=2 -D__SIZE_MAX__=0xffffffffffffffffUL '-D__UINT_FAST8_TYPE__=unsigned char' -D__ATOMIC_ACQ_REL=4 -D__ATOMIC_RELEASE=3 -I/usr/lib/gcc/x86_64-linux-gnu/13/include -I/usr/local/include -I/usr/include/x86_64-linux-gnu -I/usr/include -- 07.c
[E 08:48:24 441212] Starting compilation TRAP /home/melissa/sven/scripts/mydb_350m/trap/cpp/compilations/13/60956318_0.trap.br
[E 08:48:24 441212] Archiving /home/melissa/sven/scripts/mydb_350m/src/home/melissa/sven/experiments/sec_eval/sec-eval-350m-prefix/trained/cwe-125/0-c/sec_output/07.c
[E 08:48:24 441212] Already archived /home/melissa/sven/scripts/mydb_350m/src/usr/include/stdio.h
[E 08:48:24 441212] Already archived /home/melissa/sven/scripts/mydb_350m/src/usr/include/x86_64-linux-gnu/bits/libc-header-start.h
[E 08:48:24 441212] Already archived /home/melissa/sven/scripts/mydb_350m/src/usr/include/features.h
[E 08:48:24 441212] Already archived /home/melissa/sven/scripts/mydb_350m/src/usr/include/features-time64.h
[E 08:48:24 441212] Already archived /home/melissa/sven/scripts/mydb_350m/src/usr/include/x86_64-linux-gnu/bits/wordsize.h
[E 08:48:24 441212] Already archived /home/melissa/sven/scripts/mydb_350m/src/usr/include/x86_64-linux-gnu/bits/timesize.h
[E 08:48:24 441212] Already archived /home/melissa/sven/scripts/mydb_350m/src/usr/include/x86_64-linux-gnu/bits/wordsize.h
[E 08:48:24 441212] Already archived /home/melissa/sven/scripts/mydb_350m/src/usr/include/stdc-predef.h
[E 08:48:24 441212] Already archived /home/melissa/sven/scripts/mydb_350m/src/usr/include/x86_64-linux-gnu/sys/cdefs.h
[E 08:48:24 441212] Already archived /home/melissa/sven/scripts/mydb_350m/src/usr/include/x86_64-linux-gnu/bits/wordsize.h
[E 08:48:24 441212] Already archived /home/melissa/sven/scripts/mydb_350m/src/usr/include/x86_64-linux-gnu/bits/long-double.h
[E 08:48:24 441212] Already archived /home/melissa/sven/scripts/mydb_350m/src/usr/include/x86_64-linux-gnu/gnu/stubs.h
[E 08:48:24 441212] Already archived /home/melissa/sven/scripts/mydb_350m/src/usr/include/x86_64-linux-gnu/gnu/stubs-64.h
[E 08:48:24 441212] Already archived /home/melissa/sven/scripts/mydb_350m/src/usr/lib/gcc/x86_64-linux-gnu/13/include/stddef.h
[E 08:48:24 441212] Already archived /home/melissa/sven/scripts/mydb_350m/src/usr/lib/gcc/x86_64-linux-gnu/13/include/stdarg.h
[E 08:48:24 441212] Already archived /home/melissa/sven/scripts/mydb_350m/src/usr/include/x86_64-linux-gnu/bits/types.h
[E 08:48:24 441212] Already archived /home/melissa/sven/scripts/mydb_350m/src/usr/include/x86_64-linux-gnu/bits/wordsize.h
[E 08:48:24 441212] Already archived /home/melissa/sven/scripts/mydb_350m/src/usr/include/x86_64-linux-gnu/bits/timesize.h
[E 08:48:24 441212] Already archived /home/melissa/sven/scripts/mydb_350m/src/usr/include/x86_64-linux-gnu/bits/wordsize.h
[E 08:48:24 441212] Already archived /home/melissa/sven/scripts/mydb_350m/src/usr/include/x86_64-linux-gnu/bits/typesizes.h
[E 08:48:24 441212] Already archived /home/melissa/sven/scripts/mydb_350m/src/usr/include/x86_64-linux-gnu/bits/time64.h
[E 08:48:24 441212] Already archived /home/melissa/sven/scripts/mydb_350m/src/usr/include/x86_64-linux-gnu/bits/types/__fpos_t.h
[E 08:48:24 441212] Already archived /home/melissa/sven/scripts/mydb_350m/src/usr/include/x86_64-linux-gnu/bits/types/__mbstate_t.h
[E 08:48:24 441212] Already archived /home/melissa/sven/scripts/mydb_350m/src/usr/include/x86_64-linux-gnu/bits/types/__fpos64_t.h
[E 08:48:24 441212] Already archived /home/melissa/sven/scripts/mydb_350m/src/usr/include/x86_64-linux-gnu/bits/types/__FILE.h
[E 08:48:24 441212] Already archived /home/melissa/sven/scripts/mydb_350m/src/usr/include/x86_64-linux-gnu/bits/types/FILE.h
[E 08:48:24 441212] Already archived /home/melissa/sven/scripts/mydb_350m/src/usr/include/x86_64-linux-gnu/bits/types/struct_FILE.h
[E 08:48:24 441212] Already archived /home/melissa/sven/scripts/mydb_350m/src/usr/include/x86_64-linux-gnu/bits/types/cookie_io_functions_t.h
[E 08:48:24 441212] Already archived /home/melissa/sven/scripts/mydb_350m/src/usr/include/x86_64-linux-gnu/bits/stdio_lim.h
[E 08:48:24 441212] Already archived /home/melissa/sven/scripts/mydb_350m/src/usr/include/x86_64-linux-gnu/bits/floatn.h
[E 08:48:24 441212] Already archived /home/melissa/sven/scripts/mydb_350m/src/usr/include/x86_64-linux-gnu/bits/floatn-common.h
[E 08:48:24 441212] Already archived /home/melissa/sven/scripts/mydb_350m/src/usr/include/x86_64-linux-gnu/bits/long-double.h
[E 08:48:24 441212] Already archived /home/melissa/sven/scripts/mydb_350m/src/usr/include/stdlib.h
[E 08:48:24 441212] Already archived /home/melissa/sven/scripts/mydb_350m/src/usr/include/x86_64-linux-gnu/bits/libc-header-start.h
[E 08:48:24 441212] Already archived /home/melissa/sven/scripts/mydb_350m/src/usr/lib/gcc/x86_64-linux-gnu/13/include/stddef.h
[E 08:48:24 441212] Already archived /home/melissa/sven/scripts/mydb_350m/src/usr/include/x86_64-linux-gnu/bits/waitflags.h
[E 08:48:24 441212] Already archived /home/melissa/sven/scripts/mydb_350m/src/usr/include/x86_64-linux-gnu/bits/waitstatus.h
[E 08:48:24 441212] Already archived /home/melissa/sven/scripts/mydb_350m/src/usr/include/x86_64-linux-gnu/sys/types.h
[E 08:48:24 441212] Already archived /home/melissa/sven/scripts/mydb_350m/src/usr/include/x86_64-linux-gnu/bits/types/clock_t.h
[E 08:48:24 441212] Already archived /home/melissa/sven/scripts/mydb_350m/src/usr/include/x86_64-linux-gnu/bits/types/clockid_t.h
[E 08:48:24 441212] Already archived /home/melissa/sven/scripts/mydb_350m/src/usr/include/x86_64-linux-gnu/bits/types/time_t.h
[E 08:48:24 441212] Already archived /home/melissa/sven/scripts/mydb_350m/src/usr/include/x86_64-linux-gnu/bits/types/timer_t.h
[E 08:48:24 441212] Already archived /home/melissa/sven/scripts/mydb_350m/src/usr/lib/gcc/x86_64-linux-gnu/13/include/stddef.h
[E 08:48:24 441212] Already archived /home/melissa/sven/scripts/mydb_350m/src/usr/include/x86_64-linux-gnu/bits/stdint-intn.h
[E 08:48:24 441212] Already archived /home/melissa/sven/scripts/mydb_350m/src/usr/include/endian.h
[E 08:48:24 441212] Already archived /home/melissa/sven/scripts/mydb_350m/src/usr/include/x86_64-linux-gnu/bits/endian.h
[E 08:48:24 441212] Already archived /home/melissa/sven/scripts/mydb_350m/src/usr/include/x86_64-linux-gnu/bits/endianness.h
[E 08:48:24 441212] Already archived /home/melissa/sven/scripts/mydb_350m/src/usr/include/x86_64-linux-gnu/bits/byteswap.h
[E 08:48:24 441212] Already archived /home/melissa/sven/scripts/mydb_350m/src/usr/include/x86_64-linux-gnu/bits/uintn-identity.h
[E 08:48:24 441212] Already archived /home/melissa/sven/scripts/mydb_350m/src/usr/include/x86_64-linux-gnu/sys/select.h
[E 08:48:24 441212] Already archived /home/melissa/sven/scripts/mydb_350m/src/usr/include/x86_64-linux-gnu/bits/select.h
[E 08:48:24 441212] Already archived /home/melissa/sven/scripts/mydb_350m/src/usr/include/x86_64-linux-gnu/bits/types/sigset_t.h
[E 08:48:24 441212] Already archived /home/melissa/sven/scripts/mydb_350m/src/usr/include/x86_64-linux-gnu/bits/types/__sigset_t.h
[E 08:48:24 441212] Already archived /home/melissa/sven/scripts/mydb_350m/src/usr/include/x86_64-linux-gnu/bits/types/struct_timeval.h
[E 08:48:24 441212] Already archived /home/melissa/sven/scripts/mydb_350m/src/usr/include/x86_64-linux-gnu/bits/types/struct_timespec.h
[E 08:48:24 441212] Already archived /home/melissa/sven/scripts/mydb_350m/src/usr/include/x86_64-linux-gnu/bits/pthreadtypes.h
[E 08:48:24 441212] Already archived /home/melissa/sven/scripts/mydb_350m/src/usr/include/x86_64-linux-gnu/bits/thread-shared-types.h
[E 08:48:24 441212] Already archived /home/melissa/sven/scripts/mydb_350m/src/usr/include/x86_64-linux-gnu/bits/pthreadtypes-arch.h
[E 08:48:24 441212] Already archived /home/melissa/sven/scripts/mydb_350m/src/usr/include/x86_64-linux-gnu/bits/wordsize.h
[E 08:48:24 441212] Already archived /home/melissa/sven/scripts/mydb_350m/src/usr/include/x86_64-linux-gnu/bits/atomic_wide_counter.h
[E 08:48:24 441212] Already archived /home/melissa/sven/scripts/mydb_350m/src/usr/include/x86_64-linux-gnu/bits/struct_mutex.h
[E 08:48:24 441212] Already archived /home/melissa/sven/scripts/mydb_350m/src/usr/include/x86_64-linux-gnu/bits/struct_rwlock.h
[E 08:48:24 441212] Already archived /home/melissa/sven/scripts/mydb_350m/src/usr/include/alloca.h
[E 08:48:24 441212] Already archived /home/melissa/sven/scripts/mydb_350m/src/usr/lib/gcc/x86_64-linux-gnu/13/include/stddef.h
[E 08:48:24 441212] Already archived /home/melissa/sven/scripts/mydb_350m/src/usr/include/x86_64-linux-gnu/bits/stdlib-float.h
[E 08:48:24 441212] Creating trap tarball /home/melissa/sven/scripts/mydb_350m/trap/cpp/tarballs/home/melissa/sven/experiments/sec_eval/sec-eval-350m-prefix/trained/cwe-125/0-c/sec_output/07.c.08b50320_0.trap.tar.br
[E 08:48:24 441212] Emitting trap files for 07.c
[E 08:48:24 441212] Opening existencedb in /home/melissa/sven/scripts/mydb_350m/working/existencedb/db
[E 08:48:24 441212] Warning[extractor-c++]: In index_attribute_arg: Unknown kind 5.
[E 08:48:24 441212] Warning[extractor-c++]: In index_attribute_arg: Unknown kind 5.
[E 08:48:24 441212] Warning[extractor-c++]: In index_attribute_arg: Unknown kind 5.
[E 08:48:24 441212] Warning[extractor-c++]: In index_attribute_arg: Unknown kind 5.
[E 08:48:24 441212] Warning[extractor-c++]: In index_attribute_arg: Unknown kind 5.
[E 08:48:24 441212] Warning[extractor-c++]: In index_attribute_arg: Unknown kind 5.
[E 08:48:24 441212] Warning[extractor-c++]: In index_attribute_arg: Unknown kind 5.
[E 08:48:24 441212] Warning[extractor-c++]: In index_attribute_arg: Unknown kind 5.
[E 08:48:24 441212] Warning[extractor-c++]: In index_attribute_arg: Unknown kind 5.
[E 08:48:24 441212] Warning[extractor-c++]: In index_attribute_arg: Unknown kind 5.
[E 08:48:24 441212] Wrote 1 files to /home/melissa/sven/scripts/mydb_350m/trap/cpp/tarballs/home/melissa/sven/experiments/sec_eval/sec-eval-350m-prefix/trained/cwe-125/0-c/sec_output/07.c.08b50320_0.trap.tar.br
[E 08:48:24 441212] Finished compilation TRAP /home/melissa/sven/scripts/mydb_350m/trap/cpp/compilations/13/60956318_0.trap.br
[E 08:48:24 441212] Marking C compilation as happened.
[E 08:48:24 441212] Setting tag c-compilation-happened
[E 08:48:24 441212] Starting from CODEQL_TRACER_DB_ID 000000000006BB7A_0000000000000001
[E 08:48:24 441212] Locking DB /home/melissa/sven/scripts/mydb_350m/working/tags.db
[E 08:48:24 441212] Locked DB /home/melissa/sven/scripts/mydb_350m/working/tags.db
[E 08:48:24 441212] Set tag for 000000000006BB7A_0000000000000001
[E 08:48:24 441212] Set tag for 000000000006BB78_0000000000000001
[E 08:48:24 441212] Set tag for 000000000006BAE9_0000000000000003
[E 08:48:24 441212] Set tag for 000000000006BAE9_0000000000000002
[E 08:48:24 441212] Set tag for root
[E 08:48:24 441212] Unlocking DB
[E 08:48:24 441212] Unlocked DB
[T 08:48:24 441210] Extractor /home/melissa/sven/codeql/cpp/tools/linux64/extractor terminated with exit code 0.
[T 08:48:24 441213] Initializing tracer.
[T 08:48:24 441213] Initialising tags...
[T 08:48:24 441213] ID set to 000000000006BB7D_0000000000000001 (parent 000000000006BB78_0000000000000001)
[T 08:48:24 441213] ==== Candidate to intercept: as (canonical: as) ====
[T 08:48:24 441213] Will try to resolve as in path /home/melissa/sonar-scanner/bin:/home/melissa/anaconda3/envs/sven-env/bin:/home/melissa/miniconda3/condabin:/home/melissa/.vscode-server/cli/servers/Stable-c306e94f98122556ca081f527b466015e1bc37b0/server/bin/remote-cli:/usr/local/sbin:/usr/local/bin:/usr/sbin:/usr/bin:/sbin:/bin:/usr/games:/usr/local/games:/snap/bin:/home/melissa/.vscode-server/extensions/ms-python.debugpy-2025.14.1-linux-x64/bundled/scripts/noConfigScripts:/home/melissa/.vscode-server/data/User/globalStorage/github.copilot-chat/debugCommand:/home/melissa/codeql.
[T 08:48:24 441213]  -> path lookup for as as /home/melissa/sonar-scanner/bin/as...
[T 08:48:24 441213]  -> path lookup for as as /home/melissa/anaconda3/envs/sven-env/bin/as...
[T 08:48:24 441213]  -> path lookup for as as /home/melissa/miniconda3/condabin/as...
[T 08:48:24 441213]  -> path lookup for as as /home/melissa/.vscode-server/cli/servers/Stable-c306e94f98122556ca081f527b466015e1bc37b0/server/bin/remote-cli/as...
[T 08:48:24 441213]  -> path lookup for as as /usr/local/sbin/as...
[T 08:48:24 441213]  -> path lookup for as as /usr/local/bin/as...
[T 08:48:24 441213]  -> path lookup for as as /usr/sbin/as...
[T 08:48:24 441213]  -> path lookup for as as /usr/bin/as...
[T 08:48:24 441213] Resolved barename as to /usr/bin/as
[T 08:48:24 441213] Lua: === Intercepted call to /usr/bin/as ===
[T 08:48:24 441213] Executing the following tracer actions:
[T 08:48:24 441213] Tracer actions:
[T 08:48:24 441213] pre_invocations(0)
[T 08:48:24 441213] post_invocations(1)
[T 08:48:24 441213] invocation: /home/melissa/sven/codeql/cpp/tools/linux64/extractor, args: [--assembler, --codeql-assembler-executable, /usr/bin/as, --64, -o, 07.o, /tmp/ccg4iOBE.s]
[T 08:48:24 441213] trace_languages(1): [cpp]
[T 08:48:24 441215] Attempting to switch stdout/stderr to 4...
[T 08:48:24 441215] Initializing tracer.
[T 08:48:24 441215] Initialising tags...
[T 08:48:24 441215] ID set to 000000000006BB7F_0000000000000001 (parent 000000000006BB7D_0000000000000001)
[E 08:48:24 441215] CodeQL C/C++ Extractor 2.11.1
[E 08:48:24 441215] Current directory: /home/melissa/sven/experiments/sec_eval/sec-eval-350m-prefix/trained/cwe-125/0-c/sec_output
[E 08:48:24 441215] Command: /home/melissa/sven/codeql/cpp/tools/linux64/extractor --assembler --codeql-assembler-executable /usr/bin/as --64 -o 07.o /tmp/ccg4iOBE.s
[T 08:48:24 441213] Extractor /home/melissa/sven/codeql/cpp/tools/linux64/extractor terminated with exit code 0.
[T 08:48:24 441216] Attempting to switch stdout/stderr to 4...
[T 08:48:24 441216] Initializing tracer.
[T 08:48:24 441216] Initialising tags...
[T 08:48:24 441216] ID set to 000000000006BB80_0000000000000001 (parent 000000000006BB78_0000000000000001)
[E 08:48:24 441216] CodeQL C/C++ Extractor 2.11.1
[E 08:48:24 441216] Current directory: /home/melissa/sven/experiments/sec_eval/sec-eval-350m-prefix/trained/cwe-125/0-c/sec_output
[E 08:48:24 441216] Command: /home/melissa/sven/codeql/cpp/tools/linux64/extractor --mimic /usr/bin/x86_64-linux-gnu-gcc-13 -c 07.c -o 07.o
[E 08:48:24 441216] Checking whether C compilation already happened.
[E 08:48:24 441216] Checking for tag c-compilation-happened
[E 08:48:24 441216] Checking CODEQL_TRACER_DB_ID 000000000006BB78_0000000000000001
[E 08:48:24 441216] Locking DB /home/melissa/sven/scripts/mydb_350m/working/tags.db
[E 08:48:24 441216] Locked DB /home/melissa/sven/scripts/mydb_350m/working/tags.db
[E 08:48:24 441216] Unlocking DB
[E 08:48:24 441216] Unlocked DB
[E 08:48:24 441216] Exiting as C compilation already happened.
[T 08:48:24 441208] Extractor /home/melissa/sven/codeql/cpp/tools/linux64/extractor terminated with exit code 0.
[T 08:48:24 441217] Initializing tracer.
[T 08:48:24 441217] Initialising tags...
[T 08:48:24 441217] ID set to 000000000006BB81_0000000000000001 (parent 000000000006BAE9_0000000000000003)
[T 08:48:24 441217] ==== Candidate to intercept: /usr/bin/gcc (canonical: /usr/bin/x86_64-linux-gnu-gcc-13) ====
[T 08:48:24 441217] Lua: === Intercepted call to /usr/bin/x86_64-linux-gnu-gcc-13 ===
[T 08:48:24 441217] Executing the following tracer actions:
[T 08:48:24 441217] Tracer actions:
[T 08:48:24 441217] pre_invocations(0)
[T 08:48:24 441217] post_invocations(1)
[T 08:48:24 441217] invocation: /home/melissa/sven/codeql/cpp/tools/linux64/extractor, args: [--mimic, /usr/bin/x86_64-linux-gnu-gcc-13, -c, 08.c, -o, 08.o]
[T 08:48:24 441217] trace_languages(1): [cpp]
[T 08:48:24 441219] Initializing tracer.
[T 08:48:24 441219] Initialising tags...
[T 08:48:24 441219] ID set to 000000000006BB83_0000000000000001 (parent 000000000006BB81_0000000000000001)
[T 08:48:24 441219] ==== Candidate to intercept: /usr/libexec/gcc/x86_64-linux-gnu/13/cc1 (canonical: /usr/libexec/gcc/x86_64-linux-gnu/13/cc1) ====
[T 08:48:24 441219] Lua: === Intercepted call to /usr/libexec/gcc/x86_64-linux-gnu/13/cc1 ===
[T 08:48:24 441219] Executing the following tracer actions:
[T 08:48:24 441219] Tracer actions:
[T 08:48:24 441219] pre_invocations(0)
[T 08:48:24 441219] post_invocations(1)
[T 08:48:24 441219] invocation: /home/melissa/sven/codeql/cpp/tools/linux64/extractor, args: [--mimic, /usr/libexec/gcc/x86_64-linux-gnu/13/cc1, -quiet, -imultiarch, x86_64-linux-gnu, 08.c, -quiet, -dumpbase, 08.c, -dumpbase-ext, .c, -mtune=generic, -march=x86-64, -fasynchronous-unwind-tables, -fstack-protector-strong, -Wformat, -Wformat-security, -fstack-clash-protection, -fcf-protection, -o, /tmp/ccHYtKxg.s]
[T 08:48:24 441219] trace_languages(1): [cpp]
[T 08:48:24 441221] Attempting to switch stdout/stderr to 4...
[T 08:48:24 441221] Initializing tracer.
[T 08:48:24 441221] Initialising tags...
[T 08:48:24 441221] ID set to 000000000006BB85_0000000000000001 (parent 000000000006BB83_0000000000000001)
[E 08:48:24 441221] CodeQL C/C++ Extractor 2.11.1
[E 08:48:24 441221] Current directory: /home/melissa/sven/experiments/sec_eval/sec-eval-350m-prefix/trained/cwe-125/0-c/sec_output
[E 08:48:24 441221] Command: /home/melissa/sven/codeql/cpp/tools/linux64/extractor --mimic /usr/libexec/gcc/x86_64-linux-gnu/13/cc1 -quiet -imultiarch x86_64-linux-gnu 08.c -quiet -dumpbase 08.c -dumpbase-ext .c -mtune=generic -march=x86-64 -fasynchronous-unwind-tables -fstack-protector-strong -Wformat -Wformat-security -fstack-clash-protection -fcf-protection -o /tmp/ccHYtKxg.s
[E 08:48:24 441221] Checking whether C compilation already happened.
[E 08:48:24 441221] Checking for tag c-compilation-happened
[E 08:48:24 441221] Checking CODEQL_TRACER_DB_ID 000000000006BB83_0000000000000001
[E 08:48:24 441221] Locking DB /home/melissa/sven/scripts/mydb_350m/working/tags.db
[E 08:48:24 441221] Locked DB /home/melissa/sven/scripts/mydb_350m/working/tags.db
[E 08:48:24 441221] Unlocking DB
[E 08:48:24 441221] Unlocked DB
[E 08:48:24 441221] Looks like C compilation didn't already happen.
[E 08:48:24 441221] Checking whether C compilation has been attempted.
[E 08:48:24 441221] Checking for tag c-compilation-attempted
[E 08:48:24 441221] Checking CODEQL_TRACER_DB_ID 000000000006BB83_0000000000000001
[E 08:48:24 441221] Locking DB /home/melissa/sven/scripts/mydb_350m/working/tags.db
[E 08:48:24 441221] Locked DB /home/melissa/sven/scripts/mydb_350m/working/tags.db
[E 08:48:24 441221] Unlocking DB
[E 08:48:24 441221] Unlocked DB
[E 08:48:24 441221] Marking C compilation as attempted.
[E 08:48:24 441221] Setting tag c-compilation-attempted
[E 08:48:24 441221] Starting from CODEQL_TRACER_DB_ID 000000000006BB83_0000000000000001
[E 08:48:24 441221] Locking DB /home/melissa/sven/scripts/mydb_350m/working/tags.db
[E 08:48:24 441221] Locked DB /home/melissa/sven/scripts/mydb_350m/working/tags.db
[E 08:48:24 441221] Set tag for 000000000006BB83_0000000000000001
[E 08:48:24 441221] Set tag for 000000000006BB81_0000000000000001
[E 08:48:24 441221] Set tag for 000000000006BAE9_0000000000000003
[E 08:48:24 441221] Set tag for 000000000006BAE9_0000000000000002
[E 08:48:24 441221] Set tag for root
[E 08:48:24 441221] Unlocking DB
[E 08:48:24 441221] Unlocked DB
[E 08:48:24 441221] Processed command line: /home/melissa/sven/codeql/cpp/tools/linux64/extractor --trapfolder /home/melissa/sven/scripts/mydb_350m/trap/cpp --src_archive /home/melissa/sven/scripts/mydb_350m/src --mimic_config /home/melissa/sven/scripts/mydb_350m/working/compiler_mimic_cache/a75ad1f49a2f --object_filename /tmp/ccHYtKxg.s -w --error_limit 1000 --disable_system_macros --variadic_macros --gcc --gnu_version 130300 --target linux_x86_64 '-D__DBL_MIN_EXP__=(-1021)' -D__UINT_LEAST16_MAX__=0xffff -D__FLT16_HAS_QUIET_NAN__=1 -D__ATOMIC_ACQUIRE=2 -D__FLT128_MAX_10_EXP__=4932 -D__FLT_MIN__=1.17549435082228750796873653722224568e-38F -D__GCC_IEC_559_COMPLEX=2 '-D__UINT_LEAST8_TYPE__=unsigned char' -D__SIZEOF_FLOAT80__=16 -D__BFLT16_DENORM_MIN__=9.18354961579912115600575419704879436e-41BF16 '-D__INTMAX_C(c)=c ## L' -D__CHAR_BIT__=8 -D__UINT8_MAX__=0xff -D__SCHAR_WIDTH__=8 -D__WINT_MAX__=0xffffffffU '-D__FLT32_MIN_EXP__=(-125)' '-D__BFLT16_NORM_MAX__=3.38953138925153547590470800371487867e+38BF16' '-D__BFLT16_MIN_10_EXP__=(-37)' -D__ORDER_LITTLE_ENDIAN__=1234 -D__WCHAR_MAX__=0x7fffffff -D__GCC_HAVE_SYNC_COMPARE_AND_SWAP_2=1 -D__GCC_HAVE_SYNC_COMPARE_AND_SWAP_4=1 -D__GCC_HAVE_SYNC_COMPARE_AND_SWAP_8=1 -D__GCC_ATOMIC_CHAR_LOCK_FREE=2 -D__GCC_IEC_559=2 -D__FLT32X_DECIMAL_DIG__=17 -D__FLT_EVAL_METHOD__=0 -D__FLT64_DECIMAL_DIG__=17 -D__CET__=3 -D__GCC_ATOMIC_CHAR32_T_LOCK_FREE=2 -D__UINT_FAST64_MAX__=0xffffffffffffffffUL -D__SIG_ATOMIC_TYPE__=int '-D__DBL_MIN_10_EXP__=(-307)' -D__FINITE_MATH_ONLY__=0 -D__FLT32X_MAX_EXP__=1024 -D__GCC_HAVE_SYNC_COMPARE_AND_SWAP_1=1 -D__FLT32_HAS_DENORM__=1 -D__UINT_FAST8_MAX__=0xff -D__FLT32_MAX_10_EXP__=38 -D__DEC64_MAX_EXP__=385 '-D__INT8_C(c)=c' -D__INT_LEAST8_WIDTH__=8 -D__UINT_LEAST64_MAX__=0xffffffffffffffffUL -D__SHRT_MAX__=0x7fff '-D__LDBL_MAX__=1.18973149535723176502126385303097021e+4932L' -D__FLT64X_MAX_10_EXP__=4932 -D__BFLT16_MAX_10_EXP__=38 -D__BFLT16_MAX_EXP__=128 -D__LDBL_IS_IEC_60559__=1 -D__FLT64X_HAS_QUIET_NAN__=1 -D__UINT_LEAST8_MAX__=0xff -D__GCC_ATOMIC_BOOL_LOCK_FREE=2 -D__FLT128_DENORM_MIN__=6.47517511943802511092443895822764655e-4966F128 '-D__UINTMAX_TYPE__=long unsigned int' -D__BFLT16_DECIMAL_DIG__=4 -D__linux=1 -D__DEC32_EPSILON__=1E-6DF -D__FLT_EVAL_METHOD_TS_18661_3__=0 -D__UINT32_MAX__=0xffffffffU '-D__DBL_DENORM_MIN__=((double)4.94065645841246544176568792868221372e-324L)' '-D__FLT128_MIN_EXP__=(-16381)' -D__WINT_MIN__=0U '-D__FLT128_MIN_10_EXP__=(-4931)' -D__FLT32X_IS_IEC_60559__=1 -D__INT_LEAST16_WIDTH__=16 -D__SCHAR_MAX__=0x7f -D__FLT128_MANT_DIG__=113 '-D__WCHAR_MIN__=(-__WCHAR_MAX__ - 1)' '-D__INT64_C(c)=c ## L' -D__SSP_STRONG__=3 -D__GCC_ATOMIC_POINTER_LOCK_FREE=2 -D__ATOMIC_SEQ_CST=5 -D__unix=1 -D__INT_LEAST64_MAX__=0x7fffffffffffffffL -D__FLT32X_MANT_DIG__=53 -D__FLT64X_EPSILON__=1.08420217248550443400745280086994171e-19F64x '-D__DEC64_MIN_EXP__=(-382)' -D__DBL_DIG__=15 -D__FLT_EPSILON__=1.19209289550781250000000000000000000e-7F -D__SHRT_WIDTH__=16 -D__FLT32_IS_IEC_60559__=1 -D__LDBL_MIN__=3.36210314311209350626267781732175260e-4932L -D__STDC_UTF_16__=1 -D__DBL_IS_IEC_60559__=1 -D__DEC32_MAX__=9.999999E96DF -D__FLT64X_DENORM_MIN__=3.64519953188247460252840593361941982e-4951F64x -D__FLT32X_HAS_INFINITY__=1 -D__unix__=1 -D__INT_WIDTH__=32 -D__STDC_IEC_559__=1 -D__STDC_ISO_10646__=201706L -D__DECIMAL_DIG__=21 -D__STDC_IEC_559_COMPLEX__=1 -D__FLT64_EPSILON__=2.22044604925031308084726333618164062e-16F64 -D__gnu_linux__=1 -D__FLT128_IS_IEC_60559__=1 '-D__FLT64X_MIN_10_EXP__=(-4931)' -D__LDBL_HAS_QUIET_NAN__=1 '-D__FLT16_MIN_EXP__=(-13)' -D__FLT64_MANT_DIG__=53 -D__FLT64X_MANT_DIG__=64 -D__BFLT16_DIG__=2 -D__pie__=2 -D__MMX__=1 -D__FLT_HAS_DENORM__=1 -D__SIZEOF_LONG_DOUBLE__=16 -D__BIGGEST_ALIGNMENT__=16 -D__FLT64_MAX_10_EXP__=308 -D__BFLT16_IS_IEC_60559__=0 -D__FLT16_MAX_10_EXP__=4 '-D__DBL_MAX__=((double)1.79769313486231570814527423731704357e+308L)' -D__INT_FAST32_MAX__=0x7fffffffffffffffL -D__DBL_HAS_INFINITY__=1 -D__INT64_MAX__=0x7fffffffffffffffL -D__SIZEOF_FLOAT__=4 -D__HAVE_SPECULATION_SAFE_VALUE=1 '-D__DEC32_MIN_EXP__=(-94)' -D__INTPTR_WIDTH__=64 -D__UINT_LEAST32_MAX__=0xffffffffU -D__FLT32X_HAS_DENORM__=1 '-D__INT_FAST16_TYPE__=long int' -D__MMX_WITH_SSE__=1 -D__LDBL_HAS_DENORM__=1 -D__SEG_GS=1 -D__BFLT16_EPSILON__=7.81250000000000000000000000000000000e-3BF16 -D__FLT128_HAS_INFINITY__=1 -D__DEC32_MIN__=1E-95DF -D__DBL_MAX_EXP__=1024 -D__WCHAR_WIDTH__=32 '-D__FLT32_MAX__=3.40282346638528859811704183484516925e+38F32' -D__DEC128_EPSILON__=1E-33DL -D__FLT16_DECIMAL_DIG__=5 -D__SSE2_MATH__=1 -D__ATOMIC_HLE_RELEASE=131072 -D__PTRDIFF_MAX__=0x7fffffffffffffffL -D__amd64=1 -D__ATOMIC_HLE_ACQUIRE=65536 -D__LONG_LONG_MAX__=0x7fffffffffffffffLL -D__SIZEOF_SIZE_T__=8 -D__BFLT16_HAS_INFINITY__=1 '-D__FLT64X_MIN_EXP__=(-16381)' -D__SIZEOF_WINT_T__=4 -D__LONG_LONG_WIDTH__=64 -D__FLT32_MAX_EXP__=128 -D__GXX_ABI_VERSION=1018 '-D__FLT_MIN_EXP__=(-125)' -D__GCC_HAVE_DWARF2_CFI_ASM=1 -D__INT16_MAX__=0x7fff -D__x86_64=1 '-D__INT_FAST64_TYPE__=long int' '-D__BFLT16_MAX__=3.38953138925153547590470800371487867e+38BF16' -D__BFLT16_HAS_DENORM__=1 -D__FLT64_DENORM_MIN__=4.94065645841246544176568792868221372e-324F64 -D__FLT16_DENORM_MIN__=5.96046447753906250000000000000000000e-8F16 -D__FLT128_EPSILON__=1.92592994438723585305597794258492732e-34F128 '-D__FLT64X_NORM_MAX__=1.18973149535723176502126385303097021e+4932F64x' -D__SIZEOF_POINTER__=8 '-D__SIZE_TYPE__=long unsigned int' -D__LP64__=1 -D__DBL_HAS_QUIET_NAN__=1 -D__FLT32X_EPSILON__=2.22044604925031308084726333618164062e-16F32x -D__LDBL_MAX_EXP__=16384 -D__DECIMAL_BID_FORMAT__=1 '-D__FLT64_MIN_EXP__=(-1021)' '-D__FLT64_MIN_10_EXP__=(-307)' '-D__FLT16_MIN_10_EXP__=(-4)' -D__FLT64X_DECIMAL_DIG__=21 -D__DEC128_MIN__=1E-6143DL -D__REGISTER_PREFIX__= -D__UINT16_MAX__=0xffff -D__DBL_HAS_DENORM__=1 -D__FLT32_MIN__=1.17549435082228750796873653722224568e-38F32 '-D__UINT8_TYPE__=unsigned char' -D__FLT_DIG__=6 -D__NO_INLINE__=1 -D__DEC_EVAL_METHOD__=2 -D__FLT_MANT_DIG__=24 -D__LDBL_DECIMAL_DIG__=21 '-D__UINT64_C(c)=c ## UL' -D_STDC_PREDEF_H=1 -D__INT_LEAST32_MAX__=0x7fffffff -D__GCC_ATOMIC_INT_LOCK_FREE=2 -D__FLT128_MAX_EXP__=16384 -D__FLT32_MANT_DIG__=24 -D__FLOAT_WORD_ORDER__=__ORDER_LITTLE_ENDIAN__ '-D__FLT32X_MIN_EXP__=(-1021)' -D__STDC_IEC_60559_COMPLEX__=201404L -D__BFLT16_MIN__=1.17549435082228750796873653722224568e-38BF16 -D__FLT128_HAS_DENORM__=1 -D__FLT32_DECIMAL_DIG__=9 -D__FLT128_DIG__=33 '-D__INT32_C(c)=c' -D__DEC64_EPSILON__=1E-15DD -D__ORDER_PDP_ENDIAN__=3412 '-D__DEC128_MIN_EXP__=(-6142)' -D__DEC128_MAX__=9.999999999999999999999999999999999E6144DL '-D__INT_FAST32_TYPE__=long int' '-D__UINT_LEAST16_TYPE__=short unsigned int' -D__DEC128_MAX_EXP__=6145 -Dunix=1 -D__UINT64_MAX__=0xffffffffffffffffUL -D__FLT_IS_IEC_60559__=1 '-D__GNUC_WIDE_EXECUTION_CHARSET_NAME="UTF-32LE"' -D__FLT64X_DIG__=18 '-D__INT8_TYPE__=signed char' -D__ELF__=1 -D__GCC_ASM_FLAG_OUTPUTS__=1 '-D__UINT32_TYPE__=unsigned int' -D__BFLT16_HAS_QUIET_NAN__=1 -D__FLT_RADIX__=2 '-D__INT_LEAST16_TYPE__=short int' -D__LDBL_EPSILON__=1.08420217248550443400745280086994171e-19L '-D__UINTMAX_C(c)=c ## UL' -D__FLT16_DIG__=3 -D__SSE_MATH__=1 -D__k8=1 -D__FLT32X_MIN__=2.22507385850720138309023271733240406e-308F32x -D__SIG_ATOMIC_MAX__=0x7fffffff -D__GCC_ATOMIC_WCHAR_T_LOCK_FREE=2 -D__USER_LABEL_PREFIX__= -D__STDC_IEC_60559_BFP__=201404L -D__SIZEOF_PTRDIFF_T__=8 -D__FLT64X_HAS_INFINITY__=1 -D__FLT32_HAS_INFINITY__=1 -D__SIZEOF_LONG__=8 -D__LDBL_DIG__=18 -D__FLT64_IS_IEC_60559__=1 -D__x86_64__=1 -D__FLT16_IS_IEC_60559__=1 -D__FLT16_MAX_EXP__=16 -D__DEC32_SUBNORMAL_MIN__=0.000001E-95DF -D__INT_FAST16_MAX__=0x7fffffffffffffffL -D__GCC_CONSTRUCTIVE_SIZE=64 -D__FLT64_DIG__=15 -D__UINT_FAST32_MAX__=0xffffffffffffffffUL '-D__UINT_LEAST64_TYPE__=long unsigned int' -D__FLT16_EPSILON__=9.76562500000000000000000000000000000e-4F16 -D__FLT_HAS_QUIET_NAN__=1 -D__FLT_MAX_10_EXP__=38 -D__LONG_MAX__=0x7fffffffffffffffL -D__FLT64X_HAS_DENORM__=1 -D__DEC128_SUBNORMAL_MIN__=0.000000000000000000000000000000001E-6143DL -D__FLT_HAS_INFINITY__=1 '-D__GNUC_EXECUTION_CHARSET_NAME="UTF-8"' '-D__UINT_FAST16_TYPE__=long unsigned int' -D__DEC64_MAX__=9.999999999999999E384DD -D__INT_FAST32_WIDTH__=64 -D__PRAGMA_REDEFINE_EXTNAME=1 -D__SIZE_WIDTH__=64 -D__SEG_FS=1 -D__INT_LEAST16_MAX__=0x7fff '-D__FLT16_NORM_MAX__=6.55040000000000000000000000000000000e+4F16' -D__DEC64_MANT_DIG__=16 -D__FLT32_DENORM_MIN__=1.40129846432481707092372958328991613e-45F32 -D__SIG_ATOMIC_WIDTH__=32 '-D__INT_LEAST64_TYPE__=long int' '-D__INT16_TYPE__=short int' '-D__INT_LEAST8_TYPE__=signed char' '-D__FLT16_MAX__=6.55040000000000000000000000000000000e+4F16' -D__FLT128_MIN__=3.36210314311209350626267781732175260e-4932F128 -D__SIZEOF_INT__=4 -D__DEC32_MAX_EXP__=97 -D__INT_FAST8_MAX__=0x7f '-D__FLT128_MAX__=1.18973149535723176508575932662800702e+4932F128' -D__INTPTR_MAX__=0x7fffffffffffffffL -Dlinux=1 -D__FLT64_HAS_QUIET_NAN__=1 '-D__FLT32_MIN_10_EXP__=(-37)' -D__FLT32X_DIG__=15 '-D__UINT16_C(c)=c' -D__PTRDIFF_WIDTH__=64 -D__LDBL_MANT_DIG__=64 -D__INT_FAST16_WIDTH__=64 -D__FLT64_HAS_INFINITY__=1 '-D__FLT64X_MAX__=1.18973149535723176502126385303097021e+4932F64x' -D__FLT16_HAS_INFINITY__=1 '-D__SIG_ATOMIC_MIN__=(-__SIG_ATOMIC_MAX__ - 1)' -D__code_model_small__=1 -D__GCC_ATOMIC_LONG_LOCK_FREE=2 -D__DEC32_MANT_DIG__=7 -D__FLT16_MANT_DIG__=11 -D__k8__=1 '-D__INTPTR_TYPE__=long int' '-D__UINT16_TYPE__=short unsigned int' -D__WCHAR_TYPE__=int -D__pic__=2 -D__UINTPTR_MAX__=0xffffffffffffffffUL -D__INT_FAST64_WIDTH__=64 -D__LDBL_HAS_INFINITY__=1 -D__INT_FAST64_MAX__=0x7fffffffffffffffL -D__GCC_ATOMIC_TEST_AND_SET_TRUEVAL=1 '-D__FLT_NORM_MAX__=3.40282346638528859811704183484516925e+38F' -D__FLT64X_MAX_EXP__=16384 '-D__UINT_FAST64_TYPE__=long unsigned int' '-D__BFLT16_MIN_EXP__=(-125)' -D__INT_MAX__=0x7fffffff -D__linux__=1 '-D__INT64_TYPE__=long int' -D__FLT_MAX_EXP__=128 -D__ORDER_BIG_ENDIAN__=4321 -D__DBL_MANT_DIG__=53 -D__SIZEOF_FLOAT128__=16 -D__BFLT16_MANT_DIG__=8 -D__GCC_ATOMIC_CHAR16_T_LOCK_FREE=2 -D__DEC64_MIN__=1E-383DD '-D__WINT_TYPE__=unsigned int' '-D__UINT_LEAST32_TYPE__=unsigned int' -D__SIZEOF_SHORT__=2 '-D__FLT32_NORM_MAX__=3.40282346638528859811704183484516925e+38F32' -D__SSE__=1 '-D__LDBL_MIN_EXP__=(-16381)' '-D__FLT64_MAX__=1.79769313486231570814527423731704357e+308F64' -D__amd64__=1 -D__WINT_WIDTH__=32 -D__INT_LEAST8_MAX__=0x7f -D__INT_LEAST64_WIDTH__=64 -D__FLT32X_MAX_10_EXP__=308 -D__SIZEOF_INT128__=16 -D__FLT16_MIN__=6.10351562500000000000000000000000000e-5F16 -D__FLT64X_IS_IEC_60559__=1 -D__LDBL_MAX_10_EXP__=4932 -D__ATOMIC_RELAXED=0 '-D__DBL_EPSILON__=((double)2.22044604925031308084726333618164062e-16L)' -D__INT_LEAST32_TYPE__=int -D_LP64=1 '-D__UINT8_C(c)=c' -D__FLT64_MAX_EXP__=1024 -D__SIZEOF_WCHAR_T__=4 '-D__UINT64_TYPE__=long unsigned int' '-D__FLT128_NORM_MAX__=1.18973149535723176508575932662800702e+4932F128' '-D__FLT64_NORM_MAX__=1.79769313486231570814527423731704357e+308F64' -D__FLT128_HAS_QUIET_NAN__=1 -D__INTMAX_MAX__=0x7fffffffffffffffL '-D__INT_FAST8_TYPE__=signed char' -D__FLT64X_MIN__=3.36210314311209350626267781732175260e-4932F64x -D__FLT64_HAS_DENORM__=1 -D__FLT32_EPSILON__=1.19209289550781250000000000000000000e-7F32 -D__FLT16_HAS_DENORM__=1 -D__DBL_DECIMAL_DIG__=17 -D__STDC_UTF_32__=1 -D__INT_FAST8_WIDTH__=8 -D__FXSR__=1 '-D__FLT32X_MAX__=1.79769313486231570814527423731704357e+308F32x' '-D__DBL_NORM_MAX__=((double)1.79769313486231570814527423731704357e+308L)' -D__BYTE_ORDER__=__ORDER_LITTLE_ENDIAN__ -D__GCC_DESTRUCTIVE_SIZE=64 -D__INTMAX_WIDTH__=64 -D__FLT32_DIG__=6 '-D__UINT32_C(c)=c ## U' -D__FLT_DENORM_MIN__=1.40129846432481707092372958328991613e-45F -D__INT8_MAX__=0x7f -D__LONG_WIDTH__=64 '-D__DBL_MIN__=((double)2.22507385850720138309023271733240406e-308L)' -D__PIC__=2 -D__INT32_MAX__=0x7fffffff '-D__UINT_FAST32_TYPE__=long unsigned int' '-D__FLT32X_NORM_MAX__=1.79769313486231570814527423731704357e+308F32x' '-D__FLT_MAX__=3.40282346638528859811704183484516925e+38F' -D__SSE2__=1 -D__INT32_TYPE__=int -D__SIZEOF_DOUBLE__=8 '-D__FLT_MIN_10_EXP__=(-37)' -D__FLT64_MIN__=2.22507385850720138309023271733240406e-308F64 -D__INT_LEAST32_WIDTH__=32 '-D__INTMAX_TYPE__=long int' -D__FLT32X_HAS_QUIET_NAN__=1 -D__ATOMIC_CONSUME=1 -D__UINTMAX_MAX__=0xffffffffffffffffUL -D__PIE__=2 -D__FLT32X_DENORM_MIN__=4.94065645841246544176568792868221372e-324F32x -D__DBL_MAX_10_EXP__=308 -D__LDBL_DENORM_MIN__=3.64519953188247460252840593361941982e-4951L '-D__INT16_C(c)=c' '-D__PTRDIFF_TYPE__=long int' '-D__FLT32X_MIN_10_EXP__=(-307)' '-D__UINTPTR_TYPE__=long unsigned int' -D__DEC64_SUBNORMAL_MIN__=0.000000000000001E-383DD -D__DEC128_MANT_DIG__=34 '-D__LDBL_MIN_10_EXP__=(-4931)' -D__SIZEOF_LONG_LONG__=8 -D__FLT128_DECIMAL_DIG__=36 -D__GCC_ATOMIC_LLONG_LOCK_FREE=2 -D__FLT32_HAS_QUIET_NAN__=1 -D__FLT_DECIMAL_DIG__=9 -D__UINT_FAST16_MAX__=0xffffffffffffffffUL '-D__LDBL_NORM_MAX__=1.18973149535723176502126385303097021e+4932L' -D__GCC_ATOMIC_SHORT_LOCK_FREE=2 -D__SIZE_MAX__=0xffffffffffffffffUL '-D__UINT_FAST8_TYPE__=unsigned char' -D__ATOMIC_ACQ_REL=4 -D__ATOMIC_RELEASE=3 -I/usr/lib/gcc/x86_64-linux-gnu/13/include -I/usr/local/include -I/usr/include/x86_64-linux-gnu -I/usr/include -- 08.c
[E 08:48:24 441221] Starting compilation TRAP /home/melissa/sven/scripts/mydb_350m/trap/cpp/compilations/44/2264739_0.trap.br
[E 08:48:24 441221] Archiving /home/melissa/sven/scripts/mydb_350m/src/home/melissa/sven/experiments/sec_eval/sec-eval-350m-prefix/trained/cwe-125/0-c/sec_output/08.c
[E 08:48:24 441221] Already archived /home/melissa/sven/scripts/mydb_350m/src/usr/include/stdio.h
[E 08:48:24 441221] Already archived /home/melissa/sven/scripts/mydb_350m/src/usr/include/x86_64-linux-gnu/bits/libc-header-start.h
[E 08:48:24 441221] Already archived /home/melissa/sven/scripts/mydb_350m/src/usr/include/features.h
[E 08:48:24 441221] Already archived /home/melissa/sven/scripts/mydb_350m/src/usr/include/features-time64.h
[E 08:48:24 441221] Already archived /home/melissa/sven/scripts/mydb_350m/src/usr/include/x86_64-linux-gnu/bits/wordsize.h
[E 08:48:24 441221] Already archived /home/melissa/sven/scripts/mydb_350m/src/usr/include/x86_64-linux-gnu/bits/timesize.h
[E 08:48:24 441221] Already archived /home/melissa/sven/scripts/mydb_350m/src/usr/include/x86_64-linux-gnu/bits/wordsize.h
[E 08:48:24 441221] Already archived /home/melissa/sven/scripts/mydb_350m/src/usr/include/stdc-predef.h
[E 08:48:24 441221] Already archived /home/melissa/sven/scripts/mydb_350m/src/usr/include/x86_64-linux-gnu/sys/cdefs.h
[E 08:48:24 441221] Already archived /home/melissa/sven/scripts/mydb_350m/src/usr/include/x86_64-linux-gnu/bits/wordsize.h
[E 08:48:24 441221] Already archived /home/melissa/sven/scripts/mydb_350m/src/usr/include/x86_64-linux-gnu/bits/long-double.h
[E 08:48:24 441221] Already archived /home/melissa/sven/scripts/mydb_350m/src/usr/include/x86_64-linux-gnu/gnu/stubs.h
[E 08:48:24 441221] Already archived /home/melissa/sven/scripts/mydb_350m/src/usr/include/x86_64-linux-gnu/gnu/stubs-64.h
[E 08:48:24 441221] Already archived /home/melissa/sven/scripts/mydb_350m/src/usr/lib/gcc/x86_64-linux-gnu/13/include/stddef.h
[E 08:48:24 441221] Already archived /home/melissa/sven/scripts/mydb_350m/src/usr/lib/gcc/x86_64-linux-gnu/13/include/stdarg.h
[E 08:48:24 441221] Already archived /home/melissa/sven/scripts/mydb_350m/src/usr/include/x86_64-linux-gnu/bits/types.h
[E 08:48:24 441221] Already archived /home/melissa/sven/scripts/mydb_350m/src/usr/include/x86_64-linux-gnu/bits/wordsize.h
[E 08:48:24 441221] Already archived /home/melissa/sven/scripts/mydb_350m/src/usr/include/x86_64-linux-gnu/bits/timesize.h
[E 08:48:24 441221] Already archived /home/melissa/sven/scripts/mydb_350m/src/usr/include/x86_64-linux-gnu/bits/wordsize.h
[E 08:48:24 441221] Already archived /home/melissa/sven/scripts/mydb_350m/src/usr/include/x86_64-linux-gnu/bits/typesizes.h
[E 08:48:24 441221] Already archived /home/melissa/sven/scripts/mydb_350m/src/usr/include/x86_64-linux-gnu/bits/time64.h
[E 08:48:24 441221] Already archived /home/melissa/sven/scripts/mydb_350m/src/usr/include/x86_64-linux-gnu/bits/types/__fpos_t.h
[E 08:48:24 441221] Already archived /home/melissa/sven/scripts/mydb_350m/src/usr/include/x86_64-linux-gnu/bits/types/__mbstate_t.h
[E 08:48:24 441221] Already archived /home/melissa/sven/scripts/mydb_350m/src/usr/include/x86_64-linux-gnu/bits/types/__fpos64_t.h
[E 08:48:24 441221] Already archived /home/melissa/sven/scripts/mydb_350m/src/usr/include/x86_64-linux-gnu/bits/types/__FILE.h
[E 08:48:24 441221] Already archived /home/melissa/sven/scripts/mydb_350m/src/usr/include/x86_64-linux-gnu/bits/types/FILE.h
[E 08:48:24 441221] Already archived /home/melissa/sven/scripts/mydb_350m/src/usr/include/x86_64-linux-gnu/bits/types/struct_FILE.h
[E 08:48:24 441221] Already archived /home/melissa/sven/scripts/mydb_350m/src/usr/include/x86_64-linux-gnu/bits/types/cookie_io_functions_t.h
[E 08:48:24 441221] Already archived /home/melissa/sven/scripts/mydb_350m/src/usr/include/x86_64-linux-gnu/bits/stdio_lim.h
[E 08:48:24 441221] Already archived /home/melissa/sven/scripts/mydb_350m/src/usr/include/x86_64-linux-gnu/bits/floatn.h
[E 08:48:24 441221] Already archived /home/melissa/sven/scripts/mydb_350m/src/usr/include/x86_64-linux-gnu/bits/floatn-common.h
[E 08:48:24 441221] Already archived /home/melissa/sven/scripts/mydb_350m/src/usr/include/x86_64-linux-gnu/bits/long-double.h
[E 08:48:24 441221] Already archived /home/melissa/sven/scripts/mydb_350m/src/usr/include/stdlib.h
[E 08:48:24 441221] Already archived /home/melissa/sven/scripts/mydb_350m/src/usr/include/x86_64-linux-gnu/bits/libc-header-start.h
[E 08:48:24 441221] Already archived /home/melissa/sven/scripts/mydb_350m/src/usr/lib/gcc/x86_64-linux-gnu/13/include/stddef.h
[E 08:48:24 441221] Already archived /home/melissa/sven/scripts/mydb_350m/src/usr/include/x86_64-linux-gnu/bits/waitflags.h
[E 08:48:24 441221] Already archived /home/melissa/sven/scripts/mydb_350m/src/usr/include/x86_64-linux-gnu/bits/waitstatus.h
[E 08:48:24 441221] Already archived /home/melissa/sven/scripts/mydb_350m/src/usr/include/x86_64-linux-gnu/sys/types.h
[E 08:48:24 441221] Already archived /home/melissa/sven/scripts/mydb_350m/src/usr/include/x86_64-linux-gnu/bits/types/clock_t.h
[E 08:48:24 441221] Already archived /home/melissa/sven/scripts/mydb_350m/src/usr/include/x86_64-linux-gnu/bits/types/clockid_t.h
[E 08:48:24 441221] Already archived /home/melissa/sven/scripts/mydb_350m/src/usr/include/x86_64-linux-gnu/bits/types/time_t.h
[E 08:48:24 441221] Already archived /home/melissa/sven/scripts/mydb_350m/src/usr/include/x86_64-linux-gnu/bits/types/timer_t.h
[E 08:48:24 441221] Already archived /home/melissa/sven/scripts/mydb_350m/src/usr/lib/gcc/x86_64-linux-gnu/13/include/stddef.h
[E 08:48:24 441221] Already archived /home/melissa/sven/scripts/mydb_350m/src/usr/include/x86_64-linux-gnu/bits/stdint-intn.h
[E 08:48:24 441221] Already archived /home/melissa/sven/scripts/mydb_350m/src/usr/include/endian.h
[E 08:48:24 441221] Already archived /home/melissa/sven/scripts/mydb_350m/src/usr/include/x86_64-linux-gnu/bits/endian.h
[E 08:48:24 441221] Already archived /home/melissa/sven/scripts/mydb_350m/src/usr/include/x86_64-linux-gnu/bits/endianness.h
[E 08:48:24 441221] Already archived /home/melissa/sven/scripts/mydb_350m/src/usr/include/x86_64-linux-gnu/bits/byteswap.h
[E 08:48:24 441221] Already archived /home/melissa/sven/scripts/mydb_350m/src/usr/include/x86_64-linux-gnu/bits/uintn-identity.h
[E 08:48:24 441221] Already archived /home/melissa/sven/scripts/mydb_350m/src/usr/include/x86_64-linux-gnu/sys/select.h
[E 08:48:24 441221] Already archived /home/melissa/sven/scripts/mydb_350m/src/usr/include/x86_64-linux-gnu/bits/select.h
[E 08:48:24 441221] Already archived /home/melissa/sven/scripts/mydb_350m/src/usr/include/x86_64-linux-gnu/bits/types/sigset_t.h
[E 08:48:24 441221] Already archived /home/melissa/sven/scripts/mydb_350m/src/usr/include/x86_64-linux-gnu/bits/types/__sigset_t.h
[E 08:48:24 441221] Already archived /home/melissa/sven/scripts/mydb_350m/src/usr/include/x86_64-linux-gnu/bits/types/struct_timeval.h
[E 08:48:24 441221] Already archived /home/melissa/sven/scripts/mydb_350m/src/usr/include/x86_64-linux-gnu/bits/types/struct_timespec.h
[E 08:48:24 441221] Already archived /home/melissa/sven/scripts/mydb_350m/src/usr/include/x86_64-linux-gnu/bits/pthreadtypes.h
[E 08:48:24 441221] Already archived /home/melissa/sven/scripts/mydb_350m/src/usr/include/x86_64-linux-gnu/bits/thread-shared-types.h
[E 08:48:24 441221] Already archived /home/melissa/sven/scripts/mydb_350m/src/usr/include/x86_64-linux-gnu/bits/pthreadtypes-arch.h
[E 08:48:24 441221] Already archived /home/melissa/sven/scripts/mydb_350m/src/usr/include/x86_64-linux-gnu/bits/wordsize.h
[E 08:48:24 441221] Already archived /home/melissa/sven/scripts/mydb_350m/src/usr/include/x86_64-linux-gnu/bits/atomic_wide_counter.h
[E 08:48:24 441221] Already archived /home/melissa/sven/scripts/mydb_350m/src/usr/include/x86_64-linux-gnu/bits/struct_mutex.h
[E 08:48:24 441221] Already archived /home/melissa/sven/scripts/mydb_350m/src/usr/include/x86_64-linux-gnu/bits/struct_rwlock.h
[E 08:48:24 441221] Already archived /home/melissa/sven/scripts/mydb_350m/src/usr/include/alloca.h
[E 08:48:24 441221] Already archived /home/melissa/sven/scripts/mydb_350m/src/usr/lib/gcc/x86_64-linux-gnu/13/include/stddef.h
[E 08:48:24 441221] Already archived /home/melissa/sven/scripts/mydb_350m/src/usr/include/x86_64-linux-gnu/bits/stdlib-float.h
[E 08:48:24 441221] Creating trap tarball /home/melissa/sven/scripts/mydb_350m/trap/cpp/tarballs/home/melissa/sven/experiments/sec_eval/sec-eval-350m-prefix/trained/cwe-125/0-c/sec_output/08.c.15dbbc32_0.trap.tar.br
[E 08:48:24 441221] Emitting trap files for 08.c
[E 08:48:24 441221] Opening existencedb in /home/melissa/sven/scripts/mydb_350m/working/existencedb/db
[E 08:48:24 441221] Warning[extractor-c++]: In index_attribute_arg: Unknown kind 5.
[E 08:48:24 441221] Warning[extractor-c++]: In index_attribute_arg: Unknown kind 5.
[E 08:48:24 441221] Warning[extractor-c++]: In index_attribute_arg: Unknown kind 5.
[E 08:48:24 441221] Warning[extractor-c++]: In index_attribute_arg: Unknown kind 5.
[E 08:48:24 441221] Warning[extractor-c++]: In index_attribute_arg: Unknown kind 5.
[E 08:48:24 441221] Warning[extractor-c++]: In index_attribute_arg: Unknown kind 5.
[E 08:48:24 441221] Warning[extractor-c++]: In index_attribute_arg: Unknown kind 5.
[E 08:48:24 441221] Warning[extractor-c++]: In index_attribute_arg: Unknown kind 5.
[E 08:48:24 441221] Warning[extractor-c++]: In index_attribute_arg: Unknown kind 5.
[E 08:48:24 441221] Warning[extractor-c++]: In index_attribute_arg: Unknown kind 5.
[E 08:48:24 441221] Wrote 1 files to /home/melissa/sven/scripts/mydb_350m/trap/cpp/tarballs/home/melissa/sven/experiments/sec_eval/sec-eval-350m-prefix/trained/cwe-125/0-c/sec_output/08.c.15dbbc32_0.trap.tar.br
[E 08:48:24 441221] Finished compilation TRAP /home/melissa/sven/scripts/mydb_350m/trap/cpp/compilations/44/2264739_0.trap.br
[E 08:48:24 441221] Marking C compilation as happened.
[E 08:48:24 441221] Setting tag c-compilation-happened
[E 08:48:24 441221] Starting from CODEQL_TRACER_DB_ID 000000000006BB83_0000000000000001
[E 08:48:24 441221] Locking DB /home/melissa/sven/scripts/mydb_350m/working/tags.db
[E 08:48:24 441221] Locked DB /home/melissa/sven/scripts/mydb_350m/working/tags.db
[E 08:48:24 441221] Set tag for 000000000006BB83_0000000000000001
[E 08:48:24 441221] Set tag for 000000000006BB81_0000000000000001
[E 08:48:24 441221] Set tag for 000000000006BAE9_0000000000000003
[E 08:48:24 441221] Set tag for 000000000006BAE9_0000000000000002
[E 08:48:24 441221] Set tag for root
[E 08:48:24 441221] Unlocking DB
[E 08:48:24 441221] Unlocked DB
[T 08:48:24 441219] Extractor /home/melissa/sven/codeql/cpp/tools/linux64/extractor terminated with exit code 0.
[T 08:48:24 441222] Initializing tracer.
[T 08:48:24 441222] Initialising tags...
[T 08:48:24 441222] ID set to 000000000006BB86_0000000000000001 (parent 000000000006BB81_0000000000000001)
[T 08:48:24 441222] ==== Candidate to intercept: as (canonical: as) ====
[T 08:48:24 441222] Will try to resolve as in path /home/melissa/sonar-scanner/bin:/home/melissa/anaconda3/envs/sven-env/bin:/home/melissa/miniconda3/condabin:/home/melissa/.vscode-server/cli/servers/Stable-c306e94f98122556ca081f527b466015e1bc37b0/server/bin/remote-cli:/usr/local/sbin:/usr/local/bin:/usr/sbin:/usr/bin:/sbin:/bin:/usr/games:/usr/local/games:/snap/bin:/home/melissa/.vscode-server/extensions/ms-python.debugpy-2025.14.1-linux-x64/bundled/scripts/noConfigScripts:/home/melissa/.vscode-server/data/User/globalStorage/github.copilot-chat/debugCommand:/home/melissa/codeql.
[T 08:48:24 441222]  -> path lookup for as as /home/melissa/sonar-scanner/bin/as...
[T 08:48:24 441222]  -> path lookup for as as /home/melissa/anaconda3/envs/sven-env/bin/as...
[T 08:48:24 441222]  -> path lookup for as as /home/melissa/miniconda3/condabin/as...
[T 08:48:24 441222]  -> path lookup for as as /home/melissa/.vscode-server/cli/servers/Stable-c306e94f98122556ca081f527b466015e1bc37b0/server/bin/remote-cli/as...
[T 08:48:24 441222]  -> path lookup for as as /usr/local/sbin/as...
[T 08:48:24 441222]  -> path lookup for as as /usr/local/bin/as...
[T 08:48:24 441222]  -> path lookup for as as /usr/sbin/as...
[T 08:48:24 441222]  -> path lookup for as as /usr/bin/as...
[T 08:48:24 441222] Resolved barename as to /usr/bin/as
[T 08:48:24 441222] Lua: === Intercepted call to /usr/bin/as ===
[T 08:48:24 441222] Executing the following tracer actions:
[T 08:48:24 441222] Tracer actions:
[T 08:48:24 441222] pre_invocations(0)
[T 08:48:24 441222] post_invocations(1)
[T 08:48:24 441222] invocation: /home/melissa/sven/codeql/cpp/tools/linux64/extractor, args: [--assembler, --codeql-assembler-executable, /usr/bin/as, --64, -o, 08.o, /tmp/ccHYtKxg.s]
[T 08:48:24 441222] trace_languages(1): [cpp]
[T 08:48:24 441224] Attempting to switch stdout/stderr to 4...
[T 08:48:24 441224] Initializing tracer.
[T 08:48:24 441224] Initialising tags...
[T 08:48:24 441224] ID set to 000000000006BB88_0000000000000001 (parent 000000000006BB86_0000000000000001)
[E 08:48:24 441224] CodeQL C/C++ Extractor 2.11.1
[E 08:48:24 441224] Current directory: /home/melissa/sven/experiments/sec_eval/sec-eval-350m-prefix/trained/cwe-125/0-c/sec_output
[E 08:48:24 441224] Command: /home/melissa/sven/codeql/cpp/tools/linux64/extractor --assembler --codeql-assembler-executable /usr/bin/as --64 -o 08.o /tmp/ccHYtKxg.s
[T 08:48:24 441222] Extractor /home/melissa/sven/codeql/cpp/tools/linux64/extractor terminated with exit code 0.
[T 08:48:24 441225] Attempting to switch stdout/stderr to 4...
[T 08:48:24 441225] Initializing tracer.
[T 08:48:24 441225] Initialising tags...
[T 08:48:24 441225] ID set to 000000000006BB89_0000000000000001 (parent 000000000006BB81_0000000000000001)
[E 08:48:24 441225] CodeQL C/C++ Extractor 2.11.1
[E 08:48:24 441225] Current directory: /home/melissa/sven/experiments/sec_eval/sec-eval-350m-prefix/trained/cwe-125/0-c/sec_output
[E 08:48:24 441225] Command: /home/melissa/sven/codeql/cpp/tools/linux64/extractor --mimic /usr/bin/x86_64-linux-gnu-gcc-13 -c 08.c -o 08.o
[E 08:48:24 441225] Checking whether C compilation already happened.
[E 08:48:24 441225] Checking for tag c-compilation-happened
[E 08:48:24 441225] Checking CODEQL_TRACER_DB_ID 000000000006BB81_0000000000000001
[E 08:48:24 441225] Locking DB /home/melissa/sven/scripts/mydb_350m/working/tags.db
[E 08:48:24 441225] Locked DB /home/melissa/sven/scripts/mydb_350m/working/tags.db
[E 08:48:24 441225] Unlocking DB
[E 08:48:24 441225] Unlocked DB
[E 08:48:24 441225] Exiting as C compilation already happened.
[T 08:48:24 441217] Extractor /home/melissa/sven/codeql/cpp/tools/linux64/extractor terminated with exit code 0.
[T 08:48:24 441226] Initializing tracer.
[T 08:48:24 441226] Initialising tags...
[T 08:48:24 441226] ID set to 000000000006BB8A_0000000000000001 (parent 000000000006BAE9_0000000000000003)
[T 08:48:24 441226] ==== Candidate to intercept: /usr/bin/gcc (canonical: /usr/bin/x86_64-linux-gnu-gcc-13) ====
[T 08:48:24 441226] Lua: === Intercepted call to /usr/bin/x86_64-linux-gnu-gcc-13 ===
[T 08:48:24 441226] Executing the following tracer actions:
[T 08:48:24 441226] Tracer actions:
[T 08:48:24 441226] pre_invocations(0)
[T 08:48:24 441226] post_invocations(1)
[T 08:48:24 441226] invocation: /home/melissa/sven/codeql/cpp/tools/linux64/extractor, args: [--mimic, /usr/bin/x86_64-linux-gnu-gcc-13, -c, 09.c, -o, 09.o]
[T 08:48:24 441226] trace_languages(1): [cpp]
[T 08:48:24 441228] Initializing tracer.
[T 08:48:24 441228] Initialising tags...
[T 08:48:24 441228] ID set to 000000000006BB8C_0000000000000001 (parent 000000000006BB8A_0000000000000001)
[T 08:48:24 441228] ==== Candidate to intercept: /usr/libexec/gcc/x86_64-linux-gnu/13/cc1 (canonical: /usr/libexec/gcc/x86_64-linux-gnu/13/cc1) ====
[T 08:48:24 441228] Lua: === Intercepted call to /usr/libexec/gcc/x86_64-linux-gnu/13/cc1 ===
[T 08:48:24 441228] Executing the following tracer actions:
[T 08:48:24 441228] Tracer actions:
[T 08:48:24 441228] pre_invocations(0)
[T 08:48:24 441228] post_invocations(1)
[T 08:48:24 441228] invocation: /home/melissa/sven/codeql/cpp/tools/linux64/extractor, args: [--mimic, /usr/libexec/gcc/x86_64-linux-gnu/13/cc1, -quiet, -imultiarch, x86_64-linux-gnu, 09.c, -quiet, -dumpbase, 09.c, -dumpbase-ext, .c, -mtune=generic, -march=x86-64, -fasynchronous-unwind-tables, -fstack-protector-strong, -Wformat, -Wformat-security, -fstack-clash-protection, -fcf-protection, -o, /tmp/cccmFaHF.s]
[T 08:48:24 441228] trace_languages(1): [cpp]
[T 08:48:24 441230] Attempting to switch stdout/stderr to 4...
[T 08:48:24 441230] Initializing tracer.
[T 08:48:24 441230] Initialising tags...
[T 08:48:24 441230] ID set to 000000000006BB8E_0000000000000001 (parent 000000000006BB8C_0000000000000001)
[E 08:48:24 441230] CodeQL C/C++ Extractor 2.11.1
[E 08:48:24 441230] Current directory: /home/melissa/sven/experiments/sec_eval/sec-eval-350m-prefix/trained/cwe-125/0-c/sec_output
[E 08:48:24 441230] Command: /home/melissa/sven/codeql/cpp/tools/linux64/extractor --mimic /usr/libexec/gcc/x86_64-linux-gnu/13/cc1 -quiet -imultiarch x86_64-linux-gnu 09.c -quiet -dumpbase 09.c -dumpbase-ext .c -mtune=generic -march=x86-64 -fasynchronous-unwind-tables -fstack-protector-strong -Wformat -Wformat-security -fstack-clash-protection -fcf-protection -o /tmp/cccmFaHF.s
[E 08:48:24 441230] Checking whether C compilation already happened.
[E 08:48:24 441230] Checking for tag c-compilation-happened
[E 08:48:24 441230] Checking CODEQL_TRACER_DB_ID 000000000006BB8C_0000000000000001
[E 08:48:24 441230] Locking DB /home/melissa/sven/scripts/mydb_350m/working/tags.db
[E 08:48:24 441230] Locked DB /home/melissa/sven/scripts/mydb_350m/working/tags.db
[E 08:48:24 441230] Unlocking DB
[E 08:48:24 441230] Unlocked DB
[E 08:48:24 441230] Looks like C compilation didn't already happen.
[E 08:48:24 441230] Checking whether C compilation has been attempted.
[E 08:48:24 441230] Checking for tag c-compilation-attempted
[E 08:48:24 441230] Checking CODEQL_TRACER_DB_ID 000000000006BB8C_0000000000000001
[E 08:48:24 441230] Locking DB /home/melissa/sven/scripts/mydb_350m/working/tags.db
[E 08:48:24 441230] Locked DB /home/melissa/sven/scripts/mydb_350m/working/tags.db
[E 08:48:24 441230] Unlocking DB
[E 08:48:24 441230] Unlocked DB
[E 08:48:24 441230] Marking C compilation as attempted.
[E 08:48:24 441230] Setting tag c-compilation-attempted
[E 08:48:24 441230] Starting from CODEQL_TRACER_DB_ID 000000000006BB8C_0000000000000001
[E 08:48:24 441230] Locking DB /home/melissa/sven/scripts/mydb_350m/working/tags.db
[E 08:48:24 441230] Locked DB /home/melissa/sven/scripts/mydb_350m/working/tags.db
[E 08:48:24 441230] Set tag for 000000000006BB8C_0000000000000001
[E 08:48:24 441230] Set tag for 000000000006BB8A_0000000000000001
[E 08:48:24 441230] Set tag for 000000000006BAE9_0000000000000003
[E 08:48:24 441230] Set tag for 000000000006BAE9_0000000000000002
[E 08:48:24 441230] Set tag for root
[E 08:48:24 441230] Unlocking DB
[E 08:48:24 441230] Unlocked DB
[E 08:48:24 441230] Processed command line: /home/melissa/sven/codeql/cpp/tools/linux64/extractor --trapfolder /home/melissa/sven/scripts/mydb_350m/trap/cpp --src_archive /home/melissa/sven/scripts/mydb_350m/src --mimic_config /home/melissa/sven/scripts/mydb_350m/working/compiler_mimic_cache/a75ad1f49a2f --object_filename /tmp/cccmFaHF.s -w --error_limit 1000 --disable_system_macros --variadic_macros --gcc --gnu_version 130300 --target linux_x86_64 '-D__DBL_MIN_EXP__=(-1021)' -D__UINT_LEAST16_MAX__=0xffff -D__FLT16_HAS_QUIET_NAN__=1 -D__ATOMIC_ACQUIRE=2 -D__FLT128_MAX_10_EXP__=4932 -D__FLT_MIN__=1.17549435082228750796873653722224568e-38F -D__GCC_IEC_559_COMPLEX=2 '-D__UINT_LEAST8_TYPE__=unsigned char' -D__SIZEOF_FLOAT80__=16 -D__BFLT16_DENORM_MIN__=9.18354961579912115600575419704879436e-41BF16 '-D__INTMAX_C(c)=c ## L' -D__CHAR_BIT__=8 -D__UINT8_MAX__=0xff -D__SCHAR_WIDTH__=8 -D__WINT_MAX__=0xffffffffU '-D__FLT32_MIN_EXP__=(-125)' '-D__BFLT16_NORM_MAX__=3.38953138925153547590470800371487867e+38BF16' '-D__BFLT16_MIN_10_EXP__=(-37)' -D__ORDER_LITTLE_ENDIAN__=1234 -D__WCHAR_MAX__=0x7fffffff -D__GCC_HAVE_SYNC_COMPARE_AND_SWAP_2=1 -D__GCC_HAVE_SYNC_COMPARE_AND_SWAP_4=1 -D__GCC_HAVE_SYNC_COMPARE_AND_SWAP_8=1 -D__GCC_ATOMIC_CHAR_LOCK_FREE=2 -D__GCC_IEC_559=2 -D__FLT32X_DECIMAL_DIG__=17 -D__FLT_EVAL_METHOD__=0 -D__FLT64_DECIMAL_DIG__=17 -D__CET__=3 -D__GCC_ATOMIC_CHAR32_T_LOCK_FREE=2 -D__UINT_FAST64_MAX__=0xffffffffffffffffUL -D__SIG_ATOMIC_TYPE__=int '-D__DBL_MIN_10_EXP__=(-307)' -D__FINITE_MATH_ONLY__=0 -D__FLT32X_MAX_EXP__=1024 -D__GCC_HAVE_SYNC_COMPARE_AND_SWAP_1=1 -D__FLT32_HAS_DENORM__=1 -D__UINT_FAST8_MAX__=0xff -D__FLT32_MAX_10_EXP__=38 -D__DEC64_MAX_EXP__=385 '-D__INT8_C(c)=c' -D__INT_LEAST8_WIDTH__=8 -D__UINT_LEAST64_MAX__=0xffffffffffffffffUL -D__SHRT_MAX__=0x7fff '-D__LDBL_MAX__=1.18973149535723176502126385303097021e+4932L' -D__FLT64X_MAX_10_EXP__=4932 -D__BFLT16_MAX_10_EXP__=38 -D__BFLT16_MAX_EXP__=128 -D__LDBL_IS_IEC_60559__=1 -D__FLT64X_HAS_QUIET_NAN__=1 -D__UINT_LEAST8_MAX__=0xff -D__GCC_ATOMIC_BOOL_LOCK_FREE=2 -D__FLT128_DENORM_MIN__=6.47517511943802511092443895822764655e-4966F128 '-D__UINTMAX_TYPE__=long unsigned int' -D__BFLT16_DECIMAL_DIG__=4 -D__linux=1 -D__DEC32_EPSILON__=1E-6DF -D__FLT_EVAL_METHOD_TS_18661_3__=0 -D__UINT32_MAX__=0xffffffffU '-D__DBL_DENORM_MIN__=((double)4.94065645841246544176568792868221372e-324L)' '-D__FLT128_MIN_EXP__=(-16381)' -D__WINT_MIN__=0U '-D__FLT128_MIN_10_EXP__=(-4931)' -D__FLT32X_IS_IEC_60559__=1 -D__INT_LEAST16_WIDTH__=16 -D__SCHAR_MAX__=0x7f -D__FLT128_MANT_DIG__=113 '-D__WCHAR_MIN__=(-__WCHAR_MAX__ - 1)' '-D__INT64_C(c)=c ## L' -D__SSP_STRONG__=3 -D__GCC_ATOMIC_POINTER_LOCK_FREE=2 -D__ATOMIC_SEQ_CST=5 -D__unix=1 -D__INT_LEAST64_MAX__=0x7fffffffffffffffL -D__FLT32X_MANT_DIG__=53 -D__FLT64X_EPSILON__=1.08420217248550443400745280086994171e-19F64x '-D__DEC64_MIN_EXP__=(-382)' -D__DBL_DIG__=15 -D__FLT_EPSILON__=1.19209289550781250000000000000000000e-7F -D__SHRT_WIDTH__=16 -D__FLT32_IS_IEC_60559__=1 -D__LDBL_MIN__=3.36210314311209350626267781732175260e-4932L -D__STDC_UTF_16__=1 -D__DBL_IS_IEC_60559__=1 -D__DEC32_MAX__=9.999999E96DF -D__FLT64X_DENORM_MIN__=3.64519953188247460252840593361941982e-4951F64x -D__FLT32X_HAS_INFINITY__=1 -D__unix__=1 -D__INT_WIDTH__=32 -D__STDC_IEC_559__=1 -D__STDC_ISO_10646__=201706L -D__DECIMAL_DIG__=21 -D__STDC_IEC_559_COMPLEX__=1 -D__FLT64_EPSILON__=2.22044604925031308084726333618164062e-16F64 -D__gnu_linux__=1 -D__FLT128_IS_IEC_60559__=1 '-D__FLT64X_MIN_10_EXP__=(-4931)' -D__LDBL_HAS_QUIET_NAN__=1 '-D__FLT16_MIN_EXP__=(-13)' -D__FLT64_MANT_DIG__=53 -D__FLT64X_MANT_DIG__=64 -D__BFLT16_DIG__=2 -D__pie__=2 -D__MMX__=1 -D__FLT_HAS_DENORM__=1 -D__SIZEOF_LONG_DOUBLE__=16 -D__BIGGEST_ALIGNMENT__=16 -D__FLT64_MAX_10_EXP__=308 -D__BFLT16_IS_IEC_60559__=0 -D__FLT16_MAX_10_EXP__=4 '-D__DBL_MAX__=((double)1.79769313486231570814527423731704357e+308L)' -D__INT_FAST32_MAX__=0x7fffffffffffffffL -D__DBL_HAS_INFINITY__=1 -D__INT64_MAX__=0x7fffffffffffffffL -D__SIZEOF_FLOAT__=4 -D__HAVE_SPECULATION_SAFE_VALUE=1 '-D__DEC32_MIN_EXP__=(-94)' -D__INTPTR_WIDTH__=64 -D__UINT_LEAST32_MAX__=0xffffffffU -D__FLT32X_HAS_DENORM__=1 '-D__INT_FAST16_TYPE__=long int' -D__MMX_WITH_SSE__=1 -D__LDBL_HAS_DENORM__=1 -D__SEG_GS=1 -D__BFLT16_EPSILON__=7.81250000000000000000000000000000000e-3BF16 -D__FLT128_HAS_INFINITY__=1 -D__DEC32_MIN__=1E-95DF -D__DBL_MAX_EXP__=1024 -D__WCHAR_WIDTH__=32 '-D__FLT32_MAX__=3.40282346638528859811704183484516925e+38F32' -D__DEC128_EPSILON__=1E-33DL -D__FLT16_DECIMAL_DIG__=5 -D__SSE2_MATH__=1 -D__ATOMIC_HLE_RELEASE=131072 -D__PTRDIFF_MAX__=0x7fffffffffffffffL -D__amd64=1 -D__ATOMIC_HLE_ACQUIRE=65536 -D__LONG_LONG_MAX__=0x7fffffffffffffffLL -D__SIZEOF_SIZE_T__=8 -D__BFLT16_HAS_INFINITY__=1 '-D__FLT64X_MIN_EXP__=(-16381)' -D__SIZEOF_WINT_T__=4 -D__LONG_LONG_WIDTH__=64 -D__FLT32_MAX_EXP__=128 -D__GXX_ABI_VERSION=1018 '-D__FLT_MIN_EXP__=(-125)' -D__GCC_HAVE_DWARF2_CFI_ASM=1 -D__INT16_MAX__=0x7fff -D__x86_64=1 '-D__INT_FAST64_TYPE__=long int' '-D__BFLT16_MAX__=3.38953138925153547590470800371487867e+38BF16' -D__BFLT16_HAS_DENORM__=1 -D__FLT64_DENORM_MIN__=4.94065645841246544176568792868221372e-324F64 -D__FLT16_DENORM_MIN__=5.96046447753906250000000000000000000e-8F16 -D__FLT128_EPSILON__=1.92592994438723585305597794258492732e-34F128 '-D__FLT64X_NORM_MAX__=1.18973149535723176502126385303097021e+4932F64x' -D__SIZEOF_POINTER__=8 '-D__SIZE_TYPE__=long unsigned int' -D__LP64__=1 -D__DBL_HAS_QUIET_NAN__=1 -D__FLT32X_EPSILON__=2.22044604925031308084726333618164062e-16F32x -D__LDBL_MAX_EXP__=16384 -D__DECIMAL_BID_FORMAT__=1 '-D__FLT64_MIN_EXP__=(-1021)' '-D__FLT64_MIN_10_EXP__=(-307)' '-D__FLT16_MIN_10_EXP__=(-4)' -D__FLT64X_DECIMAL_DIG__=21 -D__DEC128_MIN__=1E-6143DL -D__REGISTER_PREFIX__= -D__UINT16_MAX__=0xffff -D__DBL_HAS_DENORM__=1 -D__FLT32_MIN__=1.17549435082228750796873653722224568e-38F32 '-D__UINT8_TYPE__=unsigned char' -D__FLT_DIG__=6 -D__NO_INLINE__=1 -D__DEC_EVAL_METHOD__=2 -D__FLT_MANT_DIG__=24 -D__LDBL_DECIMAL_DIG__=21 '-D__UINT64_C(c)=c ## UL' -D_STDC_PREDEF_H=1 -D__INT_LEAST32_MAX__=0x7fffffff -D__GCC_ATOMIC_INT_LOCK_FREE=2 -D__FLT128_MAX_EXP__=16384 -D__FLT32_MANT_DIG__=24 -D__FLOAT_WORD_ORDER__=__ORDER_LITTLE_ENDIAN__ '-D__FLT32X_MIN_EXP__=(-1021)' -D__STDC_IEC_60559_COMPLEX__=201404L -D__BFLT16_MIN__=1.17549435082228750796873653722224568e-38BF16 -D__FLT128_HAS_DENORM__=1 -D__FLT32_DECIMAL_DIG__=9 -D__FLT128_DIG__=33 '-D__INT32_C(c)=c' -D__DEC64_EPSILON__=1E-15DD -D__ORDER_PDP_ENDIAN__=3412 '-D__DEC128_MIN_EXP__=(-6142)' -D__DEC128_MAX__=9.999999999999999999999999999999999E6144DL '-D__INT_FAST32_TYPE__=long int' '-D__UINT_LEAST16_TYPE__=short unsigned int' -D__DEC128_MAX_EXP__=6145 -Dunix=1 -D__UINT64_MAX__=0xffffffffffffffffUL -D__FLT_IS_IEC_60559__=1 '-D__GNUC_WIDE_EXECUTION_CHARSET_NAME="UTF-32LE"' -D__FLT64X_DIG__=18 '-D__INT8_TYPE__=signed char' -D__ELF__=1 -D__GCC_ASM_FLAG_OUTPUTS__=1 '-D__UINT32_TYPE__=unsigned int' -D__BFLT16_HAS_QUIET_NAN__=1 -D__FLT_RADIX__=2 '-D__INT_LEAST16_TYPE__=short int' -D__LDBL_EPSILON__=1.08420217248550443400745280086994171e-19L '-D__UINTMAX_C(c)=c ## UL' -D__FLT16_DIG__=3 -D__SSE_MATH__=1 -D__k8=1 -D__FLT32X_MIN__=2.22507385850720138309023271733240406e-308F32x -D__SIG_ATOMIC_MAX__=0x7fffffff -D__GCC_ATOMIC_WCHAR_T_LOCK_FREE=2 -D__USER_LABEL_PREFIX__= -D__STDC_IEC_60559_BFP__=201404L -D__SIZEOF_PTRDIFF_T__=8 -D__FLT64X_HAS_INFINITY__=1 -D__FLT32_HAS_INFINITY__=1 -D__SIZEOF_LONG__=8 -D__LDBL_DIG__=18 -D__FLT64_IS_IEC_60559__=1 -D__x86_64__=1 -D__FLT16_IS_IEC_60559__=1 -D__FLT16_MAX_EXP__=16 -D__DEC32_SUBNORMAL_MIN__=0.000001E-95DF -D__INT_FAST16_MAX__=0x7fffffffffffffffL -D__GCC_CONSTRUCTIVE_SIZE=64 -D__FLT64_DIG__=15 -D__UINT_FAST32_MAX__=0xffffffffffffffffUL '-D__UINT_LEAST64_TYPE__=long unsigned int' -D__FLT16_EPSILON__=9.76562500000000000000000000000000000e-4F16 -D__FLT_HAS_QUIET_NAN__=1 -D__FLT_MAX_10_EXP__=38 -D__LONG_MAX__=0x7fffffffffffffffL -D__FLT64X_HAS_DENORM__=1 -D__DEC128_SUBNORMAL_MIN__=0.000000000000000000000000000000001E-6143DL -D__FLT_HAS_INFINITY__=1 '-D__GNUC_EXECUTION_CHARSET_NAME="UTF-8"' '-D__UINT_FAST16_TYPE__=long unsigned int' -D__DEC64_MAX__=9.999999999999999E384DD -D__INT_FAST32_WIDTH__=64 -D__PRAGMA_REDEFINE_EXTNAME=1 -D__SIZE_WIDTH__=64 -D__SEG_FS=1 -D__INT_LEAST16_MAX__=0x7fff '-D__FLT16_NORM_MAX__=6.55040000000000000000000000000000000e+4F16' -D__DEC64_MANT_DIG__=16 -D__FLT32_DENORM_MIN__=1.40129846432481707092372958328991613e-45F32 -D__SIG_ATOMIC_WIDTH__=32 '-D__INT_LEAST64_TYPE__=long int' '-D__INT16_TYPE__=short int' '-D__INT_LEAST8_TYPE__=signed char' '-D__FLT16_MAX__=6.55040000000000000000000000000000000e+4F16' -D__FLT128_MIN__=3.36210314311209350626267781732175260e-4932F128 -D__SIZEOF_INT__=4 -D__DEC32_MAX_EXP__=97 -D__INT_FAST8_MAX__=0x7f '-D__FLT128_MAX__=1.18973149535723176508575932662800702e+4932F128' -D__INTPTR_MAX__=0x7fffffffffffffffL -Dlinux=1 -D__FLT64_HAS_QUIET_NAN__=1 '-D__FLT32_MIN_10_EXP__=(-37)' -D__FLT32X_DIG__=15 '-D__UINT16_C(c)=c' -D__PTRDIFF_WIDTH__=64 -D__LDBL_MANT_DIG__=64 -D__INT_FAST16_WIDTH__=64 -D__FLT64_HAS_INFINITY__=1 '-D__FLT64X_MAX__=1.18973149535723176502126385303097021e+4932F64x' -D__FLT16_HAS_INFINITY__=1 '-D__SIG_ATOMIC_MIN__=(-__SIG_ATOMIC_MAX__ - 1)' -D__code_model_small__=1 -D__GCC_ATOMIC_LONG_LOCK_FREE=2 -D__DEC32_MANT_DIG__=7 -D__FLT16_MANT_DIG__=11 -D__k8__=1 '-D__INTPTR_TYPE__=long int' '-D__UINT16_TYPE__=short unsigned int' -D__WCHAR_TYPE__=int -D__pic__=2 -D__UINTPTR_MAX__=0xffffffffffffffffUL -D__INT_FAST64_WIDTH__=64 -D__LDBL_HAS_INFINITY__=1 -D__INT_FAST64_MAX__=0x7fffffffffffffffL -D__GCC_ATOMIC_TEST_AND_SET_TRUEVAL=1 '-D__FLT_NORM_MAX__=3.40282346638528859811704183484516925e+38F' -D__FLT64X_MAX_EXP__=16384 '-D__UINT_FAST64_TYPE__=long unsigned int' '-D__BFLT16_MIN_EXP__=(-125)' -D__INT_MAX__=0x7fffffff -D__linux__=1 '-D__INT64_TYPE__=long int' -D__FLT_MAX_EXP__=128 -D__ORDER_BIG_ENDIAN__=4321 -D__DBL_MANT_DIG__=53 -D__SIZEOF_FLOAT128__=16 -D__BFLT16_MANT_DIG__=8 -D__GCC_ATOMIC_CHAR16_T_LOCK_FREE=2 -D__DEC64_MIN__=1E-383DD '-D__WINT_TYPE__=unsigned int' '-D__UINT_LEAST32_TYPE__=unsigned int' -D__SIZEOF_SHORT__=2 '-D__FLT32_NORM_MAX__=3.40282346638528859811704183484516925e+38F32' -D__SSE__=1 '-D__LDBL_MIN_EXP__=(-16381)' '-D__FLT64_MAX__=1.79769313486231570814527423731704357e+308F64' -D__amd64__=1 -D__WINT_WIDTH__=32 -D__INT_LEAST8_MAX__=0x7f -D__INT_LEAST64_WIDTH__=64 -D__FLT32X_MAX_10_EXP__=308 -D__SIZEOF_INT128__=16 -D__FLT16_MIN__=6.10351562500000000000000000000000000e-5F16 -D__FLT64X_IS_IEC_60559__=1 -D__LDBL_MAX_10_EXP__=4932 -D__ATOMIC_RELAXED=0 '-D__DBL_EPSILON__=((double)2.22044604925031308084726333618164062e-16L)' -D__INT_LEAST32_TYPE__=int -D_LP64=1 '-D__UINT8_C(c)=c' -D__FLT64_MAX_EXP__=1024 -D__SIZEOF_WCHAR_T__=4 '-D__UINT64_TYPE__=long unsigned int' '-D__FLT128_NORM_MAX__=1.18973149535723176508575932662800702e+4932F128' '-D__FLT64_NORM_MAX__=1.79769313486231570814527423731704357e+308F64' -D__FLT128_HAS_QUIET_NAN__=1 -D__INTMAX_MAX__=0x7fffffffffffffffL '-D__INT_FAST8_TYPE__=signed char' -D__FLT64X_MIN__=3.36210314311209350626267781732175260e-4932F64x -D__FLT64_HAS_DENORM__=1 -D__FLT32_EPSILON__=1.19209289550781250000000000000000000e-7F32 -D__FLT16_HAS_DENORM__=1 -D__DBL_DECIMAL_DIG__=17 -D__STDC_UTF_32__=1 -D__INT_FAST8_WIDTH__=8 -D__FXSR__=1 '-D__FLT32X_MAX__=1.79769313486231570814527423731704357e+308F32x' '-D__DBL_NORM_MAX__=((double)1.79769313486231570814527423731704357e+308L)' -D__BYTE_ORDER__=__ORDER_LITTLE_ENDIAN__ -D__GCC_DESTRUCTIVE_SIZE=64 -D__INTMAX_WIDTH__=64 -D__FLT32_DIG__=6 '-D__UINT32_C(c)=c ## U' -D__FLT_DENORM_MIN__=1.40129846432481707092372958328991613e-45F -D__INT8_MAX__=0x7f -D__LONG_WIDTH__=64 '-D__DBL_MIN__=((double)2.22507385850720138309023271733240406e-308L)' -D__PIC__=2 -D__INT32_MAX__=0x7fffffff '-D__UINT_FAST32_TYPE__=long unsigned int' '-D__FLT32X_NORM_MAX__=1.79769313486231570814527423731704357e+308F32x' '-D__FLT_MAX__=3.40282346638528859811704183484516925e+38F' -D__SSE2__=1 -D__INT32_TYPE__=int -D__SIZEOF_DOUBLE__=8 '-D__FLT_MIN_10_EXP__=(-37)' -D__FLT64_MIN__=2.22507385850720138309023271733240406e-308F64 -D__INT_LEAST32_WIDTH__=32 '-D__INTMAX_TYPE__=long int' -D__FLT32X_HAS_QUIET_NAN__=1 -D__ATOMIC_CONSUME=1 -D__UINTMAX_MAX__=0xffffffffffffffffUL -D__PIE__=2 -D__FLT32X_DENORM_MIN__=4.94065645841246544176568792868221372e-324F32x -D__DBL_MAX_10_EXP__=308 -D__LDBL_DENORM_MIN__=3.64519953188247460252840593361941982e-4951L '-D__INT16_C(c)=c' '-D__PTRDIFF_TYPE__=long int' '-D__FLT32X_MIN_10_EXP__=(-307)' '-D__UINTPTR_TYPE__=long unsigned int' -D__DEC64_SUBNORMAL_MIN__=0.000000000000001E-383DD -D__DEC128_MANT_DIG__=34 '-D__LDBL_MIN_10_EXP__=(-4931)' -D__SIZEOF_LONG_LONG__=8 -D__FLT128_DECIMAL_DIG__=36 -D__GCC_ATOMIC_LLONG_LOCK_FREE=2 -D__FLT32_HAS_QUIET_NAN__=1 -D__FLT_DECIMAL_DIG__=9 -D__UINT_FAST16_MAX__=0xffffffffffffffffUL '-D__LDBL_NORM_MAX__=1.18973149535723176502126385303097021e+4932L' -D__GCC_ATOMIC_SHORT_LOCK_FREE=2 -D__SIZE_MAX__=0xffffffffffffffffUL '-D__UINT_FAST8_TYPE__=unsigned char' -D__ATOMIC_ACQ_REL=4 -D__ATOMIC_RELEASE=3 -I/usr/lib/gcc/x86_64-linux-gnu/13/include -I/usr/local/include -I/usr/include/x86_64-linux-gnu -I/usr/include -- 09.c
[E 08:48:24 441230] Starting compilation TRAP /home/melissa/sven/scripts/mydb_350m/trap/cpp/compilations/58/22488786_0.trap.br
[E 08:48:24 441230] Archiving /home/melissa/sven/scripts/mydb_350m/src/home/melissa/sven/experiments/sec_eval/sec-eval-350m-prefix/trained/cwe-125/0-c/sec_output/09.c
[E 08:48:24 441230] Already archived /home/melissa/sven/scripts/mydb_350m/src/usr/include/stdio.h
[E 08:48:24 441230] Already archived /home/melissa/sven/scripts/mydb_350m/src/usr/include/x86_64-linux-gnu/bits/libc-header-start.h
[E 08:48:24 441230] Already archived /home/melissa/sven/scripts/mydb_350m/src/usr/include/features.h
[E 08:48:24 441230] Already archived /home/melissa/sven/scripts/mydb_350m/src/usr/include/features-time64.h
[E 08:48:24 441230] Already archived /home/melissa/sven/scripts/mydb_350m/src/usr/include/x86_64-linux-gnu/bits/wordsize.h
[E 08:48:24 441230] Already archived /home/melissa/sven/scripts/mydb_350m/src/usr/include/x86_64-linux-gnu/bits/timesize.h
[E 08:48:24 441230] Already archived /home/melissa/sven/scripts/mydb_350m/src/usr/include/x86_64-linux-gnu/bits/wordsize.h
[E 08:48:24 441230] Already archived /home/melissa/sven/scripts/mydb_350m/src/usr/include/stdc-predef.h
[E 08:48:24 441230] Already archived /home/melissa/sven/scripts/mydb_350m/src/usr/include/x86_64-linux-gnu/sys/cdefs.h
[E 08:48:24 441230] Already archived /home/melissa/sven/scripts/mydb_350m/src/usr/include/x86_64-linux-gnu/bits/wordsize.h
[E 08:48:24 441230] Already archived /home/melissa/sven/scripts/mydb_350m/src/usr/include/x86_64-linux-gnu/bits/long-double.h
[E 08:48:24 441230] Already archived /home/melissa/sven/scripts/mydb_350m/src/usr/include/x86_64-linux-gnu/gnu/stubs.h
[E 08:48:24 441230] Already archived /home/melissa/sven/scripts/mydb_350m/src/usr/include/x86_64-linux-gnu/gnu/stubs-64.h
[E 08:48:24 441230] Already archived /home/melissa/sven/scripts/mydb_350m/src/usr/lib/gcc/x86_64-linux-gnu/13/include/stddef.h
[E 08:48:24 441230] Already archived /home/melissa/sven/scripts/mydb_350m/src/usr/lib/gcc/x86_64-linux-gnu/13/include/stdarg.h
[E 08:48:24 441230] Already archived /home/melissa/sven/scripts/mydb_350m/src/usr/include/x86_64-linux-gnu/bits/types.h
[E 08:48:24 441230] Already archived /home/melissa/sven/scripts/mydb_350m/src/usr/include/x86_64-linux-gnu/bits/wordsize.h
[E 08:48:24 441230] Already archived /home/melissa/sven/scripts/mydb_350m/src/usr/include/x86_64-linux-gnu/bits/timesize.h
[E 08:48:24 441230] Already archived /home/melissa/sven/scripts/mydb_350m/src/usr/include/x86_64-linux-gnu/bits/wordsize.h
[E 08:48:24 441230] Already archived /home/melissa/sven/scripts/mydb_350m/src/usr/include/x86_64-linux-gnu/bits/typesizes.h
[E 08:48:24 441230] Already archived /home/melissa/sven/scripts/mydb_350m/src/usr/include/x86_64-linux-gnu/bits/time64.h
[E 08:48:24 441230] Already archived /home/melissa/sven/scripts/mydb_350m/src/usr/include/x86_64-linux-gnu/bits/types/__fpos_t.h
[E 08:48:24 441230] Already archived /home/melissa/sven/scripts/mydb_350m/src/usr/include/x86_64-linux-gnu/bits/types/__mbstate_t.h
[E 08:48:24 441230] Already archived /home/melissa/sven/scripts/mydb_350m/src/usr/include/x86_64-linux-gnu/bits/types/__fpos64_t.h
[E 08:48:24 441230] Already archived /home/melissa/sven/scripts/mydb_350m/src/usr/include/x86_64-linux-gnu/bits/types/__FILE.h
[E 08:48:24 441230] Already archived /home/melissa/sven/scripts/mydb_350m/src/usr/include/x86_64-linux-gnu/bits/types/FILE.h
[E 08:48:24 441230] Already archived /home/melissa/sven/scripts/mydb_350m/src/usr/include/x86_64-linux-gnu/bits/types/struct_FILE.h
[E 08:48:24 441230] Already archived /home/melissa/sven/scripts/mydb_350m/src/usr/include/x86_64-linux-gnu/bits/types/cookie_io_functions_t.h
[E 08:48:24 441230] Already archived /home/melissa/sven/scripts/mydb_350m/src/usr/include/x86_64-linux-gnu/bits/stdio_lim.h
[E 08:48:24 441230] Already archived /home/melissa/sven/scripts/mydb_350m/src/usr/include/x86_64-linux-gnu/bits/floatn.h
[E 08:48:24 441230] Already archived /home/melissa/sven/scripts/mydb_350m/src/usr/include/x86_64-linux-gnu/bits/floatn-common.h
[E 08:48:24 441230] Already archived /home/melissa/sven/scripts/mydb_350m/src/usr/include/x86_64-linux-gnu/bits/long-double.h
[E 08:48:24 441230] Already archived /home/melissa/sven/scripts/mydb_350m/src/usr/include/stdlib.h
[E 08:48:24 441230] Already archived /home/melissa/sven/scripts/mydb_350m/src/usr/include/x86_64-linux-gnu/bits/libc-header-start.h
[E 08:48:24 441230] Already archived /home/melissa/sven/scripts/mydb_350m/src/usr/lib/gcc/x86_64-linux-gnu/13/include/stddef.h
[E 08:48:24 441230] Already archived /home/melissa/sven/scripts/mydb_350m/src/usr/include/x86_64-linux-gnu/bits/waitflags.h
[E 08:48:24 441230] Already archived /home/melissa/sven/scripts/mydb_350m/src/usr/include/x86_64-linux-gnu/bits/waitstatus.h
[E 08:48:24 441230] Already archived /home/melissa/sven/scripts/mydb_350m/src/usr/include/x86_64-linux-gnu/sys/types.h
[E 08:48:24 441230] Already archived /home/melissa/sven/scripts/mydb_350m/src/usr/include/x86_64-linux-gnu/bits/types/clock_t.h
[E 08:48:24 441230] Already archived /home/melissa/sven/scripts/mydb_350m/src/usr/include/x86_64-linux-gnu/bits/types/clockid_t.h
[E 08:48:24 441230] Already archived /home/melissa/sven/scripts/mydb_350m/src/usr/include/x86_64-linux-gnu/bits/types/time_t.h
[E 08:48:24 441230] Already archived /home/melissa/sven/scripts/mydb_350m/src/usr/include/x86_64-linux-gnu/bits/types/timer_t.h
[E 08:48:24 441230] Already archived /home/melissa/sven/scripts/mydb_350m/src/usr/lib/gcc/x86_64-linux-gnu/13/include/stddef.h
[E 08:48:24 441230] Already archived /home/melissa/sven/scripts/mydb_350m/src/usr/include/x86_64-linux-gnu/bits/stdint-intn.h
[E 08:48:24 441230] Already archived /home/melissa/sven/scripts/mydb_350m/src/usr/include/endian.h
[E 08:48:24 441230] Already archived /home/melissa/sven/scripts/mydb_350m/src/usr/include/x86_64-linux-gnu/bits/endian.h
[E 08:48:24 441230] Already archived /home/melissa/sven/scripts/mydb_350m/src/usr/include/x86_64-linux-gnu/bits/endianness.h
[E 08:48:24 441230] Already archived /home/melissa/sven/scripts/mydb_350m/src/usr/include/x86_64-linux-gnu/bits/byteswap.h
[E 08:48:24 441230] Already archived /home/melissa/sven/scripts/mydb_350m/src/usr/include/x86_64-linux-gnu/bits/uintn-identity.h
[E 08:48:24 441230] Already archived /home/melissa/sven/scripts/mydb_350m/src/usr/include/x86_64-linux-gnu/sys/select.h
[E 08:48:24 441230] Already archived /home/melissa/sven/scripts/mydb_350m/src/usr/include/x86_64-linux-gnu/bits/select.h
[E 08:48:24 441230] Already archived /home/melissa/sven/scripts/mydb_350m/src/usr/include/x86_64-linux-gnu/bits/types/sigset_t.h
[E 08:48:24 441230] Already archived /home/melissa/sven/scripts/mydb_350m/src/usr/include/x86_64-linux-gnu/bits/types/__sigset_t.h
[E 08:48:24 441230] Already archived /home/melissa/sven/scripts/mydb_350m/src/usr/include/x86_64-linux-gnu/bits/types/struct_timeval.h
[E 08:48:24 441230] Already archived /home/melissa/sven/scripts/mydb_350m/src/usr/include/x86_64-linux-gnu/bits/types/struct_timespec.h
[E 08:48:24 441230] Already archived /home/melissa/sven/scripts/mydb_350m/src/usr/include/x86_64-linux-gnu/bits/pthreadtypes.h
[E 08:48:24 441230] Already archived /home/melissa/sven/scripts/mydb_350m/src/usr/include/x86_64-linux-gnu/bits/thread-shared-types.h
[E 08:48:24 441230] Already archived /home/melissa/sven/scripts/mydb_350m/src/usr/include/x86_64-linux-gnu/bits/pthreadtypes-arch.h
[E 08:48:24 441230] Already archived /home/melissa/sven/scripts/mydb_350m/src/usr/include/x86_64-linux-gnu/bits/wordsize.h
[E 08:48:24 441230] Already archived /home/melissa/sven/scripts/mydb_350m/src/usr/include/x86_64-linux-gnu/bits/atomic_wide_counter.h
[E 08:48:24 441230] Already archived /home/melissa/sven/scripts/mydb_350m/src/usr/include/x86_64-linux-gnu/bits/struct_mutex.h
[E 08:48:24 441230] Already archived /home/melissa/sven/scripts/mydb_350m/src/usr/include/x86_64-linux-gnu/bits/struct_rwlock.h
[E 08:48:24 441230] Already archived /home/melissa/sven/scripts/mydb_350m/src/usr/include/alloca.h
[E 08:48:24 441230] Already archived /home/melissa/sven/scripts/mydb_350m/src/usr/lib/gcc/x86_64-linux-gnu/13/include/stddef.h
[E 08:48:24 441230] Already archived /home/melissa/sven/scripts/mydb_350m/src/usr/include/x86_64-linux-gnu/bits/stdlib-float.h
[E 08:48:24 441230] Creating trap tarball /home/melissa/sven/scripts/mydb_350m/trap/cpp/tarballs/home/melissa/sven/experiments/sec_eval/sec-eval-350m-prefix/trained/cwe-125/0-c/sec_output/09.c.6fb9e359_0.trap.tar.br
[E 08:48:24 441230] Emitting trap files for 09.c
[E 08:48:24 441230] Opening existencedb in /home/melissa/sven/scripts/mydb_350m/working/existencedb/db
[E 08:48:25 441230] Warning[extractor-c++]: In index_attribute_arg: Unknown kind 5.
[E 08:48:25 441230] Warning[extractor-c++]: In index_attribute_arg: Unknown kind 5.
[E 08:48:25 441230] Warning[extractor-c++]: In index_attribute_arg: Unknown kind 5.
[E 08:48:25 441230] Warning[extractor-c++]: In index_attribute_arg: Unknown kind 5.
[E 08:48:25 441230] Warning[extractor-c++]: In index_attribute_arg: Unknown kind 5.
[E 08:48:25 441230] Warning[extractor-c++]: In index_attribute_arg: Unknown kind 5.
[E 08:48:25 441230] Warning[extractor-c++]: In index_attribute_arg: Unknown kind 5.
[E 08:48:25 441230] Warning[extractor-c++]: In index_attribute_arg: Unknown kind 5.
[E 08:48:25 441230] Warning[extractor-c++]: In index_attribute_arg: Unknown kind 5.
[E 08:48:25 441230] Warning[extractor-c++]: In index_attribute_arg: Unknown kind 5.
[E 08:48:25 441230] Wrote 1 files to /home/melissa/sven/scripts/mydb_350m/trap/cpp/tarballs/home/melissa/sven/experiments/sec_eval/sec-eval-350m-prefix/trained/cwe-125/0-c/sec_output/09.c.6fb9e359_0.trap.tar.br
[E 08:48:25 441230] Finished compilation TRAP /home/melissa/sven/scripts/mydb_350m/trap/cpp/compilations/58/22488786_0.trap.br
[E 08:48:25 441230] Marking C compilation as happened.
[E 08:48:25 441230] Setting tag c-compilation-happened
[E 08:48:25 441230] Starting from CODEQL_TRACER_DB_ID 000000000006BB8C_0000000000000001
[E 08:48:25 441230] Locking DB /home/melissa/sven/scripts/mydb_350m/working/tags.db
[E 08:48:25 441230] Locked DB /home/melissa/sven/scripts/mydb_350m/working/tags.db
[E 08:48:25 441230] Set tag for 000000000006BB8C_0000000000000001
[E 08:48:25 441230] Set tag for 000000000006BB8A_0000000000000001
[E 08:48:25 441230] Set tag for 000000000006BAE9_0000000000000003
[E 08:48:25 441230] Set tag for 000000000006BAE9_0000000000000002
[E 08:48:25 441230] Set tag for root
[E 08:48:25 441230] Unlocking DB
[E 08:48:25 441230] Unlocked DB
[T 08:48:25 441228] Extractor /home/melissa/sven/codeql/cpp/tools/linux64/extractor terminated with exit code 0.
[T 08:48:25 441231] Initializing tracer.
[T 08:48:25 441231] Initialising tags...
[T 08:48:25 441231] ID set to 000000000006BB8F_0000000000000001 (parent 000000000006BB8A_0000000000000001)
[T 08:48:25 441231] ==== Candidate to intercept: as (canonical: as) ====
[T 08:48:25 441231] Will try to resolve as in path /home/melissa/sonar-scanner/bin:/home/melissa/anaconda3/envs/sven-env/bin:/home/melissa/miniconda3/condabin:/home/melissa/.vscode-server/cli/servers/Stable-c306e94f98122556ca081f527b466015e1bc37b0/server/bin/remote-cli:/usr/local/sbin:/usr/local/bin:/usr/sbin:/usr/bin:/sbin:/bin:/usr/games:/usr/local/games:/snap/bin:/home/melissa/.vscode-server/extensions/ms-python.debugpy-2025.14.1-linux-x64/bundled/scripts/noConfigScripts:/home/melissa/.vscode-server/data/User/globalStorage/github.copilot-chat/debugCommand:/home/melissa/codeql.
[T 08:48:25 441231]  -> path lookup for as as /home/melissa/sonar-scanner/bin/as...
[T 08:48:25 441231]  -> path lookup for as as /home/melissa/anaconda3/envs/sven-env/bin/as...
[T 08:48:25 441231]  -> path lookup for as as /home/melissa/miniconda3/condabin/as...
[T 08:48:25 441231]  -> path lookup for as as /home/melissa/.vscode-server/cli/servers/Stable-c306e94f98122556ca081f527b466015e1bc37b0/server/bin/remote-cli/as...
[T 08:48:25 441231]  -> path lookup for as as /usr/local/sbin/as...
[T 08:48:25 441231]  -> path lookup for as as /usr/local/bin/as...
[T 08:48:25 441231]  -> path lookup for as as /usr/sbin/as...
[T 08:48:25 441231]  -> path lookup for as as /usr/bin/as...
[T 08:48:25 441231] Resolved barename as to /usr/bin/as
[T 08:48:25 441231] Lua: === Intercepted call to /usr/bin/as ===
[T 08:48:25 441231] Executing the following tracer actions:
[T 08:48:25 441231] Tracer actions:
[T 08:48:25 441231] pre_invocations(0)
[T 08:48:25 441231] post_invocations(1)
[T 08:48:25 441231] invocation: /home/melissa/sven/codeql/cpp/tools/linux64/extractor, args: [--assembler, --codeql-assembler-executable, /usr/bin/as, --64, -o, 09.o, /tmp/cccmFaHF.s]
[T 08:48:25 441231] trace_languages(1): [cpp]
[T 08:48:25 441233] Attempting to switch stdout/stderr to 4...
[T 08:48:25 441233] Initializing tracer.
[T 08:48:25 441233] Initialising tags...
[T 08:48:25 441233] ID set to 000000000006BB91_0000000000000001 (parent 000000000006BB8F_0000000000000001)
[E 08:48:25 441233] CodeQL C/C++ Extractor 2.11.1
[E 08:48:25 441233] Current directory: /home/melissa/sven/experiments/sec_eval/sec-eval-350m-prefix/trained/cwe-125/0-c/sec_output
[E 08:48:25 441233] Command: /home/melissa/sven/codeql/cpp/tools/linux64/extractor --assembler --codeql-assembler-executable /usr/bin/as --64 -o 09.o /tmp/cccmFaHF.s
[T 08:48:25 441231] Extractor /home/melissa/sven/codeql/cpp/tools/linux64/extractor terminated with exit code 0.
[T 08:48:25 441234] Attempting to switch stdout/stderr to 4...
[T 08:48:25 441234] Initializing tracer.
[T 08:48:25 441234] Initialising tags...
[T 08:48:25 441234] ID set to 000000000006BB92_0000000000000001 (parent 000000000006BB8A_0000000000000001)
[E 08:48:25 441234] CodeQL C/C++ Extractor 2.11.1
[E 08:48:25 441234] Current directory: /home/melissa/sven/experiments/sec_eval/sec-eval-350m-prefix/trained/cwe-125/0-c/sec_output
[E 08:48:25 441234] Command: /home/melissa/sven/codeql/cpp/tools/linux64/extractor --mimic /usr/bin/x86_64-linux-gnu-gcc-13 -c 09.c -o 09.o
[E 08:48:25 441234] Checking whether C compilation already happened.
[E 08:48:25 441234] Checking for tag c-compilation-happened
[E 08:48:25 441234] Checking CODEQL_TRACER_DB_ID 000000000006BB8A_0000000000000001
[E 08:48:25 441234] Locking DB /home/melissa/sven/scripts/mydb_350m/working/tags.db
[E 08:48:25 441234] Locked DB /home/melissa/sven/scripts/mydb_350m/working/tags.db
[E 08:48:25 441234] Unlocking DB
[E 08:48:25 441234] Unlocked DB
[E 08:48:25 441234] Exiting as C compilation already happened.
[T 08:48:25 441226] Extractor /home/melissa/sven/codeql/cpp/tools/linux64/extractor terminated with exit code 0.
[T 08:48:25 441235] Initializing tracer.
[T 08:48:25 441235] Initialising tags...
[T 08:48:25 441235] ID set to 000000000006BB93_0000000000000001 (parent 000000000006BAE9_0000000000000003)
[T 08:48:25 441235] ==== Candidate to intercept: /usr/bin/gcc (canonical: /usr/bin/x86_64-linux-gnu-gcc-13) ====
[T 08:48:25 441235] Lua: === Intercepted call to /usr/bin/x86_64-linux-gnu-gcc-13 ===
[T 08:48:25 441235] Executing the following tracer actions:
[T 08:48:25 441235] Tracer actions:
[T 08:48:25 441235] pre_invocations(0)
[T 08:48:25 441235] post_invocations(1)
[T 08:48:25 441235] invocation: /home/melissa/sven/codeql/cpp/tools/linux64/extractor, args: [--mimic, /usr/bin/x86_64-linux-gnu-gcc-13, -c, 10.c, -o, 10.o]
[T 08:48:25 441235] trace_languages(1): [cpp]
[T 08:48:25 441237] Initializing tracer.
[T 08:48:25 441237] Initialising tags...
[T 08:48:25 441237] ID set to 000000000006BB95_0000000000000001 (parent 000000000006BB93_0000000000000001)
[T 08:48:25 441237] ==== Candidate to intercept: /usr/libexec/gcc/x86_64-linux-gnu/13/cc1 (canonical: /usr/libexec/gcc/x86_64-linux-gnu/13/cc1) ====
[T 08:48:25 441237] Lua: === Intercepted call to /usr/libexec/gcc/x86_64-linux-gnu/13/cc1 ===
[T 08:48:25 441237] Executing the following tracer actions:
[T 08:48:25 441237] Tracer actions:
[T 08:48:25 441237] pre_invocations(0)
[T 08:48:25 441237] post_invocations(1)
[T 08:48:25 441237] invocation: /home/melissa/sven/codeql/cpp/tools/linux64/extractor, args: [--mimic, /usr/libexec/gcc/x86_64-linux-gnu/13/cc1, -quiet, -imultiarch, x86_64-linux-gnu, 10.c, -quiet, -dumpbase, 10.c, -dumpbase-ext, .c, -mtune=generic, -march=x86-64, -fasynchronous-unwind-tables, -fstack-protector-strong, -Wformat, -Wformat-security, -fstack-clash-protection, -fcf-protection, -o, /tmp/cc8ANxhq.s]
[T 08:48:25 441237] trace_languages(1): [cpp]
[T 08:48:25 441239] Attempting to switch stdout/stderr to 4...
[T 08:48:25 441239] Initializing tracer.
[T 08:48:25 441239] Initialising tags...
[T 08:48:25 441239] ID set to 000000000006BB97_0000000000000001 (parent 000000000006BB95_0000000000000001)
[E 08:48:25 441239] CodeQL C/C++ Extractor 2.11.1
[E 08:48:25 441239] Current directory: /home/melissa/sven/experiments/sec_eval/sec-eval-350m-prefix/trained/cwe-125/0-c/sec_output
[E 08:48:25 441239] Command: /home/melissa/sven/codeql/cpp/tools/linux64/extractor --mimic /usr/libexec/gcc/x86_64-linux-gnu/13/cc1 -quiet -imultiarch x86_64-linux-gnu 10.c -quiet -dumpbase 10.c -dumpbase-ext .c -mtune=generic -march=x86-64 -fasynchronous-unwind-tables -fstack-protector-strong -Wformat -Wformat-security -fstack-clash-protection -fcf-protection -o /tmp/cc8ANxhq.s
[E 08:48:25 441239] Checking whether C compilation already happened.
[E 08:48:25 441239] Checking for tag c-compilation-happened
[E 08:48:25 441239] Checking CODEQL_TRACER_DB_ID 000000000006BB95_0000000000000001
[E 08:48:25 441239] Locking DB /home/melissa/sven/scripts/mydb_350m/working/tags.db
[E 08:48:25 441239] Locked DB /home/melissa/sven/scripts/mydb_350m/working/tags.db
[E 08:48:25 441239] Unlocking DB
[E 08:48:25 441239] Unlocked DB
[E 08:48:25 441239] Looks like C compilation didn't already happen.
[E 08:48:25 441239] Checking whether C compilation has been attempted.
[E 08:48:25 441239] Checking for tag c-compilation-attempted
[E 08:48:25 441239] Checking CODEQL_TRACER_DB_ID 000000000006BB95_0000000000000001
[E 08:48:25 441239] Locking DB /home/melissa/sven/scripts/mydb_350m/working/tags.db
[E 08:48:25 441239] Locked DB /home/melissa/sven/scripts/mydb_350m/working/tags.db
[E 08:48:25 441239] Unlocking DB
[E 08:48:25 441239] Unlocked DB
[E 08:48:25 441239] Marking C compilation as attempted.
[E 08:48:25 441239] Setting tag c-compilation-attempted
[E 08:48:25 441239] Starting from CODEQL_TRACER_DB_ID 000000000006BB95_0000000000000001
[E 08:48:25 441239] Locking DB /home/melissa/sven/scripts/mydb_350m/working/tags.db
[E 08:48:25 441239] Locked DB /home/melissa/sven/scripts/mydb_350m/working/tags.db
[E 08:48:25 441239] Set tag for 000000000006BB95_0000000000000001
[E 08:48:25 441239] Set tag for 000000000006BB93_0000000000000001
[E 08:48:25 441239] Set tag for 000000000006BAE9_0000000000000003
[E 08:48:25 441239] Set tag for 000000000006BAE9_0000000000000002
[E 08:48:25 441239] Set tag for root
[E 08:48:25 441239] Unlocking DB
[E 08:48:25 441239] Unlocked DB
[E 08:48:25 441239] Processed command line: /home/melissa/sven/codeql/cpp/tools/linux64/extractor --trapfolder /home/melissa/sven/scripts/mydb_350m/trap/cpp --src_archive /home/melissa/sven/scripts/mydb_350m/src --mimic_config /home/melissa/sven/scripts/mydb_350m/working/compiler_mimic_cache/a75ad1f49a2f --object_filename /tmp/cc8ANxhq.s -w --error_limit 1000 --disable_system_macros --variadic_macros --gcc --gnu_version 130300 --target linux_x86_64 '-D__DBL_MIN_EXP__=(-1021)' -D__UINT_LEAST16_MAX__=0xffff -D__FLT16_HAS_QUIET_NAN__=1 -D__ATOMIC_ACQUIRE=2 -D__FLT128_MAX_10_EXP__=4932 -D__FLT_MIN__=1.17549435082228750796873653722224568e-38F -D__GCC_IEC_559_COMPLEX=2 '-D__UINT_LEAST8_TYPE__=unsigned char' -D__SIZEOF_FLOAT80__=16 -D__BFLT16_DENORM_MIN__=9.18354961579912115600575419704879436e-41BF16 '-D__INTMAX_C(c)=c ## L' -D__CHAR_BIT__=8 -D__UINT8_MAX__=0xff -D__SCHAR_WIDTH__=8 -D__WINT_MAX__=0xffffffffU '-D__FLT32_MIN_EXP__=(-125)' '-D__BFLT16_NORM_MAX__=3.38953138925153547590470800371487867e+38BF16' '-D__BFLT16_MIN_10_EXP__=(-37)' -D__ORDER_LITTLE_ENDIAN__=1234 -D__WCHAR_MAX__=0x7fffffff -D__GCC_HAVE_SYNC_COMPARE_AND_SWAP_2=1 -D__GCC_HAVE_SYNC_COMPARE_AND_SWAP_4=1 -D__GCC_HAVE_SYNC_COMPARE_AND_SWAP_8=1 -D__GCC_ATOMIC_CHAR_LOCK_FREE=2 -D__GCC_IEC_559=2 -D__FLT32X_DECIMAL_DIG__=17 -D__FLT_EVAL_METHOD__=0 -D__FLT64_DECIMAL_DIG__=17 -D__CET__=3 -D__GCC_ATOMIC_CHAR32_T_LOCK_FREE=2 -D__UINT_FAST64_MAX__=0xffffffffffffffffUL -D__SIG_ATOMIC_TYPE__=int '-D__DBL_MIN_10_EXP__=(-307)' -D__FINITE_MATH_ONLY__=0 -D__FLT32X_MAX_EXP__=1024 -D__GCC_HAVE_SYNC_COMPARE_AND_SWAP_1=1 -D__FLT32_HAS_DENORM__=1 -D__UINT_FAST8_MAX__=0xff -D__FLT32_MAX_10_EXP__=38 -D__DEC64_MAX_EXP__=385 '-D__INT8_C(c)=c' -D__INT_LEAST8_WIDTH__=8 -D__UINT_LEAST64_MAX__=0xffffffffffffffffUL -D__SHRT_MAX__=0x7fff '-D__LDBL_MAX__=1.18973149535723176502126385303097021e+4932L' -D__FLT64X_MAX_10_EXP__=4932 -D__BFLT16_MAX_10_EXP__=38 -D__BFLT16_MAX_EXP__=128 -D__LDBL_IS_IEC_60559__=1 -D__FLT64X_HAS_QUIET_NAN__=1 -D__UINT_LEAST8_MAX__=0xff -D__GCC_ATOMIC_BOOL_LOCK_FREE=2 -D__FLT128_DENORM_MIN__=6.47517511943802511092443895822764655e-4966F128 '-D__UINTMAX_TYPE__=long unsigned int' -D__BFLT16_DECIMAL_DIG__=4 -D__linux=1 -D__DEC32_EPSILON__=1E-6DF -D__FLT_EVAL_METHOD_TS_18661_3__=0 -D__UINT32_MAX__=0xffffffffU '-D__DBL_DENORM_MIN__=((double)4.94065645841246544176568792868221372e-324L)' '-D__FLT128_MIN_EXP__=(-16381)' -D__WINT_MIN__=0U '-D__FLT128_MIN_10_EXP__=(-4931)' -D__FLT32X_IS_IEC_60559__=1 -D__INT_LEAST16_WIDTH__=16 -D__SCHAR_MAX__=0x7f -D__FLT128_MANT_DIG__=113 '-D__WCHAR_MIN__=(-__WCHAR_MAX__ - 1)' '-D__INT64_C(c)=c ## L' -D__SSP_STRONG__=3 -D__GCC_ATOMIC_POINTER_LOCK_FREE=2 -D__ATOMIC_SEQ_CST=5 -D__unix=1 -D__INT_LEAST64_MAX__=0x7fffffffffffffffL -D__FLT32X_MANT_DIG__=53 -D__FLT64X_EPSILON__=1.08420217248550443400745280086994171e-19F64x '-D__DEC64_MIN_EXP__=(-382)' -D__DBL_DIG__=15 -D__FLT_EPSILON__=1.19209289550781250000000000000000000e-7F -D__SHRT_WIDTH__=16 -D__FLT32_IS_IEC_60559__=1 -D__LDBL_MIN__=3.36210314311209350626267781732175260e-4932L -D__STDC_UTF_16__=1 -D__DBL_IS_IEC_60559__=1 -D__DEC32_MAX__=9.999999E96DF -D__FLT64X_DENORM_MIN__=3.64519953188247460252840593361941982e-4951F64x -D__FLT32X_HAS_INFINITY__=1 -D__unix__=1 -D__INT_WIDTH__=32 -D__STDC_IEC_559__=1 -D__STDC_ISO_10646__=201706L -D__DECIMAL_DIG__=21 -D__STDC_IEC_559_COMPLEX__=1 -D__FLT64_EPSILON__=2.22044604925031308084726333618164062e-16F64 -D__gnu_linux__=1 -D__FLT128_IS_IEC_60559__=1 '-D__FLT64X_MIN_10_EXP__=(-4931)' -D__LDBL_HAS_QUIET_NAN__=1 '-D__FLT16_MIN_EXP__=(-13)' -D__FLT64_MANT_DIG__=53 -D__FLT64X_MANT_DIG__=64 -D__BFLT16_DIG__=2 -D__pie__=2 -D__MMX__=1 -D__FLT_HAS_DENORM__=1 -D__SIZEOF_LONG_DOUBLE__=16 -D__BIGGEST_ALIGNMENT__=16 -D__FLT64_MAX_10_EXP__=308 -D__BFLT16_IS_IEC_60559__=0 -D__FLT16_MAX_10_EXP__=4 '-D__DBL_MAX__=((double)1.79769313486231570814527423731704357e+308L)' -D__INT_FAST32_MAX__=0x7fffffffffffffffL -D__DBL_HAS_INFINITY__=1 -D__INT64_MAX__=0x7fffffffffffffffL -D__SIZEOF_FLOAT__=4 -D__HAVE_SPECULATION_SAFE_VALUE=1 '-D__DEC32_MIN_EXP__=(-94)' -D__INTPTR_WIDTH__=64 -D__UINT_LEAST32_MAX__=0xffffffffU -D__FLT32X_HAS_DENORM__=1 '-D__INT_FAST16_TYPE__=long int' -D__MMX_WITH_SSE__=1 -D__LDBL_HAS_DENORM__=1 -D__SEG_GS=1 -D__BFLT16_EPSILON__=7.81250000000000000000000000000000000e-3BF16 -D__FLT128_HAS_INFINITY__=1 -D__DEC32_MIN__=1E-95DF -D__DBL_MAX_EXP__=1024 -D__WCHAR_WIDTH__=32 '-D__FLT32_MAX__=3.40282346638528859811704183484516925e+38F32' -D__DEC128_EPSILON__=1E-33DL -D__FLT16_DECIMAL_DIG__=5 -D__SSE2_MATH__=1 -D__ATOMIC_HLE_RELEASE=131072 -D__PTRDIFF_MAX__=0x7fffffffffffffffL -D__amd64=1 -D__ATOMIC_HLE_ACQUIRE=65536 -D__LONG_LONG_MAX__=0x7fffffffffffffffLL -D__SIZEOF_SIZE_T__=8 -D__BFLT16_HAS_INFINITY__=1 '-D__FLT64X_MIN_EXP__=(-16381)' -D__SIZEOF_WINT_T__=4 -D__LONG_LONG_WIDTH__=64 -D__FLT32_MAX_EXP__=128 -D__GXX_ABI_VERSION=1018 '-D__FLT_MIN_EXP__=(-125)' -D__GCC_HAVE_DWARF2_CFI_ASM=1 -D__INT16_MAX__=0x7fff -D__x86_64=1 '-D__INT_FAST64_TYPE__=long int' '-D__BFLT16_MAX__=3.38953138925153547590470800371487867e+38BF16' -D__BFLT16_HAS_DENORM__=1 -D__FLT64_DENORM_MIN__=4.94065645841246544176568792868221372e-324F64 -D__FLT16_DENORM_MIN__=5.96046447753906250000000000000000000e-8F16 -D__FLT128_EPSILON__=1.92592994438723585305597794258492732e-34F128 '-D__FLT64X_NORM_MAX__=1.18973149535723176502126385303097021e+4932F64x' -D__SIZEOF_POINTER__=8 '-D__SIZE_TYPE__=long unsigned int' -D__LP64__=1 -D__DBL_HAS_QUIET_NAN__=1 -D__FLT32X_EPSILON__=2.22044604925031308084726333618164062e-16F32x -D__LDBL_MAX_EXP__=16384 -D__DECIMAL_BID_FORMAT__=1 '-D__FLT64_MIN_EXP__=(-1021)' '-D__FLT64_MIN_10_EXP__=(-307)' '-D__FLT16_MIN_10_EXP__=(-4)' -D__FLT64X_DECIMAL_DIG__=21 -D__DEC128_MIN__=1E-6143DL -D__REGISTER_PREFIX__= -D__UINT16_MAX__=0xffff -D__DBL_HAS_DENORM__=1 -D__FLT32_MIN__=1.17549435082228750796873653722224568e-38F32 '-D__UINT8_TYPE__=unsigned char' -D__FLT_DIG__=6 -D__NO_INLINE__=1 -D__DEC_EVAL_METHOD__=2 -D__FLT_MANT_DIG__=24 -D__LDBL_DECIMAL_DIG__=21 '-D__UINT64_C(c)=c ## UL' -D_STDC_PREDEF_H=1 -D__INT_LEAST32_MAX__=0x7fffffff -D__GCC_ATOMIC_INT_LOCK_FREE=2 -D__FLT128_MAX_EXP__=16384 -D__FLT32_MANT_DIG__=24 -D__FLOAT_WORD_ORDER__=__ORDER_LITTLE_ENDIAN__ '-D__FLT32X_MIN_EXP__=(-1021)' -D__STDC_IEC_60559_COMPLEX__=201404L -D__BFLT16_MIN__=1.17549435082228750796873653722224568e-38BF16 -D__FLT128_HAS_DENORM__=1 -D__FLT32_DECIMAL_DIG__=9 -D__FLT128_DIG__=33 '-D__INT32_C(c)=c' -D__DEC64_EPSILON__=1E-15DD -D__ORDER_PDP_ENDIAN__=3412 '-D__DEC128_MIN_EXP__=(-6142)' -D__DEC128_MAX__=9.999999999999999999999999999999999E6144DL '-D__INT_FAST32_TYPE__=long int' '-D__UINT_LEAST16_TYPE__=short unsigned int' -D__DEC128_MAX_EXP__=6145 -Dunix=1 -D__UINT64_MAX__=0xffffffffffffffffUL -D__FLT_IS_IEC_60559__=1 '-D__GNUC_WIDE_EXECUTION_CHARSET_NAME="UTF-32LE"' -D__FLT64X_DIG__=18 '-D__INT8_TYPE__=signed char' -D__ELF__=1 -D__GCC_ASM_FLAG_OUTPUTS__=1 '-D__UINT32_TYPE__=unsigned int' -D__BFLT16_HAS_QUIET_NAN__=1 -D__FLT_RADIX__=2 '-D__INT_LEAST16_TYPE__=short int' -D__LDBL_EPSILON__=1.08420217248550443400745280086994171e-19L '-D__UINTMAX_C(c)=c ## UL' -D__FLT16_DIG__=3 -D__SSE_MATH__=1 -D__k8=1 -D__FLT32X_MIN__=2.22507385850720138309023271733240406e-308F32x -D__SIG_ATOMIC_MAX__=0x7fffffff -D__GCC_ATOMIC_WCHAR_T_LOCK_FREE=2 -D__USER_LABEL_PREFIX__= -D__STDC_IEC_60559_BFP__=201404L -D__SIZEOF_PTRDIFF_T__=8 -D__FLT64X_HAS_INFINITY__=1 -D__FLT32_HAS_INFINITY__=1 -D__SIZEOF_LONG__=8 -D__LDBL_DIG__=18 -D__FLT64_IS_IEC_60559__=1 -D__x86_64__=1 -D__FLT16_IS_IEC_60559__=1 -D__FLT16_MAX_EXP__=16 -D__DEC32_SUBNORMAL_MIN__=0.000001E-95DF -D__INT_FAST16_MAX__=0x7fffffffffffffffL -D__GCC_CONSTRUCTIVE_SIZE=64 -D__FLT64_DIG__=15 -D__UINT_FAST32_MAX__=0xffffffffffffffffUL '-D__UINT_LEAST64_TYPE__=long unsigned int' -D__FLT16_EPSILON__=9.76562500000000000000000000000000000e-4F16 -D__FLT_HAS_QUIET_NAN__=1 -D__FLT_MAX_10_EXP__=38 -D__LONG_MAX__=0x7fffffffffffffffL -D__FLT64X_HAS_DENORM__=1 -D__DEC128_SUBNORMAL_MIN__=0.000000000000000000000000000000001E-6143DL -D__FLT_HAS_INFINITY__=1 '-D__GNUC_EXECUTION_CHARSET_NAME="UTF-8"' '-D__UINT_FAST16_TYPE__=long unsigned int' -D__DEC64_MAX__=9.999999999999999E384DD -D__INT_FAST32_WIDTH__=64 -D__PRAGMA_REDEFINE_EXTNAME=1 -D__SIZE_WIDTH__=64 -D__SEG_FS=1 -D__INT_LEAST16_MAX__=0x7fff '-D__FLT16_NORM_MAX__=6.55040000000000000000000000000000000e+4F16' -D__DEC64_MANT_DIG__=16 -D__FLT32_DENORM_MIN__=1.40129846432481707092372958328991613e-45F32 -D__SIG_ATOMIC_WIDTH__=32 '-D__INT_LEAST64_TYPE__=long int' '-D__INT16_TYPE__=short int' '-D__INT_LEAST8_TYPE__=signed char' '-D__FLT16_MAX__=6.55040000000000000000000000000000000e+4F16' -D__FLT128_MIN__=3.36210314311209350626267781732175260e-4932F128 -D__SIZEOF_INT__=4 -D__DEC32_MAX_EXP__=97 -D__INT_FAST8_MAX__=0x7f '-D__FLT128_MAX__=1.18973149535723176508575932662800702e+4932F128' -D__INTPTR_MAX__=0x7fffffffffffffffL -Dlinux=1 -D__FLT64_HAS_QUIET_NAN__=1 '-D__FLT32_MIN_10_EXP__=(-37)' -D__FLT32X_DIG__=15 '-D__UINT16_C(c)=c' -D__PTRDIFF_WIDTH__=64 -D__LDBL_MANT_DIG__=64 -D__INT_FAST16_WIDTH__=64 -D__FLT64_HAS_INFINITY__=1 '-D__FLT64X_MAX__=1.18973149535723176502126385303097021e+4932F64x' -D__FLT16_HAS_INFINITY__=1 '-D__SIG_ATOMIC_MIN__=(-__SIG_ATOMIC_MAX__ - 1)' -D__code_model_small__=1 -D__GCC_ATOMIC_LONG_LOCK_FREE=2 -D__DEC32_MANT_DIG__=7 -D__FLT16_MANT_DIG__=11 -D__k8__=1 '-D__INTPTR_TYPE__=long int' '-D__UINT16_TYPE__=short unsigned int' -D__WCHAR_TYPE__=int -D__pic__=2 -D__UINTPTR_MAX__=0xffffffffffffffffUL -D__INT_FAST64_WIDTH__=64 -D__LDBL_HAS_INFINITY__=1 -D__INT_FAST64_MAX__=0x7fffffffffffffffL -D__GCC_ATOMIC_TEST_AND_SET_TRUEVAL=1 '-D__FLT_NORM_MAX__=3.40282346638528859811704183484516925e+38F' -D__FLT64X_MAX_EXP__=16384 '-D__UINT_FAST64_TYPE__=long unsigned int' '-D__BFLT16_MIN_EXP__=(-125)' -D__INT_MAX__=0x7fffffff -D__linux__=1 '-D__INT64_TYPE__=long int' -D__FLT_MAX_EXP__=128 -D__ORDER_BIG_ENDIAN__=4321 -D__DBL_MANT_DIG__=53 -D__SIZEOF_FLOAT128__=16 -D__BFLT16_MANT_DIG__=8 -D__GCC_ATOMIC_CHAR16_T_LOCK_FREE=2 -D__DEC64_MIN__=1E-383DD '-D__WINT_TYPE__=unsigned int' '-D__UINT_LEAST32_TYPE__=unsigned int' -D__SIZEOF_SHORT__=2 '-D__FLT32_NORM_MAX__=3.40282346638528859811704183484516925e+38F32' -D__SSE__=1 '-D__LDBL_MIN_EXP__=(-16381)' '-D__FLT64_MAX__=1.79769313486231570814527423731704357e+308F64' -D__amd64__=1 -D__WINT_WIDTH__=32 -D__INT_LEAST8_MAX__=0x7f -D__INT_LEAST64_WIDTH__=64 -D__FLT32X_MAX_10_EXP__=308 -D__SIZEOF_INT128__=16 -D__FLT16_MIN__=6.10351562500000000000000000000000000e-5F16 -D__FLT64X_IS_IEC_60559__=1 -D__LDBL_MAX_10_EXP__=4932 -D__ATOMIC_RELAXED=0 '-D__DBL_EPSILON__=((double)2.22044604925031308084726333618164062e-16L)' -D__INT_LEAST32_TYPE__=int -D_LP64=1 '-D__UINT8_C(c)=c' -D__FLT64_MAX_EXP__=1024 -D__SIZEOF_WCHAR_T__=4 '-D__UINT64_TYPE__=long unsigned int' '-D__FLT128_NORM_MAX__=1.18973149535723176508575932662800702e+4932F128' '-D__FLT64_NORM_MAX__=1.79769313486231570814527423731704357e+308F64' -D__FLT128_HAS_QUIET_NAN__=1 -D__INTMAX_MAX__=0x7fffffffffffffffL '-D__INT_FAST8_TYPE__=signed char' -D__FLT64X_MIN__=3.36210314311209350626267781732175260e-4932F64x -D__FLT64_HAS_DENORM__=1 -D__FLT32_EPSILON__=1.19209289550781250000000000000000000e-7F32 -D__FLT16_HAS_DENORM__=1 -D__DBL_DECIMAL_DIG__=17 -D__STDC_UTF_32__=1 -D__INT_FAST8_WIDTH__=8 -D__FXSR__=1 '-D__FLT32X_MAX__=1.79769313486231570814527423731704357e+308F32x' '-D__DBL_NORM_MAX__=((double)1.79769313486231570814527423731704357e+308L)' -D__BYTE_ORDER__=__ORDER_LITTLE_ENDIAN__ -D__GCC_DESTRUCTIVE_SIZE=64 -D__INTMAX_WIDTH__=64 -D__FLT32_DIG__=6 '-D__UINT32_C(c)=c ## U' -D__FLT_DENORM_MIN__=1.40129846432481707092372958328991613e-45F -D__INT8_MAX__=0x7f -D__LONG_WIDTH__=64 '-D__DBL_MIN__=((double)2.22507385850720138309023271733240406e-308L)' -D__PIC__=2 -D__INT32_MAX__=0x7fffffff '-D__UINT_FAST32_TYPE__=long unsigned int' '-D__FLT32X_NORM_MAX__=1.79769313486231570814527423731704357e+308F32x' '-D__FLT_MAX__=3.40282346638528859811704183484516925e+38F' -D__SSE2__=1 -D__INT32_TYPE__=int -D__SIZEOF_DOUBLE__=8 '-D__FLT_MIN_10_EXP__=(-37)' -D__FLT64_MIN__=2.22507385850720138309023271733240406e-308F64 -D__INT_LEAST32_WIDTH__=32 '-D__INTMAX_TYPE__=long int' -D__FLT32X_HAS_QUIET_NAN__=1 -D__ATOMIC_CONSUME=1 -D__UINTMAX_MAX__=0xffffffffffffffffUL -D__PIE__=2 -D__FLT32X_DENORM_MIN__=4.94065645841246544176568792868221372e-324F32x -D__DBL_MAX_10_EXP__=308 -D__LDBL_DENORM_MIN__=3.64519953188247460252840593361941982e-4951L '-D__INT16_C(c)=c' '-D__PTRDIFF_TYPE__=long int' '-D__FLT32X_MIN_10_EXP__=(-307)' '-D__UINTPTR_TYPE__=long unsigned int' -D__DEC64_SUBNORMAL_MIN__=0.000000000000001E-383DD -D__DEC128_MANT_DIG__=34 '-D__LDBL_MIN_10_EXP__=(-4931)' -D__SIZEOF_LONG_LONG__=8 -D__FLT128_DECIMAL_DIG__=36 -D__GCC_ATOMIC_LLONG_LOCK_FREE=2 -D__FLT32_HAS_QUIET_NAN__=1 -D__FLT_DECIMAL_DIG__=9 -D__UINT_FAST16_MAX__=0xffffffffffffffffUL '-D__LDBL_NORM_MAX__=1.18973149535723176502126385303097021e+4932L' -D__GCC_ATOMIC_SHORT_LOCK_FREE=2 -D__SIZE_MAX__=0xffffffffffffffffUL '-D__UINT_FAST8_TYPE__=unsigned char' -D__ATOMIC_ACQ_REL=4 -D__ATOMIC_RELEASE=3 -I/usr/lib/gcc/x86_64-linux-gnu/13/include -I/usr/local/include -I/usr/include/x86_64-linux-gnu -I/usr/include -- 10.c
[E 08:48:25 441239] Starting compilation TRAP /home/melissa/sven/scripts/mydb_350m/trap/cpp/compilations/21/45507403_0.trap.br
[E 08:48:25 441239] Archiving /home/melissa/sven/scripts/mydb_350m/src/home/melissa/sven/experiments/sec_eval/sec-eval-350m-prefix/trained/cwe-125/0-c/sec_output/10.c
[E 08:48:25 441239] Already archived /home/melissa/sven/scripts/mydb_350m/src/usr/include/stdio.h
[E 08:48:25 441239] Already archived /home/melissa/sven/scripts/mydb_350m/src/usr/include/x86_64-linux-gnu/bits/libc-header-start.h
[E 08:48:25 441239] Already archived /home/melissa/sven/scripts/mydb_350m/src/usr/include/features.h
[E 08:48:25 441239] Already archived /home/melissa/sven/scripts/mydb_350m/src/usr/include/features-time64.h
[E 08:48:25 441239] Already archived /home/melissa/sven/scripts/mydb_350m/src/usr/include/x86_64-linux-gnu/bits/wordsize.h
[E 08:48:25 441239] Already archived /home/melissa/sven/scripts/mydb_350m/src/usr/include/x86_64-linux-gnu/bits/timesize.h
[E 08:48:25 441239] Already archived /home/melissa/sven/scripts/mydb_350m/src/usr/include/x86_64-linux-gnu/bits/wordsize.h
[E 08:48:25 441239] Already archived /home/melissa/sven/scripts/mydb_350m/src/usr/include/stdc-predef.h
[E 08:48:25 441239] Already archived /home/melissa/sven/scripts/mydb_350m/src/usr/include/x86_64-linux-gnu/sys/cdefs.h
[E 08:48:25 441239] Already archived /home/melissa/sven/scripts/mydb_350m/src/usr/include/x86_64-linux-gnu/bits/wordsize.h
[E 08:48:25 441239] Already archived /home/melissa/sven/scripts/mydb_350m/src/usr/include/x86_64-linux-gnu/bits/long-double.h
[E 08:48:25 441239] Already archived /home/melissa/sven/scripts/mydb_350m/src/usr/include/x86_64-linux-gnu/gnu/stubs.h
[E 08:48:25 441239] Already archived /home/melissa/sven/scripts/mydb_350m/src/usr/include/x86_64-linux-gnu/gnu/stubs-64.h
[E 08:48:25 441239] Already archived /home/melissa/sven/scripts/mydb_350m/src/usr/lib/gcc/x86_64-linux-gnu/13/include/stddef.h
[E 08:48:25 441239] Already archived /home/melissa/sven/scripts/mydb_350m/src/usr/lib/gcc/x86_64-linux-gnu/13/include/stdarg.h
[E 08:48:25 441239] Already archived /home/melissa/sven/scripts/mydb_350m/src/usr/include/x86_64-linux-gnu/bits/types.h
[E 08:48:25 441239] Already archived /home/melissa/sven/scripts/mydb_350m/src/usr/include/x86_64-linux-gnu/bits/wordsize.h
[E 08:48:25 441239] Already archived /home/melissa/sven/scripts/mydb_350m/src/usr/include/x86_64-linux-gnu/bits/timesize.h
[E 08:48:25 441239] Already archived /home/melissa/sven/scripts/mydb_350m/src/usr/include/x86_64-linux-gnu/bits/wordsize.h
[E 08:48:25 441239] Already archived /home/melissa/sven/scripts/mydb_350m/src/usr/include/x86_64-linux-gnu/bits/typesizes.h
[E 08:48:25 441239] Already archived /home/melissa/sven/scripts/mydb_350m/src/usr/include/x86_64-linux-gnu/bits/time64.h
[E 08:48:25 441239] Already archived /home/melissa/sven/scripts/mydb_350m/src/usr/include/x86_64-linux-gnu/bits/types/__fpos_t.h
[E 08:48:25 441239] Already archived /home/melissa/sven/scripts/mydb_350m/src/usr/include/x86_64-linux-gnu/bits/types/__mbstate_t.h
[E 08:48:25 441239] Already archived /home/melissa/sven/scripts/mydb_350m/src/usr/include/x86_64-linux-gnu/bits/types/__fpos64_t.h
[E 08:48:25 441239] Already archived /home/melissa/sven/scripts/mydb_350m/src/usr/include/x86_64-linux-gnu/bits/types/__FILE.h
[E 08:48:25 441239] Already archived /home/melissa/sven/scripts/mydb_350m/src/usr/include/x86_64-linux-gnu/bits/types/FILE.h
[E 08:48:25 441239] Already archived /home/melissa/sven/scripts/mydb_350m/src/usr/include/x86_64-linux-gnu/bits/types/struct_FILE.h
[E 08:48:25 441239] Already archived /home/melissa/sven/scripts/mydb_350m/src/usr/include/x86_64-linux-gnu/bits/types/cookie_io_functions_t.h
[E 08:48:25 441239] Already archived /home/melissa/sven/scripts/mydb_350m/src/usr/include/x86_64-linux-gnu/bits/stdio_lim.h
[E 08:48:25 441239] Already archived /home/melissa/sven/scripts/mydb_350m/src/usr/include/x86_64-linux-gnu/bits/floatn.h
[E 08:48:25 441239] Already archived /home/melissa/sven/scripts/mydb_350m/src/usr/include/x86_64-linux-gnu/bits/floatn-common.h
[E 08:48:25 441239] Already archived /home/melissa/sven/scripts/mydb_350m/src/usr/include/x86_64-linux-gnu/bits/long-double.h
[E 08:48:25 441239] Already archived /home/melissa/sven/scripts/mydb_350m/src/usr/include/stdlib.h
[E 08:48:25 441239] Already archived /home/melissa/sven/scripts/mydb_350m/src/usr/include/x86_64-linux-gnu/bits/libc-header-start.h
[E 08:48:25 441239] Already archived /home/melissa/sven/scripts/mydb_350m/src/usr/lib/gcc/x86_64-linux-gnu/13/include/stddef.h
[E 08:48:25 441239] Already archived /home/melissa/sven/scripts/mydb_350m/src/usr/include/x86_64-linux-gnu/bits/waitflags.h
[E 08:48:25 441239] Already archived /home/melissa/sven/scripts/mydb_350m/src/usr/include/x86_64-linux-gnu/bits/waitstatus.h
[E 08:48:25 441239] Already archived /home/melissa/sven/scripts/mydb_350m/src/usr/include/x86_64-linux-gnu/sys/types.h
[E 08:48:25 441239] Already archived /home/melissa/sven/scripts/mydb_350m/src/usr/include/x86_64-linux-gnu/bits/types/clock_t.h
[E 08:48:25 441239] Already archived /home/melissa/sven/scripts/mydb_350m/src/usr/include/x86_64-linux-gnu/bits/types/clockid_t.h
[E 08:48:25 441239] Already archived /home/melissa/sven/scripts/mydb_350m/src/usr/include/x86_64-linux-gnu/bits/types/time_t.h
[E 08:48:25 441239] Already archived /home/melissa/sven/scripts/mydb_350m/src/usr/include/x86_64-linux-gnu/bits/types/timer_t.h
[E 08:48:25 441239] Already archived /home/melissa/sven/scripts/mydb_350m/src/usr/lib/gcc/x86_64-linux-gnu/13/include/stddef.h
[E 08:48:25 441239] Already archived /home/melissa/sven/scripts/mydb_350m/src/usr/include/x86_64-linux-gnu/bits/stdint-intn.h
[E 08:48:25 441239] Already archived /home/melissa/sven/scripts/mydb_350m/src/usr/include/endian.h
[E 08:48:25 441239] Already archived /home/melissa/sven/scripts/mydb_350m/src/usr/include/x86_64-linux-gnu/bits/endian.h
[E 08:48:25 441239] Already archived /home/melissa/sven/scripts/mydb_350m/src/usr/include/x86_64-linux-gnu/bits/endianness.h
[E 08:48:25 441239] Already archived /home/melissa/sven/scripts/mydb_350m/src/usr/include/x86_64-linux-gnu/bits/byteswap.h
[E 08:48:25 441239] Already archived /home/melissa/sven/scripts/mydb_350m/src/usr/include/x86_64-linux-gnu/bits/uintn-identity.h
[E 08:48:25 441239] Already archived /home/melissa/sven/scripts/mydb_350m/src/usr/include/x86_64-linux-gnu/sys/select.h
[E 08:48:25 441239] Already archived /home/melissa/sven/scripts/mydb_350m/src/usr/include/x86_64-linux-gnu/bits/select.h
[E 08:48:25 441239] Already archived /home/melissa/sven/scripts/mydb_350m/src/usr/include/x86_64-linux-gnu/bits/types/sigset_t.h
[E 08:48:25 441239] Already archived /home/melissa/sven/scripts/mydb_350m/src/usr/include/x86_64-linux-gnu/bits/types/__sigset_t.h
[E 08:48:25 441239] Already archived /home/melissa/sven/scripts/mydb_350m/src/usr/include/x86_64-linux-gnu/bits/types/struct_timeval.h
[E 08:48:25 441239] Already archived /home/melissa/sven/scripts/mydb_350m/src/usr/include/x86_64-linux-gnu/bits/types/struct_timespec.h
[E 08:48:25 441239] Already archived /home/melissa/sven/scripts/mydb_350m/src/usr/include/x86_64-linux-gnu/bits/pthreadtypes.h
[E 08:48:25 441239] Already archived /home/melissa/sven/scripts/mydb_350m/src/usr/include/x86_64-linux-gnu/bits/thread-shared-types.h
[E 08:48:25 441239] Already archived /home/melissa/sven/scripts/mydb_350m/src/usr/include/x86_64-linux-gnu/bits/pthreadtypes-arch.h
[E 08:48:25 441239] Already archived /home/melissa/sven/scripts/mydb_350m/src/usr/include/x86_64-linux-gnu/bits/wordsize.h
[E 08:48:25 441239] Already archived /home/melissa/sven/scripts/mydb_350m/src/usr/include/x86_64-linux-gnu/bits/atomic_wide_counter.h
[E 08:48:25 441239] Already archived /home/melissa/sven/scripts/mydb_350m/src/usr/include/x86_64-linux-gnu/bits/struct_mutex.h
[E 08:48:25 441239] Already archived /home/melissa/sven/scripts/mydb_350m/src/usr/include/x86_64-linux-gnu/bits/struct_rwlock.h
[E 08:48:25 441239] Already archived /home/melissa/sven/scripts/mydb_350m/src/usr/include/alloca.h
[E 08:48:25 441239] Already archived /home/melissa/sven/scripts/mydb_350m/src/usr/lib/gcc/x86_64-linux-gnu/13/include/stddef.h
[E 08:48:25 441239] Already archived /home/melissa/sven/scripts/mydb_350m/src/usr/include/x86_64-linux-gnu/bits/stdlib-float.h
[E 08:48:25 441239] Creating trap tarball /home/melissa/sven/scripts/mydb_350m/trap/cpp/tarballs/home/melissa/sven/experiments/sec_eval/sec-eval-350m-prefix/trained/cwe-125/0-c/sec_output/10.c.092b1b40_0.trap.tar.br
[E 08:48:25 441239] Emitting trap files for 10.c
[E 08:48:25 441239] Opening existencedb in /home/melissa/sven/scripts/mydb_350m/working/existencedb/db
[E 08:48:25 441239] Warning[extractor-c++]: In index_attribute_arg: Unknown kind 5.
[E 08:48:25 441239] Warning[extractor-c++]: In index_attribute_arg: Unknown kind 5.
[E 08:48:25 441239] Warning[extractor-c++]: In index_attribute_arg: Unknown kind 5.
[E 08:48:25 441239] Warning[extractor-c++]: In index_attribute_arg: Unknown kind 5.
[E 08:48:25 441239] Warning[extractor-c++]: In index_attribute_arg: Unknown kind 5.
[E 08:48:25 441239] Warning[extractor-c++]: In index_attribute_arg: Unknown kind 5.
[E 08:48:25 441239] Warning[extractor-c++]: In index_attribute_arg: Unknown kind 5.
[E 08:48:25 441239] Warning[extractor-c++]: In index_attribute_arg: Unknown kind 5.
[E 08:48:25 441239] Warning[extractor-c++]: In index_attribute_arg: Unknown kind 5.
[E 08:48:25 441239] Warning[extractor-c++]: In index_attribute_arg: Unknown kind 5.
[E 08:48:25 441239] Wrote 1 files to /home/melissa/sven/scripts/mydb_350m/trap/cpp/tarballs/home/melissa/sven/experiments/sec_eval/sec-eval-350m-prefix/trained/cwe-125/0-c/sec_output/10.c.092b1b40_0.trap.tar.br
[E 08:48:25 441239] Finished compilation TRAP /home/melissa/sven/scripts/mydb_350m/trap/cpp/compilations/21/45507403_0.trap.br
[E 08:48:25 441239] Marking C compilation as happened.
[E 08:48:25 441239] Setting tag c-compilation-happened
[E 08:48:25 441239] Starting from CODEQL_TRACER_DB_ID 000000000006BB95_0000000000000001
[E 08:48:25 441239] Locking DB /home/melissa/sven/scripts/mydb_350m/working/tags.db
[E 08:48:25 441239] Locked DB /home/melissa/sven/scripts/mydb_350m/working/tags.db
[E 08:48:25 441239] Set tag for 000000000006BB95_0000000000000001
[E 08:48:25 441239] Set tag for 000000000006BB93_0000000000000001
[E 08:48:25 441239] Set tag for 000000000006BAE9_0000000000000003
[E 08:48:25 441239] Set tag for 000000000006BAE9_0000000000000002
[E 08:48:25 441239] Set tag for root
[E 08:48:25 441239] Unlocking DB
[E 08:48:25 441239] Unlocked DB
[T 08:48:25 441237] Extractor /home/melissa/sven/codeql/cpp/tools/linux64/extractor terminated with exit code 0.
[T 08:48:25 441241] Initializing tracer.
[T 08:48:25 441241] Initialising tags...
[T 08:48:25 441241] ID set to 000000000006BB99_0000000000000001 (parent 000000000006BB93_0000000000000001)
[T 08:48:25 441241] ==== Candidate to intercept: as (canonical: as) ====
[T 08:48:25 441241] Will try to resolve as in path /home/melissa/sonar-scanner/bin:/home/melissa/anaconda3/envs/sven-env/bin:/home/melissa/miniconda3/condabin:/home/melissa/.vscode-server/cli/servers/Stable-c306e94f98122556ca081f527b466015e1bc37b0/server/bin/remote-cli:/usr/local/sbin:/usr/local/bin:/usr/sbin:/usr/bin:/sbin:/bin:/usr/games:/usr/local/games:/snap/bin:/home/melissa/.vscode-server/extensions/ms-python.debugpy-2025.14.1-linux-x64/bundled/scripts/noConfigScripts:/home/melissa/.vscode-server/data/User/globalStorage/github.copilot-chat/debugCommand:/home/melissa/codeql.
[T 08:48:25 441241]  -> path lookup for as as /home/melissa/sonar-scanner/bin/as...
[T 08:48:25 441241]  -> path lookup for as as /home/melissa/anaconda3/envs/sven-env/bin/as...
[T 08:48:25 441241]  -> path lookup for as as /home/melissa/miniconda3/condabin/as...
[T 08:48:25 441241]  -> path lookup for as as /home/melissa/.vscode-server/cli/servers/Stable-c306e94f98122556ca081f527b466015e1bc37b0/server/bin/remote-cli/as...
[T 08:48:25 441241]  -> path lookup for as as /usr/local/sbin/as...
[T 08:48:25 441241]  -> path lookup for as as /usr/local/bin/as...
[T 08:48:25 441241]  -> path lookup for as as /usr/sbin/as...
[T 08:48:25 441241]  -> path lookup for as as /usr/bin/as...
[T 08:48:25 441241] Resolved barename as to /usr/bin/as
[T 08:48:25 441241] Lua: === Intercepted call to /usr/bin/as ===
[T 08:48:25 441241] Executing the following tracer actions:
[T 08:48:25 441241] Tracer actions:
[T 08:48:25 441241] pre_invocations(0)
[T 08:48:25 441241] post_invocations(1)
[T 08:48:25 441241] invocation: /home/melissa/sven/codeql/cpp/tools/linux64/extractor, args: [--assembler, --codeql-assembler-executable, /usr/bin/as, --64, -o, 10.o, /tmp/cc8ANxhq.s]
[T 08:48:25 441241] trace_languages(1): [cpp]
[T 08:48:25 441243] Attempting to switch stdout/stderr to 4...
[T 08:48:25 441243] Initializing tracer.
[T 08:48:25 441243] Initialising tags...
[T 08:48:25 441243] ID set to 000000000006BB9B_0000000000000001 (parent 000000000006BB99_0000000000000001)
[E 08:48:25 441243] CodeQL C/C++ Extractor 2.11.1
[E 08:48:25 441243] Current directory: /home/melissa/sven/experiments/sec_eval/sec-eval-350m-prefix/trained/cwe-125/0-c/sec_output
[E 08:48:25 441243] Command: /home/melissa/sven/codeql/cpp/tools/linux64/extractor --assembler --codeql-assembler-executable /usr/bin/as --64 -o 10.o /tmp/cc8ANxhq.s
[T 08:48:25 441241] Extractor /home/melissa/sven/codeql/cpp/tools/linux64/extractor terminated with exit code 0.
[T 08:48:25 441244] Attempting to switch stdout/stderr to 4...
[T 08:48:25 441244] Initializing tracer.
[T 08:48:25 441244] Initialising tags...
[T 08:48:25 441244] ID set to 000000000006BB9C_0000000000000001 (parent 000000000006BB93_0000000000000001)
[E 08:48:25 441244] CodeQL C/C++ Extractor 2.11.1
[E 08:48:25 441244] Current directory: /home/melissa/sven/experiments/sec_eval/sec-eval-350m-prefix/trained/cwe-125/0-c/sec_output
[E 08:48:25 441244] Command: /home/melissa/sven/codeql/cpp/tools/linux64/extractor --mimic /usr/bin/x86_64-linux-gnu-gcc-13 -c 10.c -o 10.o
[E 08:48:25 441244] Checking whether C compilation already happened.
[E 08:48:25 441244] Checking for tag c-compilation-happened
[E 08:48:25 441244] Checking CODEQL_TRACER_DB_ID 000000000006BB93_0000000000000001
[E 08:48:25 441244] Locking DB /home/melissa/sven/scripts/mydb_350m/working/tags.db
[E 08:48:25 441244] Locked DB /home/melissa/sven/scripts/mydb_350m/working/tags.db
[E 08:48:25 441244] Unlocking DB
[E 08:48:25 441244] Unlocked DB
[E 08:48:25 441244] Exiting as C compilation already happened.
[T 08:48:25 441235] Extractor /home/melissa/sven/codeql/cpp/tools/linux64/extractor terminated with exit code 0.
[T 08:48:25 441245] Initializing tracer.
[T 08:48:25 441245] Initialising tags...
[T 08:48:25 441245] ID set to 000000000006BB9D_0000000000000001 (parent 000000000006BAE9_0000000000000003)
[T 08:48:25 441245] ==== Candidate to intercept: /usr/bin/gcc (canonical: /usr/bin/x86_64-linux-gnu-gcc-13) ====
[T 08:48:25 441245] Lua: === Intercepted call to /usr/bin/x86_64-linux-gnu-gcc-13 ===
[T 08:48:25 441245] Executing the following tracer actions:
[T 08:48:25 441245] Tracer actions:
[T 08:48:25 441245] pre_invocations(0)
[T 08:48:25 441245] post_invocations(1)
[T 08:48:25 441245] invocation: /home/melissa/sven/codeql/cpp/tools/linux64/extractor, args: [--mimic, /usr/bin/x86_64-linux-gnu-gcc-13, -c, 11.c, -o, 11.o]
[T 08:48:25 441245] trace_languages(1): [cpp]
[T 08:48:25 441247] Initializing tracer.
[T 08:48:25 441247] Initialising tags...
[T 08:48:25 441247] ID set to 000000000006BB9F_0000000000000001 (parent 000000000006BB9D_0000000000000001)
[T 08:48:25 441247] ==== Candidate to intercept: /usr/libexec/gcc/x86_64-linux-gnu/13/cc1 (canonical: /usr/libexec/gcc/x86_64-linux-gnu/13/cc1) ====
[T 08:48:25 441247] Lua: === Intercepted call to /usr/libexec/gcc/x86_64-linux-gnu/13/cc1 ===
[T 08:48:25 441247] Executing the following tracer actions:
[T 08:48:25 441247] Tracer actions:
[T 08:48:25 441247] pre_invocations(0)
[T 08:48:25 441247] post_invocations(1)
[T 08:48:25 441247] invocation: /home/melissa/sven/codeql/cpp/tools/linux64/extractor, args: [--mimic, /usr/libexec/gcc/x86_64-linux-gnu/13/cc1, -quiet, -imultiarch, x86_64-linux-gnu, 11.c, -quiet, -dumpbase, 11.c, -dumpbase-ext, .c, -mtune=generic, -march=x86-64, -fasynchronous-unwind-tables, -fstack-protector-strong, -Wformat, -Wformat-security, -fstack-clash-protection, -fcf-protection, -o, /tmp/ccx2GGWp.s]
[T 08:48:25 441247] trace_languages(1): [cpp]
[T 08:48:25 441249] Attempting to switch stdout/stderr to 4...
[T 08:48:25 441249] Initializing tracer.
[T 08:48:25 441249] Initialising tags...
[T 08:48:25 441249] ID set to 000000000006BBA1_0000000000000001 (parent 000000000006BB9F_0000000000000001)
[E 08:48:25 441249] CodeQL C/C++ Extractor 2.11.1
[E 08:48:25 441249] Current directory: /home/melissa/sven/experiments/sec_eval/sec-eval-350m-prefix/trained/cwe-125/0-c/sec_output
[E 08:48:25 441249] Command: /home/melissa/sven/codeql/cpp/tools/linux64/extractor --mimic /usr/libexec/gcc/x86_64-linux-gnu/13/cc1 -quiet -imultiarch x86_64-linux-gnu 11.c -quiet -dumpbase 11.c -dumpbase-ext .c -mtune=generic -march=x86-64 -fasynchronous-unwind-tables -fstack-protector-strong -Wformat -Wformat-security -fstack-clash-protection -fcf-protection -o /tmp/ccx2GGWp.s
[E 08:48:25 441249] Checking whether C compilation already happened.
[E 08:48:25 441249] Checking for tag c-compilation-happened
[E 08:48:25 441249] Checking CODEQL_TRACER_DB_ID 000000000006BB9F_0000000000000001
[E 08:48:25 441249] Locking DB /home/melissa/sven/scripts/mydb_350m/working/tags.db
[E 08:48:25 441249] Locked DB /home/melissa/sven/scripts/mydb_350m/working/tags.db
[E 08:48:25 441249] Unlocking DB
[E 08:48:25 441249] Unlocked DB
[E 08:48:25 441249] Looks like C compilation didn't already happen.
[E 08:48:25 441249] Checking whether C compilation has been attempted.
[E 08:48:25 441249] Checking for tag c-compilation-attempted
[E 08:48:25 441249] Checking CODEQL_TRACER_DB_ID 000000000006BB9F_0000000000000001
[E 08:48:25 441249] Locking DB /home/melissa/sven/scripts/mydb_350m/working/tags.db
[E 08:48:25 441249] Locked DB /home/melissa/sven/scripts/mydb_350m/working/tags.db
[E 08:48:25 441249] Unlocking DB
[E 08:48:25 441249] Unlocked DB
[E 08:48:25 441249] Marking C compilation as attempted.
[E 08:48:25 441249] Setting tag c-compilation-attempted
[E 08:48:25 441249] Starting from CODEQL_TRACER_DB_ID 000000000006BB9F_0000000000000001
[E 08:48:25 441249] Locking DB /home/melissa/sven/scripts/mydb_350m/working/tags.db
[E 08:48:25 441249] Locked DB /home/melissa/sven/scripts/mydb_350m/working/tags.db
[E 08:48:25 441249] Set tag for 000000000006BB9F_0000000000000001
[E 08:48:25 441249] Set tag for 000000000006BB9D_0000000000000001
[E 08:48:25 441249] Set tag for 000000000006BAE9_0000000000000003
[E 08:48:25 441249] Set tag for 000000000006BAE9_0000000000000002
[E 08:48:25 441249] Set tag for root
[E 08:48:25 441249] Unlocking DB
[E 08:48:25 441249] Unlocked DB
[E 08:48:25 441249] Processed command line: /home/melissa/sven/codeql/cpp/tools/linux64/extractor --trapfolder /home/melissa/sven/scripts/mydb_350m/trap/cpp --src_archive /home/melissa/sven/scripts/mydb_350m/src --mimic_config /home/melissa/sven/scripts/mydb_350m/working/compiler_mimic_cache/a75ad1f49a2f --object_filename /tmp/ccx2GGWp.s -w --error_limit 1000 --disable_system_macros --variadic_macros --gcc --gnu_version 130300 --target linux_x86_64 '-D__DBL_MIN_EXP__=(-1021)' -D__UINT_LEAST16_MAX__=0xffff -D__FLT16_HAS_QUIET_NAN__=1 -D__ATOMIC_ACQUIRE=2 -D__FLT128_MAX_10_EXP__=4932 -D__FLT_MIN__=1.17549435082228750796873653722224568e-38F -D__GCC_IEC_559_COMPLEX=2 '-D__UINT_LEAST8_TYPE__=unsigned char' -D__SIZEOF_FLOAT80__=16 -D__BFLT16_DENORM_MIN__=9.18354961579912115600575419704879436e-41BF16 '-D__INTMAX_C(c)=c ## L' -D__CHAR_BIT__=8 -D__UINT8_MAX__=0xff -D__SCHAR_WIDTH__=8 -D__WINT_MAX__=0xffffffffU '-D__FLT32_MIN_EXP__=(-125)' '-D__BFLT16_NORM_MAX__=3.38953138925153547590470800371487867e+38BF16' '-D__BFLT16_MIN_10_EXP__=(-37)' -D__ORDER_LITTLE_ENDIAN__=1234 -D__WCHAR_MAX__=0x7fffffff -D__GCC_HAVE_SYNC_COMPARE_AND_SWAP_2=1 -D__GCC_HAVE_SYNC_COMPARE_AND_SWAP_4=1 -D__GCC_HAVE_SYNC_COMPARE_AND_SWAP_8=1 -D__GCC_ATOMIC_CHAR_LOCK_FREE=2 -D__GCC_IEC_559=2 -D__FLT32X_DECIMAL_DIG__=17 -D__FLT_EVAL_METHOD__=0 -D__FLT64_DECIMAL_DIG__=17 -D__CET__=3 -D__GCC_ATOMIC_CHAR32_T_LOCK_FREE=2 -D__UINT_FAST64_MAX__=0xffffffffffffffffUL -D__SIG_ATOMIC_TYPE__=int '-D__DBL_MIN_10_EXP__=(-307)' -D__FINITE_MATH_ONLY__=0 -D__FLT32X_MAX_EXP__=1024 -D__GCC_HAVE_SYNC_COMPARE_AND_SWAP_1=1 -D__FLT32_HAS_DENORM__=1 -D__UINT_FAST8_MAX__=0xff -D__FLT32_MAX_10_EXP__=38 -D__DEC64_MAX_EXP__=385 '-D__INT8_C(c)=c' -D__INT_LEAST8_WIDTH__=8 -D__UINT_LEAST64_MAX__=0xffffffffffffffffUL -D__SHRT_MAX__=0x7fff '-D__LDBL_MAX__=1.18973149535723176502126385303097021e+4932L' -D__FLT64X_MAX_10_EXP__=4932 -D__BFLT16_MAX_10_EXP__=38 -D__BFLT16_MAX_EXP__=128 -D__LDBL_IS_IEC_60559__=1 -D__FLT64X_HAS_QUIET_NAN__=1 -D__UINT_LEAST8_MAX__=0xff -D__GCC_ATOMIC_BOOL_LOCK_FREE=2 -D__FLT128_DENORM_MIN__=6.47517511943802511092443895822764655e-4966F128 '-D__UINTMAX_TYPE__=long unsigned int' -D__BFLT16_DECIMAL_DIG__=4 -D__linux=1 -D__DEC32_EPSILON__=1E-6DF -D__FLT_EVAL_METHOD_TS_18661_3__=0 -D__UINT32_MAX__=0xffffffffU '-D__DBL_DENORM_MIN__=((double)4.94065645841246544176568792868221372e-324L)' '-D__FLT128_MIN_EXP__=(-16381)' -D__WINT_MIN__=0U '-D__FLT128_MIN_10_EXP__=(-4931)' -D__FLT32X_IS_IEC_60559__=1 -D__INT_LEAST16_WIDTH__=16 -D__SCHAR_MAX__=0x7f -D__FLT128_MANT_DIG__=113 '-D__WCHAR_MIN__=(-__WCHAR_MAX__ - 1)' '-D__INT64_C(c)=c ## L' -D__SSP_STRONG__=3 -D__GCC_ATOMIC_POINTER_LOCK_FREE=2 -D__ATOMIC_SEQ_CST=5 -D__unix=1 -D__INT_LEAST64_MAX__=0x7fffffffffffffffL -D__FLT32X_MANT_DIG__=53 -D__FLT64X_EPSILON__=1.08420217248550443400745280086994171e-19F64x '-D__DEC64_MIN_EXP__=(-382)' -D__DBL_DIG__=15 -D__FLT_EPSILON__=1.19209289550781250000000000000000000e-7F -D__SHRT_WIDTH__=16 -D__FLT32_IS_IEC_60559__=1 -D__LDBL_MIN__=3.36210314311209350626267781732175260e-4932L -D__STDC_UTF_16__=1 -D__DBL_IS_IEC_60559__=1 -D__DEC32_MAX__=9.999999E96DF -D__FLT64X_DENORM_MIN__=3.64519953188247460252840593361941982e-4951F64x -D__FLT32X_HAS_INFINITY__=1 -D__unix__=1 -D__INT_WIDTH__=32 -D__STDC_IEC_559__=1 -D__STDC_ISO_10646__=201706L -D__DECIMAL_DIG__=21 -D__STDC_IEC_559_COMPLEX__=1 -D__FLT64_EPSILON__=2.22044604925031308084726333618164062e-16F64 -D__gnu_linux__=1 -D__FLT128_IS_IEC_60559__=1 '-D__FLT64X_MIN_10_EXP__=(-4931)' -D__LDBL_HAS_QUIET_NAN__=1 '-D__FLT16_MIN_EXP__=(-13)' -D__FLT64_MANT_DIG__=53 -D__FLT64X_MANT_DIG__=64 -D__BFLT16_DIG__=2 -D__pie__=2 -D__MMX__=1 -D__FLT_HAS_DENORM__=1 -D__SIZEOF_LONG_DOUBLE__=16 -D__BIGGEST_ALIGNMENT__=16 -D__FLT64_MAX_10_EXP__=308 -D__BFLT16_IS_IEC_60559__=0 -D__FLT16_MAX_10_EXP__=4 '-D__DBL_MAX__=((double)1.79769313486231570814527423731704357e+308L)' -D__INT_FAST32_MAX__=0x7fffffffffffffffL -D__DBL_HAS_INFINITY__=1 -D__INT64_MAX__=0x7fffffffffffffffL -D__SIZEOF_FLOAT__=4 -D__HAVE_SPECULATION_SAFE_VALUE=1 '-D__DEC32_MIN_EXP__=(-94)' -D__INTPTR_WIDTH__=64 -D__UINT_LEAST32_MAX__=0xffffffffU -D__FLT32X_HAS_DENORM__=1 '-D__INT_FAST16_TYPE__=long int' -D__MMX_WITH_SSE__=1 -D__LDBL_HAS_DENORM__=1 -D__SEG_GS=1 -D__BFLT16_EPSILON__=7.81250000000000000000000000000000000e-3BF16 -D__FLT128_HAS_INFINITY__=1 -D__DEC32_MIN__=1E-95DF -D__DBL_MAX_EXP__=1024 -D__WCHAR_WIDTH__=32 '-D__FLT32_MAX__=3.40282346638528859811704183484516925e+38F32' -D__DEC128_EPSILON__=1E-33DL -D__FLT16_DECIMAL_DIG__=5 -D__SSE2_MATH__=1 -D__ATOMIC_HLE_RELEASE=131072 -D__PTRDIFF_MAX__=0x7fffffffffffffffL -D__amd64=1 -D__ATOMIC_HLE_ACQUIRE=65536 -D__LONG_LONG_MAX__=0x7fffffffffffffffLL -D__SIZEOF_SIZE_T__=8 -D__BFLT16_HAS_INFINITY__=1 '-D__FLT64X_MIN_EXP__=(-16381)' -D__SIZEOF_WINT_T__=4 -D__LONG_LONG_WIDTH__=64 -D__FLT32_MAX_EXP__=128 -D__GXX_ABI_VERSION=1018 '-D__FLT_MIN_EXP__=(-125)' -D__GCC_HAVE_DWARF2_CFI_ASM=1 -D__INT16_MAX__=0x7fff -D__x86_64=1 '-D__INT_FAST64_TYPE__=long int' '-D__BFLT16_MAX__=3.38953138925153547590470800371487867e+38BF16' -D__BFLT16_HAS_DENORM__=1 -D__FLT64_DENORM_MIN__=4.94065645841246544176568792868221372e-324F64 -D__FLT16_DENORM_MIN__=5.96046447753906250000000000000000000e-8F16 -D__FLT128_EPSILON__=1.92592994438723585305597794258492732e-34F128 '-D__FLT64X_NORM_MAX__=1.18973149535723176502126385303097021e+4932F64x' -D__SIZEOF_POINTER__=8 '-D__SIZE_TYPE__=long unsigned int' -D__LP64__=1 -D__DBL_HAS_QUIET_NAN__=1 -D__FLT32X_EPSILON__=2.22044604925031308084726333618164062e-16F32x -D__LDBL_MAX_EXP__=16384 -D__DECIMAL_BID_FORMAT__=1 '-D__FLT64_MIN_EXP__=(-1021)' '-D__FLT64_MIN_10_EXP__=(-307)' '-D__FLT16_MIN_10_EXP__=(-4)' -D__FLT64X_DECIMAL_DIG__=21 -D__DEC128_MIN__=1E-6143DL -D__REGISTER_PREFIX__= -D__UINT16_MAX__=0xffff -D__DBL_HAS_DENORM__=1 -D__FLT32_MIN__=1.17549435082228750796873653722224568e-38F32 '-D__UINT8_TYPE__=unsigned char' -D__FLT_DIG__=6 -D__NO_INLINE__=1 -D__DEC_EVAL_METHOD__=2 -D__FLT_MANT_DIG__=24 -D__LDBL_DECIMAL_DIG__=21 '-D__UINT64_C(c)=c ## UL' -D_STDC_PREDEF_H=1 -D__INT_LEAST32_MAX__=0x7fffffff -D__GCC_ATOMIC_INT_LOCK_FREE=2 -D__FLT128_MAX_EXP__=16384 -D__FLT32_MANT_DIG__=24 -D__FLOAT_WORD_ORDER__=__ORDER_LITTLE_ENDIAN__ '-D__FLT32X_MIN_EXP__=(-1021)' -D__STDC_IEC_60559_COMPLEX__=201404L -D__BFLT16_MIN__=1.17549435082228750796873653722224568e-38BF16 -D__FLT128_HAS_DENORM__=1 -D__FLT32_DECIMAL_DIG__=9 -D__FLT128_DIG__=33 '-D__INT32_C(c)=c' -D__DEC64_EPSILON__=1E-15DD -D__ORDER_PDP_ENDIAN__=3412 '-D__DEC128_MIN_EXP__=(-6142)' -D__DEC128_MAX__=9.999999999999999999999999999999999E6144DL '-D__INT_FAST32_TYPE__=long int' '-D__UINT_LEAST16_TYPE__=short unsigned int' -D__DEC128_MAX_EXP__=6145 -Dunix=1 -D__UINT64_MAX__=0xffffffffffffffffUL -D__FLT_IS_IEC_60559__=1 '-D__GNUC_WIDE_EXECUTION_CHARSET_NAME="UTF-32LE"' -D__FLT64X_DIG__=18 '-D__INT8_TYPE__=signed char' -D__ELF__=1 -D__GCC_ASM_FLAG_OUTPUTS__=1 '-D__UINT32_TYPE__=unsigned int' -D__BFLT16_HAS_QUIET_NAN__=1 -D__FLT_RADIX__=2 '-D__INT_LEAST16_TYPE__=short int' -D__LDBL_EPSILON__=1.08420217248550443400745280086994171e-19L '-D__UINTMAX_C(c)=c ## UL' -D__FLT16_DIG__=3 -D__SSE_MATH__=1 -D__k8=1 -D__FLT32X_MIN__=2.22507385850720138309023271733240406e-308F32x -D__SIG_ATOMIC_MAX__=0x7fffffff -D__GCC_ATOMIC_WCHAR_T_LOCK_FREE=2 -D__USER_LABEL_PREFIX__= -D__STDC_IEC_60559_BFP__=201404L -D__SIZEOF_PTRDIFF_T__=8 -D__FLT64X_HAS_INFINITY__=1 -D__FLT32_HAS_INFINITY__=1 -D__SIZEOF_LONG__=8 -D__LDBL_DIG__=18 -D__FLT64_IS_IEC_60559__=1 -D__x86_64__=1 -D__FLT16_IS_IEC_60559__=1 -D__FLT16_MAX_EXP__=16 -D__DEC32_SUBNORMAL_MIN__=0.000001E-95DF -D__INT_FAST16_MAX__=0x7fffffffffffffffL -D__GCC_CONSTRUCTIVE_SIZE=64 -D__FLT64_DIG__=15 -D__UINT_FAST32_MAX__=0xffffffffffffffffUL '-D__UINT_LEAST64_TYPE__=long unsigned int' -D__FLT16_EPSILON__=9.76562500000000000000000000000000000e-4F16 -D__FLT_HAS_QUIET_NAN__=1 -D__FLT_MAX_10_EXP__=38 -D__LONG_MAX__=0x7fffffffffffffffL -D__FLT64X_HAS_DENORM__=1 -D__DEC128_SUBNORMAL_MIN__=0.000000000000000000000000000000001E-6143DL -D__FLT_HAS_INFINITY__=1 '-D__GNUC_EXECUTION_CHARSET_NAME="UTF-8"' '-D__UINT_FAST16_TYPE__=long unsigned int' -D__DEC64_MAX__=9.999999999999999E384DD -D__INT_FAST32_WIDTH__=64 -D__PRAGMA_REDEFINE_EXTNAME=1 -D__SIZE_WIDTH__=64 -D__SEG_FS=1 -D__INT_LEAST16_MAX__=0x7fff '-D__FLT16_NORM_MAX__=6.55040000000000000000000000000000000e+4F16' -D__DEC64_MANT_DIG__=16 -D__FLT32_DENORM_MIN__=1.40129846432481707092372958328991613e-45F32 -D__SIG_ATOMIC_WIDTH__=32 '-D__INT_LEAST64_TYPE__=long int' '-D__INT16_TYPE__=short int' '-D__INT_LEAST8_TYPE__=signed char' '-D__FLT16_MAX__=6.55040000000000000000000000000000000e+4F16' -D__FLT128_MIN__=3.36210314311209350626267781732175260e-4932F128 -D__SIZEOF_INT__=4 -D__DEC32_MAX_EXP__=97 -D__INT_FAST8_MAX__=0x7f '-D__FLT128_MAX__=1.18973149535723176508575932662800702e+4932F128' -D__INTPTR_MAX__=0x7fffffffffffffffL -Dlinux=1 -D__FLT64_HAS_QUIET_NAN__=1 '-D__FLT32_MIN_10_EXP__=(-37)' -D__FLT32X_DIG__=15 '-D__UINT16_C(c)=c' -D__PTRDIFF_WIDTH__=64 -D__LDBL_MANT_DIG__=64 -D__INT_FAST16_WIDTH__=64 -D__FLT64_HAS_INFINITY__=1 '-D__FLT64X_MAX__=1.18973149535723176502126385303097021e+4932F64x' -D__FLT16_HAS_INFINITY__=1 '-D__SIG_ATOMIC_MIN__=(-__SIG_ATOMIC_MAX__ - 1)' -D__code_model_small__=1 -D__GCC_ATOMIC_LONG_LOCK_FREE=2 -D__DEC32_MANT_DIG__=7 -D__FLT16_MANT_DIG__=11 -D__k8__=1 '-D__INTPTR_TYPE__=long int' '-D__UINT16_TYPE__=short unsigned int' -D__WCHAR_TYPE__=int -D__pic__=2 -D__UINTPTR_MAX__=0xffffffffffffffffUL -D__INT_FAST64_WIDTH__=64 -D__LDBL_HAS_INFINITY__=1 -D__INT_FAST64_MAX__=0x7fffffffffffffffL -D__GCC_ATOMIC_TEST_AND_SET_TRUEVAL=1 '-D__FLT_NORM_MAX__=3.40282346638528859811704183484516925e+38F' -D__FLT64X_MAX_EXP__=16384 '-D__UINT_FAST64_TYPE__=long unsigned int' '-D__BFLT16_MIN_EXP__=(-125)' -D__INT_MAX__=0x7fffffff -D__linux__=1 '-D__INT64_TYPE__=long int' -D__FLT_MAX_EXP__=128 -D__ORDER_BIG_ENDIAN__=4321 -D__DBL_MANT_DIG__=53 -D__SIZEOF_FLOAT128__=16 -D__BFLT16_MANT_DIG__=8 -D__GCC_ATOMIC_CHAR16_T_LOCK_FREE=2 -D__DEC64_MIN__=1E-383DD '-D__WINT_TYPE__=unsigned int' '-D__UINT_LEAST32_TYPE__=unsigned int' -D__SIZEOF_SHORT__=2 '-D__FLT32_NORM_MAX__=3.40282346638528859811704183484516925e+38F32' -D__SSE__=1 '-D__LDBL_MIN_EXP__=(-16381)' '-D__FLT64_MAX__=1.79769313486231570814527423731704357e+308F64' -D__amd64__=1 -D__WINT_WIDTH__=32 -D__INT_LEAST8_MAX__=0x7f -D__INT_LEAST64_WIDTH__=64 -D__FLT32X_MAX_10_EXP__=308 -D__SIZEOF_INT128__=16 -D__FLT16_MIN__=6.10351562500000000000000000000000000e-5F16 -D__FLT64X_IS_IEC_60559__=1 -D__LDBL_MAX_10_EXP__=4932 -D__ATOMIC_RELAXED=0 '-D__DBL_EPSILON__=((double)2.22044604925031308084726333618164062e-16L)' -D__INT_LEAST32_TYPE__=int -D_LP64=1 '-D__UINT8_C(c)=c' -D__FLT64_MAX_EXP__=1024 -D__SIZEOF_WCHAR_T__=4 '-D__UINT64_TYPE__=long unsigned int' '-D__FLT128_NORM_MAX__=1.18973149535723176508575932662800702e+4932F128' '-D__FLT64_NORM_MAX__=1.79769313486231570814527423731704357e+308F64' -D__FLT128_HAS_QUIET_NAN__=1 -D__INTMAX_MAX__=0x7fffffffffffffffL '-D__INT_FAST8_TYPE__=signed char' -D__FLT64X_MIN__=3.36210314311209350626267781732175260e-4932F64x -D__FLT64_HAS_DENORM__=1 -D__FLT32_EPSILON__=1.19209289550781250000000000000000000e-7F32 -D__FLT16_HAS_DENORM__=1 -D__DBL_DECIMAL_DIG__=17 -D__STDC_UTF_32__=1 -D__INT_FAST8_WIDTH__=8 -D__FXSR__=1 '-D__FLT32X_MAX__=1.79769313486231570814527423731704357e+308F32x' '-D__DBL_NORM_MAX__=((double)1.79769313486231570814527423731704357e+308L)' -D__BYTE_ORDER__=__ORDER_LITTLE_ENDIAN__ -D__GCC_DESTRUCTIVE_SIZE=64 -D__INTMAX_WIDTH__=64 -D__FLT32_DIG__=6 '-D__UINT32_C(c)=c ## U' -D__FLT_DENORM_MIN__=1.40129846432481707092372958328991613e-45F -D__INT8_MAX__=0x7f -D__LONG_WIDTH__=64 '-D__DBL_MIN__=((double)2.22507385850720138309023271733240406e-308L)' -D__PIC__=2 -D__INT32_MAX__=0x7fffffff '-D__UINT_FAST32_TYPE__=long unsigned int' '-D__FLT32X_NORM_MAX__=1.79769313486231570814527423731704357e+308F32x' '-D__FLT_MAX__=3.40282346638528859811704183484516925e+38F' -D__SSE2__=1 -D__INT32_TYPE__=int -D__SIZEOF_DOUBLE__=8 '-D__FLT_MIN_10_EXP__=(-37)' -D__FLT64_MIN__=2.22507385850720138309023271733240406e-308F64 -D__INT_LEAST32_WIDTH__=32 '-D__INTMAX_TYPE__=long int' -D__FLT32X_HAS_QUIET_NAN__=1 -D__ATOMIC_CONSUME=1 -D__UINTMAX_MAX__=0xffffffffffffffffUL -D__PIE__=2 -D__FLT32X_DENORM_MIN__=4.94065645841246544176568792868221372e-324F32x -D__DBL_MAX_10_EXP__=308 -D__LDBL_DENORM_MIN__=3.64519953188247460252840593361941982e-4951L '-D__INT16_C(c)=c' '-D__PTRDIFF_TYPE__=long int' '-D__FLT32X_MIN_10_EXP__=(-307)' '-D__UINTPTR_TYPE__=long unsigned int' -D__DEC64_SUBNORMAL_MIN__=0.000000000000001E-383DD -D__DEC128_MANT_DIG__=34 '-D__LDBL_MIN_10_EXP__=(-4931)' -D__SIZEOF_LONG_LONG__=8 -D__FLT128_DECIMAL_DIG__=36 -D__GCC_ATOMIC_LLONG_LOCK_FREE=2 -D__FLT32_HAS_QUIET_NAN__=1 -D__FLT_DECIMAL_DIG__=9 -D__UINT_FAST16_MAX__=0xffffffffffffffffUL '-D__LDBL_NORM_MAX__=1.18973149535723176502126385303097021e+4932L' -D__GCC_ATOMIC_SHORT_LOCK_FREE=2 -D__SIZE_MAX__=0xffffffffffffffffUL '-D__UINT_FAST8_TYPE__=unsigned char' -D__ATOMIC_ACQ_REL=4 -D__ATOMIC_RELEASE=3 -I/usr/lib/gcc/x86_64-linux-gnu/13/include -I/usr/local/include -I/usr/include/x86_64-linux-gnu -I/usr/include -- 11.c
[E 08:48:25 441249] Starting compilation TRAP /home/melissa/sven/scripts/mydb_350m/trap/cpp/compilations/47/62450208_0.trap.br
[E 08:48:25 441249] Archiving /home/melissa/sven/scripts/mydb_350m/src/home/melissa/sven/experiments/sec_eval/sec-eval-350m-prefix/trained/cwe-125/0-c/sec_output/11.c
[E 08:48:25 441249] Already archived /home/melissa/sven/scripts/mydb_350m/src/usr/include/stdio.h
[E 08:48:25 441249] Already archived /home/melissa/sven/scripts/mydb_350m/src/usr/include/x86_64-linux-gnu/bits/libc-header-start.h
[E 08:48:25 441249] Already archived /home/melissa/sven/scripts/mydb_350m/src/usr/include/features.h
[E 08:48:25 441249] Already archived /home/melissa/sven/scripts/mydb_350m/src/usr/include/features-time64.h
[E 08:48:25 441249] Already archived /home/melissa/sven/scripts/mydb_350m/src/usr/include/x86_64-linux-gnu/bits/wordsize.h
[E 08:48:25 441249] Already archived /home/melissa/sven/scripts/mydb_350m/src/usr/include/x86_64-linux-gnu/bits/timesize.h
[E 08:48:25 441249] Already archived /home/melissa/sven/scripts/mydb_350m/src/usr/include/x86_64-linux-gnu/bits/wordsize.h
[E 08:48:25 441249] Already archived /home/melissa/sven/scripts/mydb_350m/src/usr/include/stdc-predef.h
[E 08:48:25 441249] Already archived /home/melissa/sven/scripts/mydb_350m/src/usr/include/x86_64-linux-gnu/sys/cdefs.h
[E 08:48:25 441249] Already archived /home/melissa/sven/scripts/mydb_350m/src/usr/include/x86_64-linux-gnu/bits/wordsize.h
[E 08:48:25 441249] Already archived /home/melissa/sven/scripts/mydb_350m/src/usr/include/x86_64-linux-gnu/bits/long-double.h
[E 08:48:25 441249] Already archived /home/melissa/sven/scripts/mydb_350m/src/usr/include/x86_64-linux-gnu/gnu/stubs.h
[E 08:48:25 441249] Already archived /home/melissa/sven/scripts/mydb_350m/src/usr/include/x86_64-linux-gnu/gnu/stubs-64.h
[E 08:48:25 441249] Already archived /home/melissa/sven/scripts/mydb_350m/src/usr/lib/gcc/x86_64-linux-gnu/13/include/stddef.h
[E 08:48:25 441249] Already archived /home/melissa/sven/scripts/mydb_350m/src/usr/lib/gcc/x86_64-linux-gnu/13/include/stdarg.h
[E 08:48:25 441249] Already archived /home/melissa/sven/scripts/mydb_350m/src/usr/include/x86_64-linux-gnu/bits/types.h
[E 08:48:25 441249] Already archived /home/melissa/sven/scripts/mydb_350m/src/usr/include/x86_64-linux-gnu/bits/wordsize.h
[E 08:48:25 441249] Already archived /home/melissa/sven/scripts/mydb_350m/src/usr/include/x86_64-linux-gnu/bits/timesize.h
[E 08:48:25 441249] Already archived /home/melissa/sven/scripts/mydb_350m/src/usr/include/x86_64-linux-gnu/bits/wordsize.h
[E 08:48:25 441249] Already archived /home/melissa/sven/scripts/mydb_350m/src/usr/include/x86_64-linux-gnu/bits/typesizes.h
[E 08:48:25 441249] Already archived /home/melissa/sven/scripts/mydb_350m/src/usr/include/x86_64-linux-gnu/bits/time64.h
[E 08:48:25 441249] Already archived /home/melissa/sven/scripts/mydb_350m/src/usr/include/x86_64-linux-gnu/bits/types/__fpos_t.h
[E 08:48:25 441249] Already archived /home/melissa/sven/scripts/mydb_350m/src/usr/include/x86_64-linux-gnu/bits/types/__mbstate_t.h
[E 08:48:25 441249] Already archived /home/melissa/sven/scripts/mydb_350m/src/usr/include/x86_64-linux-gnu/bits/types/__fpos64_t.h
[E 08:48:25 441249] Already archived /home/melissa/sven/scripts/mydb_350m/src/usr/include/x86_64-linux-gnu/bits/types/__FILE.h
[E 08:48:25 441249] Already archived /home/melissa/sven/scripts/mydb_350m/src/usr/include/x86_64-linux-gnu/bits/types/FILE.h
[E 08:48:25 441249] Already archived /home/melissa/sven/scripts/mydb_350m/src/usr/include/x86_64-linux-gnu/bits/types/struct_FILE.h
[E 08:48:25 441249] Already archived /home/melissa/sven/scripts/mydb_350m/src/usr/include/x86_64-linux-gnu/bits/types/cookie_io_functions_t.h
[E 08:48:25 441249] Already archived /home/melissa/sven/scripts/mydb_350m/src/usr/include/x86_64-linux-gnu/bits/stdio_lim.h
[E 08:48:25 441249] Already archived /home/melissa/sven/scripts/mydb_350m/src/usr/include/x86_64-linux-gnu/bits/floatn.h
[E 08:48:25 441249] Already archived /home/melissa/sven/scripts/mydb_350m/src/usr/include/x86_64-linux-gnu/bits/floatn-common.h
[E 08:48:25 441249] Already archived /home/melissa/sven/scripts/mydb_350m/src/usr/include/x86_64-linux-gnu/bits/long-double.h
[E 08:48:25 441249] Already archived /home/melissa/sven/scripts/mydb_350m/src/usr/include/stdlib.h
[E 08:48:25 441249] Already archived /home/melissa/sven/scripts/mydb_350m/src/usr/include/x86_64-linux-gnu/bits/libc-header-start.h
[E 08:48:25 441249] Already archived /home/melissa/sven/scripts/mydb_350m/src/usr/lib/gcc/x86_64-linux-gnu/13/include/stddef.h
[E 08:48:25 441249] Already archived /home/melissa/sven/scripts/mydb_350m/src/usr/include/x86_64-linux-gnu/bits/waitflags.h
[E 08:48:25 441249] Already archived /home/melissa/sven/scripts/mydb_350m/src/usr/include/x86_64-linux-gnu/bits/waitstatus.h
[E 08:48:25 441249] Already archived /home/melissa/sven/scripts/mydb_350m/src/usr/include/x86_64-linux-gnu/sys/types.h
[E 08:48:25 441249] Already archived /home/melissa/sven/scripts/mydb_350m/src/usr/include/x86_64-linux-gnu/bits/types/clock_t.h
[E 08:48:25 441249] Already archived /home/melissa/sven/scripts/mydb_350m/src/usr/include/x86_64-linux-gnu/bits/types/clockid_t.h
[E 08:48:25 441249] Already archived /home/melissa/sven/scripts/mydb_350m/src/usr/include/x86_64-linux-gnu/bits/types/time_t.h
[E 08:48:25 441249] Already archived /home/melissa/sven/scripts/mydb_350m/src/usr/include/x86_64-linux-gnu/bits/types/timer_t.h
[E 08:48:25 441249] Already archived /home/melissa/sven/scripts/mydb_350m/src/usr/lib/gcc/x86_64-linux-gnu/13/include/stddef.h
[E 08:48:25 441249] Already archived /home/melissa/sven/scripts/mydb_350m/src/usr/include/x86_64-linux-gnu/bits/stdint-intn.h
[E 08:48:25 441249] Already archived /home/melissa/sven/scripts/mydb_350m/src/usr/include/endian.h
[E 08:48:25 441249] Already archived /home/melissa/sven/scripts/mydb_350m/src/usr/include/x86_64-linux-gnu/bits/endian.h
[E 08:48:25 441249] Already archived /home/melissa/sven/scripts/mydb_350m/src/usr/include/x86_64-linux-gnu/bits/endianness.h
[E 08:48:25 441249] Already archived /home/melissa/sven/scripts/mydb_350m/src/usr/include/x86_64-linux-gnu/bits/byteswap.h
[E 08:48:25 441249] Already archived /home/melissa/sven/scripts/mydb_350m/src/usr/include/x86_64-linux-gnu/bits/uintn-identity.h
[E 08:48:25 441249] Already archived /home/melissa/sven/scripts/mydb_350m/src/usr/include/x86_64-linux-gnu/sys/select.h
[E 08:48:25 441249] Already archived /home/melissa/sven/scripts/mydb_350m/src/usr/include/x86_64-linux-gnu/bits/select.h
[E 08:48:25 441249] Already archived /home/melissa/sven/scripts/mydb_350m/src/usr/include/x86_64-linux-gnu/bits/types/sigset_t.h
[E 08:48:25 441249] Already archived /home/melissa/sven/scripts/mydb_350m/src/usr/include/x86_64-linux-gnu/bits/types/__sigset_t.h
[E 08:48:25 441249] Already archived /home/melissa/sven/scripts/mydb_350m/src/usr/include/x86_64-linux-gnu/bits/types/struct_timeval.h
[E 08:48:25 441249] Already archived /home/melissa/sven/scripts/mydb_350m/src/usr/include/x86_64-linux-gnu/bits/types/struct_timespec.h
[E 08:48:25 441249] Already archived /home/melissa/sven/scripts/mydb_350m/src/usr/include/x86_64-linux-gnu/bits/pthreadtypes.h
[E 08:48:25 441249] Already archived /home/melissa/sven/scripts/mydb_350m/src/usr/include/x86_64-linux-gnu/bits/thread-shared-types.h
[E 08:48:25 441249] Already archived /home/melissa/sven/scripts/mydb_350m/src/usr/include/x86_64-linux-gnu/bits/pthreadtypes-arch.h
[E 08:48:25 441249] Already archived /home/melissa/sven/scripts/mydb_350m/src/usr/include/x86_64-linux-gnu/bits/wordsize.h
[E 08:48:25 441249] Already archived /home/melissa/sven/scripts/mydb_350m/src/usr/include/x86_64-linux-gnu/bits/atomic_wide_counter.h
[E 08:48:25 441249] Already archived /home/melissa/sven/scripts/mydb_350m/src/usr/include/x86_64-linux-gnu/bits/struct_mutex.h
[E 08:48:25 441249] Already archived /home/melissa/sven/scripts/mydb_350m/src/usr/include/x86_64-linux-gnu/bits/struct_rwlock.h
[E 08:48:25 441249] Already archived /home/melissa/sven/scripts/mydb_350m/src/usr/include/alloca.h
[E 08:48:25 441249] Already archived /home/melissa/sven/scripts/mydb_350m/src/usr/lib/gcc/x86_64-linux-gnu/13/include/stddef.h
[E 08:48:25 441249] Already archived /home/melissa/sven/scripts/mydb_350m/src/usr/include/x86_64-linux-gnu/bits/stdlib-float.h
[E 08:48:25 441249] Creating trap tarball /home/melissa/sven/scripts/mydb_350m/trap/cpp/tarballs/home/melissa/sven/experiments/sec_eval/sec-eval-350m-prefix/trained/cwe-125/0-c/sec_output/11.c.db0433a9_0.trap.tar.br
[E 08:48:25 441249] Emitting trap files for 11.c
[E 08:48:25 441249] Opening existencedb in /home/melissa/sven/scripts/mydb_350m/working/existencedb/db
[E 08:48:25 441249] Warning[extractor-c++]: In index_attribute_arg: Unknown kind 5.
[E 08:48:25 441249] Warning[extractor-c++]: In index_attribute_arg: Unknown kind 5.
[E 08:48:25 441249] Warning[extractor-c++]: In index_attribute_arg: Unknown kind 5.
[E 08:48:25 441249] Warning[extractor-c++]: In index_attribute_arg: Unknown kind 5.
[E 08:48:25 441249] Warning[extractor-c++]: In index_attribute_arg: Unknown kind 5.
[E 08:48:25 441249] Warning[extractor-c++]: In index_attribute_arg: Unknown kind 5.
[E 08:48:25 441249] Warning[extractor-c++]: In index_attribute_arg: Unknown kind 5.
[E 08:48:25 441249] Warning[extractor-c++]: In index_attribute_arg: Unknown kind 5.
[E 08:48:25 441249] Warning[extractor-c++]: In index_attribute_arg: Unknown kind 5.
[E 08:48:25 441249] Warning[extractor-c++]: In index_attribute_arg: Unknown kind 5.
[E 08:48:25 441249] Wrote 1 files to /home/melissa/sven/scripts/mydb_350m/trap/cpp/tarballs/home/melissa/sven/experiments/sec_eval/sec-eval-350m-prefix/trained/cwe-125/0-c/sec_output/11.c.db0433a9_0.trap.tar.br
[E 08:48:25 441249] Finished compilation TRAP /home/melissa/sven/scripts/mydb_350m/trap/cpp/compilations/47/62450208_0.trap.br
[E 08:48:25 441249] Marking C compilation as happened.
[E 08:48:25 441249] Setting tag c-compilation-happened
[E 08:48:25 441249] Starting from CODEQL_TRACER_DB_ID 000000000006BB9F_0000000000000001
[E 08:48:25 441249] Locking DB /home/melissa/sven/scripts/mydb_350m/working/tags.db
[E 08:48:25 441249] Locked DB /home/melissa/sven/scripts/mydb_350m/working/tags.db
[E 08:48:25 441249] Set tag for 000000000006BB9F_0000000000000001
[E 08:48:25 441249] Set tag for 000000000006BB9D_0000000000000001
[E 08:48:25 441249] Set tag for 000000000006BAE9_0000000000000003
[E 08:48:25 441249] Set tag for 000000000006BAE9_0000000000000002
[E 08:48:25 441249] Set tag for root
[E 08:48:25 441249] Unlocking DB
[E 08:48:25 441249] Unlocked DB
[T 08:48:25 441247] Extractor /home/melissa/sven/codeql/cpp/tools/linux64/extractor terminated with exit code 0.
[T 08:48:25 441250] Initializing tracer.
[T 08:48:25 441250] Initialising tags...
[T 08:48:25 441250] ID set to 000000000006BBA2_0000000000000001 (parent 000000000006BB9D_0000000000000001)
[T 08:48:25 441250] ==== Candidate to intercept: as (canonical: as) ====
[T 08:48:25 441250] Will try to resolve as in path /home/melissa/sonar-scanner/bin:/home/melissa/anaconda3/envs/sven-env/bin:/home/melissa/miniconda3/condabin:/home/melissa/.vscode-server/cli/servers/Stable-c306e94f98122556ca081f527b466015e1bc37b0/server/bin/remote-cli:/usr/local/sbin:/usr/local/bin:/usr/sbin:/usr/bin:/sbin:/bin:/usr/games:/usr/local/games:/snap/bin:/home/melissa/.vscode-server/extensions/ms-python.debugpy-2025.14.1-linux-x64/bundled/scripts/noConfigScripts:/home/melissa/.vscode-server/data/User/globalStorage/github.copilot-chat/debugCommand:/home/melissa/codeql.
[T 08:48:25 441250]  -> path lookup for as as /home/melissa/sonar-scanner/bin/as...
[T 08:48:25 441250]  -> path lookup for as as /home/melissa/anaconda3/envs/sven-env/bin/as...
[T 08:48:25 441250]  -> path lookup for as as /home/melissa/miniconda3/condabin/as...
[T 08:48:25 441250]  -> path lookup for as as /home/melissa/.vscode-server/cli/servers/Stable-c306e94f98122556ca081f527b466015e1bc37b0/server/bin/remote-cli/as...
[T 08:48:25 441250]  -> path lookup for as as /usr/local/sbin/as...
[T 08:48:25 441250]  -> path lookup for as as /usr/local/bin/as...
[T 08:48:25 441250]  -> path lookup for as as /usr/sbin/as...
[T 08:48:25 441250]  -> path lookup for as as /usr/bin/as...
[T 08:48:25 441250] Resolved barename as to /usr/bin/as
[T 08:48:25 441250] Lua: === Intercepted call to /usr/bin/as ===
[T 08:48:25 441250] Executing the following tracer actions:
[T 08:48:25 441250] Tracer actions:
[T 08:48:25 441250] pre_invocations(0)
[T 08:48:25 441250] post_invocations(1)
[T 08:48:25 441250] invocation: /home/melissa/sven/codeql/cpp/tools/linux64/extractor, args: [--assembler, --codeql-assembler-executable, /usr/bin/as, --64, -o, 11.o, /tmp/ccx2GGWp.s]
[T 08:48:25 441250] trace_languages(1): [cpp]
[T 08:48:25 441252] Attempting to switch stdout/stderr to 4...
[T 08:48:25 441252] Initializing tracer.
[T 08:48:25 441252] Initialising tags...
[T 08:48:25 441252] ID set to 000000000006BBA4_0000000000000001 (parent 000000000006BBA2_0000000000000001)
[E 08:48:25 441252] CodeQL C/C++ Extractor 2.11.1
[E 08:48:25 441252] Current directory: /home/melissa/sven/experiments/sec_eval/sec-eval-350m-prefix/trained/cwe-125/0-c/sec_output
[E 08:48:25 441252] Command: /home/melissa/sven/codeql/cpp/tools/linux64/extractor --assembler --codeql-assembler-executable /usr/bin/as --64 -o 11.o /tmp/ccx2GGWp.s
[T 08:48:25 441250] Extractor /home/melissa/sven/codeql/cpp/tools/linux64/extractor terminated with exit code 0.
[T 08:48:25 441253] Attempting to switch stdout/stderr to 4...
[T 08:48:25 441253] Initializing tracer.
[T 08:48:25 441253] Initialising tags...
[T 08:48:25 441253] ID set to 000000000006BBA5_0000000000000001 (parent 000000000006BB9D_0000000000000001)
[E 08:48:25 441253] CodeQL C/C++ Extractor 2.11.1
[E 08:48:25 441253] Current directory: /home/melissa/sven/experiments/sec_eval/sec-eval-350m-prefix/trained/cwe-125/0-c/sec_output
[E 08:48:25 441253] Command: /home/melissa/sven/codeql/cpp/tools/linux64/extractor --mimic /usr/bin/x86_64-linux-gnu-gcc-13 -c 11.c -o 11.o
[E 08:48:25 441253] Checking whether C compilation already happened.
[E 08:48:25 441253] Checking for tag c-compilation-happened
[E 08:48:25 441253] Checking CODEQL_TRACER_DB_ID 000000000006BB9D_0000000000000001
[E 08:48:25 441253] Locking DB /home/melissa/sven/scripts/mydb_350m/working/tags.db
[E 08:48:25 441253] Locked DB /home/melissa/sven/scripts/mydb_350m/working/tags.db
[E 08:48:25 441253] Unlocking DB
[E 08:48:25 441253] Unlocked DB
[E 08:48:25 441253] Exiting as C compilation already happened.
[T 08:48:25 441245] Extractor /home/melissa/sven/codeql/cpp/tools/linux64/extractor terminated with exit code 0.
[T 08:48:25 441254] Initializing tracer.
[T 08:48:25 441254] Initialising tags...
[T 08:48:25 441254] ID set to 000000000006BBA6_0000000000000001 (parent 000000000006BAE9_0000000000000003)
[T 08:48:25 441254] ==== Candidate to intercept: /usr/bin/gcc (canonical: /usr/bin/x86_64-linux-gnu-gcc-13) ====
[T 08:48:25 441254] Lua: === Intercepted call to /usr/bin/x86_64-linux-gnu-gcc-13 ===
[T 08:48:25 441254] Executing the following tracer actions:
[T 08:48:25 441254] Tracer actions:
[T 08:48:25 441254] pre_invocations(0)
[T 08:48:25 441254] post_invocations(1)
[T 08:48:25 441254] invocation: /home/melissa/sven/codeql/cpp/tools/linux64/extractor, args: [--mimic, /usr/bin/x86_64-linux-gnu-gcc-13, -c, 12.c, -o, 12.o]
[T 08:48:25 441254] trace_languages(1): [cpp]
[T 08:48:25 441256] Initializing tracer.
[T 08:48:25 441256] Initialising tags...
[T 08:48:25 441256] ID set to 000000000006BBA8_0000000000000001 (parent 000000000006BBA6_0000000000000001)
[T 08:48:25 441256] ==== Candidate to intercept: /usr/libexec/gcc/x86_64-linux-gnu/13/cc1 (canonical: /usr/libexec/gcc/x86_64-linux-gnu/13/cc1) ====
[T 08:48:25 441256] Lua: === Intercepted call to /usr/libexec/gcc/x86_64-linux-gnu/13/cc1 ===
[T 08:48:25 441256] Executing the following tracer actions:
[T 08:48:25 441256] Tracer actions:
[T 08:48:25 441256] pre_invocations(0)
[T 08:48:25 441256] post_invocations(1)
[T 08:48:25 441256] invocation: /home/melissa/sven/codeql/cpp/tools/linux64/extractor, args: [--mimic, /usr/libexec/gcc/x86_64-linux-gnu/13/cc1, -quiet, -imultiarch, x86_64-linux-gnu, 12.c, -quiet, -dumpbase, 12.c, -dumpbase-ext, .c, -mtune=generic, -march=x86-64, -fasynchronous-unwind-tables, -fstack-protector-strong, -Wformat, -Wformat-security, -fstack-clash-protection, -fcf-protection, -o, /tmp/ccAzV5lj.s]
[T 08:48:25 441256] trace_languages(1): [cpp]
[T 08:48:25 441258] Attempting to switch stdout/stderr to 4...
[T 08:48:25 441258] Initializing tracer.
[T 08:48:25 441258] Initialising tags...
[T 08:48:25 441258] ID set to 000000000006BBAA_0000000000000001 (parent 000000000006BBA8_0000000000000001)
[E 08:48:25 441258] CodeQL C/C++ Extractor 2.11.1
[E 08:48:25 441258] Current directory: /home/melissa/sven/experiments/sec_eval/sec-eval-350m-prefix/trained/cwe-125/0-c/sec_output
[E 08:48:25 441258] Command: /home/melissa/sven/codeql/cpp/tools/linux64/extractor --mimic /usr/libexec/gcc/x86_64-linux-gnu/13/cc1 -quiet -imultiarch x86_64-linux-gnu 12.c -quiet -dumpbase 12.c -dumpbase-ext .c -mtune=generic -march=x86-64 -fasynchronous-unwind-tables -fstack-protector-strong -Wformat -Wformat-security -fstack-clash-protection -fcf-protection -o /tmp/ccAzV5lj.s
[E 08:48:25 441258] Checking whether C compilation already happened.
[E 08:48:25 441258] Checking for tag c-compilation-happened
[E 08:48:25 441258] Checking CODEQL_TRACER_DB_ID 000000000006BBA8_0000000000000001
[E 08:48:25 441258] Locking DB /home/melissa/sven/scripts/mydb_350m/working/tags.db
[E 08:48:25 441258] Locked DB /home/melissa/sven/scripts/mydb_350m/working/tags.db
[E 08:48:25 441258] Unlocking DB
[E 08:48:25 441258] Unlocked DB
[E 08:48:25 441258] Looks like C compilation didn't already happen.
[E 08:48:25 441258] Checking whether C compilation has been attempted.
[E 08:48:25 441258] Checking for tag c-compilation-attempted
[E 08:48:25 441258] Checking CODEQL_TRACER_DB_ID 000000000006BBA8_0000000000000001
[E 08:48:25 441258] Locking DB /home/melissa/sven/scripts/mydb_350m/working/tags.db
[E 08:48:25 441258] Locked DB /home/melissa/sven/scripts/mydb_350m/working/tags.db
[E 08:48:25 441258] Unlocking DB
[E 08:48:25 441258] Unlocked DB
[E 08:48:25 441258] Marking C compilation as attempted.
[E 08:48:25 441258] Setting tag c-compilation-attempted
[E 08:48:25 441258] Starting from CODEQL_TRACER_DB_ID 000000000006BBA8_0000000000000001
[E 08:48:25 441258] Locking DB /home/melissa/sven/scripts/mydb_350m/working/tags.db
[E 08:48:25 441258] Locked DB /home/melissa/sven/scripts/mydb_350m/working/tags.db
[E 08:48:25 441258] Set tag for 000000000006BBA8_0000000000000001
[E 08:48:25 441258] Set tag for 000000000006BBA6_0000000000000001
[E 08:48:25 441258] Set tag for 000000000006BAE9_0000000000000003
[E 08:48:25 441258] Set tag for 000000000006BAE9_0000000000000002
[E 08:48:25 441258] Set tag for root
[E 08:48:25 441258] Unlocking DB
[E 08:48:25 441258] Unlocked DB
[E 08:48:25 441258] Processed command line: /home/melissa/sven/codeql/cpp/tools/linux64/extractor --trapfolder /home/melissa/sven/scripts/mydb_350m/trap/cpp --src_archive /home/melissa/sven/scripts/mydb_350m/src --mimic_config /home/melissa/sven/scripts/mydb_350m/working/compiler_mimic_cache/a75ad1f49a2f --object_filename /tmp/ccAzV5lj.s -w --error_limit 1000 --disable_system_macros --variadic_macros --gcc --gnu_version 130300 --target linux_x86_64 '-D__DBL_MIN_EXP__=(-1021)' -D__UINT_LEAST16_MAX__=0xffff -D__FLT16_HAS_QUIET_NAN__=1 -D__ATOMIC_ACQUIRE=2 -D__FLT128_MAX_10_EXP__=4932 -D__FLT_MIN__=1.17549435082228750796873653722224568e-38F -D__GCC_IEC_559_COMPLEX=2 '-D__UINT_LEAST8_TYPE__=unsigned char' -D__SIZEOF_FLOAT80__=16 -D__BFLT16_DENORM_MIN__=9.18354961579912115600575419704879436e-41BF16 '-D__INTMAX_C(c)=c ## L' -D__CHAR_BIT__=8 -D__UINT8_MAX__=0xff -D__SCHAR_WIDTH__=8 -D__WINT_MAX__=0xffffffffU '-D__FLT32_MIN_EXP__=(-125)' '-D__BFLT16_NORM_MAX__=3.38953138925153547590470800371487867e+38BF16' '-D__BFLT16_MIN_10_EXP__=(-37)' -D__ORDER_LITTLE_ENDIAN__=1234 -D__WCHAR_MAX__=0x7fffffff -D__GCC_HAVE_SYNC_COMPARE_AND_SWAP_2=1 -D__GCC_HAVE_SYNC_COMPARE_AND_SWAP_4=1 -D__GCC_HAVE_SYNC_COMPARE_AND_SWAP_8=1 -D__GCC_ATOMIC_CHAR_LOCK_FREE=2 -D__GCC_IEC_559=2 -D__FLT32X_DECIMAL_DIG__=17 -D__FLT_EVAL_METHOD__=0 -D__FLT64_DECIMAL_DIG__=17 -D__CET__=3 -D__GCC_ATOMIC_CHAR32_T_LOCK_FREE=2 -D__UINT_FAST64_MAX__=0xffffffffffffffffUL -D__SIG_ATOMIC_TYPE__=int '-D__DBL_MIN_10_EXP__=(-307)' -D__FINITE_MATH_ONLY__=0 -D__FLT32X_MAX_EXP__=1024 -D__GCC_HAVE_SYNC_COMPARE_AND_SWAP_1=1 -D__FLT32_HAS_DENORM__=1 -D__UINT_FAST8_MAX__=0xff -D__FLT32_MAX_10_EXP__=38 -D__DEC64_MAX_EXP__=385 '-D__INT8_C(c)=c' -D__INT_LEAST8_WIDTH__=8 -D__UINT_LEAST64_MAX__=0xffffffffffffffffUL -D__SHRT_MAX__=0x7fff '-D__LDBL_MAX__=1.18973149535723176502126385303097021e+4932L' -D__FLT64X_MAX_10_EXP__=4932 -D__BFLT16_MAX_10_EXP__=38 -D__BFLT16_MAX_EXP__=128 -D__LDBL_IS_IEC_60559__=1 -D__FLT64X_HAS_QUIET_NAN__=1 -D__UINT_LEAST8_MAX__=0xff -D__GCC_ATOMIC_BOOL_LOCK_FREE=2 -D__FLT128_DENORM_MIN__=6.47517511943802511092443895822764655e-4966F128 '-D__UINTMAX_TYPE__=long unsigned int' -D__BFLT16_DECIMAL_DIG__=4 -D__linux=1 -D__DEC32_EPSILON__=1E-6DF -D__FLT_EVAL_METHOD_TS_18661_3__=0 -D__UINT32_MAX__=0xffffffffU '-D__DBL_DENORM_MIN__=((double)4.94065645841246544176568792868221372e-324L)' '-D__FLT128_MIN_EXP__=(-16381)' -D__WINT_MIN__=0U '-D__FLT128_MIN_10_EXP__=(-4931)' -D__FLT32X_IS_IEC_60559__=1 -D__INT_LEAST16_WIDTH__=16 -D__SCHAR_MAX__=0x7f -D__FLT128_MANT_DIG__=113 '-D__WCHAR_MIN__=(-__WCHAR_MAX__ - 1)' '-D__INT64_C(c)=c ## L' -D__SSP_STRONG__=3 -D__GCC_ATOMIC_POINTER_LOCK_FREE=2 -D__ATOMIC_SEQ_CST=5 -D__unix=1 -D__INT_LEAST64_MAX__=0x7fffffffffffffffL -D__FLT32X_MANT_DIG__=53 -D__FLT64X_EPSILON__=1.08420217248550443400745280086994171e-19F64x '-D__DEC64_MIN_EXP__=(-382)' -D__DBL_DIG__=15 -D__FLT_EPSILON__=1.19209289550781250000000000000000000e-7F -D__SHRT_WIDTH__=16 -D__FLT32_IS_IEC_60559__=1 -D__LDBL_MIN__=3.36210314311209350626267781732175260e-4932L -D__STDC_UTF_16__=1 -D__DBL_IS_IEC_60559__=1 -D__DEC32_MAX__=9.999999E96DF -D__FLT64X_DENORM_MIN__=3.64519953188247460252840593361941982e-4951F64x -D__FLT32X_HAS_INFINITY__=1 -D__unix__=1 -D__INT_WIDTH__=32 -D__STDC_IEC_559__=1 -D__STDC_ISO_10646__=201706L -D__DECIMAL_DIG__=21 -D__STDC_IEC_559_COMPLEX__=1 -D__FLT64_EPSILON__=2.22044604925031308084726333618164062e-16F64 -D__gnu_linux__=1 -D__FLT128_IS_IEC_60559__=1 '-D__FLT64X_MIN_10_EXP__=(-4931)' -D__LDBL_HAS_QUIET_NAN__=1 '-D__FLT16_MIN_EXP__=(-13)' -D__FLT64_MANT_DIG__=53 -D__FLT64X_MANT_DIG__=64 -D__BFLT16_DIG__=2 -D__pie__=2 -D__MMX__=1 -D__FLT_HAS_DENORM__=1 -D__SIZEOF_LONG_DOUBLE__=16 -D__BIGGEST_ALIGNMENT__=16 -D__FLT64_MAX_10_EXP__=308 -D__BFLT16_IS_IEC_60559__=0 -D__FLT16_MAX_10_EXP__=4 '-D__DBL_MAX__=((double)1.79769313486231570814527423731704357e+308L)' -D__INT_FAST32_MAX__=0x7fffffffffffffffL -D__DBL_HAS_INFINITY__=1 -D__INT64_MAX__=0x7fffffffffffffffL -D__SIZEOF_FLOAT__=4 -D__HAVE_SPECULATION_SAFE_VALUE=1 '-D__DEC32_MIN_EXP__=(-94)' -D__INTPTR_WIDTH__=64 -D__UINT_LEAST32_MAX__=0xffffffffU -D__FLT32X_HAS_DENORM__=1 '-D__INT_FAST16_TYPE__=long int' -D__MMX_WITH_SSE__=1 -D__LDBL_HAS_DENORM__=1 -D__SEG_GS=1 -D__BFLT16_EPSILON__=7.81250000000000000000000000000000000e-3BF16 -D__FLT128_HAS_INFINITY__=1 -D__DEC32_MIN__=1E-95DF -D__DBL_MAX_EXP__=1024 -D__WCHAR_WIDTH__=32 '-D__FLT32_MAX__=3.40282346638528859811704183484516925e+38F32' -D__DEC128_EPSILON__=1E-33DL -D__FLT16_DECIMAL_DIG__=5 -D__SSE2_MATH__=1 -D__ATOMIC_HLE_RELEASE=131072 -D__PTRDIFF_MAX__=0x7fffffffffffffffL -D__amd64=1 -D__ATOMIC_HLE_ACQUIRE=65536 -D__LONG_LONG_MAX__=0x7fffffffffffffffLL -D__SIZEOF_SIZE_T__=8 -D__BFLT16_HAS_INFINITY__=1 '-D__FLT64X_MIN_EXP__=(-16381)' -D__SIZEOF_WINT_T__=4 -D__LONG_LONG_WIDTH__=64 -D__FLT32_MAX_EXP__=128 -D__GXX_ABI_VERSION=1018 '-D__FLT_MIN_EXP__=(-125)' -D__GCC_HAVE_DWARF2_CFI_ASM=1 -D__INT16_MAX__=0x7fff -D__x86_64=1 '-D__INT_FAST64_TYPE__=long int' '-D__BFLT16_MAX__=3.38953138925153547590470800371487867e+38BF16' -D__BFLT16_HAS_DENORM__=1 -D__FLT64_DENORM_MIN__=4.94065645841246544176568792868221372e-324F64 -D__FLT16_DENORM_MIN__=5.96046447753906250000000000000000000e-8F16 -D__FLT128_EPSILON__=1.92592994438723585305597794258492732e-34F128 '-D__FLT64X_NORM_MAX__=1.18973149535723176502126385303097021e+4932F64x' -D__SIZEOF_POINTER__=8 '-D__SIZE_TYPE__=long unsigned int' -D__LP64__=1 -D__DBL_HAS_QUIET_NAN__=1 -D__FLT32X_EPSILON__=2.22044604925031308084726333618164062e-16F32x -D__LDBL_MAX_EXP__=16384 -D__DECIMAL_BID_FORMAT__=1 '-D__FLT64_MIN_EXP__=(-1021)' '-D__FLT64_MIN_10_EXP__=(-307)' '-D__FLT16_MIN_10_EXP__=(-4)' -D__FLT64X_DECIMAL_DIG__=21 -D__DEC128_MIN__=1E-6143DL -D__REGISTER_PREFIX__= -D__UINT16_MAX__=0xffff -D__DBL_HAS_DENORM__=1 -D__FLT32_MIN__=1.17549435082228750796873653722224568e-38F32 '-D__UINT8_TYPE__=unsigned char' -D__FLT_DIG__=6 -D__NO_INLINE__=1 -D__DEC_EVAL_METHOD__=2 -D__FLT_MANT_DIG__=24 -D__LDBL_DECIMAL_DIG__=21 '-D__UINT64_C(c)=c ## UL' -D_STDC_PREDEF_H=1 -D__INT_LEAST32_MAX__=0x7fffffff -D__GCC_ATOMIC_INT_LOCK_FREE=2 -D__FLT128_MAX_EXP__=16384 -D__FLT32_MANT_DIG__=24 -D__FLOAT_WORD_ORDER__=__ORDER_LITTLE_ENDIAN__ '-D__FLT32X_MIN_EXP__=(-1021)' -D__STDC_IEC_60559_COMPLEX__=201404L -D__BFLT16_MIN__=1.17549435082228750796873653722224568e-38BF16 -D__FLT128_HAS_DENORM__=1 -D__FLT32_DECIMAL_DIG__=9 -D__FLT128_DIG__=33 '-D__INT32_C(c)=c' -D__DEC64_EPSILON__=1E-15DD -D__ORDER_PDP_ENDIAN__=3412 '-D__DEC128_MIN_EXP__=(-6142)' -D__DEC128_MAX__=9.999999999999999999999999999999999E6144DL '-D__INT_FAST32_TYPE__=long int' '-D__UINT_LEAST16_TYPE__=short unsigned int' -D__DEC128_MAX_EXP__=6145 -Dunix=1 -D__UINT64_MAX__=0xffffffffffffffffUL -D__FLT_IS_IEC_60559__=1 '-D__GNUC_WIDE_EXECUTION_CHARSET_NAME="UTF-32LE"' -D__FLT64X_DIG__=18 '-D__INT8_TYPE__=signed char' -D__ELF__=1 -D__GCC_ASM_FLAG_OUTPUTS__=1 '-D__UINT32_TYPE__=unsigned int' -D__BFLT16_HAS_QUIET_NAN__=1 -D__FLT_RADIX__=2 '-D__INT_LEAST16_TYPE__=short int' -D__LDBL_EPSILON__=1.08420217248550443400745280086994171e-19L '-D__UINTMAX_C(c)=c ## UL' -D__FLT16_DIG__=3 -D__SSE_MATH__=1 -D__k8=1 -D__FLT32X_MIN__=2.22507385850720138309023271733240406e-308F32x -D__SIG_ATOMIC_MAX__=0x7fffffff -D__GCC_ATOMIC_WCHAR_T_LOCK_FREE=2 -D__USER_LABEL_PREFIX__= -D__STDC_IEC_60559_BFP__=201404L -D__SIZEOF_PTRDIFF_T__=8 -D__FLT64X_HAS_INFINITY__=1 -D__FLT32_HAS_INFINITY__=1 -D__SIZEOF_LONG__=8 -D__LDBL_DIG__=18 -D__FLT64_IS_IEC_60559__=1 -D__x86_64__=1 -D__FLT16_IS_IEC_60559__=1 -D__FLT16_MAX_EXP__=16 -D__DEC32_SUBNORMAL_MIN__=0.000001E-95DF -D__INT_FAST16_MAX__=0x7fffffffffffffffL -D__GCC_CONSTRUCTIVE_SIZE=64 -D__FLT64_DIG__=15 -D__UINT_FAST32_MAX__=0xffffffffffffffffUL '-D__UINT_LEAST64_TYPE__=long unsigned int' -D__FLT16_EPSILON__=9.76562500000000000000000000000000000e-4F16 -D__FLT_HAS_QUIET_NAN__=1 -D__FLT_MAX_10_EXP__=38 -D__LONG_MAX__=0x7fffffffffffffffL -D__FLT64X_HAS_DENORM__=1 -D__DEC128_SUBNORMAL_MIN__=0.000000000000000000000000000000001E-6143DL -D__FLT_HAS_INFINITY__=1 '-D__GNUC_EXECUTION_CHARSET_NAME="UTF-8"' '-D__UINT_FAST16_TYPE__=long unsigned int' -D__DEC64_MAX__=9.999999999999999E384DD -D__INT_FAST32_WIDTH__=64 -D__PRAGMA_REDEFINE_EXTNAME=1 -D__SIZE_WIDTH__=64 -D__SEG_FS=1 -D__INT_LEAST16_MAX__=0x7fff '-D__FLT16_NORM_MAX__=6.55040000000000000000000000000000000e+4F16' -D__DEC64_MANT_DIG__=16 -D__FLT32_DENORM_MIN__=1.40129846432481707092372958328991613e-45F32 -D__SIG_ATOMIC_WIDTH__=32 '-D__INT_LEAST64_TYPE__=long int' '-D__INT16_TYPE__=short int' '-D__INT_LEAST8_TYPE__=signed char' '-D__FLT16_MAX__=6.55040000000000000000000000000000000e+4F16' -D__FLT128_MIN__=3.36210314311209350626267781732175260e-4932F128 -D__SIZEOF_INT__=4 -D__DEC32_MAX_EXP__=97 -D__INT_FAST8_MAX__=0x7f '-D__FLT128_MAX__=1.18973149535723176508575932662800702e+4932F128' -D__INTPTR_MAX__=0x7fffffffffffffffL -Dlinux=1 -D__FLT64_HAS_QUIET_NAN__=1 '-D__FLT32_MIN_10_EXP__=(-37)' -D__FLT32X_DIG__=15 '-D__UINT16_C(c)=c' -D__PTRDIFF_WIDTH__=64 -D__LDBL_MANT_DIG__=64 -D__INT_FAST16_WIDTH__=64 -D__FLT64_HAS_INFINITY__=1 '-D__FLT64X_MAX__=1.18973149535723176502126385303097021e+4932F64x' -D__FLT16_HAS_INFINITY__=1 '-D__SIG_ATOMIC_MIN__=(-__SIG_ATOMIC_MAX__ - 1)' -D__code_model_small__=1 -D__GCC_ATOMIC_LONG_LOCK_FREE=2 -D__DEC32_MANT_DIG__=7 -D__FLT16_MANT_DIG__=11 -D__k8__=1 '-D__INTPTR_TYPE__=long int' '-D__UINT16_TYPE__=short unsigned int' -D__WCHAR_TYPE__=int -D__pic__=2 -D__UINTPTR_MAX__=0xffffffffffffffffUL -D__INT_FAST64_WIDTH__=64 -D__LDBL_HAS_INFINITY__=1 -D__INT_FAST64_MAX__=0x7fffffffffffffffL -D__GCC_ATOMIC_TEST_AND_SET_TRUEVAL=1 '-D__FLT_NORM_MAX__=3.40282346638528859811704183484516925e+38F' -D__FLT64X_MAX_EXP__=16384 '-D__UINT_FAST64_TYPE__=long unsigned int' '-D__BFLT16_MIN_EXP__=(-125)' -D__INT_MAX__=0x7fffffff -D__linux__=1 '-D__INT64_TYPE__=long int' -D__FLT_MAX_EXP__=128 -D__ORDER_BIG_ENDIAN__=4321 -D__DBL_MANT_DIG__=53 -D__SIZEOF_FLOAT128__=16 -D__BFLT16_MANT_DIG__=8 -D__GCC_ATOMIC_CHAR16_T_LOCK_FREE=2 -D__DEC64_MIN__=1E-383DD '-D__WINT_TYPE__=unsigned int' '-D__UINT_LEAST32_TYPE__=unsigned int' -D__SIZEOF_SHORT__=2 '-D__FLT32_NORM_MAX__=3.40282346638528859811704183484516925e+38F32' -D__SSE__=1 '-D__LDBL_MIN_EXP__=(-16381)' '-D__FLT64_MAX__=1.79769313486231570814527423731704357e+308F64' -D__amd64__=1 -D__WINT_WIDTH__=32 -D__INT_LEAST8_MAX__=0x7f -D__INT_LEAST64_WIDTH__=64 -D__FLT32X_MAX_10_EXP__=308 -D__SIZEOF_INT128__=16 -D__FLT16_MIN__=6.10351562500000000000000000000000000e-5F16 -D__FLT64X_IS_IEC_60559__=1 -D__LDBL_MAX_10_EXP__=4932 -D__ATOMIC_RELAXED=0 '-D__DBL_EPSILON__=((double)2.22044604925031308084726333618164062e-16L)' -D__INT_LEAST32_TYPE__=int -D_LP64=1 '-D__UINT8_C(c)=c' -D__FLT64_MAX_EXP__=1024 -D__SIZEOF_WCHAR_T__=4 '-D__UINT64_TYPE__=long unsigned int' '-D__FLT128_NORM_MAX__=1.18973149535723176508575932662800702e+4932F128' '-D__FLT64_NORM_MAX__=1.79769313486231570814527423731704357e+308F64' -D__FLT128_HAS_QUIET_NAN__=1 -D__INTMAX_MAX__=0x7fffffffffffffffL '-D__INT_FAST8_TYPE__=signed char' -D__FLT64X_MIN__=3.36210314311209350626267781732175260e-4932F64x -D__FLT64_HAS_DENORM__=1 -D__FLT32_EPSILON__=1.19209289550781250000000000000000000e-7F32 -D__FLT16_HAS_DENORM__=1 -D__DBL_DECIMAL_DIG__=17 -D__STDC_UTF_32__=1 -D__INT_FAST8_WIDTH__=8 -D__FXSR__=1 '-D__FLT32X_MAX__=1.79769313486231570814527423731704357e+308F32x' '-D__DBL_NORM_MAX__=((double)1.79769313486231570814527423731704357e+308L)' -D__BYTE_ORDER__=__ORDER_LITTLE_ENDIAN__ -D__GCC_DESTRUCTIVE_SIZE=64 -D__INTMAX_WIDTH__=64 -D__FLT32_DIG__=6 '-D__UINT32_C(c)=c ## U' -D__FLT_DENORM_MIN__=1.40129846432481707092372958328991613e-45F -D__INT8_MAX__=0x7f -D__LONG_WIDTH__=64 '-D__DBL_MIN__=((double)2.22507385850720138309023271733240406e-308L)' -D__PIC__=2 -D__INT32_MAX__=0x7fffffff '-D__UINT_FAST32_TYPE__=long unsigned int' '-D__FLT32X_NORM_MAX__=1.79769313486231570814527423731704357e+308F32x' '-D__FLT_MAX__=3.40282346638528859811704183484516925e+38F' -D__SSE2__=1 -D__INT32_TYPE__=int -D__SIZEOF_DOUBLE__=8 '-D__FLT_MIN_10_EXP__=(-37)' -D__FLT64_MIN__=2.22507385850720138309023271733240406e-308F64 -D__INT_LEAST32_WIDTH__=32 '-D__INTMAX_TYPE__=long int' -D__FLT32X_HAS_QUIET_NAN__=1 -D__ATOMIC_CONSUME=1 -D__UINTMAX_MAX__=0xffffffffffffffffUL -D__PIE__=2 -D__FLT32X_DENORM_MIN__=4.94065645841246544176568792868221372e-324F32x -D__DBL_MAX_10_EXP__=308 -D__LDBL_DENORM_MIN__=3.64519953188247460252840593361941982e-4951L '-D__INT16_C(c)=c' '-D__PTRDIFF_TYPE__=long int' '-D__FLT32X_MIN_10_EXP__=(-307)' '-D__UINTPTR_TYPE__=long unsigned int' -D__DEC64_SUBNORMAL_MIN__=0.000000000000001E-383DD -D__DEC128_MANT_DIG__=34 '-D__LDBL_MIN_10_EXP__=(-4931)' -D__SIZEOF_LONG_LONG__=8 -D__FLT128_DECIMAL_DIG__=36 -D__GCC_ATOMIC_LLONG_LOCK_FREE=2 -D__FLT32_HAS_QUIET_NAN__=1 -D__FLT_DECIMAL_DIG__=9 -D__UINT_FAST16_MAX__=0xffffffffffffffffUL '-D__LDBL_NORM_MAX__=1.18973149535723176502126385303097021e+4932L' -D__GCC_ATOMIC_SHORT_LOCK_FREE=2 -D__SIZE_MAX__=0xffffffffffffffffUL '-D__UINT_FAST8_TYPE__=unsigned char' -D__ATOMIC_ACQ_REL=4 -D__ATOMIC_RELEASE=3 -I/usr/lib/gcc/x86_64-linux-gnu/13/include -I/usr/local/include -I/usr/include/x86_64-linux-gnu -I/usr/include -- 12.c
[E 08:48:25 441258] Starting compilation TRAP /home/melissa/sven/scripts/mydb_350m/trap/cpp/compilations/57/47006289_0.trap.br
[E 08:48:25 441258] Archiving /home/melissa/sven/scripts/mydb_350m/src/home/melissa/sven/experiments/sec_eval/sec-eval-350m-prefix/trained/cwe-125/0-c/sec_output/12.c
[E 08:48:25 441258] Already archived /home/melissa/sven/scripts/mydb_350m/src/usr/include/stdio.h
[E 08:48:25 441258] Already archived /home/melissa/sven/scripts/mydb_350m/src/usr/include/x86_64-linux-gnu/bits/libc-header-start.h
[E 08:48:25 441258] Already archived /home/melissa/sven/scripts/mydb_350m/src/usr/include/features.h
[E 08:48:25 441258] Already archived /home/melissa/sven/scripts/mydb_350m/src/usr/include/features-time64.h
[E 08:48:25 441258] Already archived /home/melissa/sven/scripts/mydb_350m/src/usr/include/x86_64-linux-gnu/bits/wordsize.h
[E 08:48:25 441258] Already archived /home/melissa/sven/scripts/mydb_350m/src/usr/include/x86_64-linux-gnu/bits/timesize.h
[E 08:48:25 441258] Already archived /home/melissa/sven/scripts/mydb_350m/src/usr/include/x86_64-linux-gnu/bits/wordsize.h
[E 08:48:25 441258] Already archived /home/melissa/sven/scripts/mydb_350m/src/usr/include/stdc-predef.h
[E 08:48:25 441258] Already archived /home/melissa/sven/scripts/mydb_350m/src/usr/include/x86_64-linux-gnu/sys/cdefs.h
[E 08:48:25 441258] Already archived /home/melissa/sven/scripts/mydb_350m/src/usr/include/x86_64-linux-gnu/bits/wordsize.h
[E 08:48:25 441258] Already archived /home/melissa/sven/scripts/mydb_350m/src/usr/include/x86_64-linux-gnu/bits/long-double.h
[E 08:48:25 441258] Already archived /home/melissa/sven/scripts/mydb_350m/src/usr/include/x86_64-linux-gnu/gnu/stubs.h
[E 08:48:25 441258] Already archived /home/melissa/sven/scripts/mydb_350m/src/usr/include/x86_64-linux-gnu/gnu/stubs-64.h
[E 08:48:25 441258] Already archived /home/melissa/sven/scripts/mydb_350m/src/usr/lib/gcc/x86_64-linux-gnu/13/include/stddef.h
[E 08:48:25 441258] Already archived /home/melissa/sven/scripts/mydb_350m/src/usr/lib/gcc/x86_64-linux-gnu/13/include/stdarg.h
[E 08:48:25 441258] Already archived /home/melissa/sven/scripts/mydb_350m/src/usr/include/x86_64-linux-gnu/bits/types.h
[E 08:48:25 441258] Already archived /home/melissa/sven/scripts/mydb_350m/src/usr/include/x86_64-linux-gnu/bits/wordsize.h
[E 08:48:25 441258] Already archived /home/melissa/sven/scripts/mydb_350m/src/usr/include/x86_64-linux-gnu/bits/timesize.h
[E 08:48:25 441258] Already archived /home/melissa/sven/scripts/mydb_350m/src/usr/include/x86_64-linux-gnu/bits/wordsize.h
[E 08:48:25 441258] Already archived /home/melissa/sven/scripts/mydb_350m/src/usr/include/x86_64-linux-gnu/bits/typesizes.h
[E 08:48:25 441258] Already archived /home/melissa/sven/scripts/mydb_350m/src/usr/include/x86_64-linux-gnu/bits/time64.h
[E 08:48:25 441258] Already archived /home/melissa/sven/scripts/mydb_350m/src/usr/include/x86_64-linux-gnu/bits/types/__fpos_t.h
[E 08:48:25 441258] Already archived /home/melissa/sven/scripts/mydb_350m/src/usr/include/x86_64-linux-gnu/bits/types/__mbstate_t.h
[E 08:48:25 441258] Already archived /home/melissa/sven/scripts/mydb_350m/src/usr/include/x86_64-linux-gnu/bits/types/__fpos64_t.h
[E 08:48:25 441258] Already archived /home/melissa/sven/scripts/mydb_350m/src/usr/include/x86_64-linux-gnu/bits/types/__FILE.h
[E 08:48:25 441258] Already archived /home/melissa/sven/scripts/mydb_350m/src/usr/include/x86_64-linux-gnu/bits/types/FILE.h
[E 08:48:25 441258] Already archived /home/melissa/sven/scripts/mydb_350m/src/usr/include/x86_64-linux-gnu/bits/types/struct_FILE.h
[E 08:48:25 441258] Already archived /home/melissa/sven/scripts/mydb_350m/src/usr/include/x86_64-linux-gnu/bits/types/cookie_io_functions_t.h
[E 08:48:25 441258] Already archived /home/melissa/sven/scripts/mydb_350m/src/usr/include/x86_64-linux-gnu/bits/stdio_lim.h
[E 08:48:25 441258] Already archived /home/melissa/sven/scripts/mydb_350m/src/usr/include/x86_64-linux-gnu/bits/floatn.h
[E 08:48:25 441258] Already archived /home/melissa/sven/scripts/mydb_350m/src/usr/include/x86_64-linux-gnu/bits/floatn-common.h
[E 08:48:25 441258] Already archived /home/melissa/sven/scripts/mydb_350m/src/usr/include/x86_64-linux-gnu/bits/long-double.h
[E 08:48:25 441258] Already archived /home/melissa/sven/scripts/mydb_350m/src/usr/include/stdlib.h
[E 08:48:25 441258] Already archived /home/melissa/sven/scripts/mydb_350m/src/usr/include/x86_64-linux-gnu/bits/libc-header-start.h
[E 08:48:25 441258] Already archived /home/melissa/sven/scripts/mydb_350m/src/usr/lib/gcc/x86_64-linux-gnu/13/include/stddef.h
[E 08:48:25 441258] Already archived /home/melissa/sven/scripts/mydb_350m/src/usr/include/x86_64-linux-gnu/bits/waitflags.h
[E 08:48:25 441258] Already archived /home/melissa/sven/scripts/mydb_350m/src/usr/include/x86_64-linux-gnu/bits/waitstatus.h
[E 08:48:25 441258] Already archived /home/melissa/sven/scripts/mydb_350m/src/usr/include/x86_64-linux-gnu/sys/types.h
[E 08:48:25 441258] Already archived /home/melissa/sven/scripts/mydb_350m/src/usr/include/x86_64-linux-gnu/bits/types/clock_t.h
[E 08:48:25 441258] Already archived /home/melissa/sven/scripts/mydb_350m/src/usr/include/x86_64-linux-gnu/bits/types/clockid_t.h
[E 08:48:25 441258] Already archived /home/melissa/sven/scripts/mydb_350m/src/usr/include/x86_64-linux-gnu/bits/types/time_t.h
[E 08:48:25 441258] Already archived /home/melissa/sven/scripts/mydb_350m/src/usr/include/x86_64-linux-gnu/bits/types/timer_t.h
[E 08:48:25 441258] Already archived /home/melissa/sven/scripts/mydb_350m/src/usr/lib/gcc/x86_64-linux-gnu/13/include/stddef.h
[E 08:48:25 441258] Already archived /home/melissa/sven/scripts/mydb_350m/src/usr/include/x86_64-linux-gnu/bits/stdint-intn.h
[E 08:48:25 441258] Already archived /home/melissa/sven/scripts/mydb_350m/src/usr/include/endian.h
[E 08:48:25 441258] Already archived /home/melissa/sven/scripts/mydb_350m/src/usr/include/x86_64-linux-gnu/bits/endian.h
[E 08:48:25 441258] Already archived /home/melissa/sven/scripts/mydb_350m/src/usr/include/x86_64-linux-gnu/bits/endianness.h
[E 08:48:25 441258] Already archived /home/melissa/sven/scripts/mydb_350m/src/usr/include/x86_64-linux-gnu/bits/byteswap.h
[E 08:48:25 441258] Already archived /home/melissa/sven/scripts/mydb_350m/src/usr/include/x86_64-linux-gnu/bits/uintn-identity.h
[E 08:48:25 441258] Already archived /home/melissa/sven/scripts/mydb_350m/src/usr/include/x86_64-linux-gnu/sys/select.h
[E 08:48:25 441258] Already archived /home/melissa/sven/scripts/mydb_350m/src/usr/include/x86_64-linux-gnu/bits/select.h
[E 08:48:25 441258] Already archived /home/melissa/sven/scripts/mydb_350m/src/usr/include/x86_64-linux-gnu/bits/types/sigset_t.h
[E 08:48:25 441258] Already archived /home/melissa/sven/scripts/mydb_350m/src/usr/include/x86_64-linux-gnu/bits/types/__sigset_t.h
[E 08:48:25 441258] Already archived /home/melissa/sven/scripts/mydb_350m/src/usr/include/x86_64-linux-gnu/bits/types/struct_timeval.h
[E 08:48:25 441258] Already archived /home/melissa/sven/scripts/mydb_350m/src/usr/include/x86_64-linux-gnu/bits/types/struct_timespec.h
[E 08:48:25 441258] Already archived /home/melissa/sven/scripts/mydb_350m/src/usr/include/x86_64-linux-gnu/bits/pthreadtypes.h
[E 08:48:25 441258] Already archived /home/melissa/sven/scripts/mydb_350m/src/usr/include/x86_64-linux-gnu/bits/thread-shared-types.h
[E 08:48:25 441258] Already archived /home/melissa/sven/scripts/mydb_350m/src/usr/include/x86_64-linux-gnu/bits/pthreadtypes-arch.h
[E 08:48:25 441258] Already archived /home/melissa/sven/scripts/mydb_350m/src/usr/include/x86_64-linux-gnu/bits/wordsize.h
[E 08:48:25 441258] Already archived /home/melissa/sven/scripts/mydb_350m/src/usr/include/x86_64-linux-gnu/bits/atomic_wide_counter.h
[E 08:48:25 441258] Already archived /home/melissa/sven/scripts/mydb_350m/src/usr/include/x86_64-linux-gnu/bits/struct_mutex.h
[E 08:48:25 441258] Already archived /home/melissa/sven/scripts/mydb_350m/src/usr/include/x86_64-linux-gnu/bits/struct_rwlock.h
[E 08:48:25 441258] Already archived /home/melissa/sven/scripts/mydb_350m/src/usr/include/alloca.h
[E 08:48:25 441258] Already archived /home/melissa/sven/scripts/mydb_350m/src/usr/lib/gcc/x86_64-linux-gnu/13/include/stddef.h
[E 08:48:25 441258] Already archived /home/melissa/sven/scripts/mydb_350m/src/usr/include/x86_64-linux-gnu/bits/stdlib-float.h
[E 08:48:25 441258] Creating trap tarball /home/melissa/sven/scripts/mydb_350m/trap/cpp/tarballs/home/melissa/sven/experiments/sec_eval/sec-eval-350m-prefix/trained/cwe-125/0-c/sec_output/12.c.7bb9bfdf_0.trap.tar.br
[E 08:48:25 441258] Emitting trap files for 12.c
[E 08:48:25 441258] Opening existencedb in /home/melissa/sven/scripts/mydb_350m/working/existencedb/db
[E 08:48:25 441258] Warning[extractor-c++]: In index_attribute_arg: Unknown kind 5.
[E 08:48:25 441258] Warning[extractor-c++]: In index_attribute_arg: Unknown kind 5.
[E 08:48:25 441258] Warning[extractor-c++]: In index_attribute_arg: Unknown kind 5.
[E 08:48:25 441258] Warning[extractor-c++]: In index_attribute_arg: Unknown kind 5.
[E 08:48:25 441258] Warning[extractor-c++]: In index_attribute_arg: Unknown kind 5.
[E 08:48:25 441258] Warning[extractor-c++]: In index_attribute_arg: Unknown kind 5.
[E 08:48:25 441258] Warning[extractor-c++]: In index_attribute_arg: Unknown kind 5.
[E 08:48:25 441258] Warning[extractor-c++]: In index_attribute_arg: Unknown kind 5.
[E 08:48:25 441258] Warning[extractor-c++]: In index_attribute_arg: Unknown kind 5.
[E 08:48:25 441258] Warning[extractor-c++]: In index_attribute_arg: Unknown kind 5.
[E 08:48:25 441258] Wrote 1 files to /home/melissa/sven/scripts/mydb_350m/trap/cpp/tarballs/home/melissa/sven/experiments/sec_eval/sec-eval-350m-prefix/trained/cwe-125/0-c/sec_output/12.c.7bb9bfdf_0.trap.tar.br
[E 08:48:25 441258] Finished compilation TRAP /home/melissa/sven/scripts/mydb_350m/trap/cpp/compilations/57/47006289_0.trap.br
[E 08:48:25 441258] Marking C compilation as happened.
[E 08:48:25 441258] Setting tag c-compilation-happened
[E 08:48:25 441258] Starting from CODEQL_TRACER_DB_ID 000000000006BBA8_0000000000000001
[E 08:48:25 441258] Locking DB /home/melissa/sven/scripts/mydb_350m/working/tags.db
[E 08:48:25 441258] Locked DB /home/melissa/sven/scripts/mydb_350m/working/tags.db
[E 08:48:25 441258] Set tag for 000000000006BBA8_0000000000000001
[E 08:48:25 441258] Set tag for 000000000006BBA6_0000000000000001
[E 08:48:25 441258] Set tag for 000000000006BAE9_0000000000000003
[E 08:48:25 441258] Set tag for 000000000006BAE9_0000000000000002
[E 08:48:25 441258] Set tag for root
[E 08:48:25 441258] Unlocking DB
[E 08:48:25 441258] Unlocked DB
[T 08:48:25 441256] Extractor /home/melissa/sven/codeql/cpp/tools/linux64/extractor terminated with exit code 0.
[T 08:48:25 441259] Initializing tracer.
[T 08:48:25 441259] Initialising tags...
[T 08:48:25 441259] ID set to 000000000006BBAB_0000000000000001 (parent 000000000006BBA6_0000000000000001)
[T 08:48:25 441259] ==== Candidate to intercept: as (canonical: as) ====
[T 08:48:25 441259] Will try to resolve as in path /home/melissa/sonar-scanner/bin:/home/melissa/anaconda3/envs/sven-env/bin:/home/melissa/miniconda3/condabin:/home/melissa/.vscode-server/cli/servers/Stable-c306e94f98122556ca081f527b466015e1bc37b0/server/bin/remote-cli:/usr/local/sbin:/usr/local/bin:/usr/sbin:/usr/bin:/sbin:/bin:/usr/games:/usr/local/games:/snap/bin:/home/melissa/.vscode-server/extensions/ms-python.debugpy-2025.14.1-linux-x64/bundled/scripts/noConfigScripts:/home/melissa/.vscode-server/data/User/globalStorage/github.copilot-chat/debugCommand:/home/melissa/codeql.
[T 08:48:25 441259]  -> path lookup for as as /home/melissa/sonar-scanner/bin/as...
[T 08:48:25 441259]  -> path lookup for as as /home/melissa/anaconda3/envs/sven-env/bin/as...
[T 08:48:25 441259]  -> path lookup for as as /home/melissa/miniconda3/condabin/as...
[T 08:48:25 441259]  -> path lookup for as as /home/melissa/.vscode-server/cli/servers/Stable-c306e94f98122556ca081f527b466015e1bc37b0/server/bin/remote-cli/as...
[T 08:48:25 441259]  -> path lookup for as as /usr/local/sbin/as...
[T 08:48:25 441259]  -> path lookup for as as /usr/local/bin/as...
[T 08:48:25 441259]  -> path lookup for as as /usr/sbin/as...
[T 08:48:25 441259]  -> path lookup for as as /usr/bin/as...
[T 08:48:25 441259] Resolved barename as to /usr/bin/as
[T 08:48:25 441259] Lua: === Intercepted call to /usr/bin/as ===
[T 08:48:25 441259] Executing the following tracer actions:
[T 08:48:25 441259] Tracer actions:
[T 08:48:25 441259] pre_invocations(0)
[T 08:48:25 441259] post_invocations(1)
[T 08:48:25 441259] invocation: /home/melissa/sven/codeql/cpp/tools/linux64/extractor, args: [--assembler, --codeql-assembler-executable, /usr/bin/as, --64, -o, 12.o, /tmp/ccAzV5lj.s]
[T 08:48:25 441259] trace_languages(1): [cpp]
[T 08:48:25 441261] Attempting to switch stdout/stderr to 4...
[T 08:48:25 441261] Initializing tracer.
[T 08:48:25 441261] Initialising tags...
[T 08:48:25 441261] ID set to 000000000006BBAD_0000000000000001 (parent 000000000006BBAB_0000000000000001)
[E 08:48:25 441261] CodeQL C/C++ Extractor 2.11.1
[E 08:48:25 441261] Current directory: /home/melissa/sven/experiments/sec_eval/sec-eval-350m-prefix/trained/cwe-125/0-c/sec_output
[E 08:48:25 441261] Command: /home/melissa/sven/codeql/cpp/tools/linux64/extractor --assembler --codeql-assembler-executable /usr/bin/as --64 -o 12.o /tmp/ccAzV5lj.s
[T 08:48:25 441259] Extractor /home/melissa/sven/codeql/cpp/tools/linux64/extractor terminated with exit code 0.
[T 08:48:25 441262] Attempting to switch stdout/stderr to 4...
[T 08:48:25 441262] Initializing tracer.
[T 08:48:25 441262] Initialising tags...
[T 08:48:25 441262] ID set to 000000000006BBAE_0000000000000001 (parent 000000000006BBA6_0000000000000001)
[E 08:48:25 441262] CodeQL C/C++ Extractor 2.11.1
[E 08:48:25 441262] Current directory: /home/melissa/sven/experiments/sec_eval/sec-eval-350m-prefix/trained/cwe-125/0-c/sec_output
[E 08:48:25 441262] Command: /home/melissa/sven/codeql/cpp/tools/linux64/extractor --mimic /usr/bin/x86_64-linux-gnu-gcc-13 -c 12.c -o 12.o
[E 08:48:25 441262] Checking whether C compilation already happened.
[E 08:48:25 441262] Checking for tag c-compilation-happened
[E 08:48:25 441262] Checking CODEQL_TRACER_DB_ID 000000000006BBA6_0000000000000001
[E 08:48:25 441262] Locking DB /home/melissa/sven/scripts/mydb_350m/working/tags.db
[E 08:48:25 441262] Locked DB /home/melissa/sven/scripts/mydb_350m/working/tags.db
[E 08:48:25 441262] Unlocking DB
[E 08:48:25 441262] Unlocked DB
[E 08:48:25 441262] Exiting as C compilation already happened.
[T 08:48:25 441254] Extractor /home/melissa/sven/codeql/cpp/tools/linux64/extractor terminated with exit code 0.
[T 08:48:25 441263] Initializing tracer.
[T 08:48:25 441263] Initialising tags...
[T 08:48:25 441263] ID set to 000000000006BBAF_0000000000000001 (parent 000000000006BAE9_0000000000000003)
[T 08:48:25 441263] ==== Candidate to intercept: /usr/bin/gcc (canonical: /usr/bin/x86_64-linux-gnu-gcc-13) ====
[T 08:48:25 441263] Lua: === Intercepted call to /usr/bin/x86_64-linux-gnu-gcc-13 ===
[T 08:48:25 441263] Executing the following tracer actions:
[T 08:48:25 441263] Tracer actions:
[T 08:48:25 441263] pre_invocations(0)
[T 08:48:25 441263] post_invocations(1)
[T 08:48:25 441263] invocation: /home/melissa/sven/codeql/cpp/tools/linux64/extractor, args: [--mimic, /usr/bin/x86_64-linux-gnu-gcc-13, -c, 13.c, -o, 13.o]
[T 08:48:25 441263] trace_languages(1): [cpp]
[T 08:48:25 441265] Initializing tracer.
[T 08:48:25 441265] Initialising tags...
[T 08:48:25 441265] ID set to 000000000006BBB1_0000000000000001 (parent 000000000006BBAF_0000000000000001)
[T 08:48:25 441265] ==== Candidate to intercept: /usr/libexec/gcc/x86_64-linux-gnu/13/cc1 (canonical: /usr/libexec/gcc/x86_64-linux-gnu/13/cc1) ====
[T 08:48:25 441265] Lua: === Intercepted call to /usr/libexec/gcc/x86_64-linux-gnu/13/cc1 ===
[T 08:48:25 441265] Executing the following tracer actions:
[T 08:48:25 441265] Tracer actions:
[T 08:48:25 441265] pre_invocations(0)
[T 08:48:25 441265] post_invocations(1)
[T 08:48:25 441265] invocation: /home/melissa/sven/codeql/cpp/tools/linux64/extractor, args: [--mimic, /usr/libexec/gcc/x86_64-linux-gnu/13/cc1, -quiet, -imultiarch, x86_64-linux-gnu, 13.c, -quiet, -dumpbase, 13.c, -dumpbase-ext, .c, -mtune=generic, -march=x86-64, -fasynchronous-unwind-tables, -fstack-protector-strong, -Wformat, -Wformat-security, -fstack-clash-protection, -fcf-protection, -o, /tmp/ccsIalqq.s]
[T 08:48:25 441265] trace_languages(1): [cpp]
[T 08:48:25 441267] Attempting to switch stdout/stderr to 4...
[T 08:48:25 441267] Initializing tracer.
[T 08:48:25 441267] Initialising tags...
[T 08:48:25 441267] ID set to 000000000006BBB3_0000000000000001 (parent 000000000006BBB1_0000000000000001)
[E 08:48:25 441267] CodeQL C/C++ Extractor 2.11.1
[E 08:48:25 441267] Current directory: /home/melissa/sven/experiments/sec_eval/sec-eval-350m-prefix/trained/cwe-125/0-c/sec_output
[E 08:48:25 441267] Command: /home/melissa/sven/codeql/cpp/tools/linux64/extractor --mimic /usr/libexec/gcc/x86_64-linux-gnu/13/cc1 -quiet -imultiarch x86_64-linux-gnu 13.c -quiet -dumpbase 13.c -dumpbase-ext .c -mtune=generic -march=x86-64 -fasynchronous-unwind-tables -fstack-protector-strong -Wformat -Wformat-security -fstack-clash-protection -fcf-protection -o /tmp/ccsIalqq.s
[E 08:48:25 441267] Checking whether C compilation already happened.
[E 08:48:25 441267] Checking for tag c-compilation-happened
[E 08:48:25 441267] Checking CODEQL_TRACER_DB_ID 000000000006BBB1_0000000000000001
[E 08:48:25 441267] Locking DB /home/melissa/sven/scripts/mydb_350m/working/tags.db
[E 08:48:25 441267] Locked DB /home/melissa/sven/scripts/mydb_350m/working/tags.db
[E 08:48:25 441267] Unlocking DB
[E 08:48:25 441267] Unlocked DB
[E 08:48:25 441267] Looks like C compilation didn't already happen.
[E 08:48:25 441267] Checking whether C compilation has been attempted.
[E 08:48:25 441267] Checking for tag c-compilation-attempted
[E 08:48:25 441267] Checking CODEQL_TRACER_DB_ID 000000000006BBB1_0000000000000001
[E 08:48:25 441267] Locking DB /home/melissa/sven/scripts/mydb_350m/working/tags.db
[E 08:48:25 441267] Locked DB /home/melissa/sven/scripts/mydb_350m/working/tags.db
[E 08:48:25 441267] Unlocking DB
[E 08:48:25 441267] Unlocked DB
[E 08:48:25 441267] Marking C compilation as attempted.
[E 08:48:25 441267] Setting tag c-compilation-attempted
[E 08:48:25 441267] Starting from CODEQL_TRACER_DB_ID 000000000006BBB1_0000000000000001
[E 08:48:25 441267] Locking DB /home/melissa/sven/scripts/mydb_350m/working/tags.db
[E 08:48:25 441267] Locked DB /home/melissa/sven/scripts/mydb_350m/working/tags.db
[E 08:48:25 441267] Set tag for 000000000006BBB1_0000000000000001
[E 08:48:25 441267] Set tag for 000000000006BBAF_0000000000000001
[E 08:48:25 441267] Set tag for 000000000006BAE9_0000000000000003
[E 08:48:25 441267] Set tag for 000000000006BAE9_0000000000000002
[E 08:48:25 441267] Set tag for root
[E 08:48:25 441267] Unlocking DB
[E 08:48:25 441267] Unlocked DB
[E 08:48:25 441267] Processed command line: /home/melissa/sven/codeql/cpp/tools/linux64/extractor --trapfolder /home/melissa/sven/scripts/mydb_350m/trap/cpp --src_archive /home/melissa/sven/scripts/mydb_350m/src --mimic_config /home/melissa/sven/scripts/mydb_350m/working/compiler_mimic_cache/a75ad1f49a2f --object_filename /tmp/ccsIalqq.s -w --error_limit 1000 --disable_system_macros --variadic_macros --gcc --gnu_version 130300 --target linux_x86_64 '-D__DBL_MIN_EXP__=(-1021)' -D__UINT_LEAST16_MAX__=0xffff -D__FLT16_HAS_QUIET_NAN__=1 -D__ATOMIC_ACQUIRE=2 -D__FLT128_MAX_10_EXP__=4932 -D__FLT_MIN__=1.17549435082228750796873653722224568e-38F -D__GCC_IEC_559_COMPLEX=2 '-D__UINT_LEAST8_TYPE__=unsigned char' -D__SIZEOF_FLOAT80__=16 -D__BFLT16_DENORM_MIN__=9.18354961579912115600575419704879436e-41BF16 '-D__INTMAX_C(c)=c ## L' -D__CHAR_BIT__=8 -D__UINT8_MAX__=0xff -D__SCHAR_WIDTH__=8 -D__WINT_MAX__=0xffffffffU '-D__FLT32_MIN_EXP__=(-125)' '-D__BFLT16_NORM_MAX__=3.38953138925153547590470800371487867e+38BF16' '-D__BFLT16_MIN_10_EXP__=(-37)' -D__ORDER_LITTLE_ENDIAN__=1234 -D__WCHAR_MAX__=0x7fffffff -D__GCC_HAVE_SYNC_COMPARE_AND_SWAP_2=1 -D__GCC_HAVE_SYNC_COMPARE_AND_SWAP_4=1 -D__GCC_HAVE_SYNC_COMPARE_AND_SWAP_8=1 -D__GCC_ATOMIC_CHAR_LOCK_FREE=2 -D__GCC_IEC_559=2 -D__FLT32X_DECIMAL_DIG__=17 -D__FLT_EVAL_METHOD__=0 -D__FLT64_DECIMAL_DIG__=17 -D__CET__=3 -D__GCC_ATOMIC_CHAR32_T_LOCK_FREE=2 -D__UINT_FAST64_MAX__=0xffffffffffffffffUL -D__SIG_ATOMIC_TYPE__=int '-D__DBL_MIN_10_EXP__=(-307)' -D__FINITE_MATH_ONLY__=0 -D__FLT32X_MAX_EXP__=1024 -D__GCC_HAVE_SYNC_COMPARE_AND_SWAP_1=1 -D__FLT32_HAS_DENORM__=1 -D__UINT_FAST8_MAX__=0xff -D__FLT32_MAX_10_EXP__=38 -D__DEC64_MAX_EXP__=385 '-D__INT8_C(c)=c' -D__INT_LEAST8_WIDTH__=8 -D__UINT_LEAST64_MAX__=0xffffffffffffffffUL -D__SHRT_MAX__=0x7fff '-D__LDBL_MAX__=1.18973149535723176502126385303097021e+4932L' -D__FLT64X_MAX_10_EXP__=4932 -D__BFLT16_MAX_10_EXP__=38 -D__BFLT16_MAX_EXP__=128 -D__LDBL_IS_IEC_60559__=1 -D__FLT64X_HAS_QUIET_NAN__=1 -D__UINT_LEAST8_MAX__=0xff -D__GCC_ATOMIC_BOOL_LOCK_FREE=2 -D__FLT128_DENORM_MIN__=6.47517511943802511092443895822764655e-4966F128 '-D__UINTMAX_TYPE__=long unsigned int' -D__BFLT16_DECIMAL_DIG__=4 -D__linux=1 -D__DEC32_EPSILON__=1E-6DF -D__FLT_EVAL_METHOD_TS_18661_3__=0 -D__UINT32_MAX__=0xffffffffU '-D__DBL_DENORM_MIN__=((double)4.94065645841246544176568792868221372e-324L)' '-D__FLT128_MIN_EXP__=(-16381)' -D__WINT_MIN__=0U '-D__FLT128_MIN_10_EXP__=(-4931)' -D__FLT32X_IS_IEC_60559__=1 -D__INT_LEAST16_WIDTH__=16 -D__SCHAR_MAX__=0x7f -D__FLT128_MANT_DIG__=113 '-D__WCHAR_MIN__=(-__WCHAR_MAX__ - 1)' '-D__INT64_C(c)=c ## L' -D__SSP_STRONG__=3 -D__GCC_ATOMIC_POINTER_LOCK_FREE=2 -D__ATOMIC_SEQ_CST=5 -D__unix=1 -D__INT_LEAST64_MAX__=0x7fffffffffffffffL -D__FLT32X_MANT_DIG__=53 -D__FLT64X_EPSILON__=1.08420217248550443400745280086994171e-19F64x '-D__DEC64_MIN_EXP__=(-382)' -D__DBL_DIG__=15 -D__FLT_EPSILON__=1.19209289550781250000000000000000000e-7F -D__SHRT_WIDTH__=16 -D__FLT32_IS_IEC_60559__=1 -D__LDBL_MIN__=3.36210314311209350626267781732175260e-4932L -D__STDC_UTF_16__=1 -D__DBL_IS_IEC_60559__=1 -D__DEC32_MAX__=9.999999E96DF -D__FLT64X_DENORM_MIN__=3.64519953188247460252840593361941982e-4951F64x -D__FLT32X_HAS_INFINITY__=1 -D__unix__=1 -D__INT_WIDTH__=32 -D__STDC_IEC_559__=1 -D__STDC_ISO_10646__=201706L -D__DECIMAL_DIG__=21 -D__STDC_IEC_559_COMPLEX__=1 -D__FLT64_EPSILON__=2.22044604925031308084726333618164062e-16F64 -D__gnu_linux__=1 -D__FLT128_IS_IEC_60559__=1 '-D__FLT64X_MIN_10_EXP__=(-4931)' -D__LDBL_HAS_QUIET_NAN__=1 '-D__FLT16_MIN_EXP__=(-13)' -D__FLT64_MANT_DIG__=53 -D__FLT64X_MANT_DIG__=64 -D__BFLT16_DIG__=2 -D__pie__=2 -D__MMX__=1 -D__FLT_HAS_DENORM__=1 -D__SIZEOF_LONG_DOUBLE__=16 -D__BIGGEST_ALIGNMENT__=16 -D__FLT64_MAX_10_EXP__=308 -D__BFLT16_IS_IEC_60559__=0 -D__FLT16_MAX_10_EXP__=4 '-D__DBL_MAX__=((double)1.79769313486231570814527423731704357e+308L)' -D__INT_FAST32_MAX__=0x7fffffffffffffffL -D__DBL_HAS_INFINITY__=1 -D__INT64_MAX__=0x7fffffffffffffffL -D__SIZEOF_FLOAT__=4 -D__HAVE_SPECULATION_SAFE_VALUE=1 '-D__DEC32_MIN_EXP__=(-94)' -D__INTPTR_WIDTH__=64 -D__UINT_LEAST32_MAX__=0xffffffffU -D__FLT32X_HAS_DENORM__=1 '-D__INT_FAST16_TYPE__=long int' -D__MMX_WITH_SSE__=1 -D__LDBL_HAS_DENORM__=1 -D__SEG_GS=1 -D__BFLT16_EPSILON__=7.81250000000000000000000000000000000e-3BF16 -D__FLT128_HAS_INFINITY__=1 -D__DEC32_MIN__=1E-95DF -D__DBL_MAX_EXP__=1024 -D__WCHAR_WIDTH__=32 '-D__FLT32_MAX__=3.40282346638528859811704183484516925e+38F32' -D__DEC128_EPSILON__=1E-33DL -D__FLT16_DECIMAL_DIG__=5 -D__SSE2_MATH__=1 -D__ATOMIC_HLE_RELEASE=131072 -D__PTRDIFF_MAX__=0x7fffffffffffffffL -D__amd64=1 -D__ATOMIC_HLE_ACQUIRE=65536 -D__LONG_LONG_MAX__=0x7fffffffffffffffLL -D__SIZEOF_SIZE_T__=8 -D__BFLT16_HAS_INFINITY__=1 '-D__FLT64X_MIN_EXP__=(-16381)' -D__SIZEOF_WINT_T__=4 -D__LONG_LONG_WIDTH__=64 -D__FLT32_MAX_EXP__=128 -D__GXX_ABI_VERSION=1018 '-D__FLT_MIN_EXP__=(-125)' -D__GCC_HAVE_DWARF2_CFI_ASM=1 -D__INT16_MAX__=0x7fff -D__x86_64=1 '-D__INT_FAST64_TYPE__=long int' '-D__BFLT16_MAX__=3.38953138925153547590470800371487867e+38BF16' -D__BFLT16_HAS_DENORM__=1 -D__FLT64_DENORM_MIN__=4.94065645841246544176568792868221372e-324F64 -D__FLT16_DENORM_MIN__=5.96046447753906250000000000000000000e-8F16 -D__FLT128_EPSILON__=1.92592994438723585305597794258492732e-34F128 '-D__FLT64X_NORM_MAX__=1.18973149535723176502126385303097021e+4932F64x' -D__SIZEOF_POINTER__=8 '-D__SIZE_TYPE__=long unsigned int' -D__LP64__=1 -D__DBL_HAS_QUIET_NAN__=1 -D__FLT32X_EPSILON__=2.22044604925031308084726333618164062e-16F32x -D__LDBL_MAX_EXP__=16384 -D__DECIMAL_BID_FORMAT__=1 '-D__FLT64_MIN_EXP__=(-1021)' '-D__FLT64_MIN_10_EXP__=(-307)' '-D__FLT16_MIN_10_EXP__=(-4)' -D__FLT64X_DECIMAL_DIG__=21 -D__DEC128_MIN__=1E-6143DL -D__REGISTER_PREFIX__= -D__UINT16_MAX__=0xffff -D__DBL_HAS_DENORM__=1 -D__FLT32_MIN__=1.17549435082228750796873653722224568e-38F32 '-D__UINT8_TYPE__=unsigned char' -D__FLT_DIG__=6 -D__NO_INLINE__=1 -D__DEC_EVAL_METHOD__=2 -D__FLT_MANT_DIG__=24 -D__LDBL_DECIMAL_DIG__=21 '-D__UINT64_C(c)=c ## UL' -D_STDC_PREDEF_H=1 -D__INT_LEAST32_MAX__=0x7fffffff -D__GCC_ATOMIC_INT_LOCK_FREE=2 -D__FLT128_MAX_EXP__=16384 -D__FLT32_MANT_DIG__=24 -D__FLOAT_WORD_ORDER__=__ORDER_LITTLE_ENDIAN__ '-D__FLT32X_MIN_EXP__=(-1021)' -D__STDC_IEC_60559_COMPLEX__=201404L -D__BFLT16_MIN__=1.17549435082228750796873653722224568e-38BF16 -D__FLT128_HAS_DENORM__=1 -D__FLT32_DECIMAL_DIG__=9 -D__FLT128_DIG__=33 '-D__INT32_C(c)=c' -D__DEC64_EPSILON__=1E-15DD -D__ORDER_PDP_ENDIAN__=3412 '-D__DEC128_MIN_EXP__=(-6142)' -D__DEC128_MAX__=9.999999999999999999999999999999999E6144DL '-D__INT_FAST32_TYPE__=long int' '-D__UINT_LEAST16_TYPE__=short unsigned int' -D__DEC128_MAX_EXP__=6145 -Dunix=1 -D__UINT64_MAX__=0xffffffffffffffffUL -D__FLT_IS_IEC_60559__=1 '-D__GNUC_WIDE_EXECUTION_CHARSET_NAME="UTF-32LE"' -D__FLT64X_DIG__=18 '-D__INT8_TYPE__=signed char' -D__ELF__=1 -D__GCC_ASM_FLAG_OUTPUTS__=1 '-D__UINT32_TYPE__=unsigned int' -D__BFLT16_HAS_QUIET_NAN__=1 -D__FLT_RADIX__=2 '-D__INT_LEAST16_TYPE__=short int' -D__LDBL_EPSILON__=1.08420217248550443400745280086994171e-19L '-D__UINTMAX_C(c)=c ## UL' -D__FLT16_DIG__=3 -D__SSE_MATH__=1 -D__k8=1 -D__FLT32X_MIN__=2.22507385850720138309023271733240406e-308F32x -D__SIG_ATOMIC_MAX__=0x7fffffff -D__GCC_ATOMIC_WCHAR_T_LOCK_FREE=2 -D__USER_LABEL_PREFIX__= -D__STDC_IEC_60559_BFP__=201404L -D__SIZEOF_PTRDIFF_T__=8 -D__FLT64X_HAS_INFINITY__=1 -D__FLT32_HAS_INFINITY__=1 -D__SIZEOF_LONG__=8 -D__LDBL_DIG__=18 -D__FLT64_IS_IEC_60559__=1 -D__x86_64__=1 -D__FLT16_IS_IEC_60559__=1 -D__FLT16_MAX_EXP__=16 -D__DEC32_SUBNORMAL_MIN__=0.000001E-95DF -D__INT_FAST16_MAX__=0x7fffffffffffffffL -D__GCC_CONSTRUCTIVE_SIZE=64 -D__FLT64_DIG__=15 -D__UINT_FAST32_MAX__=0xffffffffffffffffUL '-D__UINT_LEAST64_TYPE__=long unsigned int' -D__FLT16_EPSILON__=9.76562500000000000000000000000000000e-4F16 -D__FLT_HAS_QUIET_NAN__=1 -D__FLT_MAX_10_EXP__=38 -D__LONG_MAX__=0x7fffffffffffffffL -D__FLT64X_HAS_DENORM__=1 -D__DEC128_SUBNORMAL_MIN__=0.000000000000000000000000000000001E-6143DL -D__FLT_HAS_INFINITY__=1 '-D__GNUC_EXECUTION_CHARSET_NAME="UTF-8"' '-D__UINT_FAST16_TYPE__=long unsigned int' -D__DEC64_MAX__=9.999999999999999E384DD -D__INT_FAST32_WIDTH__=64 -D__PRAGMA_REDEFINE_EXTNAME=1 -D__SIZE_WIDTH__=64 -D__SEG_FS=1 -D__INT_LEAST16_MAX__=0x7fff '-D__FLT16_NORM_MAX__=6.55040000000000000000000000000000000e+4F16' -D__DEC64_MANT_DIG__=16 -D__FLT32_DENORM_MIN__=1.40129846432481707092372958328991613e-45F32 -D__SIG_ATOMIC_WIDTH__=32 '-D__INT_LEAST64_TYPE__=long int' '-D__INT16_TYPE__=short int' '-D__INT_LEAST8_TYPE__=signed char' '-D__FLT16_MAX__=6.55040000000000000000000000000000000e+4F16' -D__FLT128_MIN__=3.36210314311209350626267781732175260e-4932F128 -D__SIZEOF_INT__=4 -D__DEC32_MAX_EXP__=97 -D__INT_FAST8_MAX__=0x7f '-D__FLT128_MAX__=1.18973149535723176508575932662800702e+4932F128' -D__INTPTR_MAX__=0x7fffffffffffffffL -Dlinux=1 -D__FLT64_HAS_QUIET_NAN__=1 '-D__FLT32_MIN_10_EXP__=(-37)' -D__FLT32X_DIG__=15 '-D__UINT16_C(c)=c' -D__PTRDIFF_WIDTH__=64 -D__LDBL_MANT_DIG__=64 -D__INT_FAST16_WIDTH__=64 -D__FLT64_HAS_INFINITY__=1 '-D__FLT64X_MAX__=1.18973149535723176502126385303097021e+4932F64x' -D__FLT16_HAS_INFINITY__=1 '-D__SIG_ATOMIC_MIN__=(-__SIG_ATOMIC_MAX__ - 1)' -D__code_model_small__=1 -D__GCC_ATOMIC_LONG_LOCK_FREE=2 -D__DEC32_MANT_DIG__=7 -D__FLT16_MANT_DIG__=11 -D__k8__=1 '-D__INTPTR_TYPE__=long int' '-D__UINT16_TYPE__=short unsigned int' -D__WCHAR_TYPE__=int -D__pic__=2 -D__UINTPTR_MAX__=0xffffffffffffffffUL -D__INT_FAST64_WIDTH__=64 -D__LDBL_HAS_INFINITY__=1 -D__INT_FAST64_MAX__=0x7fffffffffffffffL -D__GCC_ATOMIC_TEST_AND_SET_TRUEVAL=1 '-D__FLT_NORM_MAX__=3.40282346638528859811704183484516925e+38F' -D__FLT64X_MAX_EXP__=16384 '-D__UINT_FAST64_TYPE__=long unsigned int' '-D__BFLT16_MIN_EXP__=(-125)' -D__INT_MAX__=0x7fffffff -D__linux__=1 '-D__INT64_TYPE__=long int' -D__FLT_MAX_EXP__=128 -D__ORDER_BIG_ENDIAN__=4321 -D__DBL_MANT_DIG__=53 -D__SIZEOF_FLOAT128__=16 -D__BFLT16_MANT_DIG__=8 -D__GCC_ATOMIC_CHAR16_T_LOCK_FREE=2 -D__DEC64_MIN__=1E-383DD '-D__WINT_TYPE__=unsigned int' '-D__UINT_LEAST32_TYPE__=unsigned int' -D__SIZEOF_SHORT__=2 '-D__FLT32_NORM_MAX__=3.40282346638528859811704183484516925e+38F32' -D__SSE__=1 '-D__LDBL_MIN_EXP__=(-16381)' '-D__FLT64_MAX__=1.79769313486231570814527423731704357e+308F64' -D__amd64__=1 -D__WINT_WIDTH__=32 -D__INT_LEAST8_MAX__=0x7f -D__INT_LEAST64_WIDTH__=64 -D__FLT32X_MAX_10_EXP__=308 -D__SIZEOF_INT128__=16 -D__FLT16_MIN__=6.10351562500000000000000000000000000e-5F16 -D__FLT64X_IS_IEC_60559__=1 -D__LDBL_MAX_10_EXP__=4932 -D__ATOMIC_RELAXED=0 '-D__DBL_EPSILON__=((double)2.22044604925031308084726333618164062e-16L)' -D__INT_LEAST32_TYPE__=int -D_LP64=1 '-D__UINT8_C(c)=c' -D__FLT64_MAX_EXP__=1024 -D__SIZEOF_WCHAR_T__=4 '-D__UINT64_TYPE__=long unsigned int' '-D__FLT128_NORM_MAX__=1.18973149535723176508575932662800702e+4932F128' '-D__FLT64_NORM_MAX__=1.79769313486231570814527423731704357e+308F64' -D__FLT128_HAS_QUIET_NAN__=1 -D__INTMAX_MAX__=0x7fffffffffffffffL '-D__INT_FAST8_TYPE__=signed char' -D__FLT64X_MIN__=3.36210314311209350626267781732175260e-4932F64x -D__FLT64_HAS_DENORM__=1 -D__FLT32_EPSILON__=1.19209289550781250000000000000000000e-7F32 -D__FLT16_HAS_DENORM__=1 -D__DBL_DECIMAL_DIG__=17 -D__STDC_UTF_32__=1 -D__INT_FAST8_WIDTH__=8 -D__FXSR__=1 '-D__FLT32X_MAX__=1.79769313486231570814527423731704357e+308F32x' '-D__DBL_NORM_MAX__=((double)1.79769313486231570814527423731704357e+308L)' -D__BYTE_ORDER__=__ORDER_LITTLE_ENDIAN__ -D__GCC_DESTRUCTIVE_SIZE=64 -D__INTMAX_WIDTH__=64 -D__FLT32_DIG__=6 '-D__UINT32_C(c)=c ## U' -D__FLT_DENORM_MIN__=1.40129846432481707092372958328991613e-45F -D__INT8_MAX__=0x7f -D__LONG_WIDTH__=64 '-D__DBL_MIN__=((double)2.22507385850720138309023271733240406e-308L)' -D__PIC__=2 -D__INT32_MAX__=0x7fffffff '-D__UINT_FAST32_TYPE__=long unsigned int' '-D__FLT32X_NORM_MAX__=1.79769313486231570814527423731704357e+308F32x' '-D__FLT_MAX__=3.40282346638528859811704183484516925e+38F' -D__SSE2__=1 -D__INT32_TYPE__=int -D__SIZEOF_DOUBLE__=8 '-D__FLT_MIN_10_EXP__=(-37)' -D__FLT64_MIN__=2.22507385850720138309023271733240406e-308F64 -D__INT_LEAST32_WIDTH__=32 '-D__INTMAX_TYPE__=long int' -D__FLT32X_HAS_QUIET_NAN__=1 -D__ATOMIC_CONSUME=1 -D__UINTMAX_MAX__=0xffffffffffffffffUL -D__PIE__=2 -D__FLT32X_DENORM_MIN__=4.94065645841246544176568792868221372e-324F32x -D__DBL_MAX_10_EXP__=308 -D__LDBL_DENORM_MIN__=3.64519953188247460252840593361941982e-4951L '-D__INT16_C(c)=c' '-D__PTRDIFF_TYPE__=long int' '-D__FLT32X_MIN_10_EXP__=(-307)' '-D__UINTPTR_TYPE__=long unsigned int' -D__DEC64_SUBNORMAL_MIN__=0.000000000000001E-383DD -D__DEC128_MANT_DIG__=34 '-D__LDBL_MIN_10_EXP__=(-4931)' -D__SIZEOF_LONG_LONG__=8 -D__FLT128_DECIMAL_DIG__=36 -D__GCC_ATOMIC_LLONG_LOCK_FREE=2 -D__FLT32_HAS_QUIET_NAN__=1 -D__FLT_DECIMAL_DIG__=9 -D__UINT_FAST16_MAX__=0xffffffffffffffffUL '-D__LDBL_NORM_MAX__=1.18973149535723176502126385303097021e+4932L' -D__GCC_ATOMIC_SHORT_LOCK_FREE=2 -D__SIZE_MAX__=0xffffffffffffffffUL '-D__UINT_FAST8_TYPE__=unsigned char' -D__ATOMIC_ACQ_REL=4 -D__ATOMIC_RELEASE=3 -I/usr/lib/gcc/x86_64-linux-gnu/13/include -I/usr/local/include -I/usr/include/x86_64-linux-gnu -I/usr/include -- 13.c
[E 08:48:25 441267] Starting compilation TRAP /home/melissa/sven/scripts/mydb_350m/trap/cpp/compilations/57/54694649_0.trap.br
[E 08:48:25 441267] Archiving /home/melissa/sven/scripts/mydb_350m/src/home/melissa/sven/experiments/sec_eval/sec-eval-350m-prefix/trained/cwe-125/0-c/sec_output/13.c
[E 08:48:25 441267] Already archived /home/melissa/sven/scripts/mydb_350m/src/usr/include/stdio.h
[E 08:48:25 441267] Already archived /home/melissa/sven/scripts/mydb_350m/src/usr/include/x86_64-linux-gnu/bits/libc-header-start.h
[E 08:48:25 441267] Already archived /home/melissa/sven/scripts/mydb_350m/src/usr/include/features.h
[E 08:48:25 441267] Already archived /home/melissa/sven/scripts/mydb_350m/src/usr/include/features-time64.h
[E 08:48:25 441267] Already archived /home/melissa/sven/scripts/mydb_350m/src/usr/include/x86_64-linux-gnu/bits/wordsize.h
[E 08:48:25 441267] Already archived /home/melissa/sven/scripts/mydb_350m/src/usr/include/x86_64-linux-gnu/bits/timesize.h
[E 08:48:25 441267] Already archived /home/melissa/sven/scripts/mydb_350m/src/usr/include/x86_64-linux-gnu/bits/wordsize.h
[E 08:48:25 441267] Already archived /home/melissa/sven/scripts/mydb_350m/src/usr/include/stdc-predef.h
[E 08:48:25 441267] Already archived /home/melissa/sven/scripts/mydb_350m/src/usr/include/x86_64-linux-gnu/sys/cdefs.h
[E 08:48:25 441267] Already archived /home/melissa/sven/scripts/mydb_350m/src/usr/include/x86_64-linux-gnu/bits/wordsize.h
[E 08:48:25 441267] Already archived /home/melissa/sven/scripts/mydb_350m/src/usr/include/x86_64-linux-gnu/bits/long-double.h
[E 08:48:25 441267] Already archived /home/melissa/sven/scripts/mydb_350m/src/usr/include/x86_64-linux-gnu/gnu/stubs.h
[E 08:48:25 441267] Already archived /home/melissa/sven/scripts/mydb_350m/src/usr/include/x86_64-linux-gnu/gnu/stubs-64.h
[E 08:48:25 441267] Already archived /home/melissa/sven/scripts/mydb_350m/src/usr/lib/gcc/x86_64-linux-gnu/13/include/stddef.h
[E 08:48:25 441267] Already archived /home/melissa/sven/scripts/mydb_350m/src/usr/lib/gcc/x86_64-linux-gnu/13/include/stdarg.h
[E 08:48:25 441267] Already archived /home/melissa/sven/scripts/mydb_350m/src/usr/include/x86_64-linux-gnu/bits/types.h
[E 08:48:25 441267] Already archived /home/melissa/sven/scripts/mydb_350m/src/usr/include/x86_64-linux-gnu/bits/wordsize.h
[E 08:48:25 441267] Already archived /home/melissa/sven/scripts/mydb_350m/src/usr/include/x86_64-linux-gnu/bits/timesize.h
[E 08:48:25 441267] Already archived /home/melissa/sven/scripts/mydb_350m/src/usr/include/x86_64-linux-gnu/bits/wordsize.h
[E 08:48:25 441267] Already archived /home/melissa/sven/scripts/mydb_350m/src/usr/include/x86_64-linux-gnu/bits/typesizes.h
[E 08:48:25 441267] Already archived /home/melissa/sven/scripts/mydb_350m/src/usr/include/x86_64-linux-gnu/bits/time64.h
[E 08:48:25 441267] Already archived /home/melissa/sven/scripts/mydb_350m/src/usr/include/x86_64-linux-gnu/bits/types/__fpos_t.h
[E 08:48:25 441267] Already archived /home/melissa/sven/scripts/mydb_350m/src/usr/include/x86_64-linux-gnu/bits/types/__mbstate_t.h
[E 08:48:25 441267] Already archived /home/melissa/sven/scripts/mydb_350m/src/usr/include/x86_64-linux-gnu/bits/types/__fpos64_t.h
[E 08:48:25 441267] Already archived /home/melissa/sven/scripts/mydb_350m/src/usr/include/x86_64-linux-gnu/bits/types/__FILE.h
[E 08:48:25 441267] Already archived /home/melissa/sven/scripts/mydb_350m/src/usr/include/x86_64-linux-gnu/bits/types/FILE.h
[E 08:48:25 441267] Already archived /home/melissa/sven/scripts/mydb_350m/src/usr/include/x86_64-linux-gnu/bits/types/struct_FILE.h
[E 08:48:25 441267] Already archived /home/melissa/sven/scripts/mydb_350m/src/usr/include/x86_64-linux-gnu/bits/types/cookie_io_functions_t.h
[E 08:48:25 441267] Already archived /home/melissa/sven/scripts/mydb_350m/src/usr/include/x86_64-linux-gnu/bits/stdio_lim.h
[E 08:48:25 441267] Already archived /home/melissa/sven/scripts/mydb_350m/src/usr/include/x86_64-linux-gnu/bits/floatn.h
[E 08:48:25 441267] Already archived /home/melissa/sven/scripts/mydb_350m/src/usr/include/x86_64-linux-gnu/bits/floatn-common.h
[E 08:48:25 441267] Already archived /home/melissa/sven/scripts/mydb_350m/src/usr/include/x86_64-linux-gnu/bits/long-double.h
[E 08:48:25 441267] Already archived /home/melissa/sven/scripts/mydb_350m/src/usr/include/stdlib.h
[E 08:48:25 441267] Already archived /home/melissa/sven/scripts/mydb_350m/src/usr/include/x86_64-linux-gnu/bits/libc-header-start.h
[E 08:48:25 441267] Already archived /home/melissa/sven/scripts/mydb_350m/src/usr/lib/gcc/x86_64-linux-gnu/13/include/stddef.h
[E 08:48:25 441267] Already archived /home/melissa/sven/scripts/mydb_350m/src/usr/include/x86_64-linux-gnu/bits/waitflags.h
[E 08:48:25 441267] Already archived /home/melissa/sven/scripts/mydb_350m/src/usr/include/x86_64-linux-gnu/bits/waitstatus.h
[E 08:48:25 441267] Already archived /home/melissa/sven/scripts/mydb_350m/src/usr/include/x86_64-linux-gnu/sys/types.h
[E 08:48:25 441267] Already archived /home/melissa/sven/scripts/mydb_350m/src/usr/include/x86_64-linux-gnu/bits/types/clock_t.h
[E 08:48:25 441267] Already archived /home/melissa/sven/scripts/mydb_350m/src/usr/include/x86_64-linux-gnu/bits/types/clockid_t.h
[E 08:48:25 441267] Already archived /home/melissa/sven/scripts/mydb_350m/src/usr/include/x86_64-linux-gnu/bits/types/time_t.h
[E 08:48:25 441267] Already archived /home/melissa/sven/scripts/mydb_350m/src/usr/include/x86_64-linux-gnu/bits/types/timer_t.h
[E 08:48:25 441267] Already archived /home/melissa/sven/scripts/mydb_350m/src/usr/lib/gcc/x86_64-linux-gnu/13/include/stddef.h
[E 08:48:25 441267] Already archived /home/melissa/sven/scripts/mydb_350m/src/usr/include/x86_64-linux-gnu/bits/stdint-intn.h
[E 08:48:25 441267] Already archived /home/melissa/sven/scripts/mydb_350m/src/usr/include/endian.h
[E 08:48:25 441267] Already archived /home/melissa/sven/scripts/mydb_350m/src/usr/include/x86_64-linux-gnu/bits/endian.h
[E 08:48:25 441267] Already archived /home/melissa/sven/scripts/mydb_350m/src/usr/include/x86_64-linux-gnu/bits/endianness.h
[E 08:48:25 441267] Already archived /home/melissa/sven/scripts/mydb_350m/src/usr/include/x86_64-linux-gnu/bits/byteswap.h
[E 08:48:25 441267] Already archived /home/melissa/sven/scripts/mydb_350m/src/usr/include/x86_64-linux-gnu/bits/uintn-identity.h
[E 08:48:25 441267] Already archived /home/melissa/sven/scripts/mydb_350m/src/usr/include/x86_64-linux-gnu/sys/select.h
[E 08:48:25 441267] Already archived /home/melissa/sven/scripts/mydb_350m/src/usr/include/x86_64-linux-gnu/bits/select.h
[E 08:48:25 441267] Already archived /home/melissa/sven/scripts/mydb_350m/src/usr/include/x86_64-linux-gnu/bits/types/sigset_t.h
[E 08:48:25 441267] Already archived /home/melissa/sven/scripts/mydb_350m/src/usr/include/x86_64-linux-gnu/bits/types/__sigset_t.h
[E 08:48:25 441267] Already archived /home/melissa/sven/scripts/mydb_350m/src/usr/include/x86_64-linux-gnu/bits/types/struct_timeval.h
[E 08:48:25 441267] Already archived /home/melissa/sven/scripts/mydb_350m/src/usr/include/x86_64-linux-gnu/bits/types/struct_timespec.h
[E 08:48:25 441267] Already archived /home/melissa/sven/scripts/mydb_350m/src/usr/include/x86_64-linux-gnu/bits/pthreadtypes.h
[E 08:48:25 441267] Already archived /home/melissa/sven/scripts/mydb_350m/src/usr/include/x86_64-linux-gnu/bits/thread-shared-types.h
[E 08:48:25 441267] Already archived /home/melissa/sven/scripts/mydb_350m/src/usr/include/x86_64-linux-gnu/bits/pthreadtypes-arch.h
[E 08:48:25 441267] Already archived /home/melissa/sven/scripts/mydb_350m/src/usr/include/x86_64-linux-gnu/bits/wordsize.h
[E 08:48:25 441267] Already archived /home/melissa/sven/scripts/mydb_350m/src/usr/include/x86_64-linux-gnu/bits/atomic_wide_counter.h
[E 08:48:25 441267] Already archived /home/melissa/sven/scripts/mydb_350m/src/usr/include/x86_64-linux-gnu/bits/struct_mutex.h
[E 08:48:25 441267] Already archived /home/melissa/sven/scripts/mydb_350m/src/usr/include/x86_64-linux-gnu/bits/struct_rwlock.h
[E 08:48:25 441267] Already archived /home/melissa/sven/scripts/mydb_350m/src/usr/include/alloca.h
[E 08:48:25 441267] Already archived /home/melissa/sven/scripts/mydb_350m/src/usr/lib/gcc/x86_64-linux-gnu/13/include/stddef.h
[E 08:48:25 441267] Already archived /home/melissa/sven/scripts/mydb_350m/src/usr/include/x86_64-linux-gnu/bits/stdlib-float.h
[E 08:48:25 441267] Creating trap tarball /home/melissa/sven/scripts/mydb_350m/trap/cpp/tarballs/home/melissa/sven/experiments/sec_eval/sec-eval-350m-prefix/trained/cwe-125/0-c/sec_output/13.c.4289254d_0.trap.tar.br
[E 08:48:25 441267] Emitting trap files for 13.c
[E 08:48:25 441267] Opening existencedb in /home/melissa/sven/scripts/mydb_350m/working/existencedb/db
[E 08:48:25 441267] Warning[extractor-c++]: In index_attribute_arg: Unknown kind 5.
[E 08:48:25 441267] Warning[extractor-c++]: In index_attribute_arg: Unknown kind 5.
[E 08:48:25 441267] Warning[extractor-c++]: In index_attribute_arg: Unknown kind 5.
[E 08:48:25 441267] Warning[extractor-c++]: In index_attribute_arg: Unknown kind 5.
[E 08:48:25 441267] Warning[extractor-c++]: In index_attribute_arg: Unknown kind 5.
[E 08:48:25 441267] Warning[extractor-c++]: In index_attribute_arg: Unknown kind 5.
[E 08:48:25 441267] Warning[extractor-c++]: In index_attribute_arg: Unknown kind 5.
[E 08:48:25 441267] Warning[extractor-c++]: In index_attribute_arg: Unknown kind 5.
[E 08:48:25 441267] Warning[extractor-c++]: In index_attribute_arg: Unknown kind 5.
[E 08:48:25 441267] Warning[extractor-c++]: In index_attribute_arg: Unknown kind 5.
[E 08:48:25 441267] Wrote 1 files to /home/melissa/sven/scripts/mydb_350m/trap/cpp/tarballs/home/melissa/sven/experiments/sec_eval/sec-eval-350m-prefix/trained/cwe-125/0-c/sec_output/13.c.4289254d_0.trap.tar.br
[E 08:48:25 441267] Finished compilation TRAP /home/melissa/sven/scripts/mydb_350m/trap/cpp/compilations/57/54694649_0.trap.br
[E 08:48:25 441267] Marking C compilation as happened.
[E 08:48:25 441267] Setting tag c-compilation-happened
[E 08:48:25 441267] Starting from CODEQL_TRACER_DB_ID 000000000006BBB1_0000000000000001
[E 08:48:25 441267] Locking DB /home/melissa/sven/scripts/mydb_350m/working/tags.db
[E 08:48:25 441267] Locked DB /home/melissa/sven/scripts/mydb_350m/working/tags.db
[E 08:48:25 441267] Set tag for 000000000006BBB1_0000000000000001
[E 08:48:25 441267] Set tag for 000000000006BBAF_0000000000000001
[E 08:48:25 441267] Set tag for 000000000006BAE9_0000000000000003
[E 08:48:25 441267] Set tag for 000000000006BAE9_0000000000000002
[E 08:48:25 441267] Set tag for root
[E 08:48:25 441267] Unlocking DB
[E 08:48:25 441267] Unlocked DB
[T 08:48:25 441265] Extractor /home/melissa/sven/codeql/cpp/tools/linux64/extractor terminated with exit code 0.
[T 08:48:25 441268] Initializing tracer.
[T 08:48:25 441268] Initialising tags...
[T 08:48:25 441268] ID set to 000000000006BBB4_0000000000000001 (parent 000000000006BBAF_0000000000000001)
[T 08:48:25 441268] ==== Candidate to intercept: as (canonical: as) ====
[T 08:48:25 441268] Will try to resolve as in path /home/melissa/sonar-scanner/bin:/home/melissa/anaconda3/envs/sven-env/bin:/home/melissa/miniconda3/condabin:/home/melissa/.vscode-server/cli/servers/Stable-c306e94f98122556ca081f527b466015e1bc37b0/server/bin/remote-cli:/usr/local/sbin:/usr/local/bin:/usr/sbin:/usr/bin:/sbin:/bin:/usr/games:/usr/local/games:/snap/bin:/home/melissa/.vscode-server/extensions/ms-python.debugpy-2025.14.1-linux-x64/bundled/scripts/noConfigScripts:/home/melissa/.vscode-server/data/User/globalStorage/github.copilot-chat/debugCommand:/home/melissa/codeql.
[T 08:48:25 441268]  -> path lookup for as as /home/melissa/sonar-scanner/bin/as...
[T 08:48:25 441268]  -> path lookup for as as /home/melissa/anaconda3/envs/sven-env/bin/as...
[T 08:48:25 441268]  -> path lookup for as as /home/melissa/miniconda3/condabin/as...
[T 08:48:25 441268]  -> path lookup for as as /home/melissa/.vscode-server/cli/servers/Stable-c306e94f98122556ca081f527b466015e1bc37b0/server/bin/remote-cli/as...
[T 08:48:25 441268]  -> path lookup for as as /usr/local/sbin/as...
[T 08:48:25 441268]  -> path lookup for as as /usr/local/bin/as...
[T 08:48:25 441268]  -> path lookup for as as /usr/sbin/as...
[T 08:48:25 441268]  -> path lookup for as as /usr/bin/as...
[T 08:48:25 441268] Resolved barename as to /usr/bin/as
[T 08:48:25 441268] Lua: === Intercepted call to /usr/bin/as ===
[T 08:48:25 441268] Executing the following tracer actions:
[T 08:48:25 441268] Tracer actions:
[T 08:48:25 441268] pre_invocations(0)
[T 08:48:25 441268] post_invocations(1)
[T 08:48:25 441268] invocation: /home/melissa/sven/codeql/cpp/tools/linux64/extractor, args: [--assembler, --codeql-assembler-executable, /usr/bin/as, --64, -o, 13.o, /tmp/ccsIalqq.s]
[T 08:48:25 441268] trace_languages(1): [cpp]
[T 08:48:25 441270] Attempting to switch stdout/stderr to 4...
[T 08:48:25 441270] Initializing tracer.
[T 08:48:25 441270] Initialising tags...
[T 08:48:25 441270] ID set to 000000000006BBB6_0000000000000001 (parent 000000000006BBB4_0000000000000001)
[E 08:48:25 441270] CodeQL C/C++ Extractor 2.11.1
[E 08:48:25 441270] Current directory: /home/melissa/sven/experiments/sec_eval/sec-eval-350m-prefix/trained/cwe-125/0-c/sec_output
[E 08:48:25 441270] Command: /home/melissa/sven/codeql/cpp/tools/linux64/extractor --assembler --codeql-assembler-executable /usr/bin/as --64 -o 13.o /tmp/ccsIalqq.s
[T 08:48:25 441268] Extractor /home/melissa/sven/codeql/cpp/tools/linux64/extractor terminated with exit code 0.
[T 08:48:25 441271] Attempting to switch stdout/stderr to 4...
[T 08:48:25 441271] Initializing tracer.
[T 08:48:25 441271] Initialising tags...
[T 08:48:25 441271] ID set to 000000000006BBB7_0000000000000001 (parent 000000000006BBAF_0000000000000001)
[E 08:48:25 441271] CodeQL C/C++ Extractor 2.11.1
[E 08:48:25 441271] Current directory: /home/melissa/sven/experiments/sec_eval/sec-eval-350m-prefix/trained/cwe-125/0-c/sec_output
[E 08:48:25 441271] Command: /home/melissa/sven/codeql/cpp/tools/linux64/extractor --mimic /usr/bin/x86_64-linux-gnu-gcc-13 -c 13.c -o 13.o
[E 08:48:25 441271] Checking whether C compilation already happened.
[E 08:48:25 441271] Checking for tag c-compilation-happened
[E 08:48:25 441271] Checking CODEQL_TRACER_DB_ID 000000000006BBAF_0000000000000001
[E 08:48:25 441271] Locking DB /home/melissa/sven/scripts/mydb_350m/working/tags.db
[E 08:48:25 441271] Locked DB /home/melissa/sven/scripts/mydb_350m/working/tags.db
[E 08:48:25 441271] Unlocking DB
[E 08:48:25 441271] Unlocked DB
[E 08:48:25 441271] Exiting as C compilation already happened.
[T 08:48:25 441263] Extractor /home/melissa/sven/codeql/cpp/tools/linux64/extractor terminated with exit code 0.
[T 08:48:25 441272] Initializing tracer.
[T 08:48:25 441272] Initialising tags...
[T 08:48:25 441272] ID set to 000000000006BBB8_0000000000000001 (parent 000000000006BAE9_0000000000000003)
[T 08:48:25 441272] ==== Candidate to intercept: /usr/bin/gcc (canonical: /usr/bin/x86_64-linux-gnu-gcc-13) ====
[T 08:48:25 441272] Lua: === Intercepted call to /usr/bin/x86_64-linux-gnu-gcc-13 ===
[T 08:48:25 441272] Executing the following tracer actions:
[T 08:48:25 441272] Tracer actions:
[T 08:48:25 441272] pre_invocations(0)
[T 08:48:25 441272] post_invocations(1)
[T 08:48:25 441272] invocation: /home/melissa/sven/codeql/cpp/tools/linux64/extractor, args: [--mimic, /usr/bin/x86_64-linux-gnu-gcc-13, -c, 14.c, -o, 14.o]
[T 08:48:25 441272] trace_languages(1): [cpp]
[T 08:48:25 441274] Initializing tracer.
[T 08:48:25 441274] Initialising tags...
[T 08:48:25 441274] ID set to 000000000006BBBA_0000000000000001 (parent 000000000006BBB8_0000000000000001)
[T 08:48:25 441274] ==== Candidate to intercept: /usr/libexec/gcc/x86_64-linux-gnu/13/cc1 (canonical: /usr/libexec/gcc/x86_64-linux-gnu/13/cc1) ====
[T 08:48:25 441274] Lua: === Intercepted call to /usr/libexec/gcc/x86_64-linux-gnu/13/cc1 ===
[T 08:48:25 441274] Executing the following tracer actions:
[T 08:48:25 441274] Tracer actions:
[T 08:48:25 441274] pre_invocations(0)
[T 08:48:25 441274] post_invocations(1)
[T 08:48:25 441274] invocation: /home/melissa/sven/codeql/cpp/tools/linux64/extractor, args: [--mimic, /usr/libexec/gcc/x86_64-linux-gnu/13/cc1, -quiet, -imultiarch, x86_64-linux-gnu, 14.c, -quiet, -dumpbase, 14.c, -dumpbase-ext, .c, -mtune=generic, -march=x86-64, -fasynchronous-unwind-tables, -fstack-protector-strong, -Wformat, -Wformat-security, -fstack-clash-protection, -fcf-protection, -o, /tmp/ccESf6ab.s]
[T 08:48:25 441274] trace_languages(1): [cpp]
[T 08:48:25 441276] Attempting to switch stdout/stderr to 4...
[T 08:48:25 441276] Initializing tracer.
[T 08:48:25 441276] Initialising tags...
[T 08:48:25 441276] ID set to 000000000006BBBC_0000000000000001 (parent 000000000006BBBA_0000000000000001)
[E 08:48:25 441276] CodeQL C/C++ Extractor 2.11.1
[E 08:48:25 441276] Current directory: /home/melissa/sven/experiments/sec_eval/sec-eval-350m-prefix/trained/cwe-125/0-c/sec_output
[E 08:48:25 441276] Command: /home/melissa/sven/codeql/cpp/tools/linux64/extractor --mimic /usr/libexec/gcc/x86_64-linux-gnu/13/cc1 -quiet -imultiarch x86_64-linux-gnu 14.c -quiet -dumpbase 14.c -dumpbase-ext .c -mtune=generic -march=x86-64 -fasynchronous-unwind-tables -fstack-protector-strong -Wformat -Wformat-security -fstack-clash-protection -fcf-protection -o /tmp/ccESf6ab.s
[E 08:48:25 441276] Checking whether C compilation already happened.
[E 08:48:25 441276] Checking for tag c-compilation-happened
[E 08:48:25 441276] Checking CODEQL_TRACER_DB_ID 000000000006BBBA_0000000000000001
[E 08:48:25 441276] Locking DB /home/melissa/sven/scripts/mydb_350m/working/tags.db
[E 08:48:25 441276] Locked DB /home/melissa/sven/scripts/mydb_350m/working/tags.db
[E 08:48:25 441276] Unlocking DB
[E 08:48:25 441276] Unlocked DB
[E 08:48:25 441276] Looks like C compilation didn't already happen.
[E 08:48:25 441276] Checking whether C compilation has been attempted.
[E 08:48:25 441276] Checking for tag c-compilation-attempted
[E 08:48:25 441276] Checking CODEQL_TRACER_DB_ID 000000000006BBBA_0000000000000001
[E 08:48:25 441276] Locking DB /home/melissa/sven/scripts/mydb_350m/working/tags.db
[E 08:48:25 441276] Locked DB /home/melissa/sven/scripts/mydb_350m/working/tags.db
[E 08:48:25 441276] Unlocking DB
[E 08:48:25 441276] Unlocked DB
[E 08:48:25 441276] Marking C compilation as attempted.
[E 08:48:25 441276] Setting tag c-compilation-attempted
[E 08:48:25 441276] Starting from CODEQL_TRACER_DB_ID 000000000006BBBA_0000000000000001
[E 08:48:25 441276] Locking DB /home/melissa/sven/scripts/mydb_350m/working/tags.db
[E 08:48:25 441276] Locked DB /home/melissa/sven/scripts/mydb_350m/working/tags.db
[E 08:48:25 441276] Set tag for 000000000006BBBA_0000000000000001
[E 08:48:25 441276] Set tag for 000000000006BBB8_0000000000000001
[E 08:48:25 441276] Set tag for 000000000006BAE9_0000000000000003
[E 08:48:25 441276] Set tag for 000000000006BAE9_0000000000000002
[E 08:48:25 441276] Set tag for root
[E 08:48:25 441276] Unlocking DB
[E 08:48:25 441276] Unlocked DB
[E 08:48:25 441276] Processed command line: /home/melissa/sven/codeql/cpp/tools/linux64/extractor --trapfolder /home/melissa/sven/scripts/mydb_350m/trap/cpp --src_archive /home/melissa/sven/scripts/mydb_350m/src --mimic_config /home/melissa/sven/scripts/mydb_350m/working/compiler_mimic_cache/a75ad1f49a2f --object_filename /tmp/ccESf6ab.s -w --error_limit 1000 --disable_system_macros --variadic_macros --gcc --gnu_version 130300 --target linux_x86_64 '-D__DBL_MIN_EXP__=(-1021)' -D__UINT_LEAST16_MAX__=0xffff -D__FLT16_HAS_QUIET_NAN__=1 -D__ATOMIC_ACQUIRE=2 -D__FLT128_MAX_10_EXP__=4932 -D__FLT_MIN__=1.17549435082228750796873653722224568e-38F -D__GCC_IEC_559_COMPLEX=2 '-D__UINT_LEAST8_TYPE__=unsigned char' -D__SIZEOF_FLOAT80__=16 -D__BFLT16_DENORM_MIN__=9.18354961579912115600575419704879436e-41BF16 '-D__INTMAX_C(c)=c ## L' -D__CHAR_BIT__=8 -D__UINT8_MAX__=0xff -D__SCHAR_WIDTH__=8 -D__WINT_MAX__=0xffffffffU '-D__FLT32_MIN_EXP__=(-125)' '-D__BFLT16_NORM_MAX__=3.38953138925153547590470800371487867e+38BF16' '-D__BFLT16_MIN_10_EXP__=(-37)' -D__ORDER_LITTLE_ENDIAN__=1234 -D__WCHAR_MAX__=0x7fffffff -D__GCC_HAVE_SYNC_COMPARE_AND_SWAP_2=1 -D__GCC_HAVE_SYNC_COMPARE_AND_SWAP_4=1 -D__GCC_HAVE_SYNC_COMPARE_AND_SWAP_8=1 -D__GCC_ATOMIC_CHAR_LOCK_FREE=2 -D__GCC_IEC_559=2 -D__FLT32X_DECIMAL_DIG__=17 -D__FLT_EVAL_METHOD__=0 -D__FLT64_DECIMAL_DIG__=17 -D__CET__=3 -D__GCC_ATOMIC_CHAR32_T_LOCK_FREE=2 -D__UINT_FAST64_MAX__=0xffffffffffffffffUL -D__SIG_ATOMIC_TYPE__=int '-D__DBL_MIN_10_EXP__=(-307)' -D__FINITE_MATH_ONLY__=0 -D__FLT32X_MAX_EXP__=1024 -D__GCC_HAVE_SYNC_COMPARE_AND_SWAP_1=1 -D__FLT32_HAS_DENORM__=1 -D__UINT_FAST8_MAX__=0xff -D__FLT32_MAX_10_EXP__=38 -D__DEC64_MAX_EXP__=385 '-D__INT8_C(c)=c' -D__INT_LEAST8_WIDTH__=8 -D__UINT_LEAST64_MAX__=0xffffffffffffffffUL -D__SHRT_MAX__=0x7fff '-D__LDBL_MAX__=1.18973149535723176502126385303097021e+4932L' -D__FLT64X_MAX_10_EXP__=4932 -D__BFLT16_MAX_10_EXP__=38 -D__BFLT16_MAX_EXP__=128 -D__LDBL_IS_IEC_60559__=1 -D__FLT64X_HAS_QUIET_NAN__=1 -D__UINT_LEAST8_MAX__=0xff -D__GCC_ATOMIC_BOOL_LOCK_FREE=2 -D__FLT128_DENORM_MIN__=6.47517511943802511092443895822764655e-4966F128 '-D__UINTMAX_TYPE__=long unsigned int' -D__BFLT16_DECIMAL_DIG__=4 -D__linux=1 -D__DEC32_EPSILON__=1E-6DF -D__FLT_EVAL_METHOD_TS_18661_3__=0 -D__UINT32_MAX__=0xffffffffU '-D__DBL_DENORM_MIN__=((double)4.94065645841246544176568792868221372e-324L)' '-D__FLT128_MIN_EXP__=(-16381)' -D__WINT_MIN__=0U '-D__FLT128_MIN_10_EXP__=(-4931)' -D__FLT32X_IS_IEC_60559__=1 -D__INT_LEAST16_WIDTH__=16 -D__SCHAR_MAX__=0x7f -D__FLT128_MANT_DIG__=113 '-D__WCHAR_MIN__=(-__WCHAR_MAX__ - 1)' '-D__INT64_C(c)=c ## L' -D__SSP_STRONG__=3 -D__GCC_ATOMIC_POINTER_LOCK_FREE=2 -D__ATOMIC_SEQ_CST=5 -D__unix=1 -D__INT_LEAST64_MAX__=0x7fffffffffffffffL -D__FLT32X_MANT_DIG__=53 -D__FLT64X_EPSILON__=1.08420217248550443400745280086994171e-19F64x '-D__DEC64_MIN_EXP__=(-382)' -D__DBL_DIG__=15 -D__FLT_EPSILON__=1.19209289550781250000000000000000000e-7F -D__SHRT_WIDTH__=16 -D__FLT32_IS_IEC_60559__=1 -D__LDBL_MIN__=3.36210314311209350626267781732175260e-4932L -D__STDC_UTF_16__=1 -D__DBL_IS_IEC_60559__=1 -D__DEC32_MAX__=9.999999E96DF -D__FLT64X_DENORM_MIN__=3.64519953188247460252840593361941982e-4951F64x -D__FLT32X_HAS_INFINITY__=1 -D__unix__=1 -D__INT_WIDTH__=32 -D__STDC_IEC_559__=1 -D__STDC_ISO_10646__=201706L -D__DECIMAL_DIG__=21 -D__STDC_IEC_559_COMPLEX__=1 -D__FLT64_EPSILON__=2.22044604925031308084726333618164062e-16F64 -D__gnu_linux__=1 -D__FLT128_IS_IEC_60559__=1 '-D__FLT64X_MIN_10_EXP__=(-4931)' -D__LDBL_HAS_QUIET_NAN__=1 '-D__FLT16_MIN_EXP__=(-13)' -D__FLT64_MANT_DIG__=53 -D__FLT64X_MANT_DIG__=64 -D__BFLT16_DIG__=2 -D__pie__=2 -D__MMX__=1 -D__FLT_HAS_DENORM__=1 -D__SIZEOF_LONG_DOUBLE__=16 -D__BIGGEST_ALIGNMENT__=16 -D__FLT64_MAX_10_EXP__=308 -D__BFLT16_IS_IEC_60559__=0 -D__FLT16_MAX_10_EXP__=4 '-D__DBL_MAX__=((double)1.79769313486231570814527423731704357e+308L)' -D__INT_FAST32_MAX__=0x7fffffffffffffffL -D__DBL_HAS_INFINITY__=1 -D__INT64_MAX__=0x7fffffffffffffffL -D__SIZEOF_FLOAT__=4 -D__HAVE_SPECULATION_SAFE_VALUE=1 '-D__DEC32_MIN_EXP__=(-94)' -D__INTPTR_WIDTH__=64 -D__UINT_LEAST32_MAX__=0xffffffffU -D__FLT32X_HAS_DENORM__=1 '-D__INT_FAST16_TYPE__=long int' -D__MMX_WITH_SSE__=1 -D__LDBL_HAS_DENORM__=1 -D__SEG_GS=1 -D__BFLT16_EPSILON__=7.81250000000000000000000000000000000e-3BF16 -D__FLT128_HAS_INFINITY__=1 -D__DEC32_MIN__=1E-95DF -D__DBL_MAX_EXP__=1024 -D__WCHAR_WIDTH__=32 '-D__FLT32_MAX__=3.40282346638528859811704183484516925e+38F32' -D__DEC128_EPSILON__=1E-33DL -D__FLT16_DECIMAL_DIG__=5 -D__SSE2_MATH__=1 -D__ATOMIC_HLE_RELEASE=131072 -D__PTRDIFF_MAX__=0x7fffffffffffffffL -D__amd64=1 -D__ATOMIC_HLE_ACQUIRE=65536 -D__LONG_LONG_MAX__=0x7fffffffffffffffLL -D__SIZEOF_SIZE_T__=8 -D__BFLT16_HAS_INFINITY__=1 '-D__FLT64X_MIN_EXP__=(-16381)' -D__SIZEOF_WINT_T__=4 -D__LONG_LONG_WIDTH__=64 -D__FLT32_MAX_EXP__=128 -D__GXX_ABI_VERSION=1018 '-D__FLT_MIN_EXP__=(-125)' -D__GCC_HAVE_DWARF2_CFI_ASM=1 -D__INT16_MAX__=0x7fff -D__x86_64=1 '-D__INT_FAST64_TYPE__=long int' '-D__BFLT16_MAX__=3.38953138925153547590470800371487867e+38BF16' -D__BFLT16_HAS_DENORM__=1 -D__FLT64_DENORM_MIN__=4.94065645841246544176568792868221372e-324F64 -D__FLT16_DENORM_MIN__=5.96046447753906250000000000000000000e-8F16 -D__FLT128_EPSILON__=1.92592994438723585305597794258492732e-34F128 '-D__FLT64X_NORM_MAX__=1.18973149535723176502126385303097021e+4932F64x' -D__SIZEOF_POINTER__=8 '-D__SIZE_TYPE__=long unsigned int' -D__LP64__=1 -D__DBL_HAS_QUIET_NAN__=1 -D__FLT32X_EPSILON__=2.22044604925031308084726333618164062e-16F32x -D__LDBL_MAX_EXP__=16384 -D__DECIMAL_BID_FORMAT__=1 '-D__FLT64_MIN_EXP__=(-1021)' '-D__FLT64_MIN_10_EXP__=(-307)' '-D__FLT16_MIN_10_EXP__=(-4)' -D__FLT64X_DECIMAL_DIG__=21 -D__DEC128_MIN__=1E-6143DL -D__REGISTER_PREFIX__= -D__UINT16_MAX__=0xffff -D__DBL_HAS_DENORM__=1 -D__FLT32_MIN__=1.17549435082228750796873653722224568e-38F32 '-D__UINT8_TYPE__=unsigned char' -D__FLT_DIG__=6 -D__NO_INLINE__=1 -D__DEC_EVAL_METHOD__=2 -D__FLT_MANT_DIG__=24 -D__LDBL_DECIMAL_DIG__=21 '-D__UINT64_C(c)=c ## UL' -D_STDC_PREDEF_H=1 -D__INT_LEAST32_MAX__=0x7fffffff -D__GCC_ATOMIC_INT_LOCK_FREE=2 -D__FLT128_MAX_EXP__=16384 -D__FLT32_MANT_DIG__=24 -D__FLOAT_WORD_ORDER__=__ORDER_LITTLE_ENDIAN__ '-D__FLT32X_MIN_EXP__=(-1021)' -D__STDC_IEC_60559_COMPLEX__=201404L -D__BFLT16_MIN__=1.17549435082228750796873653722224568e-38BF16 -D__FLT128_HAS_DENORM__=1 -D__FLT32_DECIMAL_DIG__=9 -D__FLT128_DIG__=33 '-D__INT32_C(c)=c' -D__DEC64_EPSILON__=1E-15DD -D__ORDER_PDP_ENDIAN__=3412 '-D__DEC128_MIN_EXP__=(-6142)' -D__DEC128_MAX__=9.999999999999999999999999999999999E6144DL '-D__INT_FAST32_TYPE__=long int' '-D__UINT_LEAST16_TYPE__=short unsigned int' -D__DEC128_MAX_EXP__=6145 -Dunix=1 -D__UINT64_MAX__=0xffffffffffffffffUL -D__FLT_IS_IEC_60559__=1 '-D__GNUC_WIDE_EXECUTION_CHARSET_NAME="UTF-32LE"' -D__FLT64X_DIG__=18 '-D__INT8_TYPE__=signed char' -D__ELF__=1 -D__GCC_ASM_FLAG_OUTPUTS__=1 '-D__UINT32_TYPE__=unsigned int' -D__BFLT16_HAS_QUIET_NAN__=1 -D__FLT_RADIX__=2 '-D__INT_LEAST16_TYPE__=short int' -D__LDBL_EPSILON__=1.08420217248550443400745280086994171e-19L '-D__UINTMAX_C(c)=c ## UL' -D__FLT16_DIG__=3 -D__SSE_MATH__=1 -D__k8=1 -D__FLT32X_MIN__=2.22507385850720138309023271733240406e-308F32x -D__SIG_ATOMIC_MAX__=0x7fffffff -D__GCC_ATOMIC_WCHAR_T_LOCK_FREE=2 -D__USER_LABEL_PREFIX__= -D__STDC_IEC_60559_BFP__=201404L -D__SIZEOF_PTRDIFF_T__=8 -D__FLT64X_HAS_INFINITY__=1 -D__FLT32_HAS_INFINITY__=1 -D__SIZEOF_LONG__=8 -D__LDBL_DIG__=18 -D__FLT64_IS_IEC_60559__=1 -D__x86_64__=1 -D__FLT16_IS_IEC_60559__=1 -D__FLT16_MAX_EXP__=16 -D__DEC32_SUBNORMAL_MIN__=0.000001E-95DF -D__INT_FAST16_MAX__=0x7fffffffffffffffL -D__GCC_CONSTRUCTIVE_SIZE=64 -D__FLT64_DIG__=15 -D__UINT_FAST32_MAX__=0xffffffffffffffffUL '-D__UINT_LEAST64_TYPE__=long unsigned int' -D__FLT16_EPSILON__=9.76562500000000000000000000000000000e-4F16 -D__FLT_HAS_QUIET_NAN__=1 -D__FLT_MAX_10_EXP__=38 -D__LONG_MAX__=0x7fffffffffffffffL -D__FLT64X_HAS_DENORM__=1 -D__DEC128_SUBNORMAL_MIN__=0.000000000000000000000000000000001E-6143DL -D__FLT_HAS_INFINITY__=1 '-D__GNUC_EXECUTION_CHARSET_NAME="UTF-8"' '-D__UINT_FAST16_TYPE__=long unsigned int' -D__DEC64_MAX__=9.999999999999999E384DD -D__INT_FAST32_WIDTH__=64 -D__PRAGMA_REDEFINE_EXTNAME=1 -D__SIZE_WIDTH__=64 -D__SEG_FS=1 -D__INT_LEAST16_MAX__=0x7fff '-D__FLT16_NORM_MAX__=6.55040000000000000000000000000000000e+4F16' -D__DEC64_MANT_DIG__=16 -D__FLT32_DENORM_MIN__=1.40129846432481707092372958328991613e-45F32 -D__SIG_ATOMIC_WIDTH__=32 '-D__INT_LEAST64_TYPE__=long int' '-D__INT16_TYPE__=short int' '-D__INT_LEAST8_TYPE__=signed char' '-D__FLT16_MAX__=6.55040000000000000000000000000000000e+4F16' -D__FLT128_MIN__=3.36210314311209350626267781732175260e-4932F128 -D__SIZEOF_INT__=4 -D__DEC32_MAX_EXP__=97 -D__INT_FAST8_MAX__=0x7f '-D__FLT128_MAX__=1.18973149535723176508575932662800702e+4932F128' -D__INTPTR_MAX__=0x7fffffffffffffffL -Dlinux=1 -D__FLT64_HAS_QUIET_NAN__=1 '-D__FLT32_MIN_10_EXP__=(-37)' -D__FLT32X_DIG__=15 '-D__UINT16_C(c)=c' -D__PTRDIFF_WIDTH__=64 -D__LDBL_MANT_DIG__=64 -D__INT_FAST16_WIDTH__=64 -D__FLT64_HAS_INFINITY__=1 '-D__FLT64X_MAX__=1.18973149535723176502126385303097021e+4932F64x' -D__FLT16_HAS_INFINITY__=1 '-D__SIG_ATOMIC_MIN__=(-__SIG_ATOMIC_MAX__ - 1)' -D__code_model_small__=1 -D__GCC_ATOMIC_LONG_LOCK_FREE=2 -D__DEC32_MANT_DIG__=7 -D__FLT16_MANT_DIG__=11 -D__k8__=1 '-D__INTPTR_TYPE__=long int' '-D__UINT16_TYPE__=short unsigned int' -D__WCHAR_TYPE__=int -D__pic__=2 -D__UINTPTR_MAX__=0xffffffffffffffffUL -D__INT_FAST64_WIDTH__=64 -D__LDBL_HAS_INFINITY__=1 -D__INT_FAST64_MAX__=0x7fffffffffffffffL -D__GCC_ATOMIC_TEST_AND_SET_TRUEVAL=1 '-D__FLT_NORM_MAX__=3.40282346638528859811704183484516925e+38F' -D__FLT64X_MAX_EXP__=16384 '-D__UINT_FAST64_TYPE__=long unsigned int' '-D__BFLT16_MIN_EXP__=(-125)' -D__INT_MAX__=0x7fffffff -D__linux__=1 '-D__INT64_TYPE__=long int' -D__FLT_MAX_EXP__=128 -D__ORDER_BIG_ENDIAN__=4321 -D__DBL_MANT_DIG__=53 -D__SIZEOF_FLOAT128__=16 -D__BFLT16_MANT_DIG__=8 -D__GCC_ATOMIC_CHAR16_T_LOCK_FREE=2 -D__DEC64_MIN__=1E-383DD '-D__WINT_TYPE__=unsigned int' '-D__UINT_LEAST32_TYPE__=unsigned int' -D__SIZEOF_SHORT__=2 '-D__FLT32_NORM_MAX__=3.40282346638528859811704183484516925e+38F32' -D__SSE__=1 '-D__LDBL_MIN_EXP__=(-16381)' '-D__FLT64_MAX__=1.79769313486231570814527423731704357e+308F64' -D__amd64__=1 -D__WINT_WIDTH__=32 -D__INT_LEAST8_MAX__=0x7f -D__INT_LEAST64_WIDTH__=64 -D__FLT32X_MAX_10_EXP__=308 -D__SIZEOF_INT128__=16 -D__FLT16_MIN__=6.10351562500000000000000000000000000e-5F16 -D__FLT64X_IS_IEC_60559__=1 -D__LDBL_MAX_10_EXP__=4932 -D__ATOMIC_RELAXED=0 '-D__DBL_EPSILON__=((double)2.22044604925031308084726333618164062e-16L)' -D__INT_LEAST32_TYPE__=int -D_LP64=1 '-D__UINT8_C(c)=c' -D__FLT64_MAX_EXP__=1024 -D__SIZEOF_WCHAR_T__=4 '-D__UINT64_TYPE__=long unsigned int' '-D__FLT128_NORM_MAX__=1.18973149535723176508575932662800702e+4932F128' '-D__FLT64_NORM_MAX__=1.79769313486231570814527423731704357e+308F64' -D__FLT128_HAS_QUIET_NAN__=1 -D__INTMAX_MAX__=0x7fffffffffffffffL '-D__INT_FAST8_TYPE__=signed char' -D__FLT64X_MIN__=3.36210314311209350626267781732175260e-4932F64x -D__FLT64_HAS_DENORM__=1 -D__FLT32_EPSILON__=1.19209289550781250000000000000000000e-7F32 -D__FLT16_HAS_DENORM__=1 -D__DBL_DECIMAL_DIG__=17 -D__STDC_UTF_32__=1 -D__INT_FAST8_WIDTH__=8 -D__FXSR__=1 '-D__FLT32X_MAX__=1.79769313486231570814527423731704357e+308F32x' '-D__DBL_NORM_MAX__=((double)1.79769313486231570814527423731704357e+308L)' -D__BYTE_ORDER__=__ORDER_LITTLE_ENDIAN__ -D__GCC_DESTRUCTIVE_SIZE=64 -D__INTMAX_WIDTH__=64 -D__FLT32_DIG__=6 '-D__UINT32_C(c)=c ## U' -D__FLT_DENORM_MIN__=1.40129846432481707092372958328991613e-45F -D__INT8_MAX__=0x7f -D__LONG_WIDTH__=64 '-D__DBL_MIN__=((double)2.22507385850720138309023271733240406e-308L)' -D__PIC__=2 -D__INT32_MAX__=0x7fffffff '-D__UINT_FAST32_TYPE__=long unsigned int' '-D__FLT32X_NORM_MAX__=1.79769313486231570814527423731704357e+308F32x' '-D__FLT_MAX__=3.40282346638528859811704183484516925e+38F' -D__SSE2__=1 -D__INT32_TYPE__=int -D__SIZEOF_DOUBLE__=8 '-D__FLT_MIN_10_EXP__=(-37)' -D__FLT64_MIN__=2.22507385850720138309023271733240406e-308F64 -D__INT_LEAST32_WIDTH__=32 '-D__INTMAX_TYPE__=long int' -D__FLT32X_HAS_QUIET_NAN__=1 -D__ATOMIC_CONSUME=1 -D__UINTMAX_MAX__=0xffffffffffffffffUL -D__PIE__=2 -D__FLT32X_DENORM_MIN__=4.94065645841246544176568792868221372e-324F32x -D__DBL_MAX_10_EXP__=308 -D__LDBL_DENORM_MIN__=3.64519953188247460252840593361941982e-4951L '-D__INT16_C(c)=c' '-D__PTRDIFF_TYPE__=long int' '-D__FLT32X_MIN_10_EXP__=(-307)' '-D__UINTPTR_TYPE__=long unsigned int' -D__DEC64_SUBNORMAL_MIN__=0.000000000000001E-383DD -D__DEC128_MANT_DIG__=34 '-D__LDBL_MIN_10_EXP__=(-4931)' -D__SIZEOF_LONG_LONG__=8 -D__FLT128_DECIMAL_DIG__=36 -D__GCC_ATOMIC_LLONG_LOCK_FREE=2 -D__FLT32_HAS_QUIET_NAN__=1 -D__FLT_DECIMAL_DIG__=9 -D__UINT_FAST16_MAX__=0xffffffffffffffffUL '-D__LDBL_NORM_MAX__=1.18973149535723176502126385303097021e+4932L' -D__GCC_ATOMIC_SHORT_LOCK_FREE=2 -D__SIZE_MAX__=0xffffffffffffffffUL '-D__UINT_FAST8_TYPE__=unsigned char' -D__ATOMIC_ACQ_REL=4 -D__ATOMIC_RELEASE=3 -I/usr/lib/gcc/x86_64-linux-gnu/13/include -I/usr/local/include -I/usr/include/x86_64-linux-gnu -I/usr/include -- 14.c
[E 08:48:25 441276] Starting compilation TRAP /home/melissa/sven/scripts/mydb_350m/trap/cpp/compilations/21/2495155_0.trap.br
[E 08:48:25 441276] Archiving /home/melissa/sven/scripts/mydb_350m/src/home/melissa/sven/experiments/sec_eval/sec-eval-350m-prefix/trained/cwe-125/0-c/sec_output/14.c
[E 08:48:25 441276] Already archived /home/melissa/sven/scripts/mydb_350m/src/usr/include/stdio.h
[E 08:48:25 441276] Already archived /home/melissa/sven/scripts/mydb_350m/src/usr/include/x86_64-linux-gnu/bits/libc-header-start.h
[E 08:48:25 441276] Already archived /home/melissa/sven/scripts/mydb_350m/src/usr/include/features.h
[E 08:48:25 441276] Already archived /home/melissa/sven/scripts/mydb_350m/src/usr/include/features-time64.h
[E 08:48:25 441276] Already archived /home/melissa/sven/scripts/mydb_350m/src/usr/include/x86_64-linux-gnu/bits/wordsize.h
[E 08:48:25 441276] Already archived /home/melissa/sven/scripts/mydb_350m/src/usr/include/x86_64-linux-gnu/bits/timesize.h
[E 08:48:25 441276] Already archived /home/melissa/sven/scripts/mydb_350m/src/usr/include/x86_64-linux-gnu/bits/wordsize.h
[E 08:48:25 441276] Already archived /home/melissa/sven/scripts/mydb_350m/src/usr/include/stdc-predef.h
[E 08:48:25 441276] Already archived /home/melissa/sven/scripts/mydb_350m/src/usr/include/x86_64-linux-gnu/sys/cdefs.h
[E 08:48:25 441276] Already archived /home/melissa/sven/scripts/mydb_350m/src/usr/include/x86_64-linux-gnu/bits/wordsize.h
[E 08:48:25 441276] Already archived /home/melissa/sven/scripts/mydb_350m/src/usr/include/x86_64-linux-gnu/bits/long-double.h
[E 08:48:25 441276] Already archived /home/melissa/sven/scripts/mydb_350m/src/usr/include/x86_64-linux-gnu/gnu/stubs.h
[E 08:48:25 441276] Already archived /home/melissa/sven/scripts/mydb_350m/src/usr/include/x86_64-linux-gnu/gnu/stubs-64.h
[E 08:48:25 441276] Already archived /home/melissa/sven/scripts/mydb_350m/src/usr/lib/gcc/x86_64-linux-gnu/13/include/stddef.h
[E 08:48:25 441276] Already archived /home/melissa/sven/scripts/mydb_350m/src/usr/lib/gcc/x86_64-linux-gnu/13/include/stdarg.h
[E 08:48:25 441276] Already archived /home/melissa/sven/scripts/mydb_350m/src/usr/include/x86_64-linux-gnu/bits/types.h
[E 08:48:25 441276] Already archived /home/melissa/sven/scripts/mydb_350m/src/usr/include/x86_64-linux-gnu/bits/wordsize.h
[E 08:48:25 441276] Already archived /home/melissa/sven/scripts/mydb_350m/src/usr/include/x86_64-linux-gnu/bits/timesize.h
[E 08:48:25 441276] Already archived /home/melissa/sven/scripts/mydb_350m/src/usr/include/x86_64-linux-gnu/bits/wordsize.h
[E 08:48:25 441276] Already archived /home/melissa/sven/scripts/mydb_350m/src/usr/include/x86_64-linux-gnu/bits/typesizes.h
[E 08:48:25 441276] Already archived /home/melissa/sven/scripts/mydb_350m/src/usr/include/x86_64-linux-gnu/bits/time64.h
[E 08:48:25 441276] Already archived /home/melissa/sven/scripts/mydb_350m/src/usr/include/x86_64-linux-gnu/bits/types/__fpos_t.h
[E 08:48:25 441276] Already archived /home/melissa/sven/scripts/mydb_350m/src/usr/include/x86_64-linux-gnu/bits/types/__mbstate_t.h
[E 08:48:25 441276] Already archived /home/melissa/sven/scripts/mydb_350m/src/usr/include/x86_64-linux-gnu/bits/types/__fpos64_t.h
[E 08:48:25 441276] Already archived /home/melissa/sven/scripts/mydb_350m/src/usr/include/x86_64-linux-gnu/bits/types/__FILE.h
[E 08:48:25 441276] Already archived /home/melissa/sven/scripts/mydb_350m/src/usr/include/x86_64-linux-gnu/bits/types/FILE.h
[E 08:48:25 441276] Already archived /home/melissa/sven/scripts/mydb_350m/src/usr/include/x86_64-linux-gnu/bits/types/struct_FILE.h
[E 08:48:25 441276] Already archived /home/melissa/sven/scripts/mydb_350m/src/usr/include/x86_64-linux-gnu/bits/types/cookie_io_functions_t.h
[E 08:48:25 441276] Already archived /home/melissa/sven/scripts/mydb_350m/src/usr/include/x86_64-linux-gnu/bits/stdio_lim.h
[E 08:48:25 441276] Already archived /home/melissa/sven/scripts/mydb_350m/src/usr/include/x86_64-linux-gnu/bits/floatn.h
[E 08:48:25 441276] Already archived /home/melissa/sven/scripts/mydb_350m/src/usr/include/x86_64-linux-gnu/bits/floatn-common.h
[E 08:48:25 441276] Already archived /home/melissa/sven/scripts/mydb_350m/src/usr/include/x86_64-linux-gnu/bits/long-double.h
[E 08:48:25 441276] Already archived /home/melissa/sven/scripts/mydb_350m/src/usr/include/stdlib.h
[E 08:48:25 441276] Already archived /home/melissa/sven/scripts/mydb_350m/src/usr/include/x86_64-linux-gnu/bits/libc-header-start.h
[E 08:48:25 441276] Already archived /home/melissa/sven/scripts/mydb_350m/src/usr/lib/gcc/x86_64-linux-gnu/13/include/stddef.h
[E 08:48:25 441276] Already archived /home/melissa/sven/scripts/mydb_350m/src/usr/include/x86_64-linux-gnu/bits/waitflags.h
[E 08:48:25 441276] Already archived /home/melissa/sven/scripts/mydb_350m/src/usr/include/x86_64-linux-gnu/bits/waitstatus.h
[E 08:48:25 441276] Already archived /home/melissa/sven/scripts/mydb_350m/src/usr/include/x86_64-linux-gnu/sys/types.h
[E 08:48:25 441276] Already archived /home/melissa/sven/scripts/mydb_350m/src/usr/include/x86_64-linux-gnu/bits/types/clock_t.h
[E 08:48:25 441276] Already archived /home/melissa/sven/scripts/mydb_350m/src/usr/include/x86_64-linux-gnu/bits/types/clockid_t.h
[E 08:48:25 441276] Already archived /home/melissa/sven/scripts/mydb_350m/src/usr/include/x86_64-linux-gnu/bits/types/time_t.h
[E 08:48:25 441276] Already archived /home/melissa/sven/scripts/mydb_350m/src/usr/include/x86_64-linux-gnu/bits/types/timer_t.h
[E 08:48:25 441276] Already archived /home/melissa/sven/scripts/mydb_350m/src/usr/lib/gcc/x86_64-linux-gnu/13/include/stddef.h
[E 08:48:25 441276] Already archived /home/melissa/sven/scripts/mydb_350m/src/usr/include/x86_64-linux-gnu/bits/stdint-intn.h
[E 08:48:25 441276] Already archived /home/melissa/sven/scripts/mydb_350m/src/usr/include/endian.h
[E 08:48:25 441276] Already archived /home/melissa/sven/scripts/mydb_350m/src/usr/include/x86_64-linux-gnu/bits/endian.h
[E 08:48:25 441276] Already archived /home/melissa/sven/scripts/mydb_350m/src/usr/include/x86_64-linux-gnu/bits/endianness.h
[E 08:48:25 441276] Already archived /home/melissa/sven/scripts/mydb_350m/src/usr/include/x86_64-linux-gnu/bits/byteswap.h
[E 08:48:25 441276] Already archived /home/melissa/sven/scripts/mydb_350m/src/usr/include/x86_64-linux-gnu/bits/uintn-identity.h
[E 08:48:25 441276] Already archived /home/melissa/sven/scripts/mydb_350m/src/usr/include/x86_64-linux-gnu/sys/select.h
[E 08:48:25 441276] Already archived /home/melissa/sven/scripts/mydb_350m/src/usr/include/x86_64-linux-gnu/bits/select.h
[E 08:48:25 441276] Already archived /home/melissa/sven/scripts/mydb_350m/src/usr/include/x86_64-linux-gnu/bits/types/sigset_t.h
[E 08:48:25 441276] Already archived /home/melissa/sven/scripts/mydb_350m/src/usr/include/x86_64-linux-gnu/bits/types/__sigset_t.h
[E 08:48:25 441276] Already archived /home/melissa/sven/scripts/mydb_350m/src/usr/include/x86_64-linux-gnu/bits/types/struct_timeval.h
[E 08:48:25 441276] Already archived /home/melissa/sven/scripts/mydb_350m/src/usr/include/x86_64-linux-gnu/bits/types/struct_timespec.h
[E 08:48:25 441276] Already archived /home/melissa/sven/scripts/mydb_350m/src/usr/include/x86_64-linux-gnu/bits/pthreadtypes.h
[E 08:48:25 441276] Already archived /home/melissa/sven/scripts/mydb_350m/src/usr/include/x86_64-linux-gnu/bits/thread-shared-types.h
[E 08:48:25 441276] Already archived /home/melissa/sven/scripts/mydb_350m/src/usr/include/x86_64-linux-gnu/bits/pthreadtypes-arch.h
[E 08:48:25 441276] Already archived /home/melissa/sven/scripts/mydb_350m/src/usr/include/x86_64-linux-gnu/bits/wordsize.h
[E 08:48:25 441276] Already archived /home/melissa/sven/scripts/mydb_350m/src/usr/include/x86_64-linux-gnu/bits/atomic_wide_counter.h
[E 08:48:25 441276] Already archived /home/melissa/sven/scripts/mydb_350m/src/usr/include/x86_64-linux-gnu/bits/struct_mutex.h
[E 08:48:25 441276] Already archived /home/melissa/sven/scripts/mydb_350m/src/usr/include/x86_64-linux-gnu/bits/struct_rwlock.h
[E 08:48:25 441276] Already archived /home/melissa/sven/scripts/mydb_350m/src/usr/include/alloca.h
[E 08:48:25 441276] Already archived /home/melissa/sven/scripts/mydb_350m/src/usr/lib/gcc/x86_64-linux-gnu/13/include/stddef.h
[E 08:48:25 441276] Already archived /home/melissa/sven/scripts/mydb_350m/src/usr/include/x86_64-linux-gnu/bits/stdlib-float.h
[E 08:48:25 441276] Creating trap tarball /home/melissa/sven/scripts/mydb_350m/trap/cpp/tarballs/home/melissa/sven/experiments/sec_eval/sec-eval-350m-prefix/trained/cwe-125/0-c/sec_output/14.c.699122e3_0.trap.tar.br
[E 08:48:25 441276] Emitting trap files for 14.c
[E 08:48:25 441276] Opening existencedb in /home/melissa/sven/scripts/mydb_350m/working/existencedb/db
[E 08:48:25 441276] Warning[extractor-c++]: In index_attribute_arg: Unknown kind 5.
[E 08:48:25 441276] Warning[extractor-c++]: In index_attribute_arg: Unknown kind 5.
[E 08:48:25 441276] Warning[extractor-c++]: In index_attribute_arg: Unknown kind 5.
[E 08:48:25 441276] Warning[extractor-c++]: In index_attribute_arg: Unknown kind 5.
[E 08:48:25 441276] Warning[extractor-c++]: In index_attribute_arg: Unknown kind 5.
[E 08:48:25 441276] Warning[extractor-c++]: In index_attribute_arg: Unknown kind 5.
[E 08:48:25 441276] Warning[extractor-c++]: In index_attribute_arg: Unknown kind 5.
[E 08:48:25 441276] Warning[extractor-c++]: In index_attribute_arg: Unknown kind 5.
[E 08:48:25 441276] Warning[extractor-c++]: In index_attribute_arg: Unknown kind 5.
[E 08:48:25 441276] Warning[extractor-c++]: In index_attribute_arg: Unknown kind 5.
[E 08:48:25 441276] Wrote 1 files to /home/melissa/sven/scripts/mydb_350m/trap/cpp/tarballs/home/melissa/sven/experiments/sec_eval/sec-eval-350m-prefix/trained/cwe-125/0-c/sec_output/14.c.699122e3_0.trap.tar.br
[E 08:48:25 441276] Finished compilation TRAP /home/melissa/sven/scripts/mydb_350m/trap/cpp/compilations/21/2495155_0.trap.br
[E 08:48:25 441276] Marking C compilation as happened.
[E 08:48:25 441276] Setting tag c-compilation-happened
[E 08:48:25 441276] Starting from CODEQL_TRACER_DB_ID 000000000006BBBA_0000000000000001
[E 08:48:25 441276] Locking DB /home/melissa/sven/scripts/mydb_350m/working/tags.db
[E 08:48:25 441276] Locked DB /home/melissa/sven/scripts/mydb_350m/working/tags.db
[E 08:48:25 441276] Set tag for 000000000006BBBA_0000000000000001
[E 08:48:25 441276] Set tag for 000000000006BBB8_0000000000000001
[E 08:48:25 441276] Set tag for 000000000006BAE9_0000000000000003
[E 08:48:25 441276] Set tag for 000000000006BAE9_0000000000000002
[E 08:48:25 441276] Set tag for root
[E 08:48:25 441276] Unlocking DB
[E 08:48:25 441276] Unlocked DB
[T 08:48:25 441274] Extractor /home/melissa/sven/codeql/cpp/tools/linux64/extractor terminated with exit code 0.
[T 08:48:25 441277] Initializing tracer.
[T 08:48:25 441277] Initialising tags...
[T 08:48:25 441277] ID set to 000000000006BBBD_0000000000000001 (parent 000000000006BBB8_0000000000000001)
[T 08:48:25 441277] ==== Candidate to intercept: as (canonical: as) ====
[T 08:48:25 441277] Will try to resolve as in path /home/melissa/sonar-scanner/bin:/home/melissa/anaconda3/envs/sven-env/bin:/home/melissa/miniconda3/condabin:/home/melissa/.vscode-server/cli/servers/Stable-c306e94f98122556ca081f527b466015e1bc37b0/server/bin/remote-cli:/usr/local/sbin:/usr/local/bin:/usr/sbin:/usr/bin:/sbin:/bin:/usr/games:/usr/local/games:/snap/bin:/home/melissa/.vscode-server/extensions/ms-python.debugpy-2025.14.1-linux-x64/bundled/scripts/noConfigScripts:/home/melissa/.vscode-server/data/User/globalStorage/github.copilot-chat/debugCommand:/home/melissa/codeql.
[T 08:48:25 441277]  -> path lookup for as as /home/melissa/sonar-scanner/bin/as...
[T 08:48:25 441277]  -> path lookup for as as /home/melissa/anaconda3/envs/sven-env/bin/as...
[T 08:48:25 441277]  -> path lookup for as as /home/melissa/miniconda3/condabin/as...
[T 08:48:25 441277]  -> path lookup for as as /home/melissa/.vscode-server/cli/servers/Stable-c306e94f98122556ca081f527b466015e1bc37b0/server/bin/remote-cli/as...
[T 08:48:25 441277]  -> path lookup for as as /usr/local/sbin/as...
[T 08:48:25 441277]  -> path lookup for as as /usr/local/bin/as...
[T 08:48:25 441277]  -> path lookup for as as /usr/sbin/as...
[T 08:48:25 441277]  -> path lookup for as as /usr/bin/as...
[T 08:48:25 441277] Resolved barename as to /usr/bin/as
[T 08:48:25 441277] Lua: === Intercepted call to /usr/bin/as ===
[T 08:48:25 441277] Executing the following tracer actions:
[T 08:48:25 441277] Tracer actions:
[T 08:48:25 441277] pre_invocations(0)
[T 08:48:25 441277] post_invocations(1)
[T 08:48:25 441277] invocation: /home/melissa/sven/codeql/cpp/tools/linux64/extractor, args: [--assembler, --codeql-assembler-executable, /usr/bin/as, --64, -o, 14.o, /tmp/ccESf6ab.s]
[T 08:48:25 441277] trace_languages(1): [cpp]
[T 08:48:25 441279] Attempting to switch stdout/stderr to 4...
[T 08:48:25 441279] Initializing tracer.
[T 08:48:25 441279] Initialising tags...
[T 08:48:25 441279] ID set to 000000000006BBBF_0000000000000001 (parent 000000000006BBBD_0000000000000001)
[E 08:48:25 441279] CodeQL C/C++ Extractor 2.11.1
[E 08:48:25 441279] Current directory: /home/melissa/sven/experiments/sec_eval/sec-eval-350m-prefix/trained/cwe-125/0-c/sec_output
[E 08:48:25 441279] Command: /home/melissa/sven/codeql/cpp/tools/linux64/extractor --assembler --codeql-assembler-executable /usr/bin/as --64 -o 14.o /tmp/ccESf6ab.s
[T 08:48:25 441277] Extractor /home/melissa/sven/codeql/cpp/tools/linux64/extractor terminated with exit code 0.
[T 08:48:25 441280] Attempting to switch stdout/stderr to 4...
[T 08:48:25 441280] Initializing tracer.
[T 08:48:25 441280] Initialising tags...
[T 08:48:25 441280] ID set to 000000000006BBC0_0000000000000001 (parent 000000000006BBB8_0000000000000001)
[E 08:48:25 441280] CodeQL C/C++ Extractor 2.11.1
[E 08:48:25 441280] Current directory: /home/melissa/sven/experiments/sec_eval/sec-eval-350m-prefix/trained/cwe-125/0-c/sec_output
[E 08:48:25 441280] Command: /home/melissa/sven/codeql/cpp/tools/linux64/extractor --mimic /usr/bin/x86_64-linux-gnu-gcc-13 -c 14.c -o 14.o
[E 08:48:25 441280] Checking whether C compilation already happened.
[E 08:48:25 441280] Checking for tag c-compilation-happened
[E 08:48:25 441280] Checking CODEQL_TRACER_DB_ID 000000000006BBB8_0000000000000001
[E 08:48:25 441280] Locking DB /home/melissa/sven/scripts/mydb_350m/working/tags.db
[E 08:48:25 441280] Locked DB /home/melissa/sven/scripts/mydb_350m/working/tags.db
[E 08:48:25 441280] Unlocking DB
[E 08:48:25 441280] Unlocked DB
[E 08:48:25 441280] Exiting as C compilation already happened.
[T 08:48:25 441272] Extractor /home/melissa/sven/codeql/cpp/tools/linux64/extractor terminated with exit code 0.
[T 08:48:25 441281] Initializing tracer.
[T 08:48:25 441281] Initialising tags...
[T 08:48:25 441281] ID set to 000000000006BBC1_0000000000000001 (parent 000000000006BAE9_0000000000000003)
[T 08:48:25 441281] ==== Candidate to intercept: /usr/bin/gcc (canonical: /usr/bin/x86_64-linux-gnu-gcc-13) ====
[T 08:48:25 441281] Lua: === Intercepted call to /usr/bin/x86_64-linux-gnu-gcc-13 ===
[T 08:48:25 441281] Executing the following tracer actions:
[T 08:48:25 441281] Tracer actions:
[T 08:48:25 441281] pre_invocations(0)
[T 08:48:25 441281] post_invocations(1)
[T 08:48:25 441281] invocation: /home/melissa/sven/codeql/cpp/tools/linux64/extractor, args: [--mimic, /usr/bin/x86_64-linux-gnu-gcc-13, -c, 15.c, -o, 15.o]
[T 08:48:25 441281] trace_languages(1): [cpp]
[T 08:48:25 441283] Initializing tracer.
[T 08:48:25 441283] Initialising tags...
[T 08:48:25 441283] ID set to 000000000006BBC3_0000000000000001 (parent 000000000006BBC1_0000000000000001)
[T 08:48:25 441283] ==== Candidate to intercept: /usr/libexec/gcc/x86_64-linux-gnu/13/cc1 (canonical: /usr/libexec/gcc/x86_64-linux-gnu/13/cc1) ====
[T 08:48:25 441283] Lua: === Intercepted call to /usr/libexec/gcc/x86_64-linux-gnu/13/cc1 ===
[T 08:48:25 441283] Executing the following tracer actions:
[T 08:48:25 441283] Tracer actions:
[T 08:48:25 441283] pre_invocations(0)
[T 08:48:25 441283] post_invocations(1)
[T 08:48:25 441283] invocation: /home/melissa/sven/codeql/cpp/tools/linux64/extractor, args: [--mimic, /usr/libexec/gcc/x86_64-linux-gnu/13/cc1, -quiet, -imultiarch, x86_64-linux-gnu, 15.c, -quiet, -dumpbase, 15.c, -dumpbase-ext, .c, -mtune=generic, -march=x86-64, -fasynchronous-unwind-tables, -fstack-protector-strong, -Wformat, -Wformat-security, -fstack-clash-protection, -fcf-protection, -o, /tmp/cciZe8MT.s]
[T 08:48:25 441283] trace_languages(1): [cpp]
[T 08:48:25 441285] Attempting to switch stdout/stderr to 4...
[T 08:48:25 441285] Initializing tracer.
[T 08:48:25 441285] Initialising tags...
[T 08:48:25 441285] ID set to 000000000006BBC5_0000000000000001 (parent 000000000006BBC3_0000000000000001)
[E 08:48:25 441285] CodeQL C/C++ Extractor 2.11.1
[E 08:48:25 441285] Current directory: /home/melissa/sven/experiments/sec_eval/sec-eval-350m-prefix/trained/cwe-125/0-c/sec_output
[E 08:48:25 441285] Command: /home/melissa/sven/codeql/cpp/tools/linux64/extractor --mimic /usr/libexec/gcc/x86_64-linux-gnu/13/cc1 -quiet -imultiarch x86_64-linux-gnu 15.c -quiet -dumpbase 15.c -dumpbase-ext .c -mtune=generic -march=x86-64 -fasynchronous-unwind-tables -fstack-protector-strong -Wformat -Wformat-security -fstack-clash-protection -fcf-protection -o /tmp/cciZe8MT.s
[E 08:48:25 441285] Checking whether C compilation already happened.
[E 08:48:25 441285] Checking for tag c-compilation-happened
[E 08:48:25 441285] Checking CODEQL_TRACER_DB_ID 000000000006BBC3_0000000000000001
[E 08:48:25 441285] Locking DB /home/melissa/sven/scripts/mydb_350m/working/tags.db
[E 08:48:25 441285] Locked DB /home/melissa/sven/scripts/mydb_350m/working/tags.db
[E 08:48:25 441285] Unlocking DB
[E 08:48:25 441285] Unlocked DB
[E 08:48:25 441285] Looks like C compilation didn't already happen.
[E 08:48:25 441285] Checking whether C compilation has been attempted.
[E 08:48:25 441285] Checking for tag c-compilation-attempted
[E 08:48:25 441285] Checking CODEQL_TRACER_DB_ID 000000000006BBC3_0000000000000001
[E 08:48:25 441285] Locking DB /home/melissa/sven/scripts/mydb_350m/working/tags.db
[E 08:48:25 441285] Locked DB /home/melissa/sven/scripts/mydb_350m/working/tags.db
[E 08:48:25 441285] Unlocking DB
[E 08:48:25 441285] Unlocked DB
[E 08:48:25 441285] Marking C compilation as attempted.
[E 08:48:25 441285] Setting tag c-compilation-attempted
[E 08:48:25 441285] Starting from CODEQL_TRACER_DB_ID 000000000006BBC3_0000000000000001
[E 08:48:25 441285] Locking DB /home/melissa/sven/scripts/mydb_350m/working/tags.db
[E 08:48:25 441285] Locked DB /home/melissa/sven/scripts/mydb_350m/working/tags.db
[E 08:48:25 441285] Set tag for 000000000006BBC3_0000000000000001
[E 08:48:25 441285] Set tag for 000000000006BBC1_0000000000000001
[E 08:48:25 441285] Set tag for 000000000006BAE9_0000000000000003
[E 08:48:25 441285] Set tag for 000000000006BAE9_0000000000000002
[E 08:48:25 441285] Set tag for root
[E 08:48:25 441285] Unlocking DB
[E 08:48:25 441285] Unlocked DB
[E 08:48:25 441285] Processed command line: /home/melissa/sven/codeql/cpp/tools/linux64/extractor --trapfolder /home/melissa/sven/scripts/mydb_350m/trap/cpp --src_archive /home/melissa/sven/scripts/mydb_350m/src --mimic_config /home/melissa/sven/scripts/mydb_350m/working/compiler_mimic_cache/a75ad1f49a2f --object_filename /tmp/cciZe8MT.s -w --error_limit 1000 --disable_system_macros --variadic_macros --gcc --gnu_version 130300 --target linux_x86_64 '-D__DBL_MIN_EXP__=(-1021)' -D__UINT_LEAST16_MAX__=0xffff -D__FLT16_HAS_QUIET_NAN__=1 -D__ATOMIC_ACQUIRE=2 -D__FLT128_MAX_10_EXP__=4932 -D__FLT_MIN__=1.17549435082228750796873653722224568e-38F -D__GCC_IEC_559_COMPLEX=2 '-D__UINT_LEAST8_TYPE__=unsigned char' -D__SIZEOF_FLOAT80__=16 -D__BFLT16_DENORM_MIN__=9.18354961579912115600575419704879436e-41BF16 '-D__INTMAX_C(c)=c ## L' -D__CHAR_BIT__=8 -D__UINT8_MAX__=0xff -D__SCHAR_WIDTH__=8 -D__WINT_MAX__=0xffffffffU '-D__FLT32_MIN_EXP__=(-125)' '-D__BFLT16_NORM_MAX__=3.38953138925153547590470800371487867e+38BF16' '-D__BFLT16_MIN_10_EXP__=(-37)' -D__ORDER_LITTLE_ENDIAN__=1234 -D__WCHAR_MAX__=0x7fffffff -D__GCC_HAVE_SYNC_COMPARE_AND_SWAP_2=1 -D__GCC_HAVE_SYNC_COMPARE_AND_SWAP_4=1 -D__GCC_HAVE_SYNC_COMPARE_AND_SWAP_8=1 -D__GCC_ATOMIC_CHAR_LOCK_FREE=2 -D__GCC_IEC_559=2 -D__FLT32X_DECIMAL_DIG__=17 -D__FLT_EVAL_METHOD__=0 -D__FLT64_DECIMAL_DIG__=17 -D__CET__=3 -D__GCC_ATOMIC_CHAR32_T_LOCK_FREE=2 -D__UINT_FAST64_MAX__=0xffffffffffffffffUL -D__SIG_ATOMIC_TYPE__=int '-D__DBL_MIN_10_EXP__=(-307)' -D__FINITE_MATH_ONLY__=0 -D__FLT32X_MAX_EXP__=1024 -D__GCC_HAVE_SYNC_COMPARE_AND_SWAP_1=1 -D__FLT32_HAS_DENORM__=1 -D__UINT_FAST8_MAX__=0xff -D__FLT32_MAX_10_EXP__=38 -D__DEC64_MAX_EXP__=385 '-D__INT8_C(c)=c' -D__INT_LEAST8_WIDTH__=8 -D__UINT_LEAST64_MAX__=0xffffffffffffffffUL -D__SHRT_MAX__=0x7fff '-D__LDBL_MAX__=1.18973149535723176502126385303097021e+4932L' -D__FLT64X_MAX_10_EXP__=4932 -D__BFLT16_MAX_10_EXP__=38 -D__BFLT16_MAX_EXP__=128 -D__LDBL_IS_IEC_60559__=1 -D__FLT64X_HAS_QUIET_NAN__=1 -D__UINT_LEAST8_MAX__=0xff -D__GCC_ATOMIC_BOOL_LOCK_FREE=2 -D__FLT128_DENORM_MIN__=6.47517511943802511092443895822764655e-4966F128 '-D__UINTMAX_TYPE__=long unsigned int' -D__BFLT16_DECIMAL_DIG__=4 -D__linux=1 -D__DEC32_EPSILON__=1E-6DF -D__FLT_EVAL_METHOD_TS_18661_3__=0 -D__UINT32_MAX__=0xffffffffU '-D__DBL_DENORM_MIN__=((double)4.94065645841246544176568792868221372e-324L)' '-D__FLT128_MIN_EXP__=(-16381)' -D__WINT_MIN__=0U '-D__FLT128_MIN_10_EXP__=(-4931)' -D__FLT32X_IS_IEC_60559__=1 -D__INT_LEAST16_WIDTH__=16 -D__SCHAR_MAX__=0x7f -D__FLT128_MANT_DIG__=113 '-D__WCHAR_MIN__=(-__WCHAR_MAX__ - 1)' '-D__INT64_C(c)=c ## L' -D__SSP_STRONG__=3 -D__GCC_ATOMIC_POINTER_LOCK_FREE=2 -D__ATOMIC_SEQ_CST=5 -D__unix=1 -D__INT_LEAST64_MAX__=0x7fffffffffffffffL -D__FLT32X_MANT_DIG__=53 -D__FLT64X_EPSILON__=1.08420217248550443400745280086994171e-19F64x '-D__DEC64_MIN_EXP__=(-382)' -D__DBL_DIG__=15 -D__FLT_EPSILON__=1.19209289550781250000000000000000000e-7F -D__SHRT_WIDTH__=16 -D__FLT32_IS_IEC_60559__=1 -D__LDBL_MIN__=3.36210314311209350626267781732175260e-4932L -D__STDC_UTF_16__=1 -D__DBL_IS_IEC_60559__=1 -D__DEC32_MAX__=9.999999E96DF -D__FLT64X_DENORM_MIN__=3.64519953188247460252840593361941982e-4951F64x -D__FLT32X_HAS_INFINITY__=1 -D__unix__=1 -D__INT_WIDTH__=32 -D__STDC_IEC_559__=1 -D__STDC_ISO_10646__=201706L -D__DECIMAL_DIG__=21 -D__STDC_IEC_559_COMPLEX__=1 -D__FLT64_EPSILON__=2.22044604925031308084726333618164062e-16F64 -D__gnu_linux__=1 -D__FLT128_IS_IEC_60559__=1 '-D__FLT64X_MIN_10_EXP__=(-4931)' -D__LDBL_HAS_QUIET_NAN__=1 '-D__FLT16_MIN_EXP__=(-13)' -D__FLT64_MANT_DIG__=53 -D__FLT64X_MANT_DIG__=64 -D__BFLT16_DIG__=2 -D__pie__=2 -D__MMX__=1 -D__FLT_HAS_DENORM__=1 -D__SIZEOF_LONG_DOUBLE__=16 -D__BIGGEST_ALIGNMENT__=16 -D__FLT64_MAX_10_EXP__=308 -D__BFLT16_IS_IEC_60559__=0 -D__FLT16_MAX_10_EXP__=4 '-D__DBL_MAX__=((double)1.79769313486231570814527423731704357e+308L)' -D__INT_FAST32_MAX__=0x7fffffffffffffffL -D__DBL_HAS_INFINITY__=1 -D__INT64_MAX__=0x7fffffffffffffffL -D__SIZEOF_FLOAT__=4 -D__HAVE_SPECULATION_SAFE_VALUE=1 '-D__DEC32_MIN_EXP__=(-94)' -D__INTPTR_WIDTH__=64 -D__UINT_LEAST32_MAX__=0xffffffffU -D__FLT32X_HAS_DENORM__=1 '-D__INT_FAST16_TYPE__=long int' -D__MMX_WITH_SSE__=1 -D__LDBL_HAS_DENORM__=1 -D__SEG_GS=1 -D__BFLT16_EPSILON__=7.81250000000000000000000000000000000e-3BF16 -D__FLT128_HAS_INFINITY__=1 -D__DEC32_MIN__=1E-95DF -D__DBL_MAX_EXP__=1024 -D__WCHAR_WIDTH__=32 '-D__FLT32_MAX__=3.40282346638528859811704183484516925e+38F32' -D__DEC128_EPSILON__=1E-33DL -D__FLT16_DECIMAL_DIG__=5 -D__SSE2_MATH__=1 -D__ATOMIC_HLE_RELEASE=131072 -D__PTRDIFF_MAX__=0x7fffffffffffffffL -D__amd64=1 -D__ATOMIC_HLE_ACQUIRE=65536 -D__LONG_LONG_MAX__=0x7fffffffffffffffLL -D__SIZEOF_SIZE_T__=8 -D__BFLT16_HAS_INFINITY__=1 '-D__FLT64X_MIN_EXP__=(-16381)' -D__SIZEOF_WINT_T__=4 -D__LONG_LONG_WIDTH__=64 -D__FLT32_MAX_EXP__=128 -D__GXX_ABI_VERSION=1018 '-D__FLT_MIN_EXP__=(-125)' -D__GCC_HAVE_DWARF2_CFI_ASM=1 -D__INT16_MAX__=0x7fff -D__x86_64=1 '-D__INT_FAST64_TYPE__=long int' '-D__BFLT16_MAX__=3.38953138925153547590470800371487867e+38BF16' -D__BFLT16_HAS_DENORM__=1 -D__FLT64_DENORM_MIN__=4.94065645841246544176568792868221372e-324F64 -D__FLT16_DENORM_MIN__=5.96046447753906250000000000000000000e-8F16 -D__FLT128_EPSILON__=1.92592994438723585305597794258492732e-34F128 '-D__FLT64X_NORM_MAX__=1.18973149535723176502126385303097021e+4932F64x' -D__SIZEOF_POINTER__=8 '-D__SIZE_TYPE__=long unsigned int' -D__LP64__=1 -D__DBL_HAS_QUIET_NAN__=1 -D__FLT32X_EPSILON__=2.22044604925031308084726333618164062e-16F32x -D__LDBL_MAX_EXP__=16384 -D__DECIMAL_BID_FORMAT__=1 '-D__FLT64_MIN_EXP__=(-1021)' '-D__FLT64_MIN_10_EXP__=(-307)' '-D__FLT16_MIN_10_EXP__=(-4)' -D__FLT64X_DECIMAL_DIG__=21 -D__DEC128_MIN__=1E-6143DL -D__REGISTER_PREFIX__= -D__UINT16_MAX__=0xffff -D__DBL_HAS_DENORM__=1 -D__FLT32_MIN__=1.17549435082228750796873653722224568e-38F32 '-D__UINT8_TYPE__=unsigned char' -D__FLT_DIG__=6 -D__NO_INLINE__=1 -D__DEC_EVAL_METHOD__=2 -D__FLT_MANT_DIG__=24 -D__LDBL_DECIMAL_DIG__=21 '-D__UINT64_C(c)=c ## UL' -D_STDC_PREDEF_H=1 -D__INT_LEAST32_MAX__=0x7fffffff -D__GCC_ATOMIC_INT_LOCK_FREE=2 -D__FLT128_MAX_EXP__=16384 -D__FLT32_MANT_DIG__=24 -D__FLOAT_WORD_ORDER__=__ORDER_LITTLE_ENDIAN__ '-D__FLT32X_MIN_EXP__=(-1021)' -D__STDC_IEC_60559_COMPLEX__=201404L -D__BFLT16_MIN__=1.17549435082228750796873653722224568e-38BF16 -D__FLT128_HAS_DENORM__=1 -D__FLT32_DECIMAL_DIG__=9 -D__FLT128_DIG__=33 '-D__INT32_C(c)=c' -D__DEC64_EPSILON__=1E-15DD -D__ORDER_PDP_ENDIAN__=3412 '-D__DEC128_MIN_EXP__=(-6142)' -D__DEC128_MAX__=9.999999999999999999999999999999999E6144DL '-D__INT_FAST32_TYPE__=long int' '-D__UINT_LEAST16_TYPE__=short unsigned int' -D__DEC128_MAX_EXP__=6145 -Dunix=1 -D__UINT64_MAX__=0xffffffffffffffffUL -D__FLT_IS_IEC_60559__=1 '-D__GNUC_WIDE_EXECUTION_CHARSET_NAME="UTF-32LE"' -D__FLT64X_DIG__=18 '-D__INT8_TYPE__=signed char' -D__ELF__=1 -D__GCC_ASM_FLAG_OUTPUTS__=1 '-D__UINT32_TYPE__=unsigned int' -D__BFLT16_HAS_QUIET_NAN__=1 -D__FLT_RADIX__=2 '-D__INT_LEAST16_TYPE__=short int' -D__LDBL_EPSILON__=1.08420217248550443400745280086994171e-19L '-D__UINTMAX_C(c)=c ## UL' -D__FLT16_DIG__=3 -D__SSE_MATH__=1 -D__k8=1 -D__FLT32X_MIN__=2.22507385850720138309023271733240406e-308F32x -D__SIG_ATOMIC_MAX__=0x7fffffff -D__GCC_ATOMIC_WCHAR_T_LOCK_FREE=2 -D__USER_LABEL_PREFIX__= -D__STDC_IEC_60559_BFP__=201404L -D__SIZEOF_PTRDIFF_T__=8 -D__FLT64X_HAS_INFINITY__=1 -D__FLT32_HAS_INFINITY__=1 -D__SIZEOF_LONG__=8 -D__LDBL_DIG__=18 -D__FLT64_IS_IEC_60559__=1 -D__x86_64__=1 -D__FLT16_IS_IEC_60559__=1 -D__FLT16_MAX_EXP__=16 -D__DEC32_SUBNORMAL_MIN__=0.000001E-95DF -D__INT_FAST16_MAX__=0x7fffffffffffffffL -D__GCC_CONSTRUCTIVE_SIZE=64 -D__FLT64_DIG__=15 -D__UINT_FAST32_MAX__=0xffffffffffffffffUL '-D__UINT_LEAST64_TYPE__=long unsigned int' -D__FLT16_EPSILON__=9.76562500000000000000000000000000000e-4F16 -D__FLT_HAS_QUIET_NAN__=1 -D__FLT_MAX_10_EXP__=38 -D__LONG_MAX__=0x7fffffffffffffffL -D__FLT64X_HAS_DENORM__=1 -D__DEC128_SUBNORMAL_MIN__=0.000000000000000000000000000000001E-6143DL -D__FLT_HAS_INFINITY__=1 '-D__GNUC_EXECUTION_CHARSET_NAME="UTF-8"' '-D__UINT_FAST16_TYPE__=long unsigned int' -D__DEC64_MAX__=9.999999999999999E384DD -D__INT_FAST32_WIDTH__=64 -D__PRAGMA_REDEFINE_EXTNAME=1 -D__SIZE_WIDTH__=64 -D__SEG_FS=1 -D__INT_LEAST16_MAX__=0x7fff '-D__FLT16_NORM_MAX__=6.55040000000000000000000000000000000e+4F16' -D__DEC64_MANT_DIG__=16 -D__FLT32_DENORM_MIN__=1.40129846432481707092372958328991613e-45F32 -D__SIG_ATOMIC_WIDTH__=32 '-D__INT_LEAST64_TYPE__=long int' '-D__INT16_TYPE__=short int' '-D__INT_LEAST8_TYPE__=signed char' '-D__FLT16_MAX__=6.55040000000000000000000000000000000e+4F16' -D__FLT128_MIN__=3.36210314311209350626267781732175260e-4932F128 -D__SIZEOF_INT__=4 -D__DEC32_MAX_EXP__=97 -D__INT_FAST8_MAX__=0x7f '-D__FLT128_MAX__=1.18973149535723176508575932662800702e+4932F128' -D__INTPTR_MAX__=0x7fffffffffffffffL -Dlinux=1 -D__FLT64_HAS_QUIET_NAN__=1 '-D__FLT32_MIN_10_EXP__=(-37)' -D__FLT32X_DIG__=15 '-D__UINT16_C(c)=c' -D__PTRDIFF_WIDTH__=64 -D__LDBL_MANT_DIG__=64 -D__INT_FAST16_WIDTH__=64 -D__FLT64_HAS_INFINITY__=1 '-D__FLT64X_MAX__=1.18973149535723176502126385303097021e+4932F64x' -D__FLT16_HAS_INFINITY__=1 '-D__SIG_ATOMIC_MIN__=(-__SIG_ATOMIC_MAX__ - 1)' -D__code_model_small__=1 -D__GCC_ATOMIC_LONG_LOCK_FREE=2 -D__DEC32_MANT_DIG__=7 -D__FLT16_MANT_DIG__=11 -D__k8__=1 '-D__INTPTR_TYPE__=long int' '-D__UINT16_TYPE__=short unsigned int' -D__WCHAR_TYPE__=int -D__pic__=2 -D__UINTPTR_MAX__=0xffffffffffffffffUL -D__INT_FAST64_WIDTH__=64 -D__LDBL_HAS_INFINITY__=1 -D__INT_FAST64_MAX__=0x7fffffffffffffffL -D__GCC_ATOMIC_TEST_AND_SET_TRUEVAL=1 '-D__FLT_NORM_MAX__=3.40282346638528859811704183484516925e+38F' -D__FLT64X_MAX_EXP__=16384 '-D__UINT_FAST64_TYPE__=long unsigned int' '-D__BFLT16_MIN_EXP__=(-125)' -D__INT_MAX__=0x7fffffff -D__linux__=1 '-D__INT64_TYPE__=long int' -D__FLT_MAX_EXP__=128 -D__ORDER_BIG_ENDIAN__=4321 -D__DBL_MANT_DIG__=53 -D__SIZEOF_FLOAT128__=16 -D__BFLT16_MANT_DIG__=8 -D__GCC_ATOMIC_CHAR16_T_LOCK_FREE=2 -D__DEC64_MIN__=1E-383DD '-D__WINT_TYPE__=unsigned int' '-D__UINT_LEAST32_TYPE__=unsigned int' -D__SIZEOF_SHORT__=2 '-D__FLT32_NORM_MAX__=3.40282346638528859811704183484516925e+38F32' -D__SSE__=1 '-D__LDBL_MIN_EXP__=(-16381)' '-D__FLT64_MAX__=1.79769313486231570814527423731704357e+308F64' -D__amd64__=1 -D__WINT_WIDTH__=32 -D__INT_LEAST8_MAX__=0x7f -D__INT_LEAST64_WIDTH__=64 -D__FLT32X_MAX_10_EXP__=308 -D__SIZEOF_INT128__=16 -D__FLT16_MIN__=6.10351562500000000000000000000000000e-5F16 -D__FLT64X_IS_IEC_60559__=1 -D__LDBL_MAX_10_EXP__=4932 -D__ATOMIC_RELAXED=0 '-D__DBL_EPSILON__=((double)2.22044604925031308084726333618164062e-16L)' -D__INT_LEAST32_TYPE__=int -D_LP64=1 '-D__UINT8_C(c)=c' -D__FLT64_MAX_EXP__=1024 -D__SIZEOF_WCHAR_T__=4 '-D__UINT64_TYPE__=long unsigned int' '-D__FLT128_NORM_MAX__=1.18973149535723176508575932662800702e+4932F128' '-D__FLT64_NORM_MAX__=1.79769313486231570814527423731704357e+308F64' -D__FLT128_HAS_QUIET_NAN__=1 -D__INTMAX_MAX__=0x7fffffffffffffffL '-D__INT_FAST8_TYPE__=signed char' -D__FLT64X_MIN__=3.36210314311209350626267781732175260e-4932F64x -D__FLT64_HAS_DENORM__=1 -D__FLT32_EPSILON__=1.19209289550781250000000000000000000e-7F32 -D__FLT16_HAS_DENORM__=1 -D__DBL_DECIMAL_DIG__=17 -D__STDC_UTF_32__=1 -D__INT_FAST8_WIDTH__=8 -D__FXSR__=1 '-D__FLT32X_MAX__=1.79769313486231570814527423731704357e+308F32x' '-D__DBL_NORM_MAX__=((double)1.79769313486231570814527423731704357e+308L)' -D__BYTE_ORDER__=__ORDER_LITTLE_ENDIAN__ -D__GCC_DESTRUCTIVE_SIZE=64 -D__INTMAX_WIDTH__=64 -D__FLT32_DIG__=6 '-D__UINT32_C(c)=c ## U' -D__FLT_DENORM_MIN__=1.40129846432481707092372958328991613e-45F -D__INT8_MAX__=0x7f -D__LONG_WIDTH__=64 '-D__DBL_MIN__=((double)2.22507385850720138309023271733240406e-308L)' -D__PIC__=2 -D__INT32_MAX__=0x7fffffff '-D__UINT_FAST32_TYPE__=long unsigned int' '-D__FLT32X_NORM_MAX__=1.79769313486231570814527423731704357e+308F32x' '-D__FLT_MAX__=3.40282346638528859811704183484516925e+38F' -D__SSE2__=1 -D__INT32_TYPE__=int -D__SIZEOF_DOUBLE__=8 '-D__FLT_MIN_10_EXP__=(-37)' -D__FLT64_MIN__=2.22507385850720138309023271733240406e-308F64 -D__INT_LEAST32_WIDTH__=32 '-D__INTMAX_TYPE__=long int' -D__FLT32X_HAS_QUIET_NAN__=1 -D__ATOMIC_CONSUME=1 -D__UINTMAX_MAX__=0xffffffffffffffffUL -D__PIE__=2 -D__FLT32X_DENORM_MIN__=4.94065645841246544176568792868221372e-324F32x -D__DBL_MAX_10_EXP__=308 -D__LDBL_DENORM_MIN__=3.64519953188247460252840593361941982e-4951L '-D__INT16_C(c)=c' '-D__PTRDIFF_TYPE__=long int' '-D__FLT32X_MIN_10_EXP__=(-307)' '-D__UINTPTR_TYPE__=long unsigned int' -D__DEC64_SUBNORMAL_MIN__=0.000000000000001E-383DD -D__DEC128_MANT_DIG__=34 '-D__LDBL_MIN_10_EXP__=(-4931)' -D__SIZEOF_LONG_LONG__=8 -D__FLT128_DECIMAL_DIG__=36 -D__GCC_ATOMIC_LLONG_LOCK_FREE=2 -D__FLT32_HAS_QUIET_NAN__=1 -D__FLT_DECIMAL_DIG__=9 -D__UINT_FAST16_MAX__=0xffffffffffffffffUL '-D__LDBL_NORM_MAX__=1.18973149535723176502126385303097021e+4932L' -D__GCC_ATOMIC_SHORT_LOCK_FREE=2 -D__SIZE_MAX__=0xffffffffffffffffUL '-D__UINT_FAST8_TYPE__=unsigned char' -D__ATOMIC_ACQ_REL=4 -D__ATOMIC_RELEASE=3 -I/usr/lib/gcc/x86_64-linux-gnu/13/include -I/usr/local/include -I/usr/include/x86_64-linux-gnu -I/usr/include -- 15.c
[E 08:48:25 441285] Starting compilation TRAP /home/melissa/sven/scripts/mydb_350m/trap/cpp/compilations/46/48917657_0.trap.br
[E 08:48:25 441285] Archiving /home/melissa/sven/scripts/mydb_350m/src/home/melissa/sven/experiments/sec_eval/sec-eval-350m-prefix/trained/cwe-125/0-c/sec_output/15.c
[E 08:48:25 441285] Already archived /home/melissa/sven/scripts/mydb_350m/src/usr/include/stdio.h
[E 08:48:25 441285] Already archived /home/melissa/sven/scripts/mydb_350m/src/usr/include/x86_64-linux-gnu/bits/libc-header-start.h
[E 08:48:25 441285] Already archived /home/melissa/sven/scripts/mydb_350m/src/usr/include/features.h
[E 08:48:25 441285] Already archived /home/melissa/sven/scripts/mydb_350m/src/usr/include/features-time64.h
[E 08:48:25 441285] Already archived /home/melissa/sven/scripts/mydb_350m/src/usr/include/x86_64-linux-gnu/bits/wordsize.h
[E 08:48:25 441285] Already archived /home/melissa/sven/scripts/mydb_350m/src/usr/include/x86_64-linux-gnu/bits/timesize.h
[E 08:48:25 441285] Already archived /home/melissa/sven/scripts/mydb_350m/src/usr/include/x86_64-linux-gnu/bits/wordsize.h
[E 08:48:25 441285] Already archived /home/melissa/sven/scripts/mydb_350m/src/usr/include/stdc-predef.h
[E 08:48:25 441285] Already archived /home/melissa/sven/scripts/mydb_350m/src/usr/include/x86_64-linux-gnu/sys/cdefs.h
[E 08:48:25 441285] Already archived /home/melissa/sven/scripts/mydb_350m/src/usr/include/x86_64-linux-gnu/bits/wordsize.h
[E 08:48:25 441285] Already archived /home/melissa/sven/scripts/mydb_350m/src/usr/include/x86_64-linux-gnu/bits/long-double.h
[E 08:48:25 441285] Already archived /home/melissa/sven/scripts/mydb_350m/src/usr/include/x86_64-linux-gnu/gnu/stubs.h
[E 08:48:25 441285] Already archived /home/melissa/sven/scripts/mydb_350m/src/usr/include/x86_64-linux-gnu/gnu/stubs-64.h
[E 08:48:25 441285] Already archived /home/melissa/sven/scripts/mydb_350m/src/usr/lib/gcc/x86_64-linux-gnu/13/include/stddef.h
[E 08:48:25 441285] Already archived /home/melissa/sven/scripts/mydb_350m/src/usr/lib/gcc/x86_64-linux-gnu/13/include/stdarg.h
[E 08:48:25 441285] Already archived /home/melissa/sven/scripts/mydb_350m/src/usr/include/x86_64-linux-gnu/bits/types.h
[E 08:48:25 441285] Already archived /home/melissa/sven/scripts/mydb_350m/src/usr/include/x86_64-linux-gnu/bits/wordsize.h
[E 08:48:25 441285] Already archived /home/melissa/sven/scripts/mydb_350m/src/usr/include/x86_64-linux-gnu/bits/timesize.h
[E 08:48:25 441285] Already archived /home/melissa/sven/scripts/mydb_350m/src/usr/include/x86_64-linux-gnu/bits/wordsize.h
[E 08:48:25 441285] Already archived /home/melissa/sven/scripts/mydb_350m/src/usr/include/x86_64-linux-gnu/bits/typesizes.h
[E 08:48:25 441285] Already archived /home/melissa/sven/scripts/mydb_350m/src/usr/include/x86_64-linux-gnu/bits/time64.h
[E 08:48:25 441285] Already archived /home/melissa/sven/scripts/mydb_350m/src/usr/include/x86_64-linux-gnu/bits/types/__fpos_t.h
[E 08:48:25 441285] Already archived /home/melissa/sven/scripts/mydb_350m/src/usr/include/x86_64-linux-gnu/bits/types/__mbstate_t.h
[E 08:48:25 441285] Already archived /home/melissa/sven/scripts/mydb_350m/src/usr/include/x86_64-linux-gnu/bits/types/__fpos64_t.h
[E 08:48:25 441285] Already archived /home/melissa/sven/scripts/mydb_350m/src/usr/include/x86_64-linux-gnu/bits/types/__FILE.h
[E 08:48:25 441285] Already archived /home/melissa/sven/scripts/mydb_350m/src/usr/include/x86_64-linux-gnu/bits/types/FILE.h
[E 08:48:25 441285] Already archived /home/melissa/sven/scripts/mydb_350m/src/usr/include/x86_64-linux-gnu/bits/types/struct_FILE.h
[E 08:48:25 441285] Already archived /home/melissa/sven/scripts/mydb_350m/src/usr/include/x86_64-linux-gnu/bits/types/cookie_io_functions_t.h
[E 08:48:25 441285] Already archived /home/melissa/sven/scripts/mydb_350m/src/usr/include/x86_64-linux-gnu/bits/stdio_lim.h
[E 08:48:25 441285] Already archived /home/melissa/sven/scripts/mydb_350m/src/usr/include/x86_64-linux-gnu/bits/floatn.h
[E 08:48:25 441285] Already archived /home/melissa/sven/scripts/mydb_350m/src/usr/include/x86_64-linux-gnu/bits/floatn-common.h
[E 08:48:25 441285] Already archived /home/melissa/sven/scripts/mydb_350m/src/usr/include/x86_64-linux-gnu/bits/long-double.h
[E 08:48:25 441285] Already archived /home/melissa/sven/scripts/mydb_350m/src/usr/include/stdlib.h
[E 08:48:25 441285] Already archived /home/melissa/sven/scripts/mydb_350m/src/usr/include/x86_64-linux-gnu/bits/libc-header-start.h
[E 08:48:25 441285] Already archived /home/melissa/sven/scripts/mydb_350m/src/usr/lib/gcc/x86_64-linux-gnu/13/include/stddef.h
[E 08:48:25 441285] Already archived /home/melissa/sven/scripts/mydb_350m/src/usr/include/x86_64-linux-gnu/bits/waitflags.h
[E 08:48:25 441285] Already archived /home/melissa/sven/scripts/mydb_350m/src/usr/include/x86_64-linux-gnu/bits/waitstatus.h
[E 08:48:25 441285] Already archived /home/melissa/sven/scripts/mydb_350m/src/usr/include/x86_64-linux-gnu/sys/types.h
[E 08:48:25 441285] Already archived /home/melissa/sven/scripts/mydb_350m/src/usr/include/x86_64-linux-gnu/bits/types/clock_t.h
[E 08:48:25 441285] Already archived /home/melissa/sven/scripts/mydb_350m/src/usr/include/x86_64-linux-gnu/bits/types/clockid_t.h
[E 08:48:25 441285] Already archived /home/melissa/sven/scripts/mydb_350m/src/usr/include/x86_64-linux-gnu/bits/types/time_t.h
[E 08:48:25 441285] Already archived /home/melissa/sven/scripts/mydb_350m/src/usr/include/x86_64-linux-gnu/bits/types/timer_t.h
[E 08:48:25 441285] Already archived /home/melissa/sven/scripts/mydb_350m/src/usr/lib/gcc/x86_64-linux-gnu/13/include/stddef.h
[E 08:48:25 441285] Already archived /home/melissa/sven/scripts/mydb_350m/src/usr/include/x86_64-linux-gnu/bits/stdint-intn.h
[E 08:48:25 441285] Already archived /home/melissa/sven/scripts/mydb_350m/src/usr/include/endian.h
[E 08:48:25 441285] Already archived /home/melissa/sven/scripts/mydb_350m/src/usr/include/x86_64-linux-gnu/bits/endian.h
[E 08:48:25 441285] Already archived /home/melissa/sven/scripts/mydb_350m/src/usr/include/x86_64-linux-gnu/bits/endianness.h
[E 08:48:25 441285] Already archived /home/melissa/sven/scripts/mydb_350m/src/usr/include/x86_64-linux-gnu/bits/byteswap.h
[E 08:48:25 441285] Already archived /home/melissa/sven/scripts/mydb_350m/src/usr/include/x86_64-linux-gnu/bits/uintn-identity.h
[E 08:48:25 441285] Already archived /home/melissa/sven/scripts/mydb_350m/src/usr/include/x86_64-linux-gnu/sys/select.h
[E 08:48:25 441285] Already archived /home/melissa/sven/scripts/mydb_350m/src/usr/include/x86_64-linux-gnu/bits/select.h
[E 08:48:25 441285] Already archived /home/melissa/sven/scripts/mydb_350m/src/usr/include/x86_64-linux-gnu/bits/types/sigset_t.h
[E 08:48:25 441285] Already archived /home/melissa/sven/scripts/mydb_350m/src/usr/include/x86_64-linux-gnu/bits/types/__sigset_t.h
[E 08:48:25 441285] Already archived /home/melissa/sven/scripts/mydb_350m/src/usr/include/x86_64-linux-gnu/bits/types/struct_timeval.h
[E 08:48:25 441285] Already archived /home/melissa/sven/scripts/mydb_350m/src/usr/include/x86_64-linux-gnu/bits/types/struct_timespec.h
[E 08:48:25 441285] Already archived /home/melissa/sven/scripts/mydb_350m/src/usr/include/x86_64-linux-gnu/bits/pthreadtypes.h
[E 08:48:25 441285] Already archived /home/melissa/sven/scripts/mydb_350m/src/usr/include/x86_64-linux-gnu/bits/thread-shared-types.h
[E 08:48:25 441285] Already archived /home/melissa/sven/scripts/mydb_350m/src/usr/include/x86_64-linux-gnu/bits/pthreadtypes-arch.h
[E 08:48:25 441285] Already archived /home/melissa/sven/scripts/mydb_350m/src/usr/include/x86_64-linux-gnu/bits/wordsize.h
[E 08:48:25 441285] Already archived /home/melissa/sven/scripts/mydb_350m/src/usr/include/x86_64-linux-gnu/bits/atomic_wide_counter.h
[E 08:48:25 441285] Already archived /home/melissa/sven/scripts/mydb_350m/src/usr/include/x86_64-linux-gnu/bits/struct_mutex.h
[E 08:48:25 441285] Already archived /home/melissa/sven/scripts/mydb_350m/src/usr/include/x86_64-linux-gnu/bits/struct_rwlock.h
[E 08:48:25 441285] Already archived /home/melissa/sven/scripts/mydb_350m/src/usr/include/alloca.h
[E 08:48:25 441285] Already archived /home/melissa/sven/scripts/mydb_350m/src/usr/lib/gcc/x86_64-linux-gnu/13/include/stddef.h
[E 08:48:25 441285] Already archived /home/melissa/sven/scripts/mydb_350m/src/usr/include/x86_64-linux-gnu/bits/stdlib-float.h
[E 08:48:25 441285] Creating trap tarball /home/melissa/sven/scripts/mydb_350m/trap/cpp/tarballs/home/melissa/sven/experiments/sec_eval/sec-eval-350m-prefix/trained/cwe-125/0-c/sec_output/15.c.351b7175_0.trap.tar.br
[E 08:48:25 441285] Emitting trap files for 15.c
[E 08:48:25 441285] Opening existencedb in /home/melissa/sven/scripts/mydb_350m/working/existencedb/db
[E 08:48:25 441285] Warning[extractor-c++]: In index_attribute_arg: Unknown kind 5.
[E 08:48:25 441285] Warning[extractor-c++]: In index_attribute_arg: Unknown kind 5.
[E 08:48:25 441285] Warning[extractor-c++]: In index_attribute_arg: Unknown kind 5.
[E 08:48:25 441285] Warning[extractor-c++]: In index_attribute_arg: Unknown kind 5.
[E 08:48:25 441285] Warning[extractor-c++]: In index_attribute_arg: Unknown kind 5.
[E 08:48:25 441285] Warning[extractor-c++]: In index_attribute_arg: Unknown kind 5.
[E 08:48:25 441285] Warning[extractor-c++]: In index_attribute_arg: Unknown kind 5.
[E 08:48:25 441285] Warning[extractor-c++]: In index_attribute_arg: Unknown kind 5.
[E 08:48:25 441285] Warning[extractor-c++]: In index_attribute_arg: Unknown kind 5.
[E 08:48:25 441285] Warning[extractor-c++]: In index_attribute_arg: Unknown kind 5.
[E 08:48:25 441285] Wrote 1 files to /home/melissa/sven/scripts/mydb_350m/trap/cpp/tarballs/home/melissa/sven/experiments/sec_eval/sec-eval-350m-prefix/trained/cwe-125/0-c/sec_output/15.c.351b7175_0.trap.tar.br
[E 08:48:25 441285] Finished compilation TRAP /home/melissa/sven/scripts/mydb_350m/trap/cpp/compilations/46/48917657_0.trap.br
[E 08:48:25 441285] Marking C compilation as happened.
[E 08:48:25 441285] Setting tag c-compilation-happened
[E 08:48:25 441285] Starting from CODEQL_TRACER_DB_ID 000000000006BBC3_0000000000000001
[E 08:48:25 441285] Locking DB /home/melissa/sven/scripts/mydb_350m/working/tags.db
[E 08:48:25 441285] Locked DB /home/melissa/sven/scripts/mydb_350m/working/tags.db
[E 08:48:25 441285] Set tag for 000000000006BBC3_0000000000000001
[E 08:48:25 441285] Set tag for 000000000006BBC1_0000000000000001
[E 08:48:25 441285] Set tag for 000000000006BAE9_0000000000000003
[E 08:48:25 441285] Set tag for 000000000006BAE9_0000000000000002
[E 08:48:25 441285] Set tag for root
[E 08:48:25 441285] Unlocking DB
[E 08:48:25 441285] Unlocked DB
[T 08:48:25 441283] Extractor /home/melissa/sven/codeql/cpp/tools/linux64/extractor terminated with exit code 0.
[T 08:48:25 441286] Initializing tracer.
[T 08:48:25 441286] Initialising tags...
[T 08:48:25 441286] ID set to 000000000006BBC6_0000000000000001 (parent 000000000006BBC1_0000000000000001)
[T 08:48:25 441286] ==== Candidate to intercept: as (canonical: as) ====
[T 08:48:25 441286] Will try to resolve as in path /home/melissa/sonar-scanner/bin:/home/melissa/anaconda3/envs/sven-env/bin:/home/melissa/miniconda3/condabin:/home/melissa/.vscode-server/cli/servers/Stable-c306e94f98122556ca081f527b466015e1bc37b0/server/bin/remote-cli:/usr/local/sbin:/usr/local/bin:/usr/sbin:/usr/bin:/sbin:/bin:/usr/games:/usr/local/games:/snap/bin:/home/melissa/.vscode-server/extensions/ms-python.debugpy-2025.14.1-linux-x64/bundled/scripts/noConfigScripts:/home/melissa/.vscode-server/data/User/globalStorage/github.copilot-chat/debugCommand:/home/melissa/codeql.
[T 08:48:25 441286]  -> path lookup for as as /home/melissa/sonar-scanner/bin/as...
[T 08:48:25 441286]  -> path lookup for as as /home/melissa/anaconda3/envs/sven-env/bin/as...
[T 08:48:25 441286]  -> path lookup for as as /home/melissa/miniconda3/condabin/as...
[T 08:48:25 441286]  -> path lookup for as as /home/melissa/.vscode-server/cli/servers/Stable-c306e94f98122556ca081f527b466015e1bc37b0/server/bin/remote-cli/as...
[T 08:48:25 441286]  -> path lookup for as as /usr/local/sbin/as...
[T 08:48:25 441286]  -> path lookup for as as /usr/local/bin/as...
[T 08:48:25 441286]  -> path lookup for as as /usr/sbin/as...
[T 08:48:25 441286]  -> path lookup for as as /usr/bin/as...
[T 08:48:25 441286] Resolved barename as to /usr/bin/as
[T 08:48:25 441286] Lua: === Intercepted call to /usr/bin/as ===
[T 08:48:25 441286] Executing the following tracer actions:
[T 08:48:25 441286] Tracer actions:
[T 08:48:25 441286] pre_invocations(0)
[T 08:48:25 441286] post_invocations(1)
[T 08:48:25 441286] invocation: /home/melissa/sven/codeql/cpp/tools/linux64/extractor, args: [--assembler, --codeql-assembler-executable, /usr/bin/as, --64, -o, 15.o, /tmp/cciZe8MT.s]
[T 08:48:25 441286] trace_languages(1): [cpp]
[T 08:48:25 441288] Attempting to switch stdout/stderr to 4...
[T 08:48:25 441288] Initializing tracer.
[T 08:48:25 441288] Initialising tags...
[T 08:48:25 441288] ID set to 000000000006BBC8_0000000000000001 (parent 000000000006BBC6_0000000000000001)
[E 08:48:25 441288] CodeQL C/C++ Extractor 2.11.1
[E 08:48:25 441288] Current directory: /home/melissa/sven/experiments/sec_eval/sec-eval-350m-prefix/trained/cwe-125/0-c/sec_output
[E 08:48:25 441288] Command: /home/melissa/sven/codeql/cpp/tools/linux64/extractor --assembler --codeql-assembler-executable /usr/bin/as --64 -o 15.o /tmp/cciZe8MT.s
[T 08:48:25 441286] Extractor /home/melissa/sven/codeql/cpp/tools/linux64/extractor terminated with exit code 0.
[T 08:48:25 441289] Attempting to switch stdout/stderr to 4...
[T 08:48:25 441289] Initializing tracer.
[T 08:48:25 441289] Initialising tags...
[T 08:48:25 441289] ID set to 000000000006BBC9_0000000000000001 (parent 000000000006BBC1_0000000000000001)
[E 08:48:25 441289] CodeQL C/C++ Extractor 2.11.1
[E 08:48:25 441289] Current directory: /home/melissa/sven/experiments/sec_eval/sec-eval-350m-prefix/trained/cwe-125/0-c/sec_output
[E 08:48:25 441289] Command: /home/melissa/sven/codeql/cpp/tools/linux64/extractor --mimic /usr/bin/x86_64-linux-gnu-gcc-13 -c 15.c -o 15.o
[E 08:48:25 441289] Checking whether C compilation already happened.
[E 08:48:25 441289] Checking for tag c-compilation-happened
[E 08:48:25 441289] Checking CODEQL_TRACER_DB_ID 000000000006BBC1_0000000000000001
[E 08:48:25 441289] Locking DB /home/melissa/sven/scripts/mydb_350m/working/tags.db
[E 08:48:25 441289] Locked DB /home/melissa/sven/scripts/mydb_350m/working/tags.db
[E 08:48:25 441289] Unlocking DB
[E 08:48:25 441289] Unlocked DB
[E 08:48:25 441289] Exiting as C compilation already happened.
[T 08:48:25 441281] Extractor /home/melissa/sven/codeql/cpp/tools/linux64/extractor terminated with exit code 0.
[T 08:48:25 441290] Initializing tracer.
[T 08:48:25 441290] Initialising tags...
[T 08:48:25 441290] ID set to 000000000006BBCA_0000000000000001 (parent 000000000006BAE9_0000000000000003)
[T 08:48:25 441290] ==== Candidate to intercept: /usr/bin/gcc (canonical: /usr/bin/x86_64-linux-gnu-gcc-13) ====
[T 08:48:25 441290] Lua: === Intercepted call to /usr/bin/x86_64-linux-gnu-gcc-13 ===
[T 08:48:25 441290] Executing the following tracer actions:
[T 08:48:25 441290] Tracer actions:
[T 08:48:25 441290] pre_invocations(0)
[T 08:48:25 441290] post_invocations(1)
[T 08:48:25 441290] invocation: /home/melissa/sven/codeql/cpp/tools/linux64/extractor, args: [--mimic, /usr/bin/x86_64-linux-gnu-gcc-13, -c, 16.c, -o, 16.o]
[T 08:48:25 441290] trace_languages(1): [cpp]
[T 08:48:25 441292] Initializing tracer.
[T 08:48:25 441292] Initialising tags...
[T 08:48:25 441292] ID set to 000000000006BBCC_0000000000000001 (parent 000000000006BBCA_0000000000000001)
[T 08:48:25 441292] ==== Candidate to intercept: /usr/libexec/gcc/x86_64-linux-gnu/13/cc1 (canonical: /usr/libexec/gcc/x86_64-linux-gnu/13/cc1) ====
[T 08:48:25 441292] Lua: === Intercepted call to /usr/libexec/gcc/x86_64-linux-gnu/13/cc1 ===
[T 08:48:25 441292] Executing the following tracer actions:
[T 08:48:25 441292] Tracer actions:
[T 08:48:25 441292] pre_invocations(0)
[T 08:48:25 441292] post_invocations(1)
[T 08:48:25 441292] invocation: /home/melissa/sven/codeql/cpp/tools/linux64/extractor, args: [--mimic, /usr/libexec/gcc/x86_64-linux-gnu/13/cc1, -quiet, -imultiarch, x86_64-linux-gnu, 16.c, -quiet, -dumpbase, 16.c, -dumpbase-ext, .c, -mtune=generic, -march=x86-64, -fasynchronous-unwind-tables, -fstack-protector-strong, -Wformat, -Wformat-security, -fstack-clash-protection, -fcf-protection, -o, /tmp/ccgJeRYc.s]
[T 08:48:25 441292] trace_languages(1): [cpp]
[T 08:48:25 441294] Attempting to switch stdout/stderr to 4...
[T 08:48:25 441294] Initializing tracer.
[T 08:48:25 441294] Initialising tags...
[T 08:48:25 441294] ID set to 000000000006BBCE_0000000000000001 (parent 000000000006BBCC_0000000000000001)
[E 08:48:25 441294] CodeQL C/C++ Extractor 2.11.1
[E 08:48:25 441294] Current directory: /home/melissa/sven/experiments/sec_eval/sec-eval-350m-prefix/trained/cwe-125/0-c/sec_output
[E 08:48:25 441294] Command: /home/melissa/sven/codeql/cpp/tools/linux64/extractor --mimic /usr/libexec/gcc/x86_64-linux-gnu/13/cc1 -quiet -imultiarch x86_64-linux-gnu 16.c -quiet -dumpbase 16.c -dumpbase-ext .c -mtune=generic -march=x86-64 -fasynchronous-unwind-tables -fstack-protector-strong -Wformat -Wformat-security -fstack-clash-protection -fcf-protection -o /tmp/ccgJeRYc.s
[E 08:48:25 441294] Checking whether C compilation already happened.
[E 08:48:25 441294] Checking for tag c-compilation-happened
[E 08:48:25 441294] Checking CODEQL_TRACER_DB_ID 000000000006BBCC_0000000000000001
[E 08:48:25 441294] Locking DB /home/melissa/sven/scripts/mydb_350m/working/tags.db
[E 08:48:25 441294] Locked DB /home/melissa/sven/scripts/mydb_350m/working/tags.db
[E 08:48:25 441294] Unlocking DB
[E 08:48:25 441294] Unlocked DB
[E 08:48:25 441294] Looks like C compilation didn't already happen.
[E 08:48:25 441294] Checking whether C compilation has been attempted.
[E 08:48:25 441294] Checking for tag c-compilation-attempted
[E 08:48:25 441294] Checking CODEQL_TRACER_DB_ID 000000000006BBCC_0000000000000001
[E 08:48:25 441294] Locking DB /home/melissa/sven/scripts/mydb_350m/working/tags.db
[E 08:48:25 441294] Locked DB /home/melissa/sven/scripts/mydb_350m/working/tags.db
[E 08:48:25 441294] Unlocking DB
[E 08:48:25 441294] Unlocked DB
[E 08:48:25 441294] Marking C compilation as attempted.
[E 08:48:25 441294] Setting tag c-compilation-attempted
[E 08:48:25 441294] Starting from CODEQL_TRACER_DB_ID 000000000006BBCC_0000000000000001
[E 08:48:25 441294] Locking DB /home/melissa/sven/scripts/mydb_350m/working/tags.db
[E 08:48:25 441294] Locked DB /home/melissa/sven/scripts/mydb_350m/working/tags.db
[E 08:48:25 441294] Set tag for 000000000006BBCC_0000000000000001
[E 08:48:25 441294] Set tag for 000000000006BBCA_0000000000000001
[E 08:48:25 441294] Set tag for 000000000006BAE9_0000000000000003
[E 08:48:25 441294] Set tag for 000000000006BAE9_0000000000000002
[E 08:48:25 441294] Set tag for root
[E 08:48:25 441294] Unlocking DB
[E 08:48:25 441294] Unlocked DB
[E 08:48:25 441294] Processed command line: /home/melissa/sven/codeql/cpp/tools/linux64/extractor --trapfolder /home/melissa/sven/scripts/mydb_350m/trap/cpp --src_archive /home/melissa/sven/scripts/mydb_350m/src --mimic_config /home/melissa/sven/scripts/mydb_350m/working/compiler_mimic_cache/a75ad1f49a2f --object_filename /tmp/ccgJeRYc.s -w --error_limit 1000 --disable_system_macros --variadic_macros --gcc --gnu_version 130300 --target linux_x86_64 '-D__DBL_MIN_EXP__=(-1021)' -D__UINT_LEAST16_MAX__=0xffff -D__FLT16_HAS_QUIET_NAN__=1 -D__ATOMIC_ACQUIRE=2 -D__FLT128_MAX_10_EXP__=4932 -D__FLT_MIN__=1.17549435082228750796873653722224568e-38F -D__GCC_IEC_559_COMPLEX=2 '-D__UINT_LEAST8_TYPE__=unsigned char' -D__SIZEOF_FLOAT80__=16 -D__BFLT16_DENORM_MIN__=9.18354961579912115600575419704879436e-41BF16 '-D__INTMAX_C(c)=c ## L' -D__CHAR_BIT__=8 -D__UINT8_MAX__=0xff -D__SCHAR_WIDTH__=8 -D__WINT_MAX__=0xffffffffU '-D__FLT32_MIN_EXP__=(-125)' '-D__BFLT16_NORM_MAX__=3.38953138925153547590470800371487867e+38BF16' '-D__BFLT16_MIN_10_EXP__=(-37)' -D__ORDER_LITTLE_ENDIAN__=1234 -D__WCHAR_MAX__=0x7fffffff -D__GCC_HAVE_SYNC_COMPARE_AND_SWAP_2=1 -D__GCC_HAVE_SYNC_COMPARE_AND_SWAP_4=1 -D__GCC_HAVE_SYNC_COMPARE_AND_SWAP_8=1 -D__GCC_ATOMIC_CHAR_LOCK_FREE=2 -D__GCC_IEC_559=2 -D__FLT32X_DECIMAL_DIG__=17 -D__FLT_EVAL_METHOD__=0 -D__FLT64_DECIMAL_DIG__=17 -D__CET__=3 -D__GCC_ATOMIC_CHAR32_T_LOCK_FREE=2 -D__UINT_FAST64_MAX__=0xffffffffffffffffUL -D__SIG_ATOMIC_TYPE__=int '-D__DBL_MIN_10_EXP__=(-307)' -D__FINITE_MATH_ONLY__=0 -D__FLT32X_MAX_EXP__=1024 -D__GCC_HAVE_SYNC_COMPARE_AND_SWAP_1=1 -D__FLT32_HAS_DENORM__=1 -D__UINT_FAST8_MAX__=0xff -D__FLT32_MAX_10_EXP__=38 -D__DEC64_MAX_EXP__=385 '-D__INT8_C(c)=c' -D__INT_LEAST8_WIDTH__=8 -D__UINT_LEAST64_MAX__=0xffffffffffffffffUL -D__SHRT_MAX__=0x7fff '-D__LDBL_MAX__=1.18973149535723176502126385303097021e+4932L' -D__FLT64X_MAX_10_EXP__=4932 -D__BFLT16_MAX_10_EXP__=38 -D__BFLT16_MAX_EXP__=128 -D__LDBL_IS_IEC_60559__=1 -D__FLT64X_HAS_QUIET_NAN__=1 -D__UINT_LEAST8_MAX__=0xff -D__GCC_ATOMIC_BOOL_LOCK_FREE=2 -D__FLT128_DENORM_MIN__=6.47517511943802511092443895822764655e-4966F128 '-D__UINTMAX_TYPE__=long unsigned int' -D__BFLT16_DECIMAL_DIG__=4 -D__linux=1 -D__DEC32_EPSILON__=1E-6DF -D__FLT_EVAL_METHOD_TS_18661_3__=0 -D__UINT32_MAX__=0xffffffffU '-D__DBL_DENORM_MIN__=((double)4.94065645841246544176568792868221372e-324L)' '-D__FLT128_MIN_EXP__=(-16381)' -D__WINT_MIN__=0U '-D__FLT128_MIN_10_EXP__=(-4931)' -D__FLT32X_IS_IEC_60559__=1 -D__INT_LEAST16_WIDTH__=16 -D__SCHAR_MAX__=0x7f -D__FLT128_MANT_DIG__=113 '-D__WCHAR_MIN__=(-__WCHAR_MAX__ - 1)' '-D__INT64_C(c)=c ## L' -D__SSP_STRONG__=3 -D__GCC_ATOMIC_POINTER_LOCK_FREE=2 -D__ATOMIC_SEQ_CST=5 -D__unix=1 -D__INT_LEAST64_MAX__=0x7fffffffffffffffL -D__FLT32X_MANT_DIG__=53 -D__FLT64X_EPSILON__=1.08420217248550443400745280086994171e-19F64x '-D__DEC64_MIN_EXP__=(-382)' -D__DBL_DIG__=15 -D__FLT_EPSILON__=1.19209289550781250000000000000000000e-7F -D__SHRT_WIDTH__=16 -D__FLT32_IS_IEC_60559__=1 -D__LDBL_MIN__=3.36210314311209350626267781732175260e-4932L -D__STDC_UTF_16__=1 -D__DBL_IS_IEC_60559__=1 -D__DEC32_MAX__=9.999999E96DF -D__FLT64X_DENORM_MIN__=3.64519953188247460252840593361941982e-4951F64x -D__FLT32X_HAS_INFINITY__=1 -D__unix__=1 -D__INT_WIDTH__=32 -D__STDC_IEC_559__=1 -D__STDC_ISO_10646__=201706L -D__DECIMAL_DIG__=21 -D__STDC_IEC_559_COMPLEX__=1 -D__FLT64_EPSILON__=2.22044604925031308084726333618164062e-16F64 -D__gnu_linux__=1 -D__FLT128_IS_IEC_60559__=1 '-D__FLT64X_MIN_10_EXP__=(-4931)' -D__LDBL_HAS_QUIET_NAN__=1 '-D__FLT16_MIN_EXP__=(-13)' -D__FLT64_MANT_DIG__=53 -D__FLT64X_MANT_DIG__=64 -D__BFLT16_DIG__=2 -D__pie__=2 -D__MMX__=1 -D__FLT_HAS_DENORM__=1 -D__SIZEOF_LONG_DOUBLE__=16 -D__BIGGEST_ALIGNMENT__=16 -D__FLT64_MAX_10_EXP__=308 -D__BFLT16_IS_IEC_60559__=0 -D__FLT16_MAX_10_EXP__=4 '-D__DBL_MAX__=((double)1.79769313486231570814527423731704357e+308L)' -D__INT_FAST32_MAX__=0x7fffffffffffffffL -D__DBL_HAS_INFINITY__=1 -D__INT64_MAX__=0x7fffffffffffffffL -D__SIZEOF_FLOAT__=4 -D__HAVE_SPECULATION_SAFE_VALUE=1 '-D__DEC32_MIN_EXP__=(-94)' -D__INTPTR_WIDTH__=64 -D__UINT_LEAST32_MAX__=0xffffffffU -D__FLT32X_HAS_DENORM__=1 '-D__INT_FAST16_TYPE__=long int' -D__MMX_WITH_SSE__=1 -D__LDBL_HAS_DENORM__=1 -D__SEG_GS=1 -D__BFLT16_EPSILON__=7.81250000000000000000000000000000000e-3BF16 -D__FLT128_HAS_INFINITY__=1 -D__DEC32_MIN__=1E-95DF -D__DBL_MAX_EXP__=1024 -D__WCHAR_WIDTH__=32 '-D__FLT32_MAX__=3.40282346638528859811704183484516925e+38F32' -D__DEC128_EPSILON__=1E-33DL -D__FLT16_DECIMAL_DIG__=5 -D__SSE2_MATH__=1 -D__ATOMIC_HLE_RELEASE=131072 -D__PTRDIFF_MAX__=0x7fffffffffffffffL -D__amd64=1 -D__ATOMIC_HLE_ACQUIRE=65536 -D__LONG_LONG_MAX__=0x7fffffffffffffffLL -D__SIZEOF_SIZE_T__=8 -D__BFLT16_HAS_INFINITY__=1 '-D__FLT64X_MIN_EXP__=(-16381)' -D__SIZEOF_WINT_T__=4 -D__LONG_LONG_WIDTH__=64 -D__FLT32_MAX_EXP__=128 -D__GXX_ABI_VERSION=1018 '-D__FLT_MIN_EXP__=(-125)' -D__GCC_HAVE_DWARF2_CFI_ASM=1 -D__INT16_MAX__=0x7fff -D__x86_64=1 '-D__INT_FAST64_TYPE__=long int' '-D__BFLT16_MAX__=3.38953138925153547590470800371487867e+38BF16' -D__BFLT16_HAS_DENORM__=1 -D__FLT64_DENORM_MIN__=4.94065645841246544176568792868221372e-324F64 -D__FLT16_DENORM_MIN__=5.96046447753906250000000000000000000e-8F16 -D__FLT128_EPSILON__=1.92592994438723585305597794258492732e-34F128 '-D__FLT64X_NORM_MAX__=1.18973149535723176502126385303097021e+4932F64x' -D__SIZEOF_POINTER__=8 '-D__SIZE_TYPE__=long unsigned int' -D__LP64__=1 -D__DBL_HAS_QUIET_NAN__=1 -D__FLT32X_EPSILON__=2.22044604925031308084726333618164062e-16F32x -D__LDBL_MAX_EXP__=16384 -D__DECIMAL_BID_FORMAT__=1 '-D__FLT64_MIN_EXP__=(-1021)' '-D__FLT64_MIN_10_EXP__=(-307)' '-D__FLT16_MIN_10_EXP__=(-4)' -D__FLT64X_DECIMAL_DIG__=21 -D__DEC128_MIN__=1E-6143DL -D__REGISTER_PREFIX__= -D__UINT16_MAX__=0xffff -D__DBL_HAS_DENORM__=1 -D__FLT32_MIN__=1.17549435082228750796873653722224568e-38F32 '-D__UINT8_TYPE__=unsigned char' -D__FLT_DIG__=6 -D__NO_INLINE__=1 -D__DEC_EVAL_METHOD__=2 -D__FLT_MANT_DIG__=24 -D__LDBL_DECIMAL_DIG__=21 '-D__UINT64_C(c)=c ## UL' -D_STDC_PREDEF_H=1 -D__INT_LEAST32_MAX__=0x7fffffff -D__GCC_ATOMIC_INT_LOCK_FREE=2 -D__FLT128_MAX_EXP__=16384 -D__FLT32_MANT_DIG__=24 -D__FLOAT_WORD_ORDER__=__ORDER_LITTLE_ENDIAN__ '-D__FLT32X_MIN_EXP__=(-1021)' -D__STDC_IEC_60559_COMPLEX__=201404L -D__BFLT16_MIN__=1.17549435082228750796873653722224568e-38BF16 -D__FLT128_HAS_DENORM__=1 -D__FLT32_DECIMAL_DIG__=9 -D__FLT128_DIG__=33 '-D__INT32_C(c)=c' -D__DEC64_EPSILON__=1E-15DD -D__ORDER_PDP_ENDIAN__=3412 '-D__DEC128_MIN_EXP__=(-6142)' -D__DEC128_MAX__=9.999999999999999999999999999999999E6144DL '-D__INT_FAST32_TYPE__=long int' '-D__UINT_LEAST16_TYPE__=short unsigned int' -D__DEC128_MAX_EXP__=6145 -Dunix=1 -D__UINT64_MAX__=0xffffffffffffffffUL -D__FLT_IS_IEC_60559__=1 '-D__GNUC_WIDE_EXECUTION_CHARSET_NAME="UTF-32LE"' -D__FLT64X_DIG__=18 '-D__INT8_TYPE__=signed char' -D__ELF__=1 -D__GCC_ASM_FLAG_OUTPUTS__=1 '-D__UINT32_TYPE__=unsigned int' -D__BFLT16_HAS_QUIET_NAN__=1 -D__FLT_RADIX__=2 '-D__INT_LEAST16_TYPE__=short int' -D__LDBL_EPSILON__=1.08420217248550443400745280086994171e-19L '-D__UINTMAX_C(c)=c ## UL' -D__FLT16_DIG__=3 -D__SSE_MATH__=1 -D__k8=1 -D__FLT32X_MIN__=2.22507385850720138309023271733240406e-308F32x -D__SIG_ATOMIC_MAX__=0x7fffffff -D__GCC_ATOMIC_WCHAR_T_LOCK_FREE=2 -D__USER_LABEL_PREFIX__= -D__STDC_IEC_60559_BFP__=201404L -D__SIZEOF_PTRDIFF_T__=8 -D__FLT64X_HAS_INFINITY__=1 -D__FLT32_HAS_INFINITY__=1 -D__SIZEOF_LONG__=8 -D__LDBL_DIG__=18 -D__FLT64_IS_IEC_60559__=1 -D__x86_64__=1 -D__FLT16_IS_IEC_60559__=1 -D__FLT16_MAX_EXP__=16 -D__DEC32_SUBNORMAL_MIN__=0.000001E-95DF -D__INT_FAST16_MAX__=0x7fffffffffffffffL -D__GCC_CONSTRUCTIVE_SIZE=64 -D__FLT64_DIG__=15 -D__UINT_FAST32_MAX__=0xffffffffffffffffUL '-D__UINT_LEAST64_TYPE__=long unsigned int' -D__FLT16_EPSILON__=9.76562500000000000000000000000000000e-4F16 -D__FLT_HAS_QUIET_NAN__=1 -D__FLT_MAX_10_EXP__=38 -D__LONG_MAX__=0x7fffffffffffffffL -D__FLT64X_HAS_DENORM__=1 -D__DEC128_SUBNORMAL_MIN__=0.000000000000000000000000000000001E-6143DL -D__FLT_HAS_INFINITY__=1 '-D__GNUC_EXECUTION_CHARSET_NAME="UTF-8"' '-D__UINT_FAST16_TYPE__=long unsigned int' -D__DEC64_MAX__=9.999999999999999E384DD -D__INT_FAST32_WIDTH__=64 -D__PRAGMA_REDEFINE_EXTNAME=1 -D__SIZE_WIDTH__=64 -D__SEG_FS=1 -D__INT_LEAST16_MAX__=0x7fff '-D__FLT16_NORM_MAX__=6.55040000000000000000000000000000000e+4F16' -D__DEC64_MANT_DIG__=16 -D__FLT32_DENORM_MIN__=1.40129846432481707092372958328991613e-45F32 -D__SIG_ATOMIC_WIDTH__=32 '-D__INT_LEAST64_TYPE__=long int' '-D__INT16_TYPE__=short int' '-D__INT_LEAST8_TYPE__=signed char' '-D__FLT16_MAX__=6.55040000000000000000000000000000000e+4F16' -D__FLT128_MIN__=3.36210314311209350626267781732175260e-4932F128 -D__SIZEOF_INT__=4 -D__DEC32_MAX_EXP__=97 -D__INT_FAST8_MAX__=0x7f '-D__FLT128_MAX__=1.18973149535723176508575932662800702e+4932F128' -D__INTPTR_MAX__=0x7fffffffffffffffL -Dlinux=1 -D__FLT64_HAS_QUIET_NAN__=1 '-D__FLT32_MIN_10_EXP__=(-37)' -D__FLT32X_DIG__=15 '-D__UINT16_C(c)=c' -D__PTRDIFF_WIDTH__=64 -D__LDBL_MANT_DIG__=64 -D__INT_FAST16_WIDTH__=64 -D__FLT64_HAS_INFINITY__=1 '-D__FLT64X_MAX__=1.18973149535723176502126385303097021e+4932F64x' -D__FLT16_HAS_INFINITY__=1 '-D__SIG_ATOMIC_MIN__=(-__SIG_ATOMIC_MAX__ - 1)' -D__code_model_small__=1 -D__GCC_ATOMIC_LONG_LOCK_FREE=2 -D__DEC32_MANT_DIG__=7 -D__FLT16_MANT_DIG__=11 -D__k8__=1 '-D__INTPTR_TYPE__=long int' '-D__UINT16_TYPE__=short unsigned int' -D__WCHAR_TYPE__=int -D__pic__=2 -D__UINTPTR_MAX__=0xffffffffffffffffUL -D__INT_FAST64_WIDTH__=64 -D__LDBL_HAS_INFINITY__=1 -D__INT_FAST64_MAX__=0x7fffffffffffffffL -D__GCC_ATOMIC_TEST_AND_SET_TRUEVAL=1 '-D__FLT_NORM_MAX__=3.40282346638528859811704183484516925e+38F' -D__FLT64X_MAX_EXP__=16384 '-D__UINT_FAST64_TYPE__=long unsigned int' '-D__BFLT16_MIN_EXP__=(-125)' -D__INT_MAX__=0x7fffffff -D__linux__=1 '-D__INT64_TYPE__=long int' -D__FLT_MAX_EXP__=128 -D__ORDER_BIG_ENDIAN__=4321 -D__DBL_MANT_DIG__=53 -D__SIZEOF_FLOAT128__=16 -D__BFLT16_MANT_DIG__=8 -D__GCC_ATOMIC_CHAR16_T_LOCK_FREE=2 -D__DEC64_MIN__=1E-383DD '-D__WINT_TYPE__=unsigned int' '-D__UINT_LEAST32_TYPE__=unsigned int' -D__SIZEOF_SHORT__=2 '-D__FLT32_NORM_MAX__=3.40282346638528859811704183484516925e+38F32' -D__SSE__=1 '-D__LDBL_MIN_EXP__=(-16381)' '-D__FLT64_MAX__=1.79769313486231570814527423731704357e+308F64' -D__amd64__=1 -D__WINT_WIDTH__=32 -D__INT_LEAST8_MAX__=0x7f -D__INT_LEAST64_WIDTH__=64 -D__FLT32X_MAX_10_EXP__=308 -D__SIZEOF_INT128__=16 -D__FLT16_MIN__=6.10351562500000000000000000000000000e-5F16 -D__FLT64X_IS_IEC_60559__=1 -D__LDBL_MAX_10_EXP__=4932 -D__ATOMIC_RELAXED=0 '-D__DBL_EPSILON__=((double)2.22044604925031308084726333618164062e-16L)' -D__INT_LEAST32_TYPE__=int -D_LP64=1 '-D__UINT8_C(c)=c' -D__FLT64_MAX_EXP__=1024 -D__SIZEOF_WCHAR_T__=4 '-D__UINT64_TYPE__=long unsigned int' '-D__FLT128_NORM_MAX__=1.18973149535723176508575932662800702e+4932F128' '-D__FLT64_NORM_MAX__=1.79769313486231570814527423731704357e+308F64' -D__FLT128_HAS_QUIET_NAN__=1 -D__INTMAX_MAX__=0x7fffffffffffffffL '-D__INT_FAST8_TYPE__=signed char' -D__FLT64X_MIN__=3.36210314311209350626267781732175260e-4932F64x -D__FLT64_HAS_DENORM__=1 -D__FLT32_EPSILON__=1.19209289550781250000000000000000000e-7F32 -D__FLT16_HAS_DENORM__=1 -D__DBL_DECIMAL_DIG__=17 -D__STDC_UTF_32__=1 -D__INT_FAST8_WIDTH__=8 -D__FXSR__=1 '-D__FLT32X_MAX__=1.79769313486231570814527423731704357e+308F32x' '-D__DBL_NORM_MAX__=((double)1.79769313486231570814527423731704357e+308L)' -D__BYTE_ORDER__=__ORDER_LITTLE_ENDIAN__ -D__GCC_DESTRUCTIVE_SIZE=64 -D__INTMAX_WIDTH__=64 -D__FLT32_DIG__=6 '-D__UINT32_C(c)=c ## U' -D__FLT_DENORM_MIN__=1.40129846432481707092372958328991613e-45F -D__INT8_MAX__=0x7f -D__LONG_WIDTH__=64 '-D__DBL_MIN__=((double)2.22507385850720138309023271733240406e-308L)' -D__PIC__=2 -D__INT32_MAX__=0x7fffffff '-D__UINT_FAST32_TYPE__=long unsigned int' '-D__FLT32X_NORM_MAX__=1.79769313486231570814527423731704357e+308F32x' '-D__FLT_MAX__=3.40282346638528859811704183484516925e+38F' -D__SSE2__=1 -D__INT32_TYPE__=int -D__SIZEOF_DOUBLE__=8 '-D__FLT_MIN_10_EXP__=(-37)' -D__FLT64_MIN__=2.22507385850720138309023271733240406e-308F64 -D__INT_LEAST32_WIDTH__=32 '-D__INTMAX_TYPE__=long int' -D__FLT32X_HAS_QUIET_NAN__=1 -D__ATOMIC_CONSUME=1 -D__UINTMAX_MAX__=0xffffffffffffffffUL -D__PIE__=2 -D__FLT32X_DENORM_MIN__=4.94065645841246544176568792868221372e-324F32x -D__DBL_MAX_10_EXP__=308 -D__LDBL_DENORM_MIN__=3.64519953188247460252840593361941982e-4951L '-D__INT16_C(c)=c' '-D__PTRDIFF_TYPE__=long int' '-D__FLT32X_MIN_10_EXP__=(-307)' '-D__UINTPTR_TYPE__=long unsigned int' -D__DEC64_SUBNORMAL_MIN__=0.000000000000001E-383DD -D__DEC128_MANT_DIG__=34 '-D__LDBL_MIN_10_EXP__=(-4931)' -D__SIZEOF_LONG_LONG__=8 -D__FLT128_DECIMAL_DIG__=36 -D__GCC_ATOMIC_LLONG_LOCK_FREE=2 -D__FLT32_HAS_QUIET_NAN__=1 -D__FLT_DECIMAL_DIG__=9 -D__UINT_FAST16_MAX__=0xffffffffffffffffUL '-D__LDBL_NORM_MAX__=1.18973149535723176502126385303097021e+4932L' -D__GCC_ATOMIC_SHORT_LOCK_FREE=2 -D__SIZE_MAX__=0xffffffffffffffffUL '-D__UINT_FAST8_TYPE__=unsigned char' -D__ATOMIC_ACQ_REL=4 -D__ATOMIC_RELEASE=3 -I/usr/lib/gcc/x86_64-linux-gnu/13/include -I/usr/local/include -I/usr/include/x86_64-linux-gnu -I/usr/include -- 16.c
[E 08:48:25 441294] Starting compilation TRAP /home/melissa/sven/scripts/mydb_350m/trap/cpp/compilations/56/60802280_0.trap.br
[E 08:48:25 441294] Archiving /home/melissa/sven/scripts/mydb_350m/src/home/melissa/sven/experiments/sec_eval/sec-eval-350m-prefix/trained/cwe-125/0-c/sec_output/16.c
[E 08:48:25 441294] Already archived /home/melissa/sven/scripts/mydb_350m/src/usr/include/stdio.h
[E 08:48:25 441294] Already archived /home/melissa/sven/scripts/mydb_350m/src/usr/include/x86_64-linux-gnu/bits/libc-header-start.h
[E 08:48:25 441294] Already archived /home/melissa/sven/scripts/mydb_350m/src/usr/include/features.h
[E 08:48:25 441294] Already archived /home/melissa/sven/scripts/mydb_350m/src/usr/include/features-time64.h
[E 08:48:25 441294] Already archived /home/melissa/sven/scripts/mydb_350m/src/usr/include/x86_64-linux-gnu/bits/wordsize.h
[E 08:48:25 441294] Already archived /home/melissa/sven/scripts/mydb_350m/src/usr/include/x86_64-linux-gnu/bits/timesize.h
[E 08:48:25 441294] Already archived /home/melissa/sven/scripts/mydb_350m/src/usr/include/x86_64-linux-gnu/bits/wordsize.h
[E 08:48:25 441294] Already archived /home/melissa/sven/scripts/mydb_350m/src/usr/include/stdc-predef.h
[E 08:48:25 441294] Already archived /home/melissa/sven/scripts/mydb_350m/src/usr/include/x86_64-linux-gnu/sys/cdefs.h
[E 08:48:25 441294] Already archived /home/melissa/sven/scripts/mydb_350m/src/usr/include/x86_64-linux-gnu/bits/wordsize.h
[E 08:48:25 441294] Already archived /home/melissa/sven/scripts/mydb_350m/src/usr/include/x86_64-linux-gnu/bits/long-double.h
[E 08:48:25 441294] Already archived /home/melissa/sven/scripts/mydb_350m/src/usr/include/x86_64-linux-gnu/gnu/stubs.h
[E 08:48:25 441294] Already archived /home/melissa/sven/scripts/mydb_350m/src/usr/include/x86_64-linux-gnu/gnu/stubs-64.h
[E 08:48:25 441294] Already archived /home/melissa/sven/scripts/mydb_350m/src/usr/lib/gcc/x86_64-linux-gnu/13/include/stddef.h
[E 08:48:25 441294] Already archived /home/melissa/sven/scripts/mydb_350m/src/usr/lib/gcc/x86_64-linux-gnu/13/include/stdarg.h
[E 08:48:25 441294] Already archived /home/melissa/sven/scripts/mydb_350m/src/usr/include/x86_64-linux-gnu/bits/types.h
[E 08:48:25 441294] Already archived /home/melissa/sven/scripts/mydb_350m/src/usr/include/x86_64-linux-gnu/bits/wordsize.h
[E 08:48:25 441294] Already archived /home/melissa/sven/scripts/mydb_350m/src/usr/include/x86_64-linux-gnu/bits/timesize.h
[E 08:48:25 441294] Already archived /home/melissa/sven/scripts/mydb_350m/src/usr/include/x86_64-linux-gnu/bits/wordsize.h
[E 08:48:25 441294] Already archived /home/melissa/sven/scripts/mydb_350m/src/usr/include/x86_64-linux-gnu/bits/typesizes.h
[E 08:48:25 441294] Already archived /home/melissa/sven/scripts/mydb_350m/src/usr/include/x86_64-linux-gnu/bits/time64.h
[E 08:48:25 441294] Already archived /home/melissa/sven/scripts/mydb_350m/src/usr/include/x86_64-linux-gnu/bits/types/__fpos_t.h
[E 08:48:25 441294] Already archived /home/melissa/sven/scripts/mydb_350m/src/usr/include/x86_64-linux-gnu/bits/types/__mbstate_t.h
[E 08:48:25 441294] Already archived /home/melissa/sven/scripts/mydb_350m/src/usr/include/x86_64-linux-gnu/bits/types/__fpos64_t.h
[E 08:48:25 441294] Already archived /home/melissa/sven/scripts/mydb_350m/src/usr/include/x86_64-linux-gnu/bits/types/__FILE.h
[E 08:48:25 441294] Already archived /home/melissa/sven/scripts/mydb_350m/src/usr/include/x86_64-linux-gnu/bits/types/FILE.h
[E 08:48:25 441294] Already archived /home/melissa/sven/scripts/mydb_350m/src/usr/include/x86_64-linux-gnu/bits/types/struct_FILE.h
[E 08:48:25 441294] Already archived /home/melissa/sven/scripts/mydb_350m/src/usr/include/x86_64-linux-gnu/bits/types/cookie_io_functions_t.h
[E 08:48:25 441294] Already archived /home/melissa/sven/scripts/mydb_350m/src/usr/include/x86_64-linux-gnu/bits/stdio_lim.h
[E 08:48:25 441294] Already archived /home/melissa/sven/scripts/mydb_350m/src/usr/include/x86_64-linux-gnu/bits/floatn.h
[E 08:48:25 441294] Already archived /home/melissa/sven/scripts/mydb_350m/src/usr/include/x86_64-linux-gnu/bits/floatn-common.h
[E 08:48:25 441294] Already archived /home/melissa/sven/scripts/mydb_350m/src/usr/include/x86_64-linux-gnu/bits/long-double.h
[E 08:48:25 441294] Already archived /home/melissa/sven/scripts/mydb_350m/src/usr/include/stdlib.h
[E 08:48:25 441294] Already archived /home/melissa/sven/scripts/mydb_350m/src/usr/include/x86_64-linux-gnu/bits/libc-header-start.h
[E 08:48:25 441294] Already archived /home/melissa/sven/scripts/mydb_350m/src/usr/lib/gcc/x86_64-linux-gnu/13/include/stddef.h
[E 08:48:25 441294] Already archived /home/melissa/sven/scripts/mydb_350m/src/usr/include/x86_64-linux-gnu/bits/waitflags.h
[E 08:48:25 441294] Already archived /home/melissa/sven/scripts/mydb_350m/src/usr/include/x86_64-linux-gnu/bits/waitstatus.h
[E 08:48:25 441294] Already archived /home/melissa/sven/scripts/mydb_350m/src/usr/include/x86_64-linux-gnu/sys/types.h
[E 08:48:25 441294] Already archived /home/melissa/sven/scripts/mydb_350m/src/usr/include/x86_64-linux-gnu/bits/types/clock_t.h
[E 08:48:25 441294] Already archived /home/melissa/sven/scripts/mydb_350m/src/usr/include/x86_64-linux-gnu/bits/types/clockid_t.h
[E 08:48:25 441294] Already archived /home/melissa/sven/scripts/mydb_350m/src/usr/include/x86_64-linux-gnu/bits/types/time_t.h
[E 08:48:25 441294] Already archived /home/melissa/sven/scripts/mydb_350m/src/usr/include/x86_64-linux-gnu/bits/types/timer_t.h
[E 08:48:25 441294] Already archived /home/melissa/sven/scripts/mydb_350m/src/usr/lib/gcc/x86_64-linux-gnu/13/include/stddef.h
[E 08:48:25 441294] Already archived /home/melissa/sven/scripts/mydb_350m/src/usr/include/x86_64-linux-gnu/bits/stdint-intn.h
[E 08:48:25 441294] Already archived /home/melissa/sven/scripts/mydb_350m/src/usr/include/endian.h
[E 08:48:25 441294] Already archived /home/melissa/sven/scripts/mydb_350m/src/usr/include/x86_64-linux-gnu/bits/endian.h
[E 08:48:25 441294] Already archived /home/melissa/sven/scripts/mydb_350m/src/usr/include/x86_64-linux-gnu/bits/endianness.h
[E 08:48:25 441294] Already archived /home/melissa/sven/scripts/mydb_350m/src/usr/include/x86_64-linux-gnu/bits/byteswap.h
[E 08:48:25 441294] Already archived /home/melissa/sven/scripts/mydb_350m/src/usr/include/x86_64-linux-gnu/bits/uintn-identity.h
[E 08:48:25 441294] Already archived /home/melissa/sven/scripts/mydb_350m/src/usr/include/x86_64-linux-gnu/sys/select.h
[E 08:48:25 441294] Already archived /home/melissa/sven/scripts/mydb_350m/src/usr/include/x86_64-linux-gnu/bits/select.h
[E 08:48:25 441294] Already archived /home/melissa/sven/scripts/mydb_350m/src/usr/include/x86_64-linux-gnu/bits/types/sigset_t.h
[E 08:48:25 441294] Already archived /home/melissa/sven/scripts/mydb_350m/src/usr/include/x86_64-linux-gnu/bits/types/__sigset_t.h
[E 08:48:25 441294] Already archived /home/melissa/sven/scripts/mydb_350m/src/usr/include/x86_64-linux-gnu/bits/types/struct_timeval.h
[E 08:48:25 441294] Already archived /home/melissa/sven/scripts/mydb_350m/src/usr/include/x86_64-linux-gnu/bits/types/struct_timespec.h
[E 08:48:25 441294] Already archived /home/melissa/sven/scripts/mydb_350m/src/usr/include/x86_64-linux-gnu/bits/pthreadtypes.h
[E 08:48:25 441294] Already archived /home/melissa/sven/scripts/mydb_350m/src/usr/include/x86_64-linux-gnu/bits/thread-shared-types.h
[E 08:48:25 441294] Already archived /home/melissa/sven/scripts/mydb_350m/src/usr/include/x86_64-linux-gnu/bits/pthreadtypes-arch.h
[E 08:48:25 441294] Already archived /home/melissa/sven/scripts/mydb_350m/src/usr/include/x86_64-linux-gnu/bits/wordsize.h
[E 08:48:25 441294] Already archived /home/melissa/sven/scripts/mydb_350m/src/usr/include/x86_64-linux-gnu/bits/atomic_wide_counter.h
[E 08:48:25 441294] Already archived /home/melissa/sven/scripts/mydb_350m/src/usr/include/x86_64-linux-gnu/bits/struct_mutex.h
[E 08:48:25 441294] Already archived /home/melissa/sven/scripts/mydb_350m/src/usr/include/x86_64-linux-gnu/bits/struct_rwlock.h
[E 08:48:25 441294] Already archived /home/melissa/sven/scripts/mydb_350m/src/usr/include/alloca.h
[E 08:48:25 441294] Already archived /home/melissa/sven/scripts/mydb_350m/src/usr/lib/gcc/x86_64-linux-gnu/13/include/stddef.h
[E 08:48:25 441294] Already archived /home/melissa/sven/scripts/mydb_350m/src/usr/include/x86_64-linux-gnu/bits/stdlib-float.h
[E 08:48:25 441294] Creating trap tarball /home/melissa/sven/scripts/mydb_350m/trap/cpp/tarballs/home/melissa/sven/experiments/sec_eval/sec-eval-350m-prefix/trained/cwe-125/0-c/sec_output/16.c.c2c856f2_0.trap.tar.br
[E 08:48:25 441294] Emitting trap files for 16.c
[E 08:48:25 441294] Opening existencedb in /home/melissa/sven/scripts/mydb_350m/working/existencedb/db
[E 08:48:25 441294] Warning[extractor-c++]: In index_attribute_arg: Unknown kind 5.
[E 08:48:25 441294] Warning[extractor-c++]: In index_attribute_arg: Unknown kind 5.
[E 08:48:25 441294] Warning[extractor-c++]: In index_attribute_arg: Unknown kind 5.
[E 08:48:25 441294] Warning[extractor-c++]: In index_attribute_arg: Unknown kind 5.
[E 08:48:25 441294] Warning[extractor-c++]: In index_attribute_arg: Unknown kind 5.
[E 08:48:25 441294] Warning[extractor-c++]: In index_attribute_arg: Unknown kind 5.
[E 08:48:25 441294] Warning[extractor-c++]: In index_attribute_arg: Unknown kind 5.
[E 08:48:25 441294] Warning[extractor-c++]: In index_attribute_arg: Unknown kind 5.
[E 08:48:25 441294] Warning[extractor-c++]: In index_attribute_arg: Unknown kind 5.
[E 08:48:25 441294] Warning[extractor-c++]: In index_attribute_arg: Unknown kind 5.
[E 08:48:25 441294] Wrote 1 files to /home/melissa/sven/scripts/mydb_350m/trap/cpp/tarballs/home/melissa/sven/experiments/sec_eval/sec-eval-350m-prefix/trained/cwe-125/0-c/sec_output/16.c.c2c856f2_0.trap.tar.br
[E 08:48:25 441294] Finished compilation TRAP /home/melissa/sven/scripts/mydb_350m/trap/cpp/compilations/56/60802280_0.trap.br
[E 08:48:25 441294] Marking C compilation as happened.
[E 08:48:25 441294] Setting tag c-compilation-happened
[E 08:48:25 441294] Starting from CODEQL_TRACER_DB_ID 000000000006BBCC_0000000000000001
[E 08:48:25 441294] Locking DB /home/melissa/sven/scripts/mydb_350m/working/tags.db
[E 08:48:25 441294] Locked DB /home/melissa/sven/scripts/mydb_350m/working/tags.db
[E 08:48:25 441294] Set tag for 000000000006BBCC_0000000000000001
[E 08:48:25 441294] Set tag for 000000000006BBCA_0000000000000001
[E 08:48:25 441294] Set tag for 000000000006BAE9_0000000000000003
[E 08:48:25 441294] Set tag for 000000000006BAE9_0000000000000002
[E 08:48:25 441294] Set tag for root
[E 08:48:25 441294] Unlocking DB
[E 08:48:25 441294] Unlocked DB
[T 08:48:25 441292] Extractor /home/melissa/sven/codeql/cpp/tools/linux64/extractor terminated with exit code 0.
[T 08:48:25 441295] Initializing tracer.
[T 08:48:25 441295] Initialising tags...
[T 08:48:25 441295] ID set to 000000000006BBCF_0000000000000001 (parent 000000000006BBCA_0000000000000001)
[T 08:48:25 441295] ==== Candidate to intercept: as (canonical: as) ====
[T 08:48:25 441295] Will try to resolve as in path /home/melissa/sonar-scanner/bin:/home/melissa/anaconda3/envs/sven-env/bin:/home/melissa/miniconda3/condabin:/home/melissa/.vscode-server/cli/servers/Stable-c306e94f98122556ca081f527b466015e1bc37b0/server/bin/remote-cli:/usr/local/sbin:/usr/local/bin:/usr/sbin:/usr/bin:/sbin:/bin:/usr/games:/usr/local/games:/snap/bin:/home/melissa/.vscode-server/extensions/ms-python.debugpy-2025.14.1-linux-x64/bundled/scripts/noConfigScripts:/home/melissa/.vscode-server/data/User/globalStorage/github.copilot-chat/debugCommand:/home/melissa/codeql.
[T 08:48:25 441295]  -> path lookup for as as /home/melissa/sonar-scanner/bin/as...
[T 08:48:25 441295]  -> path lookup for as as /home/melissa/anaconda3/envs/sven-env/bin/as...
[T 08:48:25 441295]  -> path lookup for as as /home/melissa/miniconda3/condabin/as...
[T 08:48:25 441295]  -> path lookup for as as /home/melissa/.vscode-server/cli/servers/Stable-c306e94f98122556ca081f527b466015e1bc37b0/server/bin/remote-cli/as...
[T 08:48:25 441295]  -> path lookup for as as /usr/local/sbin/as...
[T 08:48:25 441295]  -> path lookup for as as /usr/local/bin/as...
[T 08:48:25 441295]  -> path lookup for as as /usr/sbin/as...
[T 08:48:25 441295]  -> path lookup for as as /usr/bin/as...
[T 08:48:25 441295] Resolved barename as to /usr/bin/as
[T 08:48:25 441295] Lua: === Intercepted call to /usr/bin/as ===
[T 08:48:25 441295] Executing the following tracer actions:
[T 08:48:25 441295] Tracer actions:
[T 08:48:25 441295] pre_invocations(0)
[T 08:48:25 441295] post_invocations(1)
[T 08:48:25 441295] invocation: /home/melissa/sven/codeql/cpp/tools/linux64/extractor, args: [--assembler, --codeql-assembler-executable, /usr/bin/as, --64, -o, 16.o, /tmp/ccgJeRYc.s]
[T 08:48:25 441295] trace_languages(1): [cpp]
[T 08:48:25 441297] Attempting to switch stdout/stderr to 4...
[T 08:48:25 441297] Initializing tracer.
[T 08:48:25 441297] Initialising tags...
[T 08:48:25 441297] ID set to 000000000006BBD1_0000000000000001 (parent 000000000006BBCF_0000000000000001)
[E 08:48:25 441297] CodeQL C/C++ Extractor 2.11.1
[E 08:48:25 441297] Current directory: /home/melissa/sven/experiments/sec_eval/sec-eval-350m-prefix/trained/cwe-125/0-c/sec_output
[E 08:48:25 441297] Command: /home/melissa/sven/codeql/cpp/tools/linux64/extractor --assembler --codeql-assembler-executable /usr/bin/as --64 -o 16.o /tmp/ccgJeRYc.s
[T 08:48:25 441295] Extractor /home/melissa/sven/codeql/cpp/tools/linux64/extractor terminated with exit code 0.
[T 08:48:25 441298] Attempting to switch stdout/stderr to 4...
[T 08:48:25 441298] Initializing tracer.
[T 08:48:25 441298] Initialising tags...
[T 08:48:25 441298] ID set to 000000000006BBD2_0000000000000001 (parent 000000000006BBCA_0000000000000001)
[E 08:48:25 441298] CodeQL C/C++ Extractor 2.11.1
[E 08:48:25 441298] Current directory: /home/melissa/sven/experiments/sec_eval/sec-eval-350m-prefix/trained/cwe-125/0-c/sec_output
[E 08:48:25 441298] Command: /home/melissa/sven/codeql/cpp/tools/linux64/extractor --mimic /usr/bin/x86_64-linux-gnu-gcc-13 -c 16.c -o 16.o
[E 08:48:25 441298] Checking whether C compilation already happened.
[E 08:48:25 441298] Checking for tag c-compilation-happened
[E 08:48:25 441298] Checking CODEQL_TRACER_DB_ID 000000000006BBCA_0000000000000001
[E 08:48:25 441298] Locking DB /home/melissa/sven/scripts/mydb_350m/working/tags.db
[E 08:48:25 441298] Locked DB /home/melissa/sven/scripts/mydb_350m/working/tags.db
[E 08:48:25 441298] Unlocking DB
[E 08:48:25 441298] Unlocked DB
[E 08:48:25 441298] Exiting as C compilation already happened.
[T 08:48:25 441290] Extractor /home/melissa/sven/codeql/cpp/tools/linux64/extractor terminated with exit code 0.
[T 08:48:25 441299] Initializing tracer.
[T 08:48:25 441299] Initialising tags...
[T 08:48:25 441299] ID set to 000000000006BBD3_0000000000000001 (parent 000000000006BAE9_0000000000000003)
[T 08:48:25 441299] ==== Candidate to intercept: /usr/bin/gcc (canonical: /usr/bin/x86_64-linux-gnu-gcc-13) ====
[T 08:48:25 441299] Lua: === Intercepted call to /usr/bin/x86_64-linux-gnu-gcc-13 ===
[T 08:48:25 441299] Executing the following tracer actions:
[T 08:48:25 441299] Tracer actions:
[T 08:48:25 441299] pre_invocations(0)
[T 08:48:25 441299] post_invocations(1)
[T 08:48:25 441299] invocation: /home/melissa/sven/codeql/cpp/tools/linux64/extractor, args: [--mimic, /usr/bin/x86_64-linux-gnu-gcc-13, -c, 17.c, -o, 17.o]
[T 08:48:25 441299] trace_languages(1): [cpp]
[T 08:48:25 441301] Initializing tracer.
[T 08:48:25 441301] Initialising tags...
[T 08:48:25 441301] ID set to 000000000006BBD5_0000000000000001 (parent 000000000006BBD3_0000000000000001)
[T 08:48:25 441301] ==== Candidate to intercept: /usr/libexec/gcc/x86_64-linux-gnu/13/cc1 (canonical: /usr/libexec/gcc/x86_64-linux-gnu/13/cc1) ====
[T 08:48:25 441301] Lua: === Intercepted call to /usr/libexec/gcc/x86_64-linux-gnu/13/cc1 ===
[T 08:48:25 441301] Executing the following tracer actions:
[T 08:48:25 441301] Tracer actions:
[T 08:48:25 441301] pre_invocations(0)
[T 08:48:25 441301] post_invocations(1)
[T 08:48:25 441301] invocation: /home/melissa/sven/codeql/cpp/tools/linux64/extractor, args: [--mimic, /usr/libexec/gcc/x86_64-linux-gnu/13/cc1, -quiet, -imultiarch, x86_64-linux-gnu, 17.c, -quiet, -dumpbase, 17.c, -dumpbase-ext, .c, -mtune=generic, -march=x86-64, -fasynchronous-unwind-tables, -fstack-protector-strong, -Wformat, -Wformat-security, -fstack-clash-protection, -fcf-protection, -o, /tmp/ccDvHlye.s]
[T 08:48:25 441301] trace_languages(1): [cpp]
[T 08:48:25 441303] Attempting to switch stdout/stderr to 4...
[T 08:48:25 441303] Initializing tracer.
[T 08:48:25 441303] Initialising tags...
[T 08:48:25 441303] ID set to 000000000006BBD7_0000000000000001 (parent 000000000006BBD5_0000000000000001)
[E 08:48:25 441303] CodeQL C/C++ Extractor 2.11.1
[E 08:48:25 441303] Current directory: /home/melissa/sven/experiments/sec_eval/sec-eval-350m-prefix/trained/cwe-125/0-c/sec_output
[E 08:48:25 441303] Command: /home/melissa/sven/codeql/cpp/tools/linux64/extractor --mimic /usr/libexec/gcc/x86_64-linux-gnu/13/cc1 -quiet -imultiarch x86_64-linux-gnu 17.c -quiet -dumpbase 17.c -dumpbase-ext .c -mtune=generic -march=x86-64 -fasynchronous-unwind-tables -fstack-protector-strong -Wformat -Wformat-security -fstack-clash-protection -fcf-protection -o /tmp/ccDvHlye.s
[E 08:48:25 441303] Checking whether C compilation already happened.
[E 08:48:25 441303] Checking for tag c-compilation-happened
[E 08:48:25 441303] Checking CODEQL_TRACER_DB_ID 000000000006BBD5_0000000000000001
[E 08:48:25 441303] Locking DB /home/melissa/sven/scripts/mydb_350m/working/tags.db
[E 08:48:25 441303] Locked DB /home/melissa/sven/scripts/mydb_350m/working/tags.db
[E 08:48:25 441303] Unlocking DB
[E 08:48:25 441303] Unlocked DB
[E 08:48:25 441303] Looks like C compilation didn't already happen.
[E 08:48:25 441303] Checking whether C compilation has been attempted.
[E 08:48:25 441303] Checking for tag c-compilation-attempted
[E 08:48:25 441303] Checking CODEQL_TRACER_DB_ID 000000000006BBD5_0000000000000001
[E 08:48:25 441303] Locking DB /home/melissa/sven/scripts/mydb_350m/working/tags.db
[E 08:48:25 441303] Locked DB /home/melissa/sven/scripts/mydb_350m/working/tags.db
[E 08:48:25 441303] Unlocking DB
[E 08:48:25 441303] Unlocked DB
[E 08:48:25 441303] Marking C compilation as attempted.
[E 08:48:25 441303] Setting tag c-compilation-attempted
[E 08:48:25 441303] Starting from CODEQL_TRACER_DB_ID 000000000006BBD5_0000000000000001
[E 08:48:25 441303] Locking DB /home/melissa/sven/scripts/mydb_350m/working/tags.db
[E 08:48:25 441303] Locked DB /home/melissa/sven/scripts/mydb_350m/working/tags.db
[E 08:48:25 441303] Set tag for 000000000006BBD5_0000000000000001
[E 08:48:25 441303] Set tag for 000000000006BBD3_0000000000000001
[E 08:48:25 441303] Set tag for 000000000006BAE9_0000000000000003
[E 08:48:25 441303] Set tag for 000000000006BAE9_0000000000000002
[E 08:48:25 441303] Set tag for root
[E 08:48:25 441303] Unlocking DB
[E 08:48:25 441303] Unlocked DB
[E 08:48:25 441303] Processed command line: /home/melissa/sven/codeql/cpp/tools/linux64/extractor --trapfolder /home/melissa/sven/scripts/mydb_350m/trap/cpp --src_archive /home/melissa/sven/scripts/mydb_350m/src --mimic_config /home/melissa/sven/scripts/mydb_350m/working/compiler_mimic_cache/a75ad1f49a2f --object_filename /tmp/ccDvHlye.s -w --error_limit 1000 --disable_system_macros --variadic_macros --gcc --gnu_version 130300 --target linux_x86_64 '-D__DBL_MIN_EXP__=(-1021)' -D__UINT_LEAST16_MAX__=0xffff -D__FLT16_HAS_QUIET_NAN__=1 -D__ATOMIC_ACQUIRE=2 -D__FLT128_MAX_10_EXP__=4932 -D__FLT_MIN__=1.17549435082228750796873653722224568e-38F -D__GCC_IEC_559_COMPLEX=2 '-D__UINT_LEAST8_TYPE__=unsigned char' -D__SIZEOF_FLOAT80__=16 -D__BFLT16_DENORM_MIN__=9.18354961579912115600575419704879436e-41BF16 '-D__INTMAX_C(c)=c ## L' -D__CHAR_BIT__=8 -D__UINT8_MAX__=0xff -D__SCHAR_WIDTH__=8 -D__WINT_MAX__=0xffffffffU '-D__FLT32_MIN_EXP__=(-125)' '-D__BFLT16_NORM_MAX__=3.38953138925153547590470800371487867e+38BF16' '-D__BFLT16_MIN_10_EXP__=(-37)' -D__ORDER_LITTLE_ENDIAN__=1234 -D__WCHAR_MAX__=0x7fffffff -D__GCC_HAVE_SYNC_COMPARE_AND_SWAP_2=1 -D__GCC_HAVE_SYNC_COMPARE_AND_SWAP_4=1 -D__GCC_HAVE_SYNC_COMPARE_AND_SWAP_8=1 -D__GCC_ATOMIC_CHAR_LOCK_FREE=2 -D__GCC_IEC_559=2 -D__FLT32X_DECIMAL_DIG__=17 -D__FLT_EVAL_METHOD__=0 -D__FLT64_DECIMAL_DIG__=17 -D__CET__=3 -D__GCC_ATOMIC_CHAR32_T_LOCK_FREE=2 -D__UINT_FAST64_MAX__=0xffffffffffffffffUL -D__SIG_ATOMIC_TYPE__=int '-D__DBL_MIN_10_EXP__=(-307)' -D__FINITE_MATH_ONLY__=0 -D__FLT32X_MAX_EXP__=1024 -D__GCC_HAVE_SYNC_COMPARE_AND_SWAP_1=1 -D__FLT32_HAS_DENORM__=1 -D__UINT_FAST8_MAX__=0xff -D__FLT32_MAX_10_EXP__=38 -D__DEC64_MAX_EXP__=385 '-D__INT8_C(c)=c' -D__INT_LEAST8_WIDTH__=8 -D__UINT_LEAST64_MAX__=0xffffffffffffffffUL -D__SHRT_MAX__=0x7fff '-D__LDBL_MAX__=1.18973149535723176502126385303097021e+4932L' -D__FLT64X_MAX_10_EXP__=4932 -D__BFLT16_MAX_10_EXP__=38 -D__BFLT16_MAX_EXP__=128 -D__LDBL_IS_IEC_60559__=1 -D__FLT64X_HAS_QUIET_NAN__=1 -D__UINT_LEAST8_MAX__=0xff -D__GCC_ATOMIC_BOOL_LOCK_FREE=2 -D__FLT128_DENORM_MIN__=6.47517511943802511092443895822764655e-4966F128 '-D__UINTMAX_TYPE__=long unsigned int' -D__BFLT16_DECIMAL_DIG__=4 -D__linux=1 -D__DEC32_EPSILON__=1E-6DF -D__FLT_EVAL_METHOD_TS_18661_3__=0 -D__UINT32_MAX__=0xffffffffU '-D__DBL_DENORM_MIN__=((double)4.94065645841246544176568792868221372e-324L)' '-D__FLT128_MIN_EXP__=(-16381)' -D__WINT_MIN__=0U '-D__FLT128_MIN_10_EXP__=(-4931)' -D__FLT32X_IS_IEC_60559__=1 -D__INT_LEAST16_WIDTH__=16 -D__SCHAR_MAX__=0x7f -D__FLT128_MANT_DIG__=113 '-D__WCHAR_MIN__=(-__WCHAR_MAX__ - 1)' '-D__INT64_C(c)=c ## L' -D__SSP_STRONG__=3 -D__GCC_ATOMIC_POINTER_LOCK_FREE=2 -D__ATOMIC_SEQ_CST=5 -D__unix=1 -D__INT_LEAST64_MAX__=0x7fffffffffffffffL -D__FLT32X_MANT_DIG__=53 -D__FLT64X_EPSILON__=1.08420217248550443400745280086994171e-19F64x '-D__DEC64_MIN_EXP__=(-382)' -D__DBL_DIG__=15 -D__FLT_EPSILON__=1.19209289550781250000000000000000000e-7F -D__SHRT_WIDTH__=16 -D__FLT32_IS_IEC_60559__=1 -D__LDBL_MIN__=3.36210314311209350626267781732175260e-4932L -D__STDC_UTF_16__=1 -D__DBL_IS_IEC_60559__=1 -D__DEC32_MAX__=9.999999E96DF -D__FLT64X_DENORM_MIN__=3.64519953188247460252840593361941982e-4951F64x -D__FLT32X_HAS_INFINITY__=1 -D__unix__=1 -D__INT_WIDTH__=32 -D__STDC_IEC_559__=1 -D__STDC_ISO_10646__=201706L -D__DECIMAL_DIG__=21 -D__STDC_IEC_559_COMPLEX__=1 -D__FLT64_EPSILON__=2.22044604925031308084726333618164062e-16F64 -D__gnu_linux__=1 -D__FLT128_IS_IEC_60559__=1 '-D__FLT64X_MIN_10_EXP__=(-4931)' -D__LDBL_HAS_QUIET_NAN__=1 '-D__FLT16_MIN_EXP__=(-13)' -D__FLT64_MANT_DIG__=53 -D__FLT64X_MANT_DIG__=64 -D__BFLT16_DIG__=2 -D__pie__=2 -D__MMX__=1 -D__FLT_HAS_DENORM__=1 -D__SIZEOF_LONG_DOUBLE__=16 -D__BIGGEST_ALIGNMENT__=16 -D__FLT64_MAX_10_EXP__=308 -D__BFLT16_IS_IEC_60559__=0 -D__FLT16_MAX_10_EXP__=4 '-D__DBL_MAX__=((double)1.79769313486231570814527423731704357e+308L)' -D__INT_FAST32_MAX__=0x7fffffffffffffffL -D__DBL_HAS_INFINITY__=1 -D__INT64_MAX__=0x7fffffffffffffffL -D__SIZEOF_FLOAT__=4 -D__HAVE_SPECULATION_SAFE_VALUE=1 '-D__DEC32_MIN_EXP__=(-94)' -D__INTPTR_WIDTH__=64 -D__UINT_LEAST32_MAX__=0xffffffffU -D__FLT32X_HAS_DENORM__=1 '-D__INT_FAST16_TYPE__=long int' -D__MMX_WITH_SSE__=1 -D__LDBL_HAS_DENORM__=1 -D__SEG_GS=1 -D__BFLT16_EPSILON__=7.81250000000000000000000000000000000e-3BF16 -D__FLT128_HAS_INFINITY__=1 -D__DEC32_MIN__=1E-95DF -D__DBL_MAX_EXP__=1024 -D__WCHAR_WIDTH__=32 '-D__FLT32_MAX__=3.40282346638528859811704183484516925e+38F32' -D__DEC128_EPSILON__=1E-33DL -D__FLT16_DECIMAL_DIG__=5 -D__SSE2_MATH__=1 -D__ATOMIC_HLE_RELEASE=131072 -D__PTRDIFF_MAX__=0x7fffffffffffffffL -D__amd64=1 -D__ATOMIC_HLE_ACQUIRE=65536 -D__LONG_LONG_MAX__=0x7fffffffffffffffLL -D__SIZEOF_SIZE_T__=8 -D__BFLT16_HAS_INFINITY__=1 '-D__FLT64X_MIN_EXP__=(-16381)' -D__SIZEOF_WINT_T__=4 -D__LONG_LONG_WIDTH__=64 -D__FLT32_MAX_EXP__=128 -D__GXX_ABI_VERSION=1018 '-D__FLT_MIN_EXP__=(-125)' -D__GCC_HAVE_DWARF2_CFI_ASM=1 -D__INT16_MAX__=0x7fff -D__x86_64=1 '-D__INT_FAST64_TYPE__=long int' '-D__BFLT16_MAX__=3.38953138925153547590470800371487867e+38BF16' -D__BFLT16_HAS_DENORM__=1 -D__FLT64_DENORM_MIN__=4.94065645841246544176568792868221372e-324F64 -D__FLT16_DENORM_MIN__=5.96046447753906250000000000000000000e-8F16 -D__FLT128_EPSILON__=1.92592994438723585305597794258492732e-34F128 '-D__FLT64X_NORM_MAX__=1.18973149535723176502126385303097021e+4932F64x' -D__SIZEOF_POINTER__=8 '-D__SIZE_TYPE__=long unsigned int' -D__LP64__=1 -D__DBL_HAS_QUIET_NAN__=1 -D__FLT32X_EPSILON__=2.22044604925031308084726333618164062e-16F32x -D__LDBL_MAX_EXP__=16384 -D__DECIMAL_BID_FORMAT__=1 '-D__FLT64_MIN_EXP__=(-1021)' '-D__FLT64_MIN_10_EXP__=(-307)' '-D__FLT16_MIN_10_EXP__=(-4)' -D__FLT64X_DECIMAL_DIG__=21 -D__DEC128_MIN__=1E-6143DL -D__REGISTER_PREFIX__= -D__UINT16_MAX__=0xffff -D__DBL_HAS_DENORM__=1 -D__FLT32_MIN__=1.17549435082228750796873653722224568e-38F32 '-D__UINT8_TYPE__=unsigned char' -D__FLT_DIG__=6 -D__NO_INLINE__=1 -D__DEC_EVAL_METHOD__=2 -D__FLT_MANT_DIG__=24 -D__LDBL_DECIMAL_DIG__=21 '-D__UINT64_C(c)=c ## UL' -D_STDC_PREDEF_H=1 -D__INT_LEAST32_MAX__=0x7fffffff -D__GCC_ATOMIC_INT_LOCK_FREE=2 -D__FLT128_MAX_EXP__=16384 -D__FLT32_MANT_DIG__=24 -D__FLOAT_WORD_ORDER__=__ORDER_LITTLE_ENDIAN__ '-D__FLT32X_MIN_EXP__=(-1021)' -D__STDC_IEC_60559_COMPLEX__=201404L -D__BFLT16_MIN__=1.17549435082228750796873653722224568e-38BF16 -D__FLT128_HAS_DENORM__=1 -D__FLT32_DECIMAL_DIG__=9 -D__FLT128_DIG__=33 '-D__INT32_C(c)=c' -D__DEC64_EPSILON__=1E-15DD -D__ORDER_PDP_ENDIAN__=3412 '-D__DEC128_MIN_EXP__=(-6142)' -D__DEC128_MAX__=9.999999999999999999999999999999999E6144DL '-D__INT_FAST32_TYPE__=long int' '-D__UINT_LEAST16_TYPE__=short unsigned int' -D__DEC128_MAX_EXP__=6145 -Dunix=1 -D__UINT64_MAX__=0xffffffffffffffffUL -D__FLT_IS_IEC_60559__=1 '-D__GNUC_WIDE_EXECUTION_CHARSET_NAME="UTF-32LE"' -D__FLT64X_DIG__=18 '-D__INT8_TYPE__=signed char' -D__ELF__=1 -D__GCC_ASM_FLAG_OUTPUTS__=1 '-D__UINT32_TYPE__=unsigned int' -D__BFLT16_HAS_QUIET_NAN__=1 -D__FLT_RADIX__=2 '-D__INT_LEAST16_TYPE__=short int' -D__LDBL_EPSILON__=1.08420217248550443400745280086994171e-19L '-D__UINTMAX_C(c)=c ## UL' -D__FLT16_DIG__=3 -D__SSE_MATH__=1 -D__k8=1 -D__FLT32X_MIN__=2.22507385850720138309023271733240406e-308F32x -D__SIG_ATOMIC_MAX__=0x7fffffff -D__GCC_ATOMIC_WCHAR_T_LOCK_FREE=2 -D__USER_LABEL_PREFIX__= -D__STDC_IEC_60559_BFP__=201404L -D__SIZEOF_PTRDIFF_T__=8 -D__FLT64X_HAS_INFINITY__=1 -D__FLT32_HAS_INFINITY__=1 -D__SIZEOF_LONG__=8 -D__LDBL_DIG__=18 -D__FLT64_IS_IEC_60559__=1 -D__x86_64__=1 -D__FLT16_IS_IEC_60559__=1 -D__FLT16_MAX_EXP__=16 -D__DEC32_SUBNORMAL_MIN__=0.000001E-95DF -D__INT_FAST16_MAX__=0x7fffffffffffffffL -D__GCC_CONSTRUCTIVE_SIZE=64 -D__FLT64_DIG__=15 -D__UINT_FAST32_MAX__=0xffffffffffffffffUL '-D__UINT_LEAST64_TYPE__=long unsigned int' -D__FLT16_EPSILON__=9.76562500000000000000000000000000000e-4F16 -D__FLT_HAS_QUIET_NAN__=1 -D__FLT_MAX_10_EXP__=38 -D__LONG_MAX__=0x7fffffffffffffffL -D__FLT64X_HAS_DENORM__=1 -D__DEC128_SUBNORMAL_MIN__=0.000000000000000000000000000000001E-6143DL -D__FLT_HAS_INFINITY__=1 '-D__GNUC_EXECUTION_CHARSET_NAME="UTF-8"' '-D__UINT_FAST16_TYPE__=long unsigned int' -D__DEC64_MAX__=9.999999999999999E384DD -D__INT_FAST32_WIDTH__=64 -D__PRAGMA_REDEFINE_EXTNAME=1 -D__SIZE_WIDTH__=64 -D__SEG_FS=1 -D__INT_LEAST16_MAX__=0x7fff '-D__FLT16_NORM_MAX__=6.55040000000000000000000000000000000e+4F16' -D__DEC64_MANT_DIG__=16 -D__FLT32_DENORM_MIN__=1.40129846432481707092372958328991613e-45F32 -D__SIG_ATOMIC_WIDTH__=32 '-D__INT_LEAST64_TYPE__=long int' '-D__INT16_TYPE__=short int' '-D__INT_LEAST8_TYPE__=signed char' '-D__FLT16_MAX__=6.55040000000000000000000000000000000e+4F16' -D__FLT128_MIN__=3.36210314311209350626267781732175260e-4932F128 -D__SIZEOF_INT__=4 -D__DEC32_MAX_EXP__=97 -D__INT_FAST8_MAX__=0x7f '-D__FLT128_MAX__=1.18973149535723176508575932662800702e+4932F128' -D__INTPTR_MAX__=0x7fffffffffffffffL -Dlinux=1 -D__FLT64_HAS_QUIET_NAN__=1 '-D__FLT32_MIN_10_EXP__=(-37)' -D__FLT32X_DIG__=15 '-D__UINT16_C(c)=c' -D__PTRDIFF_WIDTH__=64 -D__LDBL_MANT_DIG__=64 -D__INT_FAST16_WIDTH__=64 -D__FLT64_HAS_INFINITY__=1 '-D__FLT64X_MAX__=1.18973149535723176502126385303097021e+4932F64x' -D__FLT16_HAS_INFINITY__=1 '-D__SIG_ATOMIC_MIN__=(-__SIG_ATOMIC_MAX__ - 1)' -D__code_model_small__=1 -D__GCC_ATOMIC_LONG_LOCK_FREE=2 -D__DEC32_MANT_DIG__=7 -D__FLT16_MANT_DIG__=11 -D__k8__=1 '-D__INTPTR_TYPE__=long int' '-D__UINT16_TYPE__=short unsigned int' -D__WCHAR_TYPE__=int -D__pic__=2 -D__UINTPTR_MAX__=0xffffffffffffffffUL -D__INT_FAST64_WIDTH__=64 -D__LDBL_HAS_INFINITY__=1 -D__INT_FAST64_MAX__=0x7fffffffffffffffL -D__GCC_ATOMIC_TEST_AND_SET_TRUEVAL=1 '-D__FLT_NORM_MAX__=3.40282346638528859811704183484516925e+38F' -D__FLT64X_MAX_EXP__=16384 '-D__UINT_FAST64_TYPE__=long unsigned int' '-D__BFLT16_MIN_EXP__=(-125)' -D__INT_MAX__=0x7fffffff -D__linux__=1 '-D__INT64_TYPE__=long int' -D__FLT_MAX_EXP__=128 -D__ORDER_BIG_ENDIAN__=4321 -D__DBL_MANT_DIG__=53 -D__SIZEOF_FLOAT128__=16 -D__BFLT16_MANT_DIG__=8 -D__GCC_ATOMIC_CHAR16_T_LOCK_FREE=2 -D__DEC64_MIN__=1E-383DD '-D__WINT_TYPE__=unsigned int' '-D__UINT_LEAST32_TYPE__=unsigned int' -D__SIZEOF_SHORT__=2 '-D__FLT32_NORM_MAX__=3.40282346638528859811704183484516925e+38F32' -D__SSE__=1 '-D__LDBL_MIN_EXP__=(-16381)' '-D__FLT64_MAX__=1.79769313486231570814527423731704357e+308F64' -D__amd64__=1 -D__WINT_WIDTH__=32 -D__INT_LEAST8_MAX__=0x7f -D__INT_LEAST64_WIDTH__=64 -D__FLT32X_MAX_10_EXP__=308 -D__SIZEOF_INT128__=16 -D__FLT16_MIN__=6.10351562500000000000000000000000000e-5F16 -D__FLT64X_IS_IEC_60559__=1 -D__LDBL_MAX_10_EXP__=4932 -D__ATOMIC_RELAXED=0 '-D__DBL_EPSILON__=((double)2.22044604925031308084726333618164062e-16L)' -D__INT_LEAST32_TYPE__=int -D_LP64=1 '-D__UINT8_C(c)=c' -D__FLT64_MAX_EXP__=1024 -D__SIZEOF_WCHAR_T__=4 '-D__UINT64_TYPE__=long unsigned int' '-D__FLT128_NORM_MAX__=1.18973149535723176508575932662800702e+4932F128' '-D__FLT64_NORM_MAX__=1.79769313486231570814527423731704357e+308F64' -D__FLT128_HAS_QUIET_NAN__=1 -D__INTMAX_MAX__=0x7fffffffffffffffL '-D__INT_FAST8_TYPE__=signed char' -D__FLT64X_MIN__=3.36210314311209350626267781732175260e-4932F64x -D__FLT64_HAS_DENORM__=1 -D__FLT32_EPSILON__=1.19209289550781250000000000000000000e-7F32 -D__FLT16_HAS_DENORM__=1 -D__DBL_DECIMAL_DIG__=17 -D__STDC_UTF_32__=1 -D__INT_FAST8_WIDTH__=8 -D__FXSR__=1 '-D__FLT32X_MAX__=1.79769313486231570814527423731704357e+308F32x' '-D__DBL_NORM_MAX__=((double)1.79769313486231570814527423731704357e+308L)' -D__BYTE_ORDER__=__ORDER_LITTLE_ENDIAN__ -D__GCC_DESTRUCTIVE_SIZE=64 -D__INTMAX_WIDTH__=64 -D__FLT32_DIG__=6 '-D__UINT32_C(c)=c ## U' -D__FLT_DENORM_MIN__=1.40129846432481707092372958328991613e-45F -D__INT8_MAX__=0x7f -D__LONG_WIDTH__=64 '-D__DBL_MIN__=((double)2.22507385850720138309023271733240406e-308L)' -D__PIC__=2 -D__INT32_MAX__=0x7fffffff '-D__UINT_FAST32_TYPE__=long unsigned int' '-D__FLT32X_NORM_MAX__=1.79769313486231570814527423731704357e+308F32x' '-D__FLT_MAX__=3.40282346638528859811704183484516925e+38F' -D__SSE2__=1 -D__INT32_TYPE__=int -D__SIZEOF_DOUBLE__=8 '-D__FLT_MIN_10_EXP__=(-37)' -D__FLT64_MIN__=2.22507385850720138309023271733240406e-308F64 -D__INT_LEAST32_WIDTH__=32 '-D__INTMAX_TYPE__=long int' -D__FLT32X_HAS_QUIET_NAN__=1 -D__ATOMIC_CONSUME=1 -D__UINTMAX_MAX__=0xffffffffffffffffUL -D__PIE__=2 -D__FLT32X_DENORM_MIN__=4.94065645841246544176568792868221372e-324F32x -D__DBL_MAX_10_EXP__=308 -D__LDBL_DENORM_MIN__=3.64519953188247460252840593361941982e-4951L '-D__INT16_C(c)=c' '-D__PTRDIFF_TYPE__=long int' '-D__FLT32X_MIN_10_EXP__=(-307)' '-D__UINTPTR_TYPE__=long unsigned int' -D__DEC64_SUBNORMAL_MIN__=0.000000000000001E-383DD -D__DEC128_MANT_DIG__=34 '-D__LDBL_MIN_10_EXP__=(-4931)' -D__SIZEOF_LONG_LONG__=8 -D__FLT128_DECIMAL_DIG__=36 -D__GCC_ATOMIC_LLONG_LOCK_FREE=2 -D__FLT32_HAS_QUIET_NAN__=1 -D__FLT_DECIMAL_DIG__=9 -D__UINT_FAST16_MAX__=0xffffffffffffffffUL '-D__LDBL_NORM_MAX__=1.18973149535723176502126385303097021e+4932L' -D__GCC_ATOMIC_SHORT_LOCK_FREE=2 -D__SIZE_MAX__=0xffffffffffffffffUL '-D__UINT_FAST8_TYPE__=unsigned char' -D__ATOMIC_ACQ_REL=4 -D__ATOMIC_RELEASE=3 -I/usr/lib/gcc/x86_64-linux-gnu/13/include -I/usr/local/include -I/usr/include/x86_64-linux-gnu -I/usr/include -- 17.c
[E 08:48:25 441303] Starting compilation TRAP /home/melissa/sven/scripts/mydb_350m/trap/cpp/compilations/56/34608192_0.trap.br
[E 08:48:25 441303] Archiving /home/melissa/sven/scripts/mydb_350m/src/home/melissa/sven/experiments/sec_eval/sec-eval-350m-prefix/trained/cwe-125/0-c/sec_output/17.c
[E 08:48:25 441303] Already archived /home/melissa/sven/scripts/mydb_350m/src/usr/include/stdio.h
[E 08:48:25 441303] Already archived /home/melissa/sven/scripts/mydb_350m/src/usr/include/x86_64-linux-gnu/bits/libc-header-start.h
[E 08:48:25 441303] Already archived /home/melissa/sven/scripts/mydb_350m/src/usr/include/features.h
[E 08:48:25 441303] Already archived /home/melissa/sven/scripts/mydb_350m/src/usr/include/features-time64.h
[E 08:48:25 441303] Already archived /home/melissa/sven/scripts/mydb_350m/src/usr/include/x86_64-linux-gnu/bits/wordsize.h
[E 08:48:25 441303] Already archived /home/melissa/sven/scripts/mydb_350m/src/usr/include/x86_64-linux-gnu/bits/timesize.h
[E 08:48:25 441303] Already archived /home/melissa/sven/scripts/mydb_350m/src/usr/include/x86_64-linux-gnu/bits/wordsize.h
[E 08:48:25 441303] Already archived /home/melissa/sven/scripts/mydb_350m/src/usr/include/stdc-predef.h
[E 08:48:25 441303] Already archived /home/melissa/sven/scripts/mydb_350m/src/usr/include/x86_64-linux-gnu/sys/cdefs.h
[E 08:48:25 441303] Already archived /home/melissa/sven/scripts/mydb_350m/src/usr/include/x86_64-linux-gnu/bits/wordsize.h
[E 08:48:25 441303] Already archived /home/melissa/sven/scripts/mydb_350m/src/usr/include/x86_64-linux-gnu/bits/long-double.h
[E 08:48:25 441303] Already archived /home/melissa/sven/scripts/mydb_350m/src/usr/include/x86_64-linux-gnu/gnu/stubs.h
[E 08:48:25 441303] Already archived /home/melissa/sven/scripts/mydb_350m/src/usr/include/x86_64-linux-gnu/gnu/stubs-64.h
[E 08:48:25 441303] Already archived /home/melissa/sven/scripts/mydb_350m/src/usr/lib/gcc/x86_64-linux-gnu/13/include/stddef.h
[E 08:48:25 441303] Already archived /home/melissa/sven/scripts/mydb_350m/src/usr/lib/gcc/x86_64-linux-gnu/13/include/stdarg.h
[E 08:48:25 441303] Already archived /home/melissa/sven/scripts/mydb_350m/src/usr/include/x86_64-linux-gnu/bits/types.h
[E 08:48:25 441303] Already archived /home/melissa/sven/scripts/mydb_350m/src/usr/include/x86_64-linux-gnu/bits/wordsize.h
[E 08:48:25 441303] Already archived /home/melissa/sven/scripts/mydb_350m/src/usr/include/x86_64-linux-gnu/bits/timesize.h
[E 08:48:25 441303] Already archived /home/melissa/sven/scripts/mydb_350m/src/usr/include/x86_64-linux-gnu/bits/wordsize.h
[E 08:48:25 441303] Already archived /home/melissa/sven/scripts/mydb_350m/src/usr/include/x86_64-linux-gnu/bits/typesizes.h
[E 08:48:25 441303] Already archived /home/melissa/sven/scripts/mydb_350m/src/usr/include/x86_64-linux-gnu/bits/time64.h
[E 08:48:25 441303] Already archived /home/melissa/sven/scripts/mydb_350m/src/usr/include/x86_64-linux-gnu/bits/types/__fpos_t.h
[E 08:48:25 441303] Already archived /home/melissa/sven/scripts/mydb_350m/src/usr/include/x86_64-linux-gnu/bits/types/__mbstate_t.h
[E 08:48:25 441303] Already archived /home/melissa/sven/scripts/mydb_350m/src/usr/include/x86_64-linux-gnu/bits/types/__fpos64_t.h
[E 08:48:25 441303] Already archived /home/melissa/sven/scripts/mydb_350m/src/usr/include/x86_64-linux-gnu/bits/types/__FILE.h
[E 08:48:25 441303] Already archived /home/melissa/sven/scripts/mydb_350m/src/usr/include/x86_64-linux-gnu/bits/types/FILE.h
[E 08:48:25 441303] Already archived /home/melissa/sven/scripts/mydb_350m/src/usr/include/x86_64-linux-gnu/bits/types/struct_FILE.h
[E 08:48:25 441303] Already archived /home/melissa/sven/scripts/mydb_350m/src/usr/include/x86_64-linux-gnu/bits/types/cookie_io_functions_t.h
[E 08:48:25 441303] Already archived /home/melissa/sven/scripts/mydb_350m/src/usr/include/x86_64-linux-gnu/bits/stdio_lim.h
[E 08:48:25 441303] Already archived /home/melissa/sven/scripts/mydb_350m/src/usr/include/x86_64-linux-gnu/bits/floatn.h
[E 08:48:25 441303] Already archived /home/melissa/sven/scripts/mydb_350m/src/usr/include/x86_64-linux-gnu/bits/floatn-common.h
[E 08:48:25 441303] Already archived /home/melissa/sven/scripts/mydb_350m/src/usr/include/x86_64-linux-gnu/bits/long-double.h
[E 08:48:25 441303] Already archived /home/melissa/sven/scripts/mydb_350m/src/usr/include/stdlib.h
[E 08:48:25 441303] Already archived /home/melissa/sven/scripts/mydb_350m/src/usr/include/x86_64-linux-gnu/bits/libc-header-start.h
[E 08:48:25 441303] Already archived /home/melissa/sven/scripts/mydb_350m/src/usr/lib/gcc/x86_64-linux-gnu/13/include/stddef.h
[E 08:48:25 441303] Already archived /home/melissa/sven/scripts/mydb_350m/src/usr/include/x86_64-linux-gnu/bits/waitflags.h
[E 08:48:25 441303] Already archived /home/melissa/sven/scripts/mydb_350m/src/usr/include/x86_64-linux-gnu/bits/waitstatus.h
[E 08:48:25 441303] Already archived /home/melissa/sven/scripts/mydb_350m/src/usr/include/x86_64-linux-gnu/sys/types.h
[E 08:48:25 441303] Already archived /home/melissa/sven/scripts/mydb_350m/src/usr/include/x86_64-linux-gnu/bits/types/clock_t.h
[E 08:48:25 441303] Already archived /home/melissa/sven/scripts/mydb_350m/src/usr/include/x86_64-linux-gnu/bits/types/clockid_t.h
[E 08:48:25 441303] Already archived /home/melissa/sven/scripts/mydb_350m/src/usr/include/x86_64-linux-gnu/bits/types/time_t.h
[E 08:48:25 441303] Already archived /home/melissa/sven/scripts/mydb_350m/src/usr/include/x86_64-linux-gnu/bits/types/timer_t.h
[E 08:48:25 441303] Already archived /home/melissa/sven/scripts/mydb_350m/src/usr/lib/gcc/x86_64-linux-gnu/13/include/stddef.h
[E 08:48:25 441303] Already archived /home/melissa/sven/scripts/mydb_350m/src/usr/include/x86_64-linux-gnu/bits/stdint-intn.h
[E 08:48:25 441303] Already archived /home/melissa/sven/scripts/mydb_350m/src/usr/include/endian.h
[E 08:48:25 441303] Already archived /home/melissa/sven/scripts/mydb_350m/src/usr/include/x86_64-linux-gnu/bits/endian.h
[E 08:48:25 441303] Already archived /home/melissa/sven/scripts/mydb_350m/src/usr/include/x86_64-linux-gnu/bits/endianness.h
[E 08:48:25 441303] Already archived /home/melissa/sven/scripts/mydb_350m/src/usr/include/x86_64-linux-gnu/bits/byteswap.h
[E 08:48:25 441303] Already archived /home/melissa/sven/scripts/mydb_350m/src/usr/include/x86_64-linux-gnu/bits/uintn-identity.h
[E 08:48:25 441303] Already archived /home/melissa/sven/scripts/mydb_350m/src/usr/include/x86_64-linux-gnu/sys/select.h
[E 08:48:25 441303] Already archived /home/melissa/sven/scripts/mydb_350m/src/usr/include/x86_64-linux-gnu/bits/select.h
[E 08:48:25 441303] Already archived /home/melissa/sven/scripts/mydb_350m/src/usr/include/x86_64-linux-gnu/bits/types/sigset_t.h
[E 08:48:25 441303] Already archived /home/melissa/sven/scripts/mydb_350m/src/usr/include/x86_64-linux-gnu/bits/types/__sigset_t.h
[E 08:48:25 441303] Already archived /home/melissa/sven/scripts/mydb_350m/src/usr/include/x86_64-linux-gnu/bits/types/struct_timeval.h
[E 08:48:25 441303] Already archived /home/melissa/sven/scripts/mydb_350m/src/usr/include/x86_64-linux-gnu/bits/types/struct_timespec.h
[E 08:48:25 441303] Already archived /home/melissa/sven/scripts/mydb_350m/src/usr/include/x86_64-linux-gnu/bits/pthreadtypes.h
[E 08:48:25 441303] Already archived /home/melissa/sven/scripts/mydb_350m/src/usr/include/x86_64-linux-gnu/bits/thread-shared-types.h
[E 08:48:25 441303] Already archived /home/melissa/sven/scripts/mydb_350m/src/usr/include/x86_64-linux-gnu/bits/pthreadtypes-arch.h
[E 08:48:25 441303] Already archived /home/melissa/sven/scripts/mydb_350m/src/usr/include/x86_64-linux-gnu/bits/wordsize.h
[E 08:48:25 441303] Already archived /home/melissa/sven/scripts/mydb_350m/src/usr/include/x86_64-linux-gnu/bits/atomic_wide_counter.h
[E 08:48:25 441303] Already archived /home/melissa/sven/scripts/mydb_350m/src/usr/include/x86_64-linux-gnu/bits/struct_mutex.h
[E 08:48:25 441303] Already archived /home/melissa/sven/scripts/mydb_350m/src/usr/include/x86_64-linux-gnu/bits/struct_rwlock.h
[E 08:48:25 441303] Already archived /home/melissa/sven/scripts/mydb_350m/src/usr/include/alloca.h
[E 08:48:25 441303] Already archived /home/melissa/sven/scripts/mydb_350m/src/usr/lib/gcc/x86_64-linux-gnu/13/include/stddef.h
[E 08:48:25 441303] Already archived /home/melissa/sven/scripts/mydb_350m/src/usr/include/x86_64-linux-gnu/bits/stdlib-float.h
[E 08:48:25 441303] Creating trap tarball /home/melissa/sven/scripts/mydb_350m/trap/cpp/tarballs/home/melissa/sven/experiments/sec_eval/sec-eval-350m-prefix/trained/cwe-125/0-c/sec_output/17.c.cd64f0d7_0.trap.tar.br
[E 08:48:25 441303] Emitting trap files for 17.c
[E 08:48:25 441303] Opening existencedb in /home/melissa/sven/scripts/mydb_350m/working/existencedb/db
[E 08:48:25 441303] Warning[extractor-c++]: In index_attribute_arg: Unknown kind 5.
[E 08:48:25 441303] Warning[extractor-c++]: In index_attribute_arg: Unknown kind 5.
[E 08:48:25 441303] Warning[extractor-c++]: In index_attribute_arg: Unknown kind 5.
[E 08:48:25 441303] Warning[extractor-c++]: In index_attribute_arg: Unknown kind 5.
[E 08:48:25 441303] Warning[extractor-c++]: In index_attribute_arg: Unknown kind 5.
[E 08:48:25 441303] Warning[extractor-c++]: In index_attribute_arg: Unknown kind 5.
[E 08:48:25 441303] Warning[extractor-c++]: In index_attribute_arg: Unknown kind 5.
[E 08:48:25 441303] Warning[extractor-c++]: In index_attribute_arg: Unknown kind 5.
[E 08:48:25 441303] Warning[extractor-c++]: In index_attribute_arg: Unknown kind 5.
[E 08:48:25 441303] Warning[extractor-c++]: In index_attribute_arg: Unknown kind 5.
[E 08:48:25 441303] Wrote 1 files to /home/melissa/sven/scripts/mydb_350m/trap/cpp/tarballs/home/melissa/sven/experiments/sec_eval/sec-eval-350m-prefix/trained/cwe-125/0-c/sec_output/17.c.cd64f0d7_0.trap.tar.br
[E 08:48:25 441303] Finished compilation TRAP /home/melissa/sven/scripts/mydb_350m/trap/cpp/compilations/56/34608192_0.trap.br
[E 08:48:25 441303] Marking C compilation as happened.
[E 08:48:25 441303] Setting tag c-compilation-happened
[E 08:48:25 441303] Starting from CODEQL_TRACER_DB_ID 000000000006BBD5_0000000000000001
[E 08:48:25 441303] Locking DB /home/melissa/sven/scripts/mydb_350m/working/tags.db
[E 08:48:25 441303] Locked DB /home/melissa/sven/scripts/mydb_350m/working/tags.db
[E 08:48:25 441303] Set tag for 000000000006BBD5_0000000000000001
[E 08:48:25 441303] Set tag for 000000000006BBD3_0000000000000001
[E 08:48:25 441303] Set tag for 000000000006BAE9_0000000000000003
[E 08:48:25 441303] Set tag for 000000000006BAE9_0000000000000002
[E 08:48:25 441303] Set tag for root
[E 08:48:25 441303] Unlocking DB
[E 08:48:25 441303] Unlocked DB
[T 08:48:25 441301] Extractor /home/melissa/sven/codeql/cpp/tools/linux64/extractor terminated with exit code 0.
[T 08:48:25 441304] Initializing tracer.
[T 08:48:25 441304] Initialising tags...
[T 08:48:25 441304] ID set to 000000000006BBD8_0000000000000001 (parent 000000000006BBD3_0000000000000001)
[T 08:48:25 441304] ==== Candidate to intercept: as (canonical: as) ====
[T 08:48:25 441304] Will try to resolve as in path /home/melissa/sonar-scanner/bin:/home/melissa/anaconda3/envs/sven-env/bin:/home/melissa/miniconda3/condabin:/home/melissa/.vscode-server/cli/servers/Stable-c306e94f98122556ca081f527b466015e1bc37b0/server/bin/remote-cli:/usr/local/sbin:/usr/local/bin:/usr/sbin:/usr/bin:/sbin:/bin:/usr/games:/usr/local/games:/snap/bin:/home/melissa/.vscode-server/extensions/ms-python.debugpy-2025.14.1-linux-x64/bundled/scripts/noConfigScripts:/home/melissa/.vscode-server/data/User/globalStorage/github.copilot-chat/debugCommand:/home/melissa/codeql.
[T 08:48:25 441304]  -> path lookup for as as /home/melissa/sonar-scanner/bin/as...
[T 08:48:25 441304]  -> path lookup for as as /home/melissa/anaconda3/envs/sven-env/bin/as...
[T 08:48:25 441304]  -> path lookup for as as /home/melissa/miniconda3/condabin/as...
[T 08:48:25 441304]  -> path lookup for as as /home/melissa/.vscode-server/cli/servers/Stable-c306e94f98122556ca081f527b466015e1bc37b0/server/bin/remote-cli/as...
[T 08:48:25 441304]  -> path lookup for as as /usr/local/sbin/as...
[T 08:48:25 441304]  -> path lookup for as as /usr/local/bin/as...
[T 08:48:25 441304]  -> path lookup for as as /usr/sbin/as...
[T 08:48:25 441304]  -> path lookup for as as /usr/bin/as...
[T 08:48:25 441304] Resolved barename as to /usr/bin/as
[T 08:48:25 441304] Lua: === Intercepted call to /usr/bin/as ===
[T 08:48:25 441304] Executing the following tracer actions:
[T 08:48:25 441304] Tracer actions:
[T 08:48:25 441304] pre_invocations(0)
[T 08:48:25 441304] post_invocations(1)
[T 08:48:25 441304] invocation: /home/melissa/sven/codeql/cpp/tools/linux64/extractor, args: [--assembler, --codeql-assembler-executable, /usr/bin/as, --64, -o, 17.o, /tmp/ccDvHlye.s]
[T 08:48:25 441304] trace_languages(1): [cpp]
[T 08:48:25 441306] Attempting to switch stdout/stderr to 4...
[T 08:48:25 441306] Initializing tracer.
[T 08:48:25 441306] Initialising tags...
[T 08:48:25 441306] ID set to 000000000006BBDA_0000000000000001 (parent 000000000006BBD8_0000000000000001)
[E 08:48:25 441306] CodeQL C/C++ Extractor 2.11.1
[E 08:48:25 441306] Current directory: /home/melissa/sven/experiments/sec_eval/sec-eval-350m-prefix/trained/cwe-125/0-c/sec_output
[E 08:48:25 441306] Command: /home/melissa/sven/codeql/cpp/tools/linux64/extractor --assembler --codeql-assembler-executable /usr/bin/as --64 -o 17.o /tmp/ccDvHlye.s
[T 08:48:25 441304] Extractor /home/melissa/sven/codeql/cpp/tools/linux64/extractor terminated with exit code 0.
[T 08:48:25 441307] Attempting to switch stdout/stderr to 4...
[T 08:48:25 441307] Initializing tracer.
[T 08:48:25 441307] Initialising tags...
[T 08:48:25 441307] ID set to 000000000006BBDB_0000000000000001 (parent 000000000006BBD3_0000000000000001)
[E 08:48:25 441307] CodeQL C/C++ Extractor 2.11.1
[E 08:48:25 441307] Current directory: /home/melissa/sven/experiments/sec_eval/sec-eval-350m-prefix/trained/cwe-125/0-c/sec_output
[E 08:48:25 441307] Command: /home/melissa/sven/codeql/cpp/tools/linux64/extractor --mimic /usr/bin/x86_64-linux-gnu-gcc-13 -c 17.c -o 17.o
[E 08:48:25 441307] Checking whether C compilation already happened.
[E 08:48:25 441307] Checking for tag c-compilation-happened
[E 08:48:25 441307] Checking CODEQL_TRACER_DB_ID 000000000006BBD3_0000000000000001
[E 08:48:25 441307] Locking DB /home/melissa/sven/scripts/mydb_350m/working/tags.db
[E 08:48:25 441307] Locked DB /home/melissa/sven/scripts/mydb_350m/working/tags.db
[E 08:48:25 441307] Unlocking DB
[E 08:48:25 441307] Unlocked DB
[E 08:48:25 441307] Exiting as C compilation already happened.
[T 08:48:25 441299] Extractor /home/melissa/sven/codeql/cpp/tools/linux64/extractor terminated with exit code 0.
[T 08:48:25 441308] Initializing tracer.
[T 08:48:25 441308] Initialising tags...
[T 08:48:25 441308] ID set to 000000000006BBDC_0000000000000001 (parent 000000000006BAE9_0000000000000003)
[T 08:48:25 441308] ==== Candidate to intercept: /usr/bin/gcc (canonical: /usr/bin/x86_64-linux-gnu-gcc-13) ====
[T 08:48:25 441308] Lua: === Intercepted call to /usr/bin/x86_64-linux-gnu-gcc-13 ===
[T 08:48:25 441308] Executing the following tracer actions:
[T 08:48:25 441308] Tracer actions:
[T 08:48:25 441308] pre_invocations(0)
[T 08:48:25 441308] post_invocations(1)
[T 08:48:25 441308] invocation: /home/melissa/sven/codeql/cpp/tools/linux64/extractor, args: [--mimic, /usr/bin/x86_64-linux-gnu-gcc-13, -c, 18.c, -o, 18.o]
[T 08:48:25 441308] trace_languages(1): [cpp]
[T 08:48:25 441310] Initializing tracer.
[T 08:48:25 441310] Initialising tags...
[T 08:48:25 441310] ID set to 000000000006BBDE_0000000000000001 (parent 000000000006BBDC_0000000000000001)
[T 08:48:25 441310] ==== Candidate to intercept: /usr/libexec/gcc/x86_64-linux-gnu/13/cc1 (canonical: /usr/libexec/gcc/x86_64-linux-gnu/13/cc1) ====
[T 08:48:25 441310] Lua: === Intercepted call to /usr/libexec/gcc/x86_64-linux-gnu/13/cc1 ===
[T 08:48:25 441310] Executing the following tracer actions:
[T 08:48:25 441310] Tracer actions:
[T 08:48:25 441310] pre_invocations(0)
[T 08:48:25 441310] post_invocations(1)
[T 08:48:25 441310] invocation: /home/melissa/sven/codeql/cpp/tools/linux64/extractor, args: [--mimic, /usr/libexec/gcc/x86_64-linux-gnu/13/cc1, -quiet, -imultiarch, x86_64-linux-gnu, 18.c, -quiet, -dumpbase, 18.c, -dumpbase-ext, .c, -mtune=generic, -march=x86-64, -fasynchronous-unwind-tables, -fstack-protector-strong, -Wformat, -Wformat-security, -fstack-clash-protection, -fcf-protection, -o, /tmp/cctXaI6z.s]
[T 08:48:25 441310] trace_languages(1): [cpp]
[T 08:48:25 441312] Attempting to switch stdout/stderr to 4...
[T 08:48:25 441312] Initializing tracer.
[T 08:48:25 441312] Initialising tags...
[T 08:48:25 441312] ID set to 000000000006BBE0_0000000000000001 (parent 000000000006BBDE_0000000000000001)
[E 08:48:25 441312] CodeQL C/C++ Extractor 2.11.1
[E 08:48:25 441312] Current directory: /home/melissa/sven/experiments/sec_eval/sec-eval-350m-prefix/trained/cwe-125/0-c/sec_output
[E 08:48:25 441312] Command: /home/melissa/sven/codeql/cpp/tools/linux64/extractor --mimic /usr/libexec/gcc/x86_64-linux-gnu/13/cc1 -quiet -imultiarch x86_64-linux-gnu 18.c -quiet -dumpbase 18.c -dumpbase-ext .c -mtune=generic -march=x86-64 -fasynchronous-unwind-tables -fstack-protector-strong -Wformat -Wformat-security -fstack-clash-protection -fcf-protection -o /tmp/cctXaI6z.s
[E 08:48:25 441312] Checking whether C compilation already happened.
[E 08:48:25 441312] Checking for tag c-compilation-happened
[E 08:48:25 441312] Checking CODEQL_TRACER_DB_ID 000000000006BBDE_0000000000000001
[E 08:48:25 441312] Locking DB /home/melissa/sven/scripts/mydb_350m/working/tags.db
[E 08:48:25 441312] Locked DB /home/melissa/sven/scripts/mydb_350m/working/tags.db
[E 08:48:25 441312] Unlocking DB
[E 08:48:25 441312] Unlocked DB
[E 08:48:25 441312] Looks like C compilation didn't already happen.
[E 08:48:25 441312] Checking whether C compilation has been attempted.
[E 08:48:25 441312] Checking for tag c-compilation-attempted
[E 08:48:25 441312] Checking CODEQL_TRACER_DB_ID 000000000006BBDE_0000000000000001
[E 08:48:25 441312] Locking DB /home/melissa/sven/scripts/mydb_350m/working/tags.db
[E 08:48:25 441312] Locked DB /home/melissa/sven/scripts/mydb_350m/working/tags.db
[E 08:48:25 441312] Unlocking DB
[E 08:48:25 441312] Unlocked DB
[E 08:48:25 441312] Marking C compilation as attempted.
[E 08:48:25 441312] Setting tag c-compilation-attempted
[E 08:48:25 441312] Starting from CODEQL_TRACER_DB_ID 000000000006BBDE_0000000000000001
[E 08:48:25 441312] Locking DB /home/melissa/sven/scripts/mydb_350m/working/tags.db
[E 08:48:25 441312] Locked DB /home/melissa/sven/scripts/mydb_350m/working/tags.db
[E 08:48:25 441312] Set tag for 000000000006BBDE_0000000000000001
[E 08:48:25 441312] Set tag for 000000000006BBDC_0000000000000001
[E 08:48:25 441312] Set tag for 000000000006BAE9_0000000000000003
[E 08:48:25 441312] Set tag for 000000000006BAE9_0000000000000002
[E 08:48:25 441312] Set tag for root
[E 08:48:25 441312] Unlocking DB
[E 08:48:25 441312] Unlocked DB
[E 08:48:25 441312] Processed command line: /home/melissa/sven/codeql/cpp/tools/linux64/extractor --trapfolder /home/melissa/sven/scripts/mydb_350m/trap/cpp --src_archive /home/melissa/sven/scripts/mydb_350m/src --mimic_config /home/melissa/sven/scripts/mydb_350m/working/compiler_mimic_cache/a75ad1f49a2f --object_filename /tmp/cctXaI6z.s -w --error_limit 1000 --disable_system_macros --variadic_macros --gcc --gnu_version 130300 --target linux_x86_64 '-D__DBL_MIN_EXP__=(-1021)' -D__UINT_LEAST16_MAX__=0xffff -D__FLT16_HAS_QUIET_NAN__=1 -D__ATOMIC_ACQUIRE=2 -D__FLT128_MAX_10_EXP__=4932 -D__FLT_MIN__=1.17549435082228750796873653722224568e-38F -D__GCC_IEC_559_COMPLEX=2 '-D__UINT_LEAST8_TYPE__=unsigned char' -D__SIZEOF_FLOAT80__=16 -D__BFLT16_DENORM_MIN__=9.18354961579912115600575419704879436e-41BF16 '-D__INTMAX_C(c)=c ## L' -D__CHAR_BIT__=8 -D__UINT8_MAX__=0xff -D__SCHAR_WIDTH__=8 -D__WINT_MAX__=0xffffffffU '-D__FLT32_MIN_EXP__=(-125)' '-D__BFLT16_NORM_MAX__=3.38953138925153547590470800371487867e+38BF16' '-D__BFLT16_MIN_10_EXP__=(-37)' -D__ORDER_LITTLE_ENDIAN__=1234 -D__WCHAR_MAX__=0x7fffffff -D__GCC_HAVE_SYNC_COMPARE_AND_SWAP_2=1 -D__GCC_HAVE_SYNC_COMPARE_AND_SWAP_4=1 -D__GCC_HAVE_SYNC_COMPARE_AND_SWAP_8=1 -D__GCC_ATOMIC_CHAR_LOCK_FREE=2 -D__GCC_IEC_559=2 -D__FLT32X_DECIMAL_DIG__=17 -D__FLT_EVAL_METHOD__=0 -D__FLT64_DECIMAL_DIG__=17 -D__CET__=3 -D__GCC_ATOMIC_CHAR32_T_LOCK_FREE=2 -D__UINT_FAST64_MAX__=0xffffffffffffffffUL -D__SIG_ATOMIC_TYPE__=int '-D__DBL_MIN_10_EXP__=(-307)' -D__FINITE_MATH_ONLY__=0 -D__FLT32X_MAX_EXP__=1024 -D__GCC_HAVE_SYNC_COMPARE_AND_SWAP_1=1 -D__FLT32_HAS_DENORM__=1 -D__UINT_FAST8_MAX__=0xff -D__FLT32_MAX_10_EXP__=38 -D__DEC64_MAX_EXP__=385 '-D__INT8_C(c)=c' -D__INT_LEAST8_WIDTH__=8 -D__UINT_LEAST64_MAX__=0xffffffffffffffffUL -D__SHRT_MAX__=0x7fff '-D__LDBL_MAX__=1.18973149535723176502126385303097021e+4932L' -D__FLT64X_MAX_10_EXP__=4932 -D__BFLT16_MAX_10_EXP__=38 -D__BFLT16_MAX_EXP__=128 -D__LDBL_IS_IEC_60559__=1 -D__FLT64X_HAS_QUIET_NAN__=1 -D__UINT_LEAST8_MAX__=0xff -D__GCC_ATOMIC_BOOL_LOCK_FREE=2 -D__FLT128_DENORM_MIN__=6.47517511943802511092443895822764655e-4966F128 '-D__UINTMAX_TYPE__=long unsigned int' -D__BFLT16_DECIMAL_DIG__=4 -D__linux=1 -D__DEC32_EPSILON__=1E-6DF -D__FLT_EVAL_METHOD_TS_18661_3__=0 -D__UINT32_MAX__=0xffffffffU '-D__DBL_DENORM_MIN__=((double)4.94065645841246544176568792868221372e-324L)' '-D__FLT128_MIN_EXP__=(-16381)' -D__WINT_MIN__=0U '-D__FLT128_MIN_10_EXP__=(-4931)' -D__FLT32X_IS_IEC_60559__=1 -D__INT_LEAST16_WIDTH__=16 -D__SCHAR_MAX__=0x7f -D__FLT128_MANT_DIG__=113 '-D__WCHAR_MIN__=(-__WCHAR_MAX__ - 1)' '-D__INT64_C(c)=c ## L' -D__SSP_STRONG__=3 -D__GCC_ATOMIC_POINTER_LOCK_FREE=2 -D__ATOMIC_SEQ_CST=5 -D__unix=1 -D__INT_LEAST64_MAX__=0x7fffffffffffffffL -D__FLT32X_MANT_DIG__=53 -D__FLT64X_EPSILON__=1.08420217248550443400745280086994171e-19F64x '-D__DEC64_MIN_EXP__=(-382)' -D__DBL_DIG__=15 -D__FLT_EPSILON__=1.19209289550781250000000000000000000e-7F -D__SHRT_WIDTH__=16 -D__FLT32_IS_IEC_60559__=1 -D__LDBL_MIN__=3.36210314311209350626267781732175260e-4932L -D__STDC_UTF_16__=1 -D__DBL_IS_IEC_60559__=1 -D__DEC32_MAX__=9.999999E96DF -D__FLT64X_DENORM_MIN__=3.64519953188247460252840593361941982e-4951F64x -D__FLT32X_HAS_INFINITY__=1 -D__unix__=1 -D__INT_WIDTH__=32 -D__STDC_IEC_559__=1 -D__STDC_ISO_10646__=201706L -D__DECIMAL_DIG__=21 -D__STDC_IEC_559_COMPLEX__=1 -D__FLT64_EPSILON__=2.22044604925031308084726333618164062e-16F64 -D__gnu_linux__=1 -D__FLT128_IS_IEC_60559__=1 '-D__FLT64X_MIN_10_EXP__=(-4931)' -D__LDBL_HAS_QUIET_NAN__=1 '-D__FLT16_MIN_EXP__=(-13)' -D__FLT64_MANT_DIG__=53 -D__FLT64X_MANT_DIG__=64 -D__BFLT16_DIG__=2 -D__pie__=2 -D__MMX__=1 -D__FLT_HAS_DENORM__=1 -D__SIZEOF_LONG_DOUBLE__=16 -D__BIGGEST_ALIGNMENT__=16 -D__FLT64_MAX_10_EXP__=308 -D__BFLT16_IS_IEC_60559__=0 -D__FLT16_MAX_10_EXP__=4 '-D__DBL_MAX__=((double)1.79769313486231570814527423731704357e+308L)' -D__INT_FAST32_MAX__=0x7fffffffffffffffL -D__DBL_HAS_INFINITY__=1 -D__INT64_MAX__=0x7fffffffffffffffL -D__SIZEOF_FLOAT__=4 -D__HAVE_SPECULATION_SAFE_VALUE=1 '-D__DEC32_MIN_EXP__=(-94)' -D__INTPTR_WIDTH__=64 -D__UINT_LEAST32_MAX__=0xffffffffU -D__FLT32X_HAS_DENORM__=1 '-D__INT_FAST16_TYPE__=long int' -D__MMX_WITH_SSE__=1 -D__LDBL_HAS_DENORM__=1 -D__SEG_GS=1 -D__BFLT16_EPSILON__=7.81250000000000000000000000000000000e-3BF16 -D__FLT128_HAS_INFINITY__=1 -D__DEC32_MIN__=1E-95DF -D__DBL_MAX_EXP__=1024 -D__WCHAR_WIDTH__=32 '-D__FLT32_MAX__=3.40282346638528859811704183484516925e+38F32' -D__DEC128_EPSILON__=1E-33DL -D__FLT16_DECIMAL_DIG__=5 -D__SSE2_MATH__=1 -D__ATOMIC_HLE_RELEASE=131072 -D__PTRDIFF_MAX__=0x7fffffffffffffffL -D__amd64=1 -D__ATOMIC_HLE_ACQUIRE=65536 -D__LONG_LONG_MAX__=0x7fffffffffffffffLL -D__SIZEOF_SIZE_T__=8 -D__BFLT16_HAS_INFINITY__=1 '-D__FLT64X_MIN_EXP__=(-16381)' -D__SIZEOF_WINT_T__=4 -D__LONG_LONG_WIDTH__=64 -D__FLT32_MAX_EXP__=128 -D__GXX_ABI_VERSION=1018 '-D__FLT_MIN_EXP__=(-125)' -D__GCC_HAVE_DWARF2_CFI_ASM=1 -D__INT16_MAX__=0x7fff -D__x86_64=1 '-D__INT_FAST64_TYPE__=long int' '-D__BFLT16_MAX__=3.38953138925153547590470800371487867e+38BF16' -D__BFLT16_HAS_DENORM__=1 -D__FLT64_DENORM_MIN__=4.94065645841246544176568792868221372e-324F64 -D__FLT16_DENORM_MIN__=5.96046447753906250000000000000000000e-8F16 -D__FLT128_EPSILON__=1.92592994438723585305597794258492732e-34F128 '-D__FLT64X_NORM_MAX__=1.18973149535723176502126385303097021e+4932F64x' -D__SIZEOF_POINTER__=8 '-D__SIZE_TYPE__=long unsigned int' -D__LP64__=1 -D__DBL_HAS_QUIET_NAN__=1 -D__FLT32X_EPSILON__=2.22044604925031308084726333618164062e-16F32x -D__LDBL_MAX_EXP__=16384 -D__DECIMAL_BID_FORMAT__=1 '-D__FLT64_MIN_EXP__=(-1021)' '-D__FLT64_MIN_10_EXP__=(-307)' '-D__FLT16_MIN_10_EXP__=(-4)' -D__FLT64X_DECIMAL_DIG__=21 -D__DEC128_MIN__=1E-6143DL -D__REGISTER_PREFIX__= -D__UINT16_MAX__=0xffff -D__DBL_HAS_DENORM__=1 -D__FLT32_MIN__=1.17549435082228750796873653722224568e-38F32 '-D__UINT8_TYPE__=unsigned char' -D__FLT_DIG__=6 -D__NO_INLINE__=1 -D__DEC_EVAL_METHOD__=2 -D__FLT_MANT_DIG__=24 -D__LDBL_DECIMAL_DIG__=21 '-D__UINT64_C(c)=c ## UL' -D_STDC_PREDEF_H=1 -D__INT_LEAST32_MAX__=0x7fffffff -D__GCC_ATOMIC_INT_LOCK_FREE=2 -D__FLT128_MAX_EXP__=16384 -D__FLT32_MANT_DIG__=24 -D__FLOAT_WORD_ORDER__=__ORDER_LITTLE_ENDIAN__ '-D__FLT32X_MIN_EXP__=(-1021)' -D__STDC_IEC_60559_COMPLEX__=201404L -D__BFLT16_MIN__=1.17549435082228750796873653722224568e-38BF16 -D__FLT128_HAS_DENORM__=1 -D__FLT32_DECIMAL_DIG__=9 -D__FLT128_DIG__=33 '-D__INT32_C(c)=c' -D__DEC64_EPSILON__=1E-15DD -D__ORDER_PDP_ENDIAN__=3412 '-D__DEC128_MIN_EXP__=(-6142)' -D__DEC128_MAX__=9.999999999999999999999999999999999E6144DL '-D__INT_FAST32_TYPE__=long int' '-D__UINT_LEAST16_TYPE__=short unsigned int' -D__DEC128_MAX_EXP__=6145 -Dunix=1 -D__UINT64_MAX__=0xffffffffffffffffUL -D__FLT_IS_IEC_60559__=1 '-D__GNUC_WIDE_EXECUTION_CHARSET_NAME="UTF-32LE"' -D__FLT64X_DIG__=18 '-D__INT8_TYPE__=signed char' -D__ELF__=1 -D__GCC_ASM_FLAG_OUTPUTS__=1 '-D__UINT32_TYPE__=unsigned int' -D__BFLT16_HAS_QUIET_NAN__=1 -D__FLT_RADIX__=2 '-D__INT_LEAST16_TYPE__=short int' -D__LDBL_EPSILON__=1.08420217248550443400745280086994171e-19L '-D__UINTMAX_C(c)=c ## UL' -D__FLT16_DIG__=3 -D__SSE_MATH__=1 -D__k8=1 -D__FLT32X_MIN__=2.22507385850720138309023271733240406e-308F32x -D__SIG_ATOMIC_MAX__=0x7fffffff -D__GCC_ATOMIC_WCHAR_T_LOCK_FREE=2 -D__USER_LABEL_PREFIX__= -D__STDC_IEC_60559_BFP__=201404L -D__SIZEOF_PTRDIFF_T__=8 -D__FLT64X_HAS_INFINITY__=1 -D__FLT32_HAS_INFINITY__=1 -D__SIZEOF_LONG__=8 -D__LDBL_DIG__=18 -D__FLT64_IS_IEC_60559__=1 -D__x86_64__=1 -D__FLT16_IS_IEC_60559__=1 -D__FLT16_MAX_EXP__=16 -D__DEC32_SUBNORMAL_MIN__=0.000001E-95DF -D__INT_FAST16_MAX__=0x7fffffffffffffffL -D__GCC_CONSTRUCTIVE_SIZE=64 -D__FLT64_DIG__=15 -D__UINT_FAST32_MAX__=0xffffffffffffffffUL '-D__UINT_LEAST64_TYPE__=long unsigned int' -D__FLT16_EPSILON__=9.76562500000000000000000000000000000e-4F16 -D__FLT_HAS_QUIET_NAN__=1 -D__FLT_MAX_10_EXP__=38 -D__LONG_MAX__=0x7fffffffffffffffL -D__FLT64X_HAS_DENORM__=1 -D__DEC128_SUBNORMAL_MIN__=0.000000000000000000000000000000001E-6143DL -D__FLT_HAS_INFINITY__=1 '-D__GNUC_EXECUTION_CHARSET_NAME="UTF-8"' '-D__UINT_FAST16_TYPE__=long unsigned int' -D__DEC64_MAX__=9.999999999999999E384DD -D__INT_FAST32_WIDTH__=64 -D__PRAGMA_REDEFINE_EXTNAME=1 -D__SIZE_WIDTH__=64 -D__SEG_FS=1 -D__INT_LEAST16_MAX__=0x7fff '-D__FLT16_NORM_MAX__=6.55040000000000000000000000000000000e+4F16' -D__DEC64_MANT_DIG__=16 -D__FLT32_DENORM_MIN__=1.40129846432481707092372958328991613e-45F32 -D__SIG_ATOMIC_WIDTH__=32 '-D__INT_LEAST64_TYPE__=long int' '-D__INT16_TYPE__=short int' '-D__INT_LEAST8_TYPE__=signed char' '-D__FLT16_MAX__=6.55040000000000000000000000000000000e+4F16' -D__FLT128_MIN__=3.36210314311209350626267781732175260e-4932F128 -D__SIZEOF_INT__=4 -D__DEC32_MAX_EXP__=97 -D__INT_FAST8_MAX__=0x7f '-D__FLT128_MAX__=1.18973149535723176508575932662800702e+4932F128' -D__INTPTR_MAX__=0x7fffffffffffffffL -Dlinux=1 -D__FLT64_HAS_QUIET_NAN__=1 '-D__FLT32_MIN_10_EXP__=(-37)' -D__FLT32X_DIG__=15 '-D__UINT16_C(c)=c' -D__PTRDIFF_WIDTH__=64 -D__LDBL_MANT_DIG__=64 -D__INT_FAST16_WIDTH__=64 -D__FLT64_HAS_INFINITY__=1 '-D__FLT64X_MAX__=1.18973149535723176502126385303097021e+4932F64x' -D__FLT16_HAS_INFINITY__=1 '-D__SIG_ATOMIC_MIN__=(-__SIG_ATOMIC_MAX__ - 1)' -D__code_model_small__=1 -D__GCC_ATOMIC_LONG_LOCK_FREE=2 -D__DEC32_MANT_DIG__=7 -D__FLT16_MANT_DIG__=11 -D__k8__=1 '-D__INTPTR_TYPE__=long int' '-D__UINT16_TYPE__=short unsigned int' -D__WCHAR_TYPE__=int -D__pic__=2 -D__UINTPTR_MAX__=0xffffffffffffffffUL -D__INT_FAST64_WIDTH__=64 -D__LDBL_HAS_INFINITY__=1 -D__INT_FAST64_MAX__=0x7fffffffffffffffL -D__GCC_ATOMIC_TEST_AND_SET_TRUEVAL=1 '-D__FLT_NORM_MAX__=3.40282346638528859811704183484516925e+38F' -D__FLT64X_MAX_EXP__=16384 '-D__UINT_FAST64_TYPE__=long unsigned int' '-D__BFLT16_MIN_EXP__=(-125)' -D__INT_MAX__=0x7fffffff -D__linux__=1 '-D__INT64_TYPE__=long int' -D__FLT_MAX_EXP__=128 -D__ORDER_BIG_ENDIAN__=4321 -D__DBL_MANT_DIG__=53 -D__SIZEOF_FLOAT128__=16 -D__BFLT16_MANT_DIG__=8 -D__GCC_ATOMIC_CHAR16_T_LOCK_FREE=2 -D__DEC64_MIN__=1E-383DD '-D__WINT_TYPE__=unsigned int' '-D__UINT_LEAST32_TYPE__=unsigned int' -D__SIZEOF_SHORT__=2 '-D__FLT32_NORM_MAX__=3.40282346638528859811704183484516925e+38F32' -D__SSE__=1 '-D__LDBL_MIN_EXP__=(-16381)' '-D__FLT64_MAX__=1.79769313486231570814527423731704357e+308F64' -D__amd64__=1 -D__WINT_WIDTH__=32 -D__INT_LEAST8_MAX__=0x7f -D__INT_LEAST64_WIDTH__=64 -D__FLT32X_MAX_10_EXP__=308 -D__SIZEOF_INT128__=16 -D__FLT16_MIN__=6.10351562500000000000000000000000000e-5F16 -D__FLT64X_IS_IEC_60559__=1 -D__LDBL_MAX_10_EXP__=4932 -D__ATOMIC_RELAXED=0 '-D__DBL_EPSILON__=((double)2.22044604925031308084726333618164062e-16L)' -D__INT_LEAST32_TYPE__=int -D_LP64=1 '-D__UINT8_C(c)=c' -D__FLT64_MAX_EXP__=1024 -D__SIZEOF_WCHAR_T__=4 '-D__UINT64_TYPE__=long unsigned int' '-D__FLT128_NORM_MAX__=1.18973149535723176508575932662800702e+4932F128' '-D__FLT64_NORM_MAX__=1.79769313486231570814527423731704357e+308F64' -D__FLT128_HAS_QUIET_NAN__=1 -D__INTMAX_MAX__=0x7fffffffffffffffL '-D__INT_FAST8_TYPE__=signed char' -D__FLT64X_MIN__=3.36210314311209350626267781732175260e-4932F64x -D__FLT64_HAS_DENORM__=1 -D__FLT32_EPSILON__=1.19209289550781250000000000000000000e-7F32 -D__FLT16_HAS_DENORM__=1 -D__DBL_DECIMAL_DIG__=17 -D__STDC_UTF_32__=1 -D__INT_FAST8_WIDTH__=8 -D__FXSR__=1 '-D__FLT32X_MAX__=1.79769313486231570814527423731704357e+308F32x' '-D__DBL_NORM_MAX__=((double)1.79769313486231570814527423731704357e+308L)' -D__BYTE_ORDER__=__ORDER_LITTLE_ENDIAN__ -D__GCC_DESTRUCTIVE_SIZE=64 -D__INTMAX_WIDTH__=64 -D__FLT32_DIG__=6 '-D__UINT32_C(c)=c ## U' -D__FLT_DENORM_MIN__=1.40129846432481707092372958328991613e-45F -D__INT8_MAX__=0x7f -D__LONG_WIDTH__=64 '-D__DBL_MIN__=((double)2.22507385850720138309023271733240406e-308L)' -D__PIC__=2 -D__INT32_MAX__=0x7fffffff '-D__UINT_FAST32_TYPE__=long unsigned int' '-D__FLT32X_NORM_MAX__=1.79769313486231570814527423731704357e+308F32x' '-D__FLT_MAX__=3.40282346638528859811704183484516925e+38F' -D__SSE2__=1 -D__INT32_TYPE__=int -D__SIZEOF_DOUBLE__=8 '-D__FLT_MIN_10_EXP__=(-37)' -D__FLT64_MIN__=2.22507385850720138309023271733240406e-308F64 -D__INT_LEAST32_WIDTH__=32 '-D__INTMAX_TYPE__=long int' -D__FLT32X_HAS_QUIET_NAN__=1 -D__ATOMIC_CONSUME=1 -D__UINTMAX_MAX__=0xffffffffffffffffUL -D__PIE__=2 -D__FLT32X_DENORM_MIN__=4.94065645841246544176568792868221372e-324F32x -D__DBL_MAX_10_EXP__=308 -D__LDBL_DENORM_MIN__=3.64519953188247460252840593361941982e-4951L '-D__INT16_C(c)=c' '-D__PTRDIFF_TYPE__=long int' '-D__FLT32X_MIN_10_EXP__=(-307)' '-D__UINTPTR_TYPE__=long unsigned int' -D__DEC64_SUBNORMAL_MIN__=0.000000000000001E-383DD -D__DEC128_MANT_DIG__=34 '-D__LDBL_MIN_10_EXP__=(-4931)' -D__SIZEOF_LONG_LONG__=8 -D__FLT128_DECIMAL_DIG__=36 -D__GCC_ATOMIC_LLONG_LOCK_FREE=2 -D__FLT32_HAS_QUIET_NAN__=1 -D__FLT_DECIMAL_DIG__=9 -D__UINT_FAST16_MAX__=0xffffffffffffffffUL '-D__LDBL_NORM_MAX__=1.18973149535723176502126385303097021e+4932L' -D__GCC_ATOMIC_SHORT_LOCK_FREE=2 -D__SIZE_MAX__=0xffffffffffffffffUL '-D__UINT_FAST8_TYPE__=unsigned char' -D__ATOMIC_ACQ_REL=4 -D__ATOMIC_RELEASE=3 -I/usr/lib/gcc/x86_64-linux-gnu/13/include -I/usr/local/include -I/usr/include/x86_64-linux-gnu -I/usr/include -- 18.c
[E 08:48:25 441312] Starting compilation TRAP /home/melissa/sven/scripts/mydb_350m/trap/cpp/compilations/28/2897193_0.trap.br
[E 08:48:25 441312] Archiving /home/melissa/sven/scripts/mydb_350m/src/home/melissa/sven/experiments/sec_eval/sec-eval-350m-prefix/trained/cwe-125/0-c/sec_output/18.c
[E 08:48:25 441312] Already archived /home/melissa/sven/scripts/mydb_350m/src/usr/include/stdio.h
[E 08:48:25 441312] Already archived /home/melissa/sven/scripts/mydb_350m/src/usr/include/x86_64-linux-gnu/bits/libc-header-start.h
[E 08:48:25 441312] Already archived /home/melissa/sven/scripts/mydb_350m/src/usr/include/features.h
[E 08:48:25 441312] Already archived /home/melissa/sven/scripts/mydb_350m/src/usr/include/features-time64.h
[E 08:48:25 441312] Already archived /home/melissa/sven/scripts/mydb_350m/src/usr/include/x86_64-linux-gnu/bits/wordsize.h
[E 08:48:25 441312] Already archived /home/melissa/sven/scripts/mydb_350m/src/usr/include/x86_64-linux-gnu/bits/timesize.h
[E 08:48:25 441312] Already archived /home/melissa/sven/scripts/mydb_350m/src/usr/include/x86_64-linux-gnu/bits/wordsize.h
[E 08:48:25 441312] Already archived /home/melissa/sven/scripts/mydb_350m/src/usr/include/stdc-predef.h
[E 08:48:25 441312] Already archived /home/melissa/sven/scripts/mydb_350m/src/usr/include/x86_64-linux-gnu/sys/cdefs.h
[E 08:48:25 441312] Already archived /home/melissa/sven/scripts/mydb_350m/src/usr/include/x86_64-linux-gnu/bits/wordsize.h
[E 08:48:25 441312] Already archived /home/melissa/sven/scripts/mydb_350m/src/usr/include/x86_64-linux-gnu/bits/long-double.h
[E 08:48:25 441312] Already archived /home/melissa/sven/scripts/mydb_350m/src/usr/include/x86_64-linux-gnu/gnu/stubs.h
[E 08:48:25 441312] Already archived /home/melissa/sven/scripts/mydb_350m/src/usr/include/x86_64-linux-gnu/gnu/stubs-64.h
[E 08:48:25 441312] Already archived /home/melissa/sven/scripts/mydb_350m/src/usr/lib/gcc/x86_64-linux-gnu/13/include/stddef.h
[E 08:48:25 441312] Already archived /home/melissa/sven/scripts/mydb_350m/src/usr/lib/gcc/x86_64-linux-gnu/13/include/stdarg.h
[E 08:48:25 441312] Already archived /home/melissa/sven/scripts/mydb_350m/src/usr/include/x86_64-linux-gnu/bits/types.h
[E 08:48:25 441312] Already archived /home/melissa/sven/scripts/mydb_350m/src/usr/include/x86_64-linux-gnu/bits/wordsize.h
[E 08:48:25 441312] Already archived /home/melissa/sven/scripts/mydb_350m/src/usr/include/x86_64-linux-gnu/bits/timesize.h
[E 08:48:25 441312] Already archived /home/melissa/sven/scripts/mydb_350m/src/usr/include/x86_64-linux-gnu/bits/wordsize.h
[E 08:48:25 441312] Already archived /home/melissa/sven/scripts/mydb_350m/src/usr/include/x86_64-linux-gnu/bits/typesizes.h
[E 08:48:25 441312] Already archived /home/melissa/sven/scripts/mydb_350m/src/usr/include/x86_64-linux-gnu/bits/time64.h
[E 08:48:25 441312] Already archived /home/melissa/sven/scripts/mydb_350m/src/usr/include/x86_64-linux-gnu/bits/types/__fpos_t.h
[E 08:48:25 441312] Already archived /home/melissa/sven/scripts/mydb_350m/src/usr/include/x86_64-linux-gnu/bits/types/__mbstate_t.h
[E 08:48:25 441312] Already archived /home/melissa/sven/scripts/mydb_350m/src/usr/include/x86_64-linux-gnu/bits/types/__fpos64_t.h
[E 08:48:25 441312] Already archived /home/melissa/sven/scripts/mydb_350m/src/usr/include/x86_64-linux-gnu/bits/types/__FILE.h
[E 08:48:25 441312] Already archived /home/melissa/sven/scripts/mydb_350m/src/usr/include/x86_64-linux-gnu/bits/types/FILE.h
[E 08:48:25 441312] Already archived /home/melissa/sven/scripts/mydb_350m/src/usr/include/x86_64-linux-gnu/bits/types/struct_FILE.h
[E 08:48:25 441312] Already archived /home/melissa/sven/scripts/mydb_350m/src/usr/include/x86_64-linux-gnu/bits/types/cookie_io_functions_t.h
[E 08:48:25 441312] Already archived /home/melissa/sven/scripts/mydb_350m/src/usr/include/x86_64-linux-gnu/bits/stdio_lim.h
[E 08:48:25 441312] Already archived /home/melissa/sven/scripts/mydb_350m/src/usr/include/x86_64-linux-gnu/bits/floatn.h
[E 08:48:25 441312] Already archived /home/melissa/sven/scripts/mydb_350m/src/usr/include/x86_64-linux-gnu/bits/floatn-common.h
[E 08:48:25 441312] Already archived /home/melissa/sven/scripts/mydb_350m/src/usr/include/x86_64-linux-gnu/bits/long-double.h
[E 08:48:25 441312] Already archived /home/melissa/sven/scripts/mydb_350m/src/usr/include/stdlib.h
[E 08:48:25 441312] Already archived /home/melissa/sven/scripts/mydb_350m/src/usr/include/x86_64-linux-gnu/bits/libc-header-start.h
[E 08:48:25 441312] Already archived /home/melissa/sven/scripts/mydb_350m/src/usr/lib/gcc/x86_64-linux-gnu/13/include/stddef.h
[E 08:48:25 441312] Already archived /home/melissa/sven/scripts/mydb_350m/src/usr/include/x86_64-linux-gnu/bits/waitflags.h
[E 08:48:25 441312] Already archived /home/melissa/sven/scripts/mydb_350m/src/usr/include/x86_64-linux-gnu/bits/waitstatus.h
[E 08:48:25 441312] Already archived /home/melissa/sven/scripts/mydb_350m/src/usr/include/x86_64-linux-gnu/sys/types.h
[E 08:48:25 441312] Already archived /home/melissa/sven/scripts/mydb_350m/src/usr/include/x86_64-linux-gnu/bits/types/clock_t.h
[E 08:48:25 441312] Already archived /home/melissa/sven/scripts/mydb_350m/src/usr/include/x86_64-linux-gnu/bits/types/clockid_t.h
[E 08:48:25 441312] Already archived /home/melissa/sven/scripts/mydb_350m/src/usr/include/x86_64-linux-gnu/bits/types/time_t.h
[E 08:48:25 441312] Already archived /home/melissa/sven/scripts/mydb_350m/src/usr/include/x86_64-linux-gnu/bits/types/timer_t.h
[E 08:48:25 441312] Already archived /home/melissa/sven/scripts/mydb_350m/src/usr/lib/gcc/x86_64-linux-gnu/13/include/stddef.h
[E 08:48:25 441312] Already archived /home/melissa/sven/scripts/mydb_350m/src/usr/include/x86_64-linux-gnu/bits/stdint-intn.h
[E 08:48:25 441312] Already archived /home/melissa/sven/scripts/mydb_350m/src/usr/include/endian.h
[E 08:48:25 441312] Already archived /home/melissa/sven/scripts/mydb_350m/src/usr/include/x86_64-linux-gnu/bits/endian.h
[E 08:48:25 441312] Already archived /home/melissa/sven/scripts/mydb_350m/src/usr/include/x86_64-linux-gnu/bits/endianness.h
[E 08:48:25 441312] Already archived /home/melissa/sven/scripts/mydb_350m/src/usr/include/x86_64-linux-gnu/bits/byteswap.h
[E 08:48:25 441312] Already archived /home/melissa/sven/scripts/mydb_350m/src/usr/include/x86_64-linux-gnu/bits/uintn-identity.h
[E 08:48:25 441312] Already archived /home/melissa/sven/scripts/mydb_350m/src/usr/include/x86_64-linux-gnu/sys/select.h
[E 08:48:25 441312] Already archived /home/melissa/sven/scripts/mydb_350m/src/usr/include/x86_64-linux-gnu/bits/select.h
[E 08:48:25 441312] Already archived /home/melissa/sven/scripts/mydb_350m/src/usr/include/x86_64-linux-gnu/bits/types/sigset_t.h
[E 08:48:25 441312] Already archived /home/melissa/sven/scripts/mydb_350m/src/usr/include/x86_64-linux-gnu/bits/types/__sigset_t.h
[E 08:48:25 441312] Already archived /home/melissa/sven/scripts/mydb_350m/src/usr/include/x86_64-linux-gnu/bits/types/struct_timeval.h
[E 08:48:25 441312] Already archived /home/melissa/sven/scripts/mydb_350m/src/usr/include/x86_64-linux-gnu/bits/types/struct_timespec.h
[E 08:48:25 441312] Already archived /home/melissa/sven/scripts/mydb_350m/src/usr/include/x86_64-linux-gnu/bits/pthreadtypes.h
[E 08:48:25 441312] Already archived /home/melissa/sven/scripts/mydb_350m/src/usr/include/x86_64-linux-gnu/bits/thread-shared-types.h
[E 08:48:25 441312] Already archived /home/melissa/sven/scripts/mydb_350m/src/usr/include/x86_64-linux-gnu/bits/pthreadtypes-arch.h
[E 08:48:25 441312] Already archived /home/melissa/sven/scripts/mydb_350m/src/usr/include/x86_64-linux-gnu/bits/wordsize.h
[E 08:48:25 441312] Already archived /home/melissa/sven/scripts/mydb_350m/src/usr/include/x86_64-linux-gnu/bits/atomic_wide_counter.h
[E 08:48:25 441312] Already archived /home/melissa/sven/scripts/mydb_350m/src/usr/include/x86_64-linux-gnu/bits/struct_mutex.h
[E 08:48:25 441312] Already archived /home/melissa/sven/scripts/mydb_350m/src/usr/include/x86_64-linux-gnu/bits/struct_rwlock.h
[E 08:48:25 441312] Already archived /home/melissa/sven/scripts/mydb_350m/src/usr/include/alloca.h
[E 08:48:25 441312] Already archived /home/melissa/sven/scripts/mydb_350m/src/usr/lib/gcc/x86_64-linux-gnu/13/include/stddef.h
[E 08:48:25 441312] Already archived /home/melissa/sven/scripts/mydb_350m/src/usr/include/x86_64-linux-gnu/bits/stdlib-float.h
[E 08:48:25 441312] Creating trap tarball /home/melissa/sven/scripts/mydb_350m/trap/cpp/tarballs/home/melissa/sven/experiments/sec_eval/sec-eval-350m-prefix/trained/cwe-125/0-c/sec_output/18.c.ca55e52b_0.trap.tar.br
[E 08:48:25 441312] Emitting trap files for 18.c
[E 08:48:25 441312] Opening existencedb in /home/melissa/sven/scripts/mydb_350m/working/existencedb/db
[E 08:48:25 441312] Warning[extractor-c++]: In index_attribute_arg: Unknown kind 5.
[E 08:48:25 441312] Warning[extractor-c++]: In index_attribute_arg: Unknown kind 5.
[E 08:48:25 441312] Warning[extractor-c++]: In index_attribute_arg: Unknown kind 5.
[E 08:48:25 441312] Warning[extractor-c++]: In index_attribute_arg: Unknown kind 5.
[E 08:48:25 441312] Warning[extractor-c++]: In index_attribute_arg: Unknown kind 5.
[E 08:48:25 441312] Warning[extractor-c++]: In index_attribute_arg: Unknown kind 5.
[E 08:48:25 441312] Warning[extractor-c++]: In index_attribute_arg: Unknown kind 5.
[E 08:48:25 441312] Warning[extractor-c++]: In index_attribute_arg: Unknown kind 5.
[E 08:48:25 441312] Warning[extractor-c++]: In index_attribute_arg: Unknown kind 5.
[E 08:48:25 441312] Warning[extractor-c++]: In index_attribute_arg: Unknown kind 5.
[E 08:48:25 441312] Wrote 1 files to /home/melissa/sven/scripts/mydb_350m/trap/cpp/tarballs/home/melissa/sven/experiments/sec_eval/sec-eval-350m-prefix/trained/cwe-125/0-c/sec_output/18.c.ca55e52b_0.trap.tar.br
[E 08:48:25 441312] Finished compilation TRAP /home/melissa/sven/scripts/mydb_350m/trap/cpp/compilations/28/2897193_0.trap.br
[E 08:48:25 441312] Marking C compilation as happened.
[E 08:48:25 441312] Setting tag c-compilation-happened
[E 08:48:25 441312] Starting from CODEQL_TRACER_DB_ID 000000000006BBDE_0000000000000001
[E 08:48:25 441312] Locking DB /home/melissa/sven/scripts/mydb_350m/working/tags.db
[E 08:48:25 441312] Locked DB /home/melissa/sven/scripts/mydb_350m/working/tags.db
[E 08:48:25 441312] Set tag for 000000000006BBDE_0000000000000001
[E 08:48:25 441312] Set tag for 000000000006BBDC_0000000000000001
[E 08:48:25 441312] Set tag for 000000000006BAE9_0000000000000003
[E 08:48:25 441312] Set tag for 000000000006BAE9_0000000000000002
[E 08:48:25 441312] Set tag for root
[E 08:48:25 441312] Unlocking DB
[E 08:48:25 441312] Unlocked DB
[T 08:48:25 441310] Extractor /home/melissa/sven/codeql/cpp/tools/linux64/extractor terminated with exit code 0.
[T 08:48:25 441313] Initializing tracer.
[T 08:48:25 441313] Initialising tags...
[T 08:48:25 441313] ID set to 000000000006BBE1_0000000000000001 (parent 000000000006BBDC_0000000000000001)
[T 08:48:25 441313] ==== Candidate to intercept: as (canonical: as) ====
[T 08:48:25 441313] Will try to resolve as in path /home/melissa/sonar-scanner/bin:/home/melissa/anaconda3/envs/sven-env/bin:/home/melissa/miniconda3/condabin:/home/melissa/.vscode-server/cli/servers/Stable-c306e94f98122556ca081f527b466015e1bc37b0/server/bin/remote-cli:/usr/local/sbin:/usr/local/bin:/usr/sbin:/usr/bin:/sbin:/bin:/usr/games:/usr/local/games:/snap/bin:/home/melissa/.vscode-server/extensions/ms-python.debugpy-2025.14.1-linux-x64/bundled/scripts/noConfigScripts:/home/melissa/.vscode-server/data/User/globalStorage/github.copilot-chat/debugCommand:/home/melissa/codeql.
[T 08:48:25 441313]  -> path lookup for as as /home/melissa/sonar-scanner/bin/as...
[T 08:48:25 441313]  -> path lookup for as as /home/melissa/anaconda3/envs/sven-env/bin/as...
[T 08:48:25 441313]  -> path lookup for as as /home/melissa/miniconda3/condabin/as...
[T 08:48:25 441313]  -> path lookup for as as /home/melissa/.vscode-server/cli/servers/Stable-c306e94f98122556ca081f527b466015e1bc37b0/server/bin/remote-cli/as...
[T 08:48:25 441313]  -> path lookup for as as /usr/local/sbin/as...
[T 08:48:25 441313]  -> path lookup for as as /usr/local/bin/as...
[T 08:48:25 441313]  -> path lookup for as as /usr/sbin/as...
[T 08:48:25 441313]  -> path lookup for as as /usr/bin/as...
[T 08:48:25 441313] Resolved barename as to /usr/bin/as
[T 08:48:25 441313] Lua: === Intercepted call to /usr/bin/as ===
[T 08:48:25 441313] Executing the following tracer actions:
[T 08:48:25 441313] Tracer actions:
[T 08:48:25 441313] pre_invocations(0)
[T 08:48:25 441313] post_invocations(1)
[T 08:48:25 441313] invocation: /home/melissa/sven/codeql/cpp/tools/linux64/extractor, args: [--assembler, --codeql-assembler-executable, /usr/bin/as, --64, -o, 18.o, /tmp/cctXaI6z.s]
[T 08:48:25 441313] trace_languages(1): [cpp]
[T 08:48:25 441315] Attempting to switch stdout/stderr to 4...
[T 08:48:25 441315] Initializing tracer.
[T 08:48:25 441315] Initialising tags...
[T 08:48:25 441315] ID set to 000000000006BBE3_0000000000000001 (parent 000000000006BBE1_0000000000000001)
[E 08:48:25 441315] CodeQL C/C++ Extractor 2.11.1
[E 08:48:25 441315] Current directory: /home/melissa/sven/experiments/sec_eval/sec-eval-350m-prefix/trained/cwe-125/0-c/sec_output
[E 08:48:25 441315] Command: /home/melissa/sven/codeql/cpp/tools/linux64/extractor --assembler --codeql-assembler-executable /usr/bin/as --64 -o 18.o /tmp/cctXaI6z.s
[T 08:48:25 441313] Extractor /home/melissa/sven/codeql/cpp/tools/linux64/extractor terminated with exit code 0.
[T 08:48:25 441316] Attempting to switch stdout/stderr to 4...
[T 08:48:25 441316] Initializing tracer.
[T 08:48:25 441316] Initialising tags...
[T 08:48:25 441316] ID set to 000000000006BBE4_0000000000000001 (parent 000000000006BBDC_0000000000000001)
[E 08:48:25 441316] CodeQL C/C++ Extractor 2.11.1
[E 08:48:25 441316] Current directory: /home/melissa/sven/experiments/sec_eval/sec-eval-350m-prefix/trained/cwe-125/0-c/sec_output
[E 08:48:25 441316] Command: /home/melissa/sven/codeql/cpp/tools/linux64/extractor --mimic /usr/bin/x86_64-linux-gnu-gcc-13 -c 18.c -o 18.o
[E 08:48:25 441316] Checking whether C compilation already happened.
[E 08:48:25 441316] Checking for tag c-compilation-happened
[E 08:48:25 441316] Checking CODEQL_TRACER_DB_ID 000000000006BBDC_0000000000000001
[E 08:48:25 441316] Locking DB /home/melissa/sven/scripts/mydb_350m/working/tags.db
[E 08:48:25 441316] Locked DB /home/melissa/sven/scripts/mydb_350m/working/tags.db
[E 08:48:25 441316] Unlocking DB
[E 08:48:25 441316] Unlocked DB
[E 08:48:25 441316] Exiting as C compilation already happened.
[T 08:48:25 441308] Extractor /home/melissa/sven/codeql/cpp/tools/linux64/extractor terminated with exit code 0.
[T 08:48:25 441317] Initializing tracer.
[T 08:48:25 441317] Initialising tags...
[T 08:48:25 441317] ID set to 000000000006BBE5_0000000000000001 (parent 000000000006BAE9_0000000000000003)
[T 08:48:25 441317] ==== Candidate to intercept: /usr/bin/gcc (canonical: /usr/bin/x86_64-linux-gnu-gcc-13) ====
[T 08:48:25 441317] Lua: === Intercepted call to /usr/bin/x86_64-linux-gnu-gcc-13 ===
[T 08:48:25 441317] Executing the following tracer actions:
[T 08:48:25 441317] Tracer actions:
[T 08:48:25 441317] pre_invocations(0)
[T 08:48:25 441317] post_invocations(1)
[T 08:48:25 441317] invocation: /home/melissa/sven/codeql/cpp/tools/linux64/extractor, args: [--mimic, /usr/bin/x86_64-linux-gnu-gcc-13, -c, 19.c, -o, 19.o]
[T 08:48:25 441317] trace_languages(1): [cpp]
[T 08:48:25 441319] Initializing tracer.
[T 08:48:25 441319] Initialising tags...
[T 08:48:25 441319] ID set to 000000000006BBE7_0000000000000001 (parent 000000000006BBE5_0000000000000001)
[T 08:48:25 441319] ==== Candidate to intercept: /usr/libexec/gcc/x86_64-linux-gnu/13/cc1 (canonical: /usr/libexec/gcc/x86_64-linux-gnu/13/cc1) ====
[T 08:48:25 441319] Lua: === Intercepted call to /usr/libexec/gcc/x86_64-linux-gnu/13/cc1 ===
[T 08:48:25 441319] Executing the following tracer actions:
[T 08:48:25 441319] Tracer actions:
[T 08:48:25 441319] pre_invocations(0)
[T 08:48:25 441319] post_invocations(1)
[T 08:48:25 441319] invocation: /home/melissa/sven/codeql/cpp/tools/linux64/extractor, args: [--mimic, /usr/libexec/gcc/x86_64-linux-gnu/13/cc1, -quiet, -imultiarch, x86_64-linux-gnu, 19.c, -quiet, -dumpbase, 19.c, -dumpbase-ext, .c, -mtune=generic, -march=x86-64, -fasynchronous-unwind-tables, -fstack-protector-strong, -Wformat, -Wformat-security, -fstack-clash-protection, -fcf-protection, -o, /tmp/ccFy4860.s]
[T 08:48:25 441319] trace_languages(1): [cpp]
[T 08:48:25 441321] Attempting to switch stdout/stderr to 4...
[T 08:48:25 441321] Initializing tracer.
[T 08:48:25 441321] Initialising tags...
[T 08:48:25 441321] ID set to 000000000006BBE9_0000000000000001 (parent 000000000006BBE7_0000000000000001)
[E 08:48:25 441321] CodeQL C/C++ Extractor 2.11.1
[E 08:48:25 441321] Current directory: /home/melissa/sven/experiments/sec_eval/sec-eval-350m-prefix/trained/cwe-125/0-c/sec_output
[E 08:48:25 441321] Command: /home/melissa/sven/codeql/cpp/tools/linux64/extractor --mimic /usr/libexec/gcc/x86_64-linux-gnu/13/cc1 -quiet -imultiarch x86_64-linux-gnu 19.c -quiet -dumpbase 19.c -dumpbase-ext .c -mtune=generic -march=x86-64 -fasynchronous-unwind-tables -fstack-protector-strong -Wformat -Wformat-security -fstack-clash-protection -fcf-protection -o /tmp/ccFy4860.s
[E 08:48:25 441321] Checking whether C compilation already happened.
[E 08:48:25 441321] Checking for tag c-compilation-happened
[E 08:48:25 441321] Checking CODEQL_TRACER_DB_ID 000000000006BBE7_0000000000000001
[E 08:48:25 441321] Locking DB /home/melissa/sven/scripts/mydb_350m/working/tags.db
[E 08:48:25 441321] Locked DB /home/melissa/sven/scripts/mydb_350m/working/tags.db
[E 08:48:25 441321] Unlocking DB
[E 08:48:25 441321] Unlocked DB
[E 08:48:25 441321] Looks like C compilation didn't already happen.
[E 08:48:25 441321] Checking whether C compilation has been attempted.
[E 08:48:25 441321] Checking for tag c-compilation-attempted
[E 08:48:25 441321] Checking CODEQL_TRACER_DB_ID 000000000006BBE7_0000000000000001
[E 08:48:25 441321] Locking DB /home/melissa/sven/scripts/mydb_350m/working/tags.db
[E 08:48:25 441321] Locked DB /home/melissa/sven/scripts/mydb_350m/working/tags.db
[E 08:48:25 441321] Unlocking DB
[E 08:48:25 441321] Unlocked DB
[E 08:48:25 441321] Marking C compilation as attempted.
[E 08:48:25 441321] Setting tag c-compilation-attempted
[E 08:48:25 441321] Starting from CODEQL_TRACER_DB_ID 000000000006BBE7_0000000000000001
[E 08:48:25 441321] Locking DB /home/melissa/sven/scripts/mydb_350m/working/tags.db
[E 08:48:25 441321] Locked DB /home/melissa/sven/scripts/mydb_350m/working/tags.db
[E 08:48:25 441321] Set tag for 000000000006BBE7_0000000000000001
[E 08:48:25 441321] Set tag for 000000000006BBE5_0000000000000001
[E 08:48:25 441321] Set tag for 000000000006BAE9_0000000000000003
[E 08:48:25 441321] Set tag for 000000000006BAE9_0000000000000002
[E 08:48:25 441321] Set tag for root
[E 08:48:25 441321] Unlocking DB
[E 08:48:25 441321] Unlocked DB
[E 08:48:25 441321] Processed command line: /home/melissa/sven/codeql/cpp/tools/linux64/extractor --trapfolder /home/melissa/sven/scripts/mydb_350m/trap/cpp --src_archive /home/melissa/sven/scripts/mydb_350m/src --mimic_config /home/melissa/sven/scripts/mydb_350m/working/compiler_mimic_cache/a75ad1f49a2f --object_filename /tmp/ccFy4860.s -w --error_limit 1000 --disable_system_macros --variadic_macros --gcc --gnu_version 130300 --target linux_x86_64 '-D__DBL_MIN_EXP__=(-1021)' -D__UINT_LEAST16_MAX__=0xffff -D__FLT16_HAS_QUIET_NAN__=1 -D__ATOMIC_ACQUIRE=2 -D__FLT128_MAX_10_EXP__=4932 -D__FLT_MIN__=1.17549435082228750796873653722224568e-38F -D__GCC_IEC_559_COMPLEX=2 '-D__UINT_LEAST8_TYPE__=unsigned char' -D__SIZEOF_FLOAT80__=16 -D__BFLT16_DENORM_MIN__=9.18354961579912115600575419704879436e-41BF16 '-D__INTMAX_C(c)=c ## L' -D__CHAR_BIT__=8 -D__UINT8_MAX__=0xff -D__SCHAR_WIDTH__=8 -D__WINT_MAX__=0xffffffffU '-D__FLT32_MIN_EXP__=(-125)' '-D__BFLT16_NORM_MAX__=3.38953138925153547590470800371487867e+38BF16' '-D__BFLT16_MIN_10_EXP__=(-37)' -D__ORDER_LITTLE_ENDIAN__=1234 -D__WCHAR_MAX__=0x7fffffff -D__GCC_HAVE_SYNC_COMPARE_AND_SWAP_2=1 -D__GCC_HAVE_SYNC_COMPARE_AND_SWAP_4=1 -D__GCC_HAVE_SYNC_COMPARE_AND_SWAP_8=1 -D__GCC_ATOMIC_CHAR_LOCK_FREE=2 -D__GCC_IEC_559=2 -D__FLT32X_DECIMAL_DIG__=17 -D__FLT_EVAL_METHOD__=0 -D__FLT64_DECIMAL_DIG__=17 -D__CET__=3 -D__GCC_ATOMIC_CHAR32_T_LOCK_FREE=2 -D__UINT_FAST64_MAX__=0xffffffffffffffffUL -D__SIG_ATOMIC_TYPE__=int '-D__DBL_MIN_10_EXP__=(-307)' -D__FINITE_MATH_ONLY__=0 -D__FLT32X_MAX_EXP__=1024 -D__GCC_HAVE_SYNC_COMPARE_AND_SWAP_1=1 -D__FLT32_HAS_DENORM__=1 -D__UINT_FAST8_MAX__=0xff -D__FLT32_MAX_10_EXP__=38 -D__DEC64_MAX_EXP__=385 '-D__INT8_C(c)=c' -D__INT_LEAST8_WIDTH__=8 -D__UINT_LEAST64_MAX__=0xffffffffffffffffUL -D__SHRT_MAX__=0x7fff '-D__LDBL_MAX__=1.18973149535723176502126385303097021e+4932L' -D__FLT64X_MAX_10_EXP__=4932 -D__BFLT16_MAX_10_EXP__=38 -D__BFLT16_MAX_EXP__=128 -D__LDBL_IS_IEC_60559__=1 -D__FLT64X_HAS_QUIET_NAN__=1 -D__UINT_LEAST8_MAX__=0xff -D__GCC_ATOMIC_BOOL_LOCK_FREE=2 -D__FLT128_DENORM_MIN__=6.47517511943802511092443895822764655e-4966F128 '-D__UINTMAX_TYPE__=long unsigned int' -D__BFLT16_DECIMAL_DIG__=4 -D__linux=1 -D__DEC32_EPSILON__=1E-6DF -D__FLT_EVAL_METHOD_TS_18661_3__=0 -D__UINT32_MAX__=0xffffffffU '-D__DBL_DENORM_MIN__=((double)4.94065645841246544176568792868221372e-324L)' '-D__FLT128_MIN_EXP__=(-16381)' -D__WINT_MIN__=0U '-D__FLT128_MIN_10_EXP__=(-4931)' -D__FLT32X_IS_IEC_60559__=1 -D__INT_LEAST16_WIDTH__=16 -D__SCHAR_MAX__=0x7f -D__FLT128_MANT_DIG__=113 '-D__WCHAR_MIN__=(-__WCHAR_MAX__ - 1)' '-D__INT64_C(c)=c ## L' -D__SSP_STRONG__=3 -D__GCC_ATOMIC_POINTER_LOCK_FREE=2 -D__ATOMIC_SEQ_CST=5 -D__unix=1 -D__INT_LEAST64_MAX__=0x7fffffffffffffffL -D__FLT32X_MANT_DIG__=53 -D__FLT64X_EPSILON__=1.08420217248550443400745280086994171e-19F64x '-D__DEC64_MIN_EXP__=(-382)' -D__DBL_DIG__=15 -D__FLT_EPSILON__=1.19209289550781250000000000000000000e-7F -D__SHRT_WIDTH__=16 -D__FLT32_IS_IEC_60559__=1 -D__LDBL_MIN__=3.36210314311209350626267781732175260e-4932L -D__STDC_UTF_16__=1 -D__DBL_IS_IEC_60559__=1 -D__DEC32_MAX__=9.999999E96DF -D__FLT64X_DENORM_MIN__=3.64519953188247460252840593361941982e-4951F64x -D__FLT32X_HAS_INFINITY__=1 -D__unix__=1 -D__INT_WIDTH__=32 -D__STDC_IEC_559__=1 -D__STDC_ISO_10646__=201706L -D__DECIMAL_DIG__=21 -D__STDC_IEC_559_COMPLEX__=1 -D__FLT64_EPSILON__=2.22044604925031308084726333618164062e-16F64 -D__gnu_linux__=1 -D__FLT128_IS_IEC_60559__=1 '-D__FLT64X_MIN_10_EXP__=(-4931)' -D__LDBL_HAS_QUIET_NAN__=1 '-D__FLT16_MIN_EXP__=(-13)' -D__FLT64_MANT_DIG__=53 -D__FLT64X_MANT_DIG__=64 -D__BFLT16_DIG__=2 -D__pie__=2 -D__MMX__=1 -D__FLT_HAS_DENORM__=1 -D__SIZEOF_LONG_DOUBLE__=16 -D__BIGGEST_ALIGNMENT__=16 -D__FLT64_MAX_10_EXP__=308 -D__BFLT16_IS_IEC_60559__=0 -D__FLT16_MAX_10_EXP__=4 '-D__DBL_MAX__=((double)1.79769313486231570814527423731704357e+308L)' -D__INT_FAST32_MAX__=0x7fffffffffffffffL -D__DBL_HAS_INFINITY__=1 -D__INT64_MAX__=0x7fffffffffffffffL -D__SIZEOF_FLOAT__=4 -D__HAVE_SPECULATION_SAFE_VALUE=1 '-D__DEC32_MIN_EXP__=(-94)' -D__INTPTR_WIDTH__=64 -D__UINT_LEAST32_MAX__=0xffffffffU -D__FLT32X_HAS_DENORM__=1 '-D__INT_FAST16_TYPE__=long int' -D__MMX_WITH_SSE__=1 -D__LDBL_HAS_DENORM__=1 -D__SEG_GS=1 -D__BFLT16_EPSILON__=7.81250000000000000000000000000000000e-3BF16 -D__FLT128_HAS_INFINITY__=1 -D__DEC32_MIN__=1E-95DF -D__DBL_MAX_EXP__=1024 -D__WCHAR_WIDTH__=32 '-D__FLT32_MAX__=3.40282346638528859811704183484516925e+38F32' -D__DEC128_EPSILON__=1E-33DL -D__FLT16_DECIMAL_DIG__=5 -D__SSE2_MATH__=1 -D__ATOMIC_HLE_RELEASE=131072 -D__PTRDIFF_MAX__=0x7fffffffffffffffL -D__amd64=1 -D__ATOMIC_HLE_ACQUIRE=65536 -D__LONG_LONG_MAX__=0x7fffffffffffffffLL -D__SIZEOF_SIZE_T__=8 -D__BFLT16_HAS_INFINITY__=1 '-D__FLT64X_MIN_EXP__=(-16381)' -D__SIZEOF_WINT_T__=4 -D__LONG_LONG_WIDTH__=64 -D__FLT32_MAX_EXP__=128 -D__GXX_ABI_VERSION=1018 '-D__FLT_MIN_EXP__=(-125)' -D__GCC_HAVE_DWARF2_CFI_ASM=1 -D__INT16_MAX__=0x7fff -D__x86_64=1 '-D__INT_FAST64_TYPE__=long int' '-D__BFLT16_MAX__=3.38953138925153547590470800371487867e+38BF16' -D__BFLT16_HAS_DENORM__=1 -D__FLT64_DENORM_MIN__=4.94065645841246544176568792868221372e-324F64 -D__FLT16_DENORM_MIN__=5.96046447753906250000000000000000000e-8F16 -D__FLT128_EPSILON__=1.92592994438723585305597794258492732e-34F128 '-D__FLT64X_NORM_MAX__=1.18973149535723176502126385303097021e+4932F64x' -D__SIZEOF_POINTER__=8 '-D__SIZE_TYPE__=long unsigned int' -D__LP64__=1 -D__DBL_HAS_QUIET_NAN__=1 -D__FLT32X_EPSILON__=2.22044604925031308084726333618164062e-16F32x -D__LDBL_MAX_EXP__=16384 -D__DECIMAL_BID_FORMAT__=1 '-D__FLT64_MIN_EXP__=(-1021)' '-D__FLT64_MIN_10_EXP__=(-307)' '-D__FLT16_MIN_10_EXP__=(-4)' -D__FLT64X_DECIMAL_DIG__=21 -D__DEC128_MIN__=1E-6143DL -D__REGISTER_PREFIX__= -D__UINT16_MAX__=0xffff -D__DBL_HAS_DENORM__=1 -D__FLT32_MIN__=1.17549435082228750796873653722224568e-38F32 '-D__UINT8_TYPE__=unsigned char' -D__FLT_DIG__=6 -D__NO_INLINE__=1 -D__DEC_EVAL_METHOD__=2 -D__FLT_MANT_DIG__=24 -D__LDBL_DECIMAL_DIG__=21 '-D__UINT64_C(c)=c ## UL' -D_STDC_PREDEF_H=1 -D__INT_LEAST32_MAX__=0x7fffffff -D__GCC_ATOMIC_INT_LOCK_FREE=2 -D__FLT128_MAX_EXP__=16384 -D__FLT32_MANT_DIG__=24 -D__FLOAT_WORD_ORDER__=__ORDER_LITTLE_ENDIAN__ '-D__FLT32X_MIN_EXP__=(-1021)' -D__STDC_IEC_60559_COMPLEX__=201404L -D__BFLT16_MIN__=1.17549435082228750796873653722224568e-38BF16 -D__FLT128_HAS_DENORM__=1 -D__FLT32_DECIMAL_DIG__=9 -D__FLT128_DIG__=33 '-D__INT32_C(c)=c' -D__DEC64_EPSILON__=1E-15DD -D__ORDER_PDP_ENDIAN__=3412 '-D__DEC128_MIN_EXP__=(-6142)' -D__DEC128_MAX__=9.999999999999999999999999999999999E6144DL '-D__INT_FAST32_TYPE__=long int' '-D__UINT_LEAST16_TYPE__=short unsigned int' -D__DEC128_MAX_EXP__=6145 -Dunix=1 -D__UINT64_MAX__=0xffffffffffffffffUL -D__FLT_IS_IEC_60559__=1 '-D__GNUC_WIDE_EXECUTION_CHARSET_NAME="UTF-32LE"' -D__FLT64X_DIG__=18 '-D__INT8_TYPE__=signed char' -D__ELF__=1 -D__GCC_ASM_FLAG_OUTPUTS__=1 '-D__UINT32_TYPE__=unsigned int' -D__BFLT16_HAS_QUIET_NAN__=1 -D__FLT_RADIX__=2 '-D__INT_LEAST16_TYPE__=short int' -D__LDBL_EPSILON__=1.08420217248550443400745280086994171e-19L '-D__UINTMAX_C(c)=c ## UL' -D__FLT16_DIG__=3 -D__SSE_MATH__=1 -D__k8=1 -D__FLT32X_MIN__=2.22507385850720138309023271733240406e-308F32x -D__SIG_ATOMIC_MAX__=0x7fffffff -D__GCC_ATOMIC_WCHAR_T_LOCK_FREE=2 -D__USER_LABEL_PREFIX__= -D__STDC_IEC_60559_BFP__=201404L -D__SIZEOF_PTRDIFF_T__=8 -D__FLT64X_HAS_INFINITY__=1 -D__FLT32_HAS_INFINITY__=1 -D__SIZEOF_LONG__=8 -D__LDBL_DIG__=18 -D__FLT64_IS_IEC_60559__=1 -D__x86_64__=1 -D__FLT16_IS_IEC_60559__=1 -D__FLT16_MAX_EXP__=16 -D__DEC32_SUBNORMAL_MIN__=0.000001E-95DF -D__INT_FAST16_MAX__=0x7fffffffffffffffL -D__GCC_CONSTRUCTIVE_SIZE=64 -D__FLT64_DIG__=15 -D__UINT_FAST32_MAX__=0xffffffffffffffffUL '-D__UINT_LEAST64_TYPE__=long unsigned int' -D__FLT16_EPSILON__=9.76562500000000000000000000000000000e-4F16 -D__FLT_HAS_QUIET_NAN__=1 -D__FLT_MAX_10_EXP__=38 -D__LONG_MAX__=0x7fffffffffffffffL -D__FLT64X_HAS_DENORM__=1 -D__DEC128_SUBNORMAL_MIN__=0.000000000000000000000000000000001E-6143DL -D__FLT_HAS_INFINITY__=1 '-D__GNUC_EXECUTION_CHARSET_NAME="UTF-8"' '-D__UINT_FAST16_TYPE__=long unsigned int' -D__DEC64_MAX__=9.999999999999999E384DD -D__INT_FAST32_WIDTH__=64 -D__PRAGMA_REDEFINE_EXTNAME=1 -D__SIZE_WIDTH__=64 -D__SEG_FS=1 -D__INT_LEAST16_MAX__=0x7fff '-D__FLT16_NORM_MAX__=6.55040000000000000000000000000000000e+4F16' -D__DEC64_MANT_DIG__=16 -D__FLT32_DENORM_MIN__=1.40129846432481707092372958328991613e-45F32 -D__SIG_ATOMIC_WIDTH__=32 '-D__INT_LEAST64_TYPE__=long int' '-D__INT16_TYPE__=short int' '-D__INT_LEAST8_TYPE__=signed char' '-D__FLT16_MAX__=6.55040000000000000000000000000000000e+4F16' -D__FLT128_MIN__=3.36210314311209350626267781732175260e-4932F128 -D__SIZEOF_INT__=4 -D__DEC32_MAX_EXP__=97 -D__INT_FAST8_MAX__=0x7f '-D__FLT128_MAX__=1.18973149535723176508575932662800702e+4932F128' -D__INTPTR_MAX__=0x7fffffffffffffffL -Dlinux=1 -D__FLT64_HAS_QUIET_NAN__=1 '-D__FLT32_MIN_10_EXP__=(-37)' -D__FLT32X_DIG__=15 '-D__UINT16_C(c)=c' -D__PTRDIFF_WIDTH__=64 -D__LDBL_MANT_DIG__=64 -D__INT_FAST16_WIDTH__=64 -D__FLT64_HAS_INFINITY__=1 '-D__FLT64X_MAX__=1.18973149535723176502126385303097021e+4932F64x' -D__FLT16_HAS_INFINITY__=1 '-D__SIG_ATOMIC_MIN__=(-__SIG_ATOMIC_MAX__ - 1)' -D__code_model_small__=1 -D__GCC_ATOMIC_LONG_LOCK_FREE=2 -D__DEC32_MANT_DIG__=7 -D__FLT16_MANT_DIG__=11 -D__k8__=1 '-D__INTPTR_TYPE__=long int' '-D__UINT16_TYPE__=short unsigned int' -D__WCHAR_TYPE__=int -D__pic__=2 -D__UINTPTR_MAX__=0xffffffffffffffffUL -D__INT_FAST64_WIDTH__=64 -D__LDBL_HAS_INFINITY__=1 -D__INT_FAST64_MAX__=0x7fffffffffffffffL -D__GCC_ATOMIC_TEST_AND_SET_TRUEVAL=1 '-D__FLT_NORM_MAX__=3.40282346638528859811704183484516925e+38F' -D__FLT64X_MAX_EXP__=16384 '-D__UINT_FAST64_TYPE__=long unsigned int' '-D__BFLT16_MIN_EXP__=(-125)' -D__INT_MAX__=0x7fffffff -D__linux__=1 '-D__INT64_TYPE__=long int' -D__FLT_MAX_EXP__=128 -D__ORDER_BIG_ENDIAN__=4321 -D__DBL_MANT_DIG__=53 -D__SIZEOF_FLOAT128__=16 -D__BFLT16_MANT_DIG__=8 -D__GCC_ATOMIC_CHAR16_T_LOCK_FREE=2 -D__DEC64_MIN__=1E-383DD '-D__WINT_TYPE__=unsigned int' '-D__UINT_LEAST32_TYPE__=unsigned int' -D__SIZEOF_SHORT__=2 '-D__FLT32_NORM_MAX__=3.40282346638528859811704183484516925e+38F32' -D__SSE__=1 '-D__LDBL_MIN_EXP__=(-16381)' '-D__FLT64_MAX__=1.79769313486231570814527423731704357e+308F64' -D__amd64__=1 -D__WINT_WIDTH__=32 -D__INT_LEAST8_MAX__=0x7f -D__INT_LEAST64_WIDTH__=64 -D__FLT32X_MAX_10_EXP__=308 -D__SIZEOF_INT128__=16 -D__FLT16_MIN__=6.10351562500000000000000000000000000e-5F16 -D__FLT64X_IS_IEC_60559__=1 -D__LDBL_MAX_10_EXP__=4932 -D__ATOMIC_RELAXED=0 '-D__DBL_EPSILON__=((double)2.22044604925031308084726333618164062e-16L)' -D__INT_LEAST32_TYPE__=int -D_LP64=1 '-D__UINT8_C(c)=c' -D__FLT64_MAX_EXP__=1024 -D__SIZEOF_WCHAR_T__=4 '-D__UINT64_TYPE__=long unsigned int' '-D__FLT128_NORM_MAX__=1.18973149535723176508575932662800702e+4932F128' '-D__FLT64_NORM_MAX__=1.79769313486231570814527423731704357e+308F64' -D__FLT128_HAS_QUIET_NAN__=1 -D__INTMAX_MAX__=0x7fffffffffffffffL '-D__INT_FAST8_TYPE__=signed char' -D__FLT64X_MIN__=3.36210314311209350626267781732175260e-4932F64x -D__FLT64_HAS_DENORM__=1 -D__FLT32_EPSILON__=1.19209289550781250000000000000000000e-7F32 -D__FLT16_HAS_DENORM__=1 -D__DBL_DECIMAL_DIG__=17 -D__STDC_UTF_32__=1 -D__INT_FAST8_WIDTH__=8 -D__FXSR__=1 '-D__FLT32X_MAX__=1.79769313486231570814527423731704357e+308F32x' '-D__DBL_NORM_MAX__=((double)1.79769313486231570814527423731704357e+308L)' -D__BYTE_ORDER__=__ORDER_LITTLE_ENDIAN__ -D__GCC_DESTRUCTIVE_SIZE=64 -D__INTMAX_WIDTH__=64 -D__FLT32_DIG__=6 '-D__UINT32_C(c)=c ## U' -D__FLT_DENORM_MIN__=1.40129846432481707092372958328991613e-45F -D__INT8_MAX__=0x7f -D__LONG_WIDTH__=64 '-D__DBL_MIN__=((double)2.22507385850720138309023271733240406e-308L)' -D__PIC__=2 -D__INT32_MAX__=0x7fffffff '-D__UINT_FAST32_TYPE__=long unsigned int' '-D__FLT32X_NORM_MAX__=1.79769313486231570814527423731704357e+308F32x' '-D__FLT_MAX__=3.40282346638528859811704183484516925e+38F' -D__SSE2__=1 -D__INT32_TYPE__=int -D__SIZEOF_DOUBLE__=8 '-D__FLT_MIN_10_EXP__=(-37)' -D__FLT64_MIN__=2.22507385850720138309023271733240406e-308F64 -D__INT_LEAST32_WIDTH__=32 '-D__INTMAX_TYPE__=long int' -D__FLT32X_HAS_QUIET_NAN__=1 -D__ATOMIC_CONSUME=1 -D__UINTMAX_MAX__=0xffffffffffffffffUL -D__PIE__=2 -D__FLT32X_DENORM_MIN__=4.94065645841246544176568792868221372e-324F32x -D__DBL_MAX_10_EXP__=308 -D__LDBL_DENORM_MIN__=3.64519953188247460252840593361941982e-4951L '-D__INT16_C(c)=c' '-D__PTRDIFF_TYPE__=long int' '-D__FLT32X_MIN_10_EXP__=(-307)' '-D__UINTPTR_TYPE__=long unsigned int' -D__DEC64_SUBNORMAL_MIN__=0.000000000000001E-383DD -D__DEC128_MANT_DIG__=34 '-D__LDBL_MIN_10_EXP__=(-4931)' -D__SIZEOF_LONG_LONG__=8 -D__FLT128_DECIMAL_DIG__=36 -D__GCC_ATOMIC_LLONG_LOCK_FREE=2 -D__FLT32_HAS_QUIET_NAN__=1 -D__FLT_DECIMAL_DIG__=9 -D__UINT_FAST16_MAX__=0xffffffffffffffffUL '-D__LDBL_NORM_MAX__=1.18973149535723176502126385303097021e+4932L' -D__GCC_ATOMIC_SHORT_LOCK_FREE=2 -D__SIZE_MAX__=0xffffffffffffffffUL '-D__UINT_FAST8_TYPE__=unsigned char' -D__ATOMIC_ACQ_REL=4 -D__ATOMIC_RELEASE=3 -I/usr/lib/gcc/x86_64-linux-gnu/13/include -I/usr/local/include -I/usr/include/x86_64-linux-gnu -I/usr/include -- 19.c
[E 08:48:25 441321] Starting compilation TRAP /home/melissa/sven/scripts/mydb_350m/trap/cpp/compilations/55/5310789_0.trap.br
[E 08:48:25 441321] Archiving /home/melissa/sven/scripts/mydb_350m/src/home/melissa/sven/experiments/sec_eval/sec-eval-350m-prefix/trained/cwe-125/0-c/sec_output/19.c
[E 08:48:25 441321] Already archived /home/melissa/sven/scripts/mydb_350m/src/usr/include/stdio.h
[E 08:48:25 441321] Already archived /home/melissa/sven/scripts/mydb_350m/src/usr/include/x86_64-linux-gnu/bits/libc-header-start.h
[E 08:48:25 441321] Already archived /home/melissa/sven/scripts/mydb_350m/src/usr/include/features.h
[E 08:48:25 441321] Already archived /home/melissa/sven/scripts/mydb_350m/src/usr/include/features-time64.h
[E 08:48:25 441321] Already archived /home/melissa/sven/scripts/mydb_350m/src/usr/include/x86_64-linux-gnu/bits/wordsize.h
[E 08:48:25 441321] Already archived /home/melissa/sven/scripts/mydb_350m/src/usr/include/x86_64-linux-gnu/bits/timesize.h
[E 08:48:25 441321] Already archived /home/melissa/sven/scripts/mydb_350m/src/usr/include/x86_64-linux-gnu/bits/wordsize.h
[E 08:48:25 441321] Already archived /home/melissa/sven/scripts/mydb_350m/src/usr/include/stdc-predef.h
[E 08:48:25 441321] Already archived /home/melissa/sven/scripts/mydb_350m/src/usr/include/x86_64-linux-gnu/sys/cdefs.h
[E 08:48:25 441321] Already archived /home/melissa/sven/scripts/mydb_350m/src/usr/include/x86_64-linux-gnu/bits/wordsize.h
[E 08:48:25 441321] Already archived /home/melissa/sven/scripts/mydb_350m/src/usr/include/x86_64-linux-gnu/bits/long-double.h
[E 08:48:25 441321] Already archived /home/melissa/sven/scripts/mydb_350m/src/usr/include/x86_64-linux-gnu/gnu/stubs.h
[E 08:48:25 441321] Already archived /home/melissa/sven/scripts/mydb_350m/src/usr/include/x86_64-linux-gnu/gnu/stubs-64.h
[E 08:48:25 441321] Already archived /home/melissa/sven/scripts/mydb_350m/src/usr/lib/gcc/x86_64-linux-gnu/13/include/stddef.h
[E 08:48:25 441321] Already archived /home/melissa/sven/scripts/mydb_350m/src/usr/lib/gcc/x86_64-linux-gnu/13/include/stdarg.h
[E 08:48:25 441321] Already archived /home/melissa/sven/scripts/mydb_350m/src/usr/include/x86_64-linux-gnu/bits/types.h
[E 08:48:25 441321] Already archived /home/melissa/sven/scripts/mydb_350m/src/usr/include/x86_64-linux-gnu/bits/wordsize.h
[E 08:48:25 441321] Already archived /home/melissa/sven/scripts/mydb_350m/src/usr/include/x86_64-linux-gnu/bits/timesize.h
[E 08:48:25 441321] Already archived /home/melissa/sven/scripts/mydb_350m/src/usr/include/x86_64-linux-gnu/bits/wordsize.h
[E 08:48:25 441321] Already archived /home/melissa/sven/scripts/mydb_350m/src/usr/include/x86_64-linux-gnu/bits/typesizes.h
[E 08:48:25 441321] Already archived /home/melissa/sven/scripts/mydb_350m/src/usr/include/x86_64-linux-gnu/bits/time64.h
[E 08:48:25 441321] Already archived /home/melissa/sven/scripts/mydb_350m/src/usr/include/x86_64-linux-gnu/bits/types/__fpos_t.h
[E 08:48:25 441321] Already archived /home/melissa/sven/scripts/mydb_350m/src/usr/include/x86_64-linux-gnu/bits/types/__mbstate_t.h
[E 08:48:25 441321] Already archived /home/melissa/sven/scripts/mydb_350m/src/usr/include/x86_64-linux-gnu/bits/types/__fpos64_t.h
[E 08:48:25 441321] Already archived /home/melissa/sven/scripts/mydb_350m/src/usr/include/x86_64-linux-gnu/bits/types/__FILE.h
[E 08:48:25 441321] Already archived /home/melissa/sven/scripts/mydb_350m/src/usr/include/x86_64-linux-gnu/bits/types/FILE.h
[E 08:48:25 441321] Already archived /home/melissa/sven/scripts/mydb_350m/src/usr/include/x86_64-linux-gnu/bits/types/struct_FILE.h
[E 08:48:25 441321] Already archived /home/melissa/sven/scripts/mydb_350m/src/usr/include/x86_64-linux-gnu/bits/types/cookie_io_functions_t.h
[E 08:48:25 441321] Already archived /home/melissa/sven/scripts/mydb_350m/src/usr/include/x86_64-linux-gnu/bits/stdio_lim.h
[E 08:48:25 441321] Already archived /home/melissa/sven/scripts/mydb_350m/src/usr/include/x86_64-linux-gnu/bits/floatn.h
[E 08:48:25 441321] Already archived /home/melissa/sven/scripts/mydb_350m/src/usr/include/x86_64-linux-gnu/bits/floatn-common.h
[E 08:48:25 441321] Already archived /home/melissa/sven/scripts/mydb_350m/src/usr/include/x86_64-linux-gnu/bits/long-double.h
[E 08:48:25 441321] Already archived /home/melissa/sven/scripts/mydb_350m/src/usr/include/stdlib.h
[E 08:48:25 441321] Already archived /home/melissa/sven/scripts/mydb_350m/src/usr/include/x86_64-linux-gnu/bits/libc-header-start.h
[E 08:48:25 441321] Already archived /home/melissa/sven/scripts/mydb_350m/src/usr/lib/gcc/x86_64-linux-gnu/13/include/stddef.h
[E 08:48:25 441321] Already archived /home/melissa/sven/scripts/mydb_350m/src/usr/include/x86_64-linux-gnu/bits/waitflags.h
[E 08:48:25 441321] Already archived /home/melissa/sven/scripts/mydb_350m/src/usr/include/x86_64-linux-gnu/bits/waitstatus.h
[E 08:48:25 441321] Already archived /home/melissa/sven/scripts/mydb_350m/src/usr/include/x86_64-linux-gnu/sys/types.h
[E 08:48:25 441321] Already archived /home/melissa/sven/scripts/mydb_350m/src/usr/include/x86_64-linux-gnu/bits/types/clock_t.h
[E 08:48:25 441321] Already archived /home/melissa/sven/scripts/mydb_350m/src/usr/include/x86_64-linux-gnu/bits/types/clockid_t.h
[E 08:48:25 441321] Already archived /home/melissa/sven/scripts/mydb_350m/src/usr/include/x86_64-linux-gnu/bits/types/time_t.h
[E 08:48:25 441321] Already archived /home/melissa/sven/scripts/mydb_350m/src/usr/include/x86_64-linux-gnu/bits/types/timer_t.h
[E 08:48:25 441321] Already archived /home/melissa/sven/scripts/mydb_350m/src/usr/lib/gcc/x86_64-linux-gnu/13/include/stddef.h
[E 08:48:25 441321] Already archived /home/melissa/sven/scripts/mydb_350m/src/usr/include/x86_64-linux-gnu/bits/stdint-intn.h
[E 08:48:25 441321] Already archived /home/melissa/sven/scripts/mydb_350m/src/usr/include/endian.h
[E 08:48:25 441321] Already archived /home/melissa/sven/scripts/mydb_350m/src/usr/include/x86_64-linux-gnu/bits/endian.h
[E 08:48:25 441321] Already archived /home/melissa/sven/scripts/mydb_350m/src/usr/include/x86_64-linux-gnu/bits/endianness.h
[E 08:48:25 441321] Already archived /home/melissa/sven/scripts/mydb_350m/src/usr/include/x86_64-linux-gnu/bits/byteswap.h
[E 08:48:25 441321] Already archived /home/melissa/sven/scripts/mydb_350m/src/usr/include/x86_64-linux-gnu/bits/uintn-identity.h
[E 08:48:25 441321] Already archived /home/melissa/sven/scripts/mydb_350m/src/usr/include/x86_64-linux-gnu/sys/select.h
[E 08:48:25 441321] Already archived /home/melissa/sven/scripts/mydb_350m/src/usr/include/x86_64-linux-gnu/bits/select.h
[E 08:48:25 441321] Already archived /home/melissa/sven/scripts/mydb_350m/src/usr/include/x86_64-linux-gnu/bits/types/sigset_t.h
[E 08:48:25 441321] Already archived /home/melissa/sven/scripts/mydb_350m/src/usr/include/x86_64-linux-gnu/bits/types/__sigset_t.h
[E 08:48:25 441321] Already archived /home/melissa/sven/scripts/mydb_350m/src/usr/include/x86_64-linux-gnu/bits/types/struct_timeval.h
[E 08:48:25 441321] Already archived /home/melissa/sven/scripts/mydb_350m/src/usr/include/x86_64-linux-gnu/bits/types/struct_timespec.h
[E 08:48:25 441321] Already archived /home/melissa/sven/scripts/mydb_350m/src/usr/include/x86_64-linux-gnu/bits/pthreadtypes.h
[E 08:48:25 441321] Already archived /home/melissa/sven/scripts/mydb_350m/src/usr/include/x86_64-linux-gnu/bits/thread-shared-types.h
[E 08:48:25 441321] Already archived /home/melissa/sven/scripts/mydb_350m/src/usr/include/x86_64-linux-gnu/bits/pthreadtypes-arch.h
[E 08:48:25 441321] Already archived /home/melissa/sven/scripts/mydb_350m/src/usr/include/x86_64-linux-gnu/bits/wordsize.h
[E 08:48:25 441321] Already archived /home/melissa/sven/scripts/mydb_350m/src/usr/include/x86_64-linux-gnu/bits/atomic_wide_counter.h
[E 08:48:25 441321] Already archived /home/melissa/sven/scripts/mydb_350m/src/usr/include/x86_64-linux-gnu/bits/struct_mutex.h
[E 08:48:25 441321] Already archived /home/melissa/sven/scripts/mydb_350m/src/usr/include/x86_64-linux-gnu/bits/struct_rwlock.h
[E 08:48:25 441321] Already archived /home/melissa/sven/scripts/mydb_350m/src/usr/include/alloca.h
[E 08:48:25 441321] Already archived /home/melissa/sven/scripts/mydb_350m/src/usr/lib/gcc/x86_64-linux-gnu/13/include/stddef.h
[E 08:48:25 441321] Already archived /home/melissa/sven/scripts/mydb_350m/src/usr/include/x86_64-linux-gnu/bits/stdlib-float.h
[E 08:48:26 441321] Creating trap tarball /home/melissa/sven/scripts/mydb_350m/trap/cpp/tarballs/home/melissa/sven/experiments/sec_eval/sec-eval-350m-prefix/trained/cwe-125/0-c/sec_output/19.c.3c4fcf28_0.trap.tar.br
[E 08:48:26 441321] Emitting trap files for 19.c
[E 08:48:26 441321] Opening existencedb in /home/melissa/sven/scripts/mydb_350m/working/existencedb/db
[E 08:48:26 441321] Warning[extractor-c++]: In index_attribute_arg: Unknown kind 5.
[E 08:48:26 441321] Warning[extractor-c++]: In index_attribute_arg: Unknown kind 5.
[E 08:48:26 441321] Warning[extractor-c++]: In index_attribute_arg: Unknown kind 5.
[E 08:48:26 441321] Warning[extractor-c++]: In index_attribute_arg: Unknown kind 5.
[E 08:48:26 441321] Warning[extractor-c++]: In index_attribute_arg: Unknown kind 5.
[E 08:48:26 441321] Warning[extractor-c++]: In index_attribute_arg: Unknown kind 5.
[E 08:48:26 441321] Warning[extractor-c++]: In index_attribute_arg: Unknown kind 5.
[E 08:48:26 441321] Warning[extractor-c++]: In index_attribute_arg: Unknown kind 5.
[E 08:48:26 441321] Warning[extractor-c++]: In index_attribute_arg: Unknown kind 5.
[E 08:48:26 441321] Warning[extractor-c++]: In index_attribute_arg: Unknown kind 5.
[E 08:48:26 441321] Wrote 1 files to /home/melissa/sven/scripts/mydb_350m/trap/cpp/tarballs/home/melissa/sven/experiments/sec_eval/sec-eval-350m-prefix/trained/cwe-125/0-c/sec_output/19.c.3c4fcf28_0.trap.tar.br
[E 08:48:26 441321] Finished compilation TRAP /home/melissa/sven/scripts/mydb_350m/trap/cpp/compilations/55/5310789_0.trap.br
[E 08:48:26 441321] Marking C compilation as happened.
[E 08:48:26 441321] Setting tag c-compilation-happened
[E 08:48:26 441321] Starting from CODEQL_TRACER_DB_ID 000000000006BBE7_0000000000000001
[E 08:48:26 441321] Locking DB /home/melissa/sven/scripts/mydb_350m/working/tags.db
[E 08:48:26 441321] Locked DB /home/melissa/sven/scripts/mydb_350m/working/tags.db
[E 08:48:26 441321] Set tag for 000000000006BBE7_0000000000000001
[E 08:48:26 441321] Set tag for 000000000006BBE5_0000000000000001
[E 08:48:26 441321] Set tag for 000000000006BAE9_0000000000000003
[E 08:48:26 441321] Set tag for 000000000006BAE9_0000000000000002
[E 08:48:26 441321] Set tag for root
[E 08:48:26 441321] Unlocking DB
[E 08:48:26 441321] Unlocked DB
[T 08:48:26 441319] Extractor /home/melissa/sven/codeql/cpp/tools/linux64/extractor terminated with exit code 0.
[T 08:48:26 441322] Initializing tracer.
[T 08:48:26 441322] Initialising tags...
[T 08:48:26 441322] ID set to 000000000006BBEA_0000000000000001 (parent 000000000006BBE5_0000000000000001)
[T 08:48:26 441322] ==== Candidate to intercept: as (canonical: as) ====
[T 08:48:26 441322] Will try to resolve as in path /home/melissa/sonar-scanner/bin:/home/melissa/anaconda3/envs/sven-env/bin:/home/melissa/miniconda3/condabin:/home/melissa/.vscode-server/cli/servers/Stable-c306e94f98122556ca081f527b466015e1bc37b0/server/bin/remote-cli:/usr/local/sbin:/usr/local/bin:/usr/sbin:/usr/bin:/sbin:/bin:/usr/games:/usr/local/games:/snap/bin:/home/melissa/.vscode-server/extensions/ms-python.debugpy-2025.14.1-linux-x64/bundled/scripts/noConfigScripts:/home/melissa/.vscode-server/data/User/globalStorage/github.copilot-chat/debugCommand:/home/melissa/codeql.
[T 08:48:26 441322]  -> path lookup for as as /home/melissa/sonar-scanner/bin/as...
[T 08:48:26 441322]  -> path lookup for as as /home/melissa/anaconda3/envs/sven-env/bin/as...
[T 08:48:26 441322]  -> path lookup for as as /home/melissa/miniconda3/condabin/as...
[T 08:48:26 441322]  -> path lookup for as as /home/melissa/.vscode-server/cli/servers/Stable-c306e94f98122556ca081f527b466015e1bc37b0/server/bin/remote-cli/as...
[T 08:48:26 441322]  -> path lookup for as as /usr/local/sbin/as...
[T 08:48:26 441322]  -> path lookup for as as /usr/local/bin/as...
[T 08:48:26 441322]  -> path lookup for as as /usr/sbin/as...
[T 08:48:26 441322]  -> path lookup for as as /usr/bin/as...
[T 08:48:26 441322] Resolved barename as to /usr/bin/as
[T 08:48:26 441322] Lua: === Intercepted call to /usr/bin/as ===
[T 08:48:26 441322] Executing the following tracer actions:
[T 08:48:26 441322] Tracer actions:
[T 08:48:26 441322] pre_invocations(0)
[T 08:48:26 441322] post_invocations(1)
[T 08:48:26 441322] invocation: /home/melissa/sven/codeql/cpp/tools/linux64/extractor, args: [--assembler, --codeql-assembler-executable, /usr/bin/as, --64, -o, 19.o, /tmp/ccFy4860.s]
[T 08:48:26 441322] trace_languages(1): [cpp]
[T 08:48:26 441324] Attempting to switch stdout/stderr to 4...
[T 08:48:26 441324] Initializing tracer.
[T 08:48:26 441324] Initialising tags...
[T 08:48:26 441324] ID set to 000000000006BBEC_0000000000000001 (parent 000000000006BBEA_0000000000000001)
[E 08:48:26 441324] CodeQL C/C++ Extractor 2.11.1
[E 08:48:26 441324] Current directory: /home/melissa/sven/experiments/sec_eval/sec-eval-350m-prefix/trained/cwe-125/0-c/sec_output
[E 08:48:26 441324] Command: /home/melissa/sven/codeql/cpp/tools/linux64/extractor --assembler --codeql-assembler-executable /usr/bin/as --64 -o 19.o /tmp/ccFy4860.s
[T 08:48:26 441322] Extractor /home/melissa/sven/codeql/cpp/tools/linux64/extractor terminated with exit code 0.
[T 08:48:26 441325] Attempting to switch stdout/stderr to 4...
[T 08:48:26 441325] Initializing tracer.
[T 08:48:26 441325] Initialising tags...
[T 08:48:26 441325] ID set to 000000000006BBED_0000000000000001 (parent 000000000006BBE5_0000000000000001)
[E 08:48:26 441325] CodeQL C/C++ Extractor 2.11.1
[E 08:48:26 441325] Current directory: /home/melissa/sven/experiments/sec_eval/sec-eval-350m-prefix/trained/cwe-125/0-c/sec_output
[E 08:48:26 441325] Command: /home/melissa/sven/codeql/cpp/tools/linux64/extractor --mimic /usr/bin/x86_64-linux-gnu-gcc-13 -c 19.c -o 19.o
[E 08:48:26 441325] Checking whether C compilation already happened.
[E 08:48:26 441325] Checking for tag c-compilation-happened
[E 08:48:26 441325] Checking CODEQL_TRACER_DB_ID 000000000006BBE5_0000000000000001
[E 08:48:26 441325] Locking DB /home/melissa/sven/scripts/mydb_350m/working/tags.db
[E 08:48:26 441325] Locked DB /home/melissa/sven/scripts/mydb_350m/working/tags.db
[E 08:48:26 441325] Unlocking DB
[E 08:48:26 441325] Unlocked DB
[E 08:48:26 441325] Exiting as C compilation already happened.
[T 08:48:26 441317] Extractor /home/melissa/sven/codeql/cpp/tools/linux64/extractor terminated with exit code 0.
[T 08:48:26 441326] Initializing tracer.
[T 08:48:26 441326] Initialising tags...
[T 08:48:26 441326] ID set to 000000000006BBEE_0000000000000001 (parent 000000000006BAE9_0000000000000003)
[T 08:48:26 441326] ==== Candidate to intercept: /usr/bin/gcc (canonical: /usr/bin/x86_64-linux-gnu-gcc-13) ====
[T 08:48:26 441326] Lua: === Intercepted call to /usr/bin/x86_64-linux-gnu-gcc-13 ===
[T 08:48:26 441326] Executing the following tracer actions:
[T 08:48:26 441326] Tracer actions:
[T 08:48:26 441326] pre_invocations(0)
[T 08:48:26 441326] post_invocations(1)
[T 08:48:26 441326] invocation: /home/melissa/sven/codeql/cpp/tools/linux64/extractor, args: [--mimic, /usr/bin/x86_64-linux-gnu-gcc-13, -c, 20.c, -o, 20.o]
[T 08:48:26 441326] trace_languages(1): [cpp]
[T 08:48:26 441328] Initializing tracer.
[T 08:48:26 441328] Initialising tags...
[T 08:48:26 441328] ID set to 000000000006BBF0_0000000000000001 (parent 000000000006BBEE_0000000000000001)
[T 08:48:26 441328] ==== Candidate to intercept: /usr/libexec/gcc/x86_64-linux-gnu/13/cc1 (canonical: /usr/libexec/gcc/x86_64-linux-gnu/13/cc1) ====
[T 08:48:26 441328] Lua: === Intercepted call to /usr/libexec/gcc/x86_64-linux-gnu/13/cc1 ===
[T 08:48:26 441328] Executing the following tracer actions:
[T 08:48:26 441328] Tracer actions:
[T 08:48:26 441328] pre_invocations(0)
[T 08:48:26 441328] post_invocations(1)
[T 08:48:26 441328] invocation: /home/melissa/sven/codeql/cpp/tools/linux64/extractor, args: [--mimic, /usr/libexec/gcc/x86_64-linux-gnu/13/cc1, -quiet, -imultiarch, x86_64-linux-gnu, 20.c, -quiet, -dumpbase, 20.c, -dumpbase-ext, .c, -mtune=generic, -march=x86-64, -fasynchronous-unwind-tables, -fstack-protector-strong, -Wformat, -Wformat-security, -fstack-clash-protection, -fcf-protection, -o, /tmp/cclOcrpN.s]
[T 08:48:26 441328] trace_languages(1): [cpp]
[T 08:48:26 441330] Attempting to switch stdout/stderr to 4...
[T 08:48:26 441330] Initializing tracer.
[T 08:48:26 441330] Initialising tags...
[T 08:48:26 441330] ID set to 000000000006BBF2_0000000000000001 (parent 000000000006BBF0_0000000000000001)
[E 08:48:26 441330] CodeQL C/C++ Extractor 2.11.1
[E 08:48:26 441330] Current directory: /home/melissa/sven/experiments/sec_eval/sec-eval-350m-prefix/trained/cwe-125/0-c/sec_output
[E 08:48:26 441330] Command: /home/melissa/sven/codeql/cpp/tools/linux64/extractor --mimic /usr/libexec/gcc/x86_64-linux-gnu/13/cc1 -quiet -imultiarch x86_64-linux-gnu 20.c -quiet -dumpbase 20.c -dumpbase-ext .c -mtune=generic -march=x86-64 -fasynchronous-unwind-tables -fstack-protector-strong -Wformat -Wformat-security -fstack-clash-protection -fcf-protection -o /tmp/cclOcrpN.s
[E 08:48:26 441330] Checking whether C compilation already happened.
[E 08:48:26 441330] Checking for tag c-compilation-happened
[E 08:48:26 441330] Checking CODEQL_TRACER_DB_ID 000000000006BBF0_0000000000000001
[E 08:48:26 441330] Locking DB /home/melissa/sven/scripts/mydb_350m/working/tags.db
[E 08:48:26 441330] Locked DB /home/melissa/sven/scripts/mydb_350m/working/tags.db
[E 08:48:26 441330] Unlocking DB
[E 08:48:26 441330] Unlocked DB
[E 08:48:26 441330] Looks like C compilation didn't already happen.
[E 08:48:26 441330] Checking whether C compilation has been attempted.
[E 08:48:26 441330] Checking for tag c-compilation-attempted
[E 08:48:26 441330] Checking CODEQL_TRACER_DB_ID 000000000006BBF0_0000000000000001
[E 08:48:26 441330] Locking DB /home/melissa/sven/scripts/mydb_350m/working/tags.db
[E 08:48:26 441330] Locked DB /home/melissa/sven/scripts/mydb_350m/working/tags.db
[E 08:48:26 441330] Unlocking DB
[E 08:48:26 441330] Unlocked DB
[E 08:48:26 441330] Marking C compilation as attempted.
[E 08:48:26 441330] Setting tag c-compilation-attempted
[E 08:48:26 441330] Starting from CODEQL_TRACER_DB_ID 000000000006BBF0_0000000000000001
[E 08:48:26 441330] Locking DB /home/melissa/sven/scripts/mydb_350m/working/tags.db
[E 08:48:26 441330] Locked DB /home/melissa/sven/scripts/mydb_350m/working/tags.db
[E 08:48:26 441330] Set tag for 000000000006BBF0_0000000000000001
[E 08:48:26 441330] Set tag for 000000000006BBEE_0000000000000001
[E 08:48:26 441330] Set tag for 000000000006BAE9_0000000000000003
[E 08:48:26 441330] Set tag for 000000000006BAE9_0000000000000002
[E 08:48:26 441330] Set tag for root
[E 08:48:26 441330] Unlocking DB
[E 08:48:26 441330] Unlocked DB
[E 08:48:26 441330] Processed command line: /home/melissa/sven/codeql/cpp/tools/linux64/extractor --trapfolder /home/melissa/sven/scripts/mydb_350m/trap/cpp --src_archive /home/melissa/sven/scripts/mydb_350m/src --mimic_config /home/melissa/sven/scripts/mydb_350m/working/compiler_mimic_cache/a75ad1f49a2f --object_filename /tmp/cclOcrpN.s -w --error_limit 1000 --disable_system_macros --variadic_macros --gcc --gnu_version 130300 --target linux_x86_64 '-D__DBL_MIN_EXP__=(-1021)' -D__UINT_LEAST16_MAX__=0xffff -D__FLT16_HAS_QUIET_NAN__=1 -D__ATOMIC_ACQUIRE=2 -D__FLT128_MAX_10_EXP__=4932 -D__FLT_MIN__=1.17549435082228750796873653722224568e-38F -D__GCC_IEC_559_COMPLEX=2 '-D__UINT_LEAST8_TYPE__=unsigned char' -D__SIZEOF_FLOAT80__=16 -D__BFLT16_DENORM_MIN__=9.18354961579912115600575419704879436e-41BF16 '-D__INTMAX_C(c)=c ## L' -D__CHAR_BIT__=8 -D__UINT8_MAX__=0xff -D__SCHAR_WIDTH__=8 -D__WINT_MAX__=0xffffffffU '-D__FLT32_MIN_EXP__=(-125)' '-D__BFLT16_NORM_MAX__=3.38953138925153547590470800371487867e+38BF16' '-D__BFLT16_MIN_10_EXP__=(-37)' -D__ORDER_LITTLE_ENDIAN__=1234 -D__WCHAR_MAX__=0x7fffffff -D__GCC_HAVE_SYNC_COMPARE_AND_SWAP_2=1 -D__GCC_HAVE_SYNC_COMPARE_AND_SWAP_4=1 -D__GCC_HAVE_SYNC_COMPARE_AND_SWAP_8=1 -D__GCC_ATOMIC_CHAR_LOCK_FREE=2 -D__GCC_IEC_559=2 -D__FLT32X_DECIMAL_DIG__=17 -D__FLT_EVAL_METHOD__=0 -D__FLT64_DECIMAL_DIG__=17 -D__CET__=3 -D__GCC_ATOMIC_CHAR32_T_LOCK_FREE=2 -D__UINT_FAST64_MAX__=0xffffffffffffffffUL -D__SIG_ATOMIC_TYPE__=int '-D__DBL_MIN_10_EXP__=(-307)' -D__FINITE_MATH_ONLY__=0 -D__FLT32X_MAX_EXP__=1024 -D__GCC_HAVE_SYNC_COMPARE_AND_SWAP_1=1 -D__FLT32_HAS_DENORM__=1 -D__UINT_FAST8_MAX__=0xff -D__FLT32_MAX_10_EXP__=38 -D__DEC64_MAX_EXP__=385 '-D__INT8_C(c)=c' -D__INT_LEAST8_WIDTH__=8 -D__UINT_LEAST64_MAX__=0xffffffffffffffffUL -D__SHRT_MAX__=0x7fff '-D__LDBL_MAX__=1.18973149535723176502126385303097021e+4932L' -D__FLT64X_MAX_10_EXP__=4932 -D__BFLT16_MAX_10_EXP__=38 -D__BFLT16_MAX_EXP__=128 -D__LDBL_IS_IEC_60559__=1 -D__FLT64X_HAS_QUIET_NAN__=1 -D__UINT_LEAST8_MAX__=0xff -D__GCC_ATOMIC_BOOL_LOCK_FREE=2 -D__FLT128_DENORM_MIN__=6.47517511943802511092443895822764655e-4966F128 '-D__UINTMAX_TYPE__=long unsigned int' -D__BFLT16_DECIMAL_DIG__=4 -D__linux=1 -D__DEC32_EPSILON__=1E-6DF -D__FLT_EVAL_METHOD_TS_18661_3__=0 -D__UINT32_MAX__=0xffffffffU '-D__DBL_DENORM_MIN__=((double)4.94065645841246544176568792868221372e-324L)' '-D__FLT128_MIN_EXP__=(-16381)' -D__WINT_MIN__=0U '-D__FLT128_MIN_10_EXP__=(-4931)' -D__FLT32X_IS_IEC_60559__=1 -D__INT_LEAST16_WIDTH__=16 -D__SCHAR_MAX__=0x7f -D__FLT128_MANT_DIG__=113 '-D__WCHAR_MIN__=(-__WCHAR_MAX__ - 1)' '-D__INT64_C(c)=c ## L' -D__SSP_STRONG__=3 -D__GCC_ATOMIC_POINTER_LOCK_FREE=2 -D__ATOMIC_SEQ_CST=5 -D__unix=1 -D__INT_LEAST64_MAX__=0x7fffffffffffffffL -D__FLT32X_MANT_DIG__=53 -D__FLT64X_EPSILON__=1.08420217248550443400745280086994171e-19F64x '-D__DEC64_MIN_EXP__=(-382)' -D__DBL_DIG__=15 -D__FLT_EPSILON__=1.19209289550781250000000000000000000e-7F -D__SHRT_WIDTH__=16 -D__FLT32_IS_IEC_60559__=1 -D__LDBL_MIN__=3.36210314311209350626267781732175260e-4932L -D__STDC_UTF_16__=1 -D__DBL_IS_IEC_60559__=1 -D__DEC32_MAX__=9.999999E96DF -D__FLT64X_DENORM_MIN__=3.64519953188247460252840593361941982e-4951F64x -D__FLT32X_HAS_INFINITY__=1 -D__unix__=1 -D__INT_WIDTH__=32 -D__STDC_IEC_559__=1 -D__STDC_ISO_10646__=201706L -D__DECIMAL_DIG__=21 -D__STDC_IEC_559_COMPLEX__=1 -D__FLT64_EPSILON__=2.22044604925031308084726333618164062e-16F64 -D__gnu_linux__=1 -D__FLT128_IS_IEC_60559__=1 '-D__FLT64X_MIN_10_EXP__=(-4931)' -D__LDBL_HAS_QUIET_NAN__=1 '-D__FLT16_MIN_EXP__=(-13)' -D__FLT64_MANT_DIG__=53 -D__FLT64X_MANT_DIG__=64 -D__BFLT16_DIG__=2 -D__pie__=2 -D__MMX__=1 -D__FLT_HAS_DENORM__=1 -D__SIZEOF_LONG_DOUBLE__=16 -D__BIGGEST_ALIGNMENT__=16 -D__FLT64_MAX_10_EXP__=308 -D__BFLT16_IS_IEC_60559__=0 -D__FLT16_MAX_10_EXP__=4 '-D__DBL_MAX__=((double)1.79769313486231570814527423731704357e+308L)' -D__INT_FAST32_MAX__=0x7fffffffffffffffL -D__DBL_HAS_INFINITY__=1 -D__INT64_MAX__=0x7fffffffffffffffL -D__SIZEOF_FLOAT__=4 -D__HAVE_SPECULATION_SAFE_VALUE=1 '-D__DEC32_MIN_EXP__=(-94)' -D__INTPTR_WIDTH__=64 -D__UINT_LEAST32_MAX__=0xffffffffU -D__FLT32X_HAS_DENORM__=1 '-D__INT_FAST16_TYPE__=long int' -D__MMX_WITH_SSE__=1 -D__LDBL_HAS_DENORM__=1 -D__SEG_GS=1 -D__BFLT16_EPSILON__=7.81250000000000000000000000000000000e-3BF16 -D__FLT128_HAS_INFINITY__=1 -D__DEC32_MIN__=1E-95DF -D__DBL_MAX_EXP__=1024 -D__WCHAR_WIDTH__=32 '-D__FLT32_MAX__=3.40282346638528859811704183484516925e+38F32' -D__DEC128_EPSILON__=1E-33DL -D__FLT16_DECIMAL_DIG__=5 -D__SSE2_MATH__=1 -D__ATOMIC_HLE_RELEASE=131072 -D__PTRDIFF_MAX__=0x7fffffffffffffffL -D__amd64=1 -D__ATOMIC_HLE_ACQUIRE=65536 -D__LONG_LONG_MAX__=0x7fffffffffffffffLL -D__SIZEOF_SIZE_T__=8 -D__BFLT16_HAS_INFINITY__=1 '-D__FLT64X_MIN_EXP__=(-16381)' -D__SIZEOF_WINT_T__=4 -D__LONG_LONG_WIDTH__=64 -D__FLT32_MAX_EXP__=128 -D__GXX_ABI_VERSION=1018 '-D__FLT_MIN_EXP__=(-125)' -D__GCC_HAVE_DWARF2_CFI_ASM=1 -D__INT16_MAX__=0x7fff -D__x86_64=1 '-D__INT_FAST64_TYPE__=long int' '-D__BFLT16_MAX__=3.38953138925153547590470800371487867e+38BF16' -D__BFLT16_HAS_DENORM__=1 -D__FLT64_DENORM_MIN__=4.94065645841246544176568792868221372e-324F64 -D__FLT16_DENORM_MIN__=5.96046447753906250000000000000000000e-8F16 -D__FLT128_EPSILON__=1.92592994438723585305597794258492732e-34F128 '-D__FLT64X_NORM_MAX__=1.18973149535723176502126385303097021e+4932F64x' -D__SIZEOF_POINTER__=8 '-D__SIZE_TYPE__=long unsigned int' -D__LP64__=1 -D__DBL_HAS_QUIET_NAN__=1 -D__FLT32X_EPSILON__=2.22044604925031308084726333618164062e-16F32x -D__LDBL_MAX_EXP__=16384 -D__DECIMAL_BID_FORMAT__=1 '-D__FLT64_MIN_EXP__=(-1021)' '-D__FLT64_MIN_10_EXP__=(-307)' '-D__FLT16_MIN_10_EXP__=(-4)' -D__FLT64X_DECIMAL_DIG__=21 -D__DEC128_MIN__=1E-6143DL -D__REGISTER_PREFIX__= -D__UINT16_MAX__=0xffff -D__DBL_HAS_DENORM__=1 -D__FLT32_MIN__=1.17549435082228750796873653722224568e-38F32 '-D__UINT8_TYPE__=unsigned char' -D__FLT_DIG__=6 -D__NO_INLINE__=1 -D__DEC_EVAL_METHOD__=2 -D__FLT_MANT_DIG__=24 -D__LDBL_DECIMAL_DIG__=21 '-D__UINT64_C(c)=c ## UL' -D_STDC_PREDEF_H=1 -D__INT_LEAST32_MAX__=0x7fffffff -D__GCC_ATOMIC_INT_LOCK_FREE=2 -D__FLT128_MAX_EXP__=16384 -D__FLT32_MANT_DIG__=24 -D__FLOAT_WORD_ORDER__=__ORDER_LITTLE_ENDIAN__ '-D__FLT32X_MIN_EXP__=(-1021)' -D__STDC_IEC_60559_COMPLEX__=201404L -D__BFLT16_MIN__=1.17549435082228750796873653722224568e-38BF16 -D__FLT128_HAS_DENORM__=1 -D__FLT32_DECIMAL_DIG__=9 -D__FLT128_DIG__=33 '-D__INT32_C(c)=c' -D__DEC64_EPSILON__=1E-15DD -D__ORDER_PDP_ENDIAN__=3412 '-D__DEC128_MIN_EXP__=(-6142)' -D__DEC128_MAX__=9.999999999999999999999999999999999E6144DL '-D__INT_FAST32_TYPE__=long int' '-D__UINT_LEAST16_TYPE__=short unsigned int' -D__DEC128_MAX_EXP__=6145 -Dunix=1 -D__UINT64_MAX__=0xffffffffffffffffUL -D__FLT_IS_IEC_60559__=1 '-D__GNUC_WIDE_EXECUTION_CHARSET_NAME="UTF-32LE"' -D__FLT64X_DIG__=18 '-D__INT8_TYPE__=signed char' -D__ELF__=1 -D__GCC_ASM_FLAG_OUTPUTS__=1 '-D__UINT32_TYPE__=unsigned int' -D__BFLT16_HAS_QUIET_NAN__=1 -D__FLT_RADIX__=2 '-D__INT_LEAST16_TYPE__=short int' -D__LDBL_EPSILON__=1.08420217248550443400745280086994171e-19L '-D__UINTMAX_C(c)=c ## UL' -D__FLT16_DIG__=3 -D__SSE_MATH__=1 -D__k8=1 -D__FLT32X_MIN__=2.22507385850720138309023271733240406e-308F32x -D__SIG_ATOMIC_MAX__=0x7fffffff -D__GCC_ATOMIC_WCHAR_T_LOCK_FREE=2 -D__USER_LABEL_PREFIX__= -D__STDC_IEC_60559_BFP__=201404L -D__SIZEOF_PTRDIFF_T__=8 -D__FLT64X_HAS_INFINITY__=1 -D__FLT32_HAS_INFINITY__=1 -D__SIZEOF_LONG__=8 -D__LDBL_DIG__=18 -D__FLT64_IS_IEC_60559__=1 -D__x86_64__=1 -D__FLT16_IS_IEC_60559__=1 -D__FLT16_MAX_EXP__=16 -D__DEC32_SUBNORMAL_MIN__=0.000001E-95DF -D__INT_FAST16_MAX__=0x7fffffffffffffffL -D__GCC_CONSTRUCTIVE_SIZE=64 -D__FLT64_DIG__=15 -D__UINT_FAST32_MAX__=0xffffffffffffffffUL '-D__UINT_LEAST64_TYPE__=long unsigned int' -D__FLT16_EPSILON__=9.76562500000000000000000000000000000e-4F16 -D__FLT_HAS_QUIET_NAN__=1 -D__FLT_MAX_10_EXP__=38 -D__LONG_MAX__=0x7fffffffffffffffL -D__FLT64X_HAS_DENORM__=1 -D__DEC128_SUBNORMAL_MIN__=0.000000000000000000000000000000001E-6143DL -D__FLT_HAS_INFINITY__=1 '-D__GNUC_EXECUTION_CHARSET_NAME="UTF-8"' '-D__UINT_FAST16_TYPE__=long unsigned int' -D__DEC64_MAX__=9.999999999999999E384DD -D__INT_FAST32_WIDTH__=64 -D__PRAGMA_REDEFINE_EXTNAME=1 -D__SIZE_WIDTH__=64 -D__SEG_FS=1 -D__INT_LEAST16_MAX__=0x7fff '-D__FLT16_NORM_MAX__=6.55040000000000000000000000000000000e+4F16' -D__DEC64_MANT_DIG__=16 -D__FLT32_DENORM_MIN__=1.40129846432481707092372958328991613e-45F32 -D__SIG_ATOMIC_WIDTH__=32 '-D__INT_LEAST64_TYPE__=long int' '-D__INT16_TYPE__=short int' '-D__INT_LEAST8_TYPE__=signed char' '-D__FLT16_MAX__=6.55040000000000000000000000000000000e+4F16' -D__FLT128_MIN__=3.36210314311209350626267781732175260e-4932F128 -D__SIZEOF_INT__=4 -D__DEC32_MAX_EXP__=97 -D__INT_FAST8_MAX__=0x7f '-D__FLT128_MAX__=1.18973149535723176508575932662800702e+4932F128' -D__INTPTR_MAX__=0x7fffffffffffffffL -Dlinux=1 -D__FLT64_HAS_QUIET_NAN__=1 '-D__FLT32_MIN_10_EXP__=(-37)' -D__FLT32X_DIG__=15 '-D__UINT16_C(c)=c' -D__PTRDIFF_WIDTH__=64 -D__LDBL_MANT_DIG__=64 -D__INT_FAST16_WIDTH__=64 -D__FLT64_HAS_INFINITY__=1 '-D__FLT64X_MAX__=1.18973149535723176502126385303097021e+4932F64x' -D__FLT16_HAS_INFINITY__=1 '-D__SIG_ATOMIC_MIN__=(-__SIG_ATOMIC_MAX__ - 1)' -D__code_model_small__=1 -D__GCC_ATOMIC_LONG_LOCK_FREE=2 -D__DEC32_MANT_DIG__=7 -D__FLT16_MANT_DIG__=11 -D__k8__=1 '-D__INTPTR_TYPE__=long int' '-D__UINT16_TYPE__=short unsigned int' -D__WCHAR_TYPE__=int -D__pic__=2 -D__UINTPTR_MAX__=0xffffffffffffffffUL -D__INT_FAST64_WIDTH__=64 -D__LDBL_HAS_INFINITY__=1 -D__INT_FAST64_MAX__=0x7fffffffffffffffL -D__GCC_ATOMIC_TEST_AND_SET_TRUEVAL=1 '-D__FLT_NORM_MAX__=3.40282346638528859811704183484516925e+38F' -D__FLT64X_MAX_EXP__=16384 '-D__UINT_FAST64_TYPE__=long unsigned int' '-D__BFLT16_MIN_EXP__=(-125)' -D__INT_MAX__=0x7fffffff -D__linux__=1 '-D__INT64_TYPE__=long int' -D__FLT_MAX_EXP__=128 -D__ORDER_BIG_ENDIAN__=4321 -D__DBL_MANT_DIG__=53 -D__SIZEOF_FLOAT128__=16 -D__BFLT16_MANT_DIG__=8 -D__GCC_ATOMIC_CHAR16_T_LOCK_FREE=2 -D__DEC64_MIN__=1E-383DD '-D__WINT_TYPE__=unsigned int' '-D__UINT_LEAST32_TYPE__=unsigned int' -D__SIZEOF_SHORT__=2 '-D__FLT32_NORM_MAX__=3.40282346638528859811704183484516925e+38F32' -D__SSE__=1 '-D__LDBL_MIN_EXP__=(-16381)' '-D__FLT64_MAX__=1.79769313486231570814527423731704357e+308F64' -D__amd64__=1 -D__WINT_WIDTH__=32 -D__INT_LEAST8_MAX__=0x7f -D__INT_LEAST64_WIDTH__=64 -D__FLT32X_MAX_10_EXP__=308 -D__SIZEOF_INT128__=16 -D__FLT16_MIN__=6.10351562500000000000000000000000000e-5F16 -D__FLT64X_IS_IEC_60559__=1 -D__LDBL_MAX_10_EXP__=4932 -D__ATOMIC_RELAXED=0 '-D__DBL_EPSILON__=((double)2.22044604925031308084726333618164062e-16L)' -D__INT_LEAST32_TYPE__=int -D_LP64=1 '-D__UINT8_C(c)=c' -D__FLT64_MAX_EXP__=1024 -D__SIZEOF_WCHAR_T__=4 '-D__UINT64_TYPE__=long unsigned int' '-D__FLT128_NORM_MAX__=1.18973149535723176508575932662800702e+4932F128' '-D__FLT64_NORM_MAX__=1.79769313486231570814527423731704357e+308F64' -D__FLT128_HAS_QUIET_NAN__=1 -D__INTMAX_MAX__=0x7fffffffffffffffL '-D__INT_FAST8_TYPE__=signed char' -D__FLT64X_MIN__=3.36210314311209350626267781732175260e-4932F64x -D__FLT64_HAS_DENORM__=1 -D__FLT32_EPSILON__=1.19209289550781250000000000000000000e-7F32 -D__FLT16_HAS_DENORM__=1 -D__DBL_DECIMAL_DIG__=17 -D__STDC_UTF_32__=1 -D__INT_FAST8_WIDTH__=8 -D__FXSR__=1 '-D__FLT32X_MAX__=1.79769313486231570814527423731704357e+308F32x' '-D__DBL_NORM_MAX__=((double)1.79769313486231570814527423731704357e+308L)' -D__BYTE_ORDER__=__ORDER_LITTLE_ENDIAN__ -D__GCC_DESTRUCTIVE_SIZE=64 -D__INTMAX_WIDTH__=64 -D__FLT32_DIG__=6 '-D__UINT32_C(c)=c ## U' -D__FLT_DENORM_MIN__=1.40129846432481707092372958328991613e-45F -D__INT8_MAX__=0x7f -D__LONG_WIDTH__=64 '-D__DBL_MIN__=((double)2.22507385850720138309023271733240406e-308L)' -D__PIC__=2 -D__INT32_MAX__=0x7fffffff '-D__UINT_FAST32_TYPE__=long unsigned int' '-D__FLT32X_NORM_MAX__=1.79769313486231570814527423731704357e+308F32x' '-D__FLT_MAX__=3.40282346638528859811704183484516925e+38F' -D__SSE2__=1 -D__INT32_TYPE__=int -D__SIZEOF_DOUBLE__=8 '-D__FLT_MIN_10_EXP__=(-37)' -D__FLT64_MIN__=2.22507385850720138309023271733240406e-308F64 -D__INT_LEAST32_WIDTH__=32 '-D__INTMAX_TYPE__=long int' -D__FLT32X_HAS_QUIET_NAN__=1 -D__ATOMIC_CONSUME=1 -D__UINTMAX_MAX__=0xffffffffffffffffUL -D__PIE__=2 -D__FLT32X_DENORM_MIN__=4.94065645841246544176568792868221372e-324F32x -D__DBL_MAX_10_EXP__=308 -D__LDBL_DENORM_MIN__=3.64519953188247460252840593361941982e-4951L '-D__INT16_C(c)=c' '-D__PTRDIFF_TYPE__=long int' '-D__FLT32X_MIN_10_EXP__=(-307)' '-D__UINTPTR_TYPE__=long unsigned int' -D__DEC64_SUBNORMAL_MIN__=0.000000000000001E-383DD -D__DEC128_MANT_DIG__=34 '-D__LDBL_MIN_10_EXP__=(-4931)' -D__SIZEOF_LONG_LONG__=8 -D__FLT128_DECIMAL_DIG__=36 -D__GCC_ATOMIC_LLONG_LOCK_FREE=2 -D__FLT32_HAS_QUIET_NAN__=1 -D__FLT_DECIMAL_DIG__=9 -D__UINT_FAST16_MAX__=0xffffffffffffffffUL '-D__LDBL_NORM_MAX__=1.18973149535723176502126385303097021e+4932L' -D__GCC_ATOMIC_SHORT_LOCK_FREE=2 -D__SIZE_MAX__=0xffffffffffffffffUL '-D__UINT_FAST8_TYPE__=unsigned char' -D__ATOMIC_ACQ_REL=4 -D__ATOMIC_RELEASE=3 -I/usr/lib/gcc/x86_64-linux-gnu/13/include -I/usr/local/include -I/usr/include/x86_64-linux-gnu -I/usr/include -- 20.c
[E 08:48:26 441330] Starting compilation TRAP /home/melissa/sven/scripts/mydb_350m/trap/cpp/compilations/58/17315515_0.trap.br
[E 08:48:26 441330] Archiving /home/melissa/sven/scripts/mydb_350m/src/home/melissa/sven/experiments/sec_eval/sec-eval-350m-prefix/trained/cwe-125/0-c/sec_output/20.c
[E 08:48:26 441330] Already archived /home/melissa/sven/scripts/mydb_350m/src/usr/include/stdio.h
[E 08:48:26 441330] Already archived /home/melissa/sven/scripts/mydb_350m/src/usr/include/x86_64-linux-gnu/bits/libc-header-start.h
[E 08:48:26 441330] Already archived /home/melissa/sven/scripts/mydb_350m/src/usr/include/features.h
[E 08:48:26 441330] Already archived /home/melissa/sven/scripts/mydb_350m/src/usr/include/features-time64.h
[E 08:48:26 441330] Already archived /home/melissa/sven/scripts/mydb_350m/src/usr/include/x86_64-linux-gnu/bits/wordsize.h
[E 08:48:26 441330] Already archived /home/melissa/sven/scripts/mydb_350m/src/usr/include/x86_64-linux-gnu/bits/timesize.h
[E 08:48:26 441330] Already archived /home/melissa/sven/scripts/mydb_350m/src/usr/include/x86_64-linux-gnu/bits/wordsize.h
[E 08:48:26 441330] Already archived /home/melissa/sven/scripts/mydb_350m/src/usr/include/stdc-predef.h
[E 08:48:26 441330] Already archived /home/melissa/sven/scripts/mydb_350m/src/usr/include/x86_64-linux-gnu/sys/cdefs.h
[E 08:48:26 441330] Already archived /home/melissa/sven/scripts/mydb_350m/src/usr/include/x86_64-linux-gnu/bits/wordsize.h
[E 08:48:26 441330] Already archived /home/melissa/sven/scripts/mydb_350m/src/usr/include/x86_64-linux-gnu/bits/long-double.h
[E 08:48:26 441330] Already archived /home/melissa/sven/scripts/mydb_350m/src/usr/include/x86_64-linux-gnu/gnu/stubs.h
[E 08:48:26 441330] Already archived /home/melissa/sven/scripts/mydb_350m/src/usr/include/x86_64-linux-gnu/gnu/stubs-64.h
[E 08:48:26 441330] Already archived /home/melissa/sven/scripts/mydb_350m/src/usr/lib/gcc/x86_64-linux-gnu/13/include/stddef.h
[E 08:48:26 441330] Already archived /home/melissa/sven/scripts/mydb_350m/src/usr/lib/gcc/x86_64-linux-gnu/13/include/stdarg.h
[E 08:48:26 441330] Already archived /home/melissa/sven/scripts/mydb_350m/src/usr/include/x86_64-linux-gnu/bits/types.h
[E 08:48:26 441330] Already archived /home/melissa/sven/scripts/mydb_350m/src/usr/include/x86_64-linux-gnu/bits/wordsize.h
[E 08:48:26 441330] Already archived /home/melissa/sven/scripts/mydb_350m/src/usr/include/x86_64-linux-gnu/bits/timesize.h
[E 08:48:26 441330] Already archived /home/melissa/sven/scripts/mydb_350m/src/usr/include/x86_64-linux-gnu/bits/wordsize.h
[E 08:48:26 441330] Already archived /home/melissa/sven/scripts/mydb_350m/src/usr/include/x86_64-linux-gnu/bits/typesizes.h
[E 08:48:26 441330] Already archived /home/melissa/sven/scripts/mydb_350m/src/usr/include/x86_64-linux-gnu/bits/time64.h
[E 08:48:26 441330] Already archived /home/melissa/sven/scripts/mydb_350m/src/usr/include/x86_64-linux-gnu/bits/types/__fpos_t.h
[E 08:48:26 441330] Already archived /home/melissa/sven/scripts/mydb_350m/src/usr/include/x86_64-linux-gnu/bits/types/__mbstate_t.h
[E 08:48:26 441330] Already archived /home/melissa/sven/scripts/mydb_350m/src/usr/include/x86_64-linux-gnu/bits/types/__fpos64_t.h
[E 08:48:26 441330] Already archived /home/melissa/sven/scripts/mydb_350m/src/usr/include/x86_64-linux-gnu/bits/types/__FILE.h
[E 08:48:26 441330] Already archived /home/melissa/sven/scripts/mydb_350m/src/usr/include/x86_64-linux-gnu/bits/types/FILE.h
[E 08:48:26 441330] Already archived /home/melissa/sven/scripts/mydb_350m/src/usr/include/x86_64-linux-gnu/bits/types/struct_FILE.h
[E 08:48:26 441330] Already archived /home/melissa/sven/scripts/mydb_350m/src/usr/include/x86_64-linux-gnu/bits/types/cookie_io_functions_t.h
[E 08:48:26 441330] Already archived /home/melissa/sven/scripts/mydb_350m/src/usr/include/x86_64-linux-gnu/bits/stdio_lim.h
[E 08:48:26 441330] Already archived /home/melissa/sven/scripts/mydb_350m/src/usr/include/x86_64-linux-gnu/bits/floatn.h
[E 08:48:26 441330] Already archived /home/melissa/sven/scripts/mydb_350m/src/usr/include/x86_64-linux-gnu/bits/floatn-common.h
[E 08:48:26 441330] Already archived /home/melissa/sven/scripts/mydb_350m/src/usr/include/x86_64-linux-gnu/bits/long-double.h
[E 08:48:26 441330] Already archived /home/melissa/sven/scripts/mydb_350m/src/usr/include/stdlib.h
[E 08:48:26 441330] Already archived /home/melissa/sven/scripts/mydb_350m/src/usr/include/x86_64-linux-gnu/bits/libc-header-start.h
[E 08:48:26 441330] Already archived /home/melissa/sven/scripts/mydb_350m/src/usr/lib/gcc/x86_64-linux-gnu/13/include/stddef.h
[E 08:48:26 441330] Already archived /home/melissa/sven/scripts/mydb_350m/src/usr/include/x86_64-linux-gnu/bits/waitflags.h
[E 08:48:26 441330] Already archived /home/melissa/sven/scripts/mydb_350m/src/usr/include/x86_64-linux-gnu/bits/waitstatus.h
[E 08:48:26 441330] Already archived /home/melissa/sven/scripts/mydb_350m/src/usr/include/x86_64-linux-gnu/sys/types.h
[E 08:48:26 441330] Already archived /home/melissa/sven/scripts/mydb_350m/src/usr/include/x86_64-linux-gnu/bits/types/clock_t.h
[E 08:48:26 441330] Already archived /home/melissa/sven/scripts/mydb_350m/src/usr/include/x86_64-linux-gnu/bits/types/clockid_t.h
[E 08:48:26 441330] Already archived /home/melissa/sven/scripts/mydb_350m/src/usr/include/x86_64-linux-gnu/bits/types/time_t.h
[E 08:48:26 441330] Already archived /home/melissa/sven/scripts/mydb_350m/src/usr/include/x86_64-linux-gnu/bits/types/timer_t.h
[E 08:48:26 441330] Already archived /home/melissa/sven/scripts/mydb_350m/src/usr/lib/gcc/x86_64-linux-gnu/13/include/stddef.h
[E 08:48:26 441330] Already archived /home/melissa/sven/scripts/mydb_350m/src/usr/include/x86_64-linux-gnu/bits/stdint-intn.h
[E 08:48:26 441330] Already archived /home/melissa/sven/scripts/mydb_350m/src/usr/include/endian.h
[E 08:48:26 441330] Already archived /home/melissa/sven/scripts/mydb_350m/src/usr/include/x86_64-linux-gnu/bits/endian.h
[E 08:48:26 441330] Already archived /home/melissa/sven/scripts/mydb_350m/src/usr/include/x86_64-linux-gnu/bits/endianness.h
[E 08:48:26 441330] Already archived /home/melissa/sven/scripts/mydb_350m/src/usr/include/x86_64-linux-gnu/bits/byteswap.h
[E 08:48:26 441330] Already archived /home/melissa/sven/scripts/mydb_350m/src/usr/include/x86_64-linux-gnu/bits/uintn-identity.h
[E 08:48:26 441330] Already archived /home/melissa/sven/scripts/mydb_350m/src/usr/include/x86_64-linux-gnu/sys/select.h
[E 08:48:26 441330] Already archived /home/melissa/sven/scripts/mydb_350m/src/usr/include/x86_64-linux-gnu/bits/select.h
[E 08:48:26 441330] Already archived /home/melissa/sven/scripts/mydb_350m/src/usr/include/x86_64-linux-gnu/bits/types/sigset_t.h
[E 08:48:26 441330] Already archived /home/melissa/sven/scripts/mydb_350m/src/usr/include/x86_64-linux-gnu/bits/types/__sigset_t.h
[E 08:48:26 441330] Already archived /home/melissa/sven/scripts/mydb_350m/src/usr/include/x86_64-linux-gnu/bits/types/struct_timeval.h
[E 08:48:26 441330] Already archived /home/melissa/sven/scripts/mydb_350m/src/usr/include/x86_64-linux-gnu/bits/types/struct_timespec.h
[E 08:48:26 441330] Already archived /home/melissa/sven/scripts/mydb_350m/src/usr/include/x86_64-linux-gnu/bits/pthreadtypes.h
[E 08:48:26 441330] Already archived /home/melissa/sven/scripts/mydb_350m/src/usr/include/x86_64-linux-gnu/bits/thread-shared-types.h
[E 08:48:26 441330] Already archived /home/melissa/sven/scripts/mydb_350m/src/usr/include/x86_64-linux-gnu/bits/pthreadtypes-arch.h
[E 08:48:26 441330] Already archived /home/melissa/sven/scripts/mydb_350m/src/usr/include/x86_64-linux-gnu/bits/wordsize.h
[E 08:48:26 441330] Already archived /home/melissa/sven/scripts/mydb_350m/src/usr/include/x86_64-linux-gnu/bits/atomic_wide_counter.h
[E 08:48:26 441330] Already archived /home/melissa/sven/scripts/mydb_350m/src/usr/include/x86_64-linux-gnu/bits/struct_mutex.h
[E 08:48:26 441330] Already archived /home/melissa/sven/scripts/mydb_350m/src/usr/include/x86_64-linux-gnu/bits/struct_rwlock.h
[E 08:48:26 441330] Already archived /home/melissa/sven/scripts/mydb_350m/src/usr/include/alloca.h
[E 08:48:26 441330] Already archived /home/melissa/sven/scripts/mydb_350m/src/usr/lib/gcc/x86_64-linux-gnu/13/include/stddef.h
[E 08:48:26 441330] Already archived /home/melissa/sven/scripts/mydb_350m/src/usr/include/x86_64-linux-gnu/bits/stdlib-float.h
[E 08:48:26 441330] Creating trap tarball /home/melissa/sven/scripts/mydb_350m/trap/cpp/tarballs/home/melissa/sven/experiments/sec_eval/sec-eval-350m-prefix/trained/cwe-125/0-c/sec_output/20.c.9ae6a742_0.trap.tar.br
[E 08:48:26 441330] Emitting trap files for 20.c
[E 08:48:26 441330] Opening existencedb in /home/melissa/sven/scripts/mydb_350m/working/existencedb/db
[E 08:48:26 441330] Warning[extractor-c++]: In index_attribute_arg: Unknown kind 5.
[E 08:48:26 441330] Warning[extractor-c++]: In index_attribute_arg: Unknown kind 5.
[E 08:48:26 441330] Warning[extractor-c++]: In index_attribute_arg: Unknown kind 5.
[E 08:48:26 441330] Warning[extractor-c++]: In index_attribute_arg: Unknown kind 5.
[E 08:48:26 441330] Warning[extractor-c++]: In index_attribute_arg: Unknown kind 5.
[E 08:48:26 441330] Warning[extractor-c++]: In index_attribute_arg: Unknown kind 5.
[E 08:48:26 441330] Warning[extractor-c++]: In index_attribute_arg: Unknown kind 5.
[E 08:48:26 441330] Warning[extractor-c++]: In index_attribute_arg: Unknown kind 5.
[E 08:48:26 441330] Warning[extractor-c++]: In index_attribute_arg: Unknown kind 5.
[E 08:48:26 441330] Warning[extractor-c++]: In index_attribute_arg: Unknown kind 5.
[E 08:48:26 441330] Wrote 1 files to /home/melissa/sven/scripts/mydb_350m/trap/cpp/tarballs/home/melissa/sven/experiments/sec_eval/sec-eval-350m-prefix/trained/cwe-125/0-c/sec_output/20.c.9ae6a742_0.trap.tar.br
[E 08:48:26 441330] Finished compilation TRAP /home/melissa/sven/scripts/mydb_350m/trap/cpp/compilations/58/17315515_0.trap.br
[E 08:48:26 441330] Marking C compilation as happened.
[E 08:48:26 441330] Setting tag c-compilation-happened
[E 08:48:26 441330] Starting from CODEQL_TRACER_DB_ID 000000000006BBF0_0000000000000001
[E 08:48:26 441330] Locking DB /home/melissa/sven/scripts/mydb_350m/working/tags.db
[E 08:48:26 441330] Locked DB /home/melissa/sven/scripts/mydb_350m/working/tags.db
[E 08:48:26 441330] Set tag for 000000000006BBF0_0000000000000001
[E 08:48:26 441330] Set tag for 000000000006BBEE_0000000000000001
[E 08:48:26 441330] Set tag for 000000000006BAE9_0000000000000003
[E 08:48:26 441330] Set tag for 000000000006BAE9_0000000000000002
[E 08:48:26 441330] Set tag for root
[E 08:48:26 441330] Unlocking DB
[E 08:48:26 441330] Unlocked DB
[T 08:48:26 441328] Extractor /home/melissa/sven/codeql/cpp/tools/linux64/extractor terminated with exit code 0.
[T 08:48:26 441331] Initializing tracer.
[T 08:48:26 441331] Initialising tags...
[T 08:48:26 441331] ID set to 000000000006BBF3_0000000000000001 (parent 000000000006BBEE_0000000000000001)
[T 08:48:26 441331] ==== Candidate to intercept: as (canonical: as) ====
[T 08:48:26 441331] Will try to resolve as in path /home/melissa/sonar-scanner/bin:/home/melissa/anaconda3/envs/sven-env/bin:/home/melissa/miniconda3/condabin:/home/melissa/.vscode-server/cli/servers/Stable-c306e94f98122556ca081f527b466015e1bc37b0/server/bin/remote-cli:/usr/local/sbin:/usr/local/bin:/usr/sbin:/usr/bin:/sbin:/bin:/usr/games:/usr/local/games:/snap/bin:/home/melissa/.vscode-server/extensions/ms-python.debugpy-2025.14.1-linux-x64/bundled/scripts/noConfigScripts:/home/melissa/.vscode-server/data/User/globalStorage/github.copilot-chat/debugCommand:/home/melissa/codeql.
[T 08:48:26 441331]  -> path lookup for as as /home/melissa/sonar-scanner/bin/as...
[T 08:48:26 441331]  -> path lookup for as as /home/melissa/anaconda3/envs/sven-env/bin/as...
[T 08:48:26 441331]  -> path lookup for as as /home/melissa/miniconda3/condabin/as...
[T 08:48:26 441331]  -> path lookup for as as /home/melissa/.vscode-server/cli/servers/Stable-c306e94f98122556ca081f527b466015e1bc37b0/server/bin/remote-cli/as...
[T 08:48:26 441331]  -> path lookup for as as /usr/local/sbin/as...
[T 08:48:26 441331]  -> path lookup for as as /usr/local/bin/as...
[T 08:48:26 441331]  -> path lookup for as as /usr/sbin/as...
[T 08:48:26 441331]  -> path lookup for as as /usr/bin/as...
[T 08:48:26 441331] Resolved barename as to /usr/bin/as
[T 08:48:26 441331] Lua: === Intercepted call to /usr/bin/as ===
[T 08:48:26 441331] Executing the following tracer actions:
[T 08:48:26 441331] Tracer actions:
[T 08:48:26 441331] pre_invocations(0)
[T 08:48:26 441331] post_invocations(1)
[T 08:48:26 441331] invocation: /home/melissa/sven/codeql/cpp/tools/linux64/extractor, args: [--assembler, --codeql-assembler-executable, /usr/bin/as, --64, -o, 20.o, /tmp/cclOcrpN.s]
[T 08:48:26 441331] trace_languages(1): [cpp]
[T 08:48:26 441333] Attempting to switch stdout/stderr to 4...
[T 08:48:26 441333] Initializing tracer.
[T 08:48:26 441333] Initialising tags...
[T 08:48:26 441333] ID set to 000000000006BBF5_0000000000000001 (parent 000000000006BBF3_0000000000000001)
[E 08:48:26 441333] CodeQL C/C++ Extractor 2.11.1
[E 08:48:26 441333] Current directory: /home/melissa/sven/experiments/sec_eval/sec-eval-350m-prefix/trained/cwe-125/0-c/sec_output
[E 08:48:26 441333] Command: /home/melissa/sven/codeql/cpp/tools/linux64/extractor --assembler --codeql-assembler-executable /usr/bin/as --64 -o 20.o /tmp/cclOcrpN.s
[T 08:48:26 441331] Extractor /home/melissa/sven/codeql/cpp/tools/linux64/extractor terminated with exit code 0.
[T 08:48:26 441334] Attempting to switch stdout/stderr to 4...
[T 08:48:26 441334] Initializing tracer.
[T 08:48:26 441334] Initialising tags...
[T 08:48:26 441334] ID set to 000000000006BBF6_0000000000000001 (parent 000000000006BBEE_0000000000000001)
[E 08:48:26 441334] CodeQL C/C++ Extractor 2.11.1
[E 08:48:26 441334] Current directory: /home/melissa/sven/experiments/sec_eval/sec-eval-350m-prefix/trained/cwe-125/0-c/sec_output
[E 08:48:26 441334] Command: /home/melissa/sven/codeql/cpp/tools/linux64/extractor --mimic /usr/bin/x86_64-linux-gnu-gcc-13 -c 20.c -o 20.o
[E 08:48:26 441334] Checking whether C compilation already happened.
[E 08:48:26 441334] Checking for tag c-compilation-happened
[E 08:48:26 441334] Checking CODEQL_TRACER_DB_ID 000000000006BBEE_0000000000000001
[E 08:48:26 441334] Locking DB /home/melissa/sven/scripts/mydb_350m/working/tags.db
[E 08:48:26 441334] Locked DB /home/melissa/sven/scripts/mydb_350m/working/tags.db
[E 08:48:26 441334] Unlocking DB
[E 08:48:26 441334] Unlocked DB
[E 08:48:26 441334] Exiting as C compilation already happened.
[T 08:48:26 441326] Extractor /home/melissa/sven/codeql/cpp/tools/linux64/extractor terminated with exit code 0.
[T 08:48:26 441335] Initializing tracer.
[T 08:48:26 441335] Initialising tags...
[T 08:48:26 441335] ID set to 000000000006BBF7_0000000000000001 (parent 000000000006BAE9_0000000000000003)
[T 08:48:26 441335] ==== Candidate to intercept: /usr/bin/gcc (canonical: /usr/bin/x86_64-linux-gnu-gcc-13) ====
[T 08:48:26 441335] Lua: === Intercepted call to /usr/bin/x86_64-linux-gnu-gcc-13 ===
[T 08:48:26 441335] Executing the following tracer actions:
[T 08:48:26 441335] Tracer actions:
[T 08:48:26 441335] pre_invocations(0)
[T 08:48:26 441335] post_invocations(1)
[T 08:48:26 441335] invocation: /home/melissa/sven/codeql/cpp/tools/linux64/extractor, args: [--mimic, /usr/bin/x86_64-linux-gnu-gcc-13, -c, 21.c, -o, 21.o]
[T 08:48:26 441335] trace_languages(1): [cpp]
[T 08:48:26 441337] Initializing tracer.
[T 08:48:26 441337] Initialising tags...
[T 08:48:26 441337] ID set to 000000000006BBF9_0000000000000001 (parent 000000000006BBF7_0000000000000001)
[T 08:48:26 441337] ==== Candidate to intercept: /usr/libexec/gcc/x86_64-linux-gnu/13/cc1 (canonical: /usr/libexec/gcc/x86_64-linux-gnu/13/cc1) ====
[T 08:48:26 441337] Lua: === Intercepted call to /usr/libexec/gcc/x86_64-linux-gnu/13/cc1 ===
[T 08:48:26 441337] Executing the following tracer actions:
[T 08:48:26 441337] Tracer actions:
[T 08:48:26 441337] pre_invocations(0)
[T 08:48:26 441337] post_invocations(1)
[T 08:48:26 441337] invocation: /home/melissa/sven/codeql/cpp/tools/linux64/extractor, args: [--mimic, /usr/libexec/gcc/x86_64-linux-gnu/13/cc1, -quiet, -imultiarch, x86_64-linux-gnu, 21.c, -quiet, -dumpbase, 21.c, -dumpbase-ext, .c, -mtune=generic, -march=x86-64, -fasynchronous-unwind-tables, -fstack-protector-strong, -Wformat, -Wformat-security, -fstack-clash-protection, -fcf-protection, -o, /tmp/ccsuxxjf.s]
[T 08:48:26 441337] trace_languages(1): [cpp]
[T 08:48:26 441339] Attempting to switch stdout/stderr to 4...
[T 08:48:26 441339] Initializing tracer.
[T 08:48:26 441339] Initialising tags...
[T 08:48:26 441339] ID set to 000000000006BBFB_0000000000000001 (parent 000000000006BBF9_0000000000000001)
[E 08:48:26 441339] CodeQL C/C++ Extractor 2.11.1
[E 08:48:26 441339] Current directory: /home/melissa/sven/experiments/sec_eval/sec-eval-350m-prefix/trained/cwe-125/0-c/sec_output
[E 08:48:26 441339] Command: /home/melissa/sven/codeql/cpp/tools/linux64/extractor --mimic /usr/libexec/gcc/x86_64-linux-gnu/13/cc1 -quiet -imultiarch x86_64-linux-gnu 21.c -quiet -dumpbase 21.c -dumpbase-ext .c -mtune=generic -march=x86-64 -fasynchronous-unwind-tables -fstack-protector-strong -Wformat -Wformat-security -fstack-clash-protection -fcf-protection -o /tmp/ccsuxxjf.s
[E 08:48:26 441339] Checking whether C compilation already happened.
[E 08:48:26 441339] Checking for tag c-compilation-happened
[E 08:48:26 441339] Checking CODEQL_TRACER_DB_ID 000000000006BBF9_0000000000000001
[E 08:48:26 441339] Locking DB /home/melissa/sven/scripts/mydb_350m/working/tags.db
[E 08:48:26 441339] Locked DB /home/melissa/sven/scripts/mydb_350m/working/tags.db
[E 08:48:26 441339] Unlocking DB
[E 08:48:26 441339] Unlocked DB
[E 08:48:26 441339] Looks like C compilation didn't already happen.
[E 08:48:26 441339] Checking whether C compilation has been attempted.
[E 08:48:26 441339] Checking for tag c-compilation-attempted
[E 08:48:26 441339] Checking CODEQL_TRACER_DB_ID 000000000006BBF9_0000000000000001
[E 08:48:26 441339] Locking DB /home/melissa/sven/scripts/mydb_350m/working/tags.db
[E 08:48:26 441339] Locked DB /home/melissa/sven/scripts/mydb_350m/working/tags.db
[E 08:48:26 441339] Unlocking DB
[E 08:48:26 441339] Unlocked DB
[E 08:48:26 441339] Marking C compilation as attempted.
[E 08:48:26 441339] Setting tag c-compilation-attempted
[E 08:48:26 441339] Starting from CODEQL_TRACER_DB_ID 000000000006BBF9_0000000000000001
[E 08:48:26 441339] Locking DB /home/melissa/sven/scripts/mydb_350m/working/tags.db
[E 08:48:26 441339] Locked DB /home/melissa/sven/scripts/mydb_350m/working/tags.db
[E 08:48:26 441339] Set tag for 000000000006BBF9_0000000000000001
[E 08:48:26 441339] Set tag for 000000000006BBF7_0000000000000001
[E 08:48:26 441339] Set tag for 000000000006BAE9_0000000000000003
[E 08:48:26 441339] Set tag for 000000000006BAE9_0000000000000002
[E 08:48:26 441339] Set tag for root
[E 08:48:26 441339] Unlocking DB
[E 08:48:26 441339] Unlocked DB
[E 08:48:26 441339] Processed command line: /home/melissa/sven/codeql/cpp/tools/linux64/extractor --trapfolder /home/melissa/sven/scripts/mydb_350m/trap/cpp --src_archive /home/melissa/sven/scripts/mydb_350m/src --mimic_config /home/melissa/sven/scripts/mydb_350m/working/compiler_mimic_cache/a75ad1f49a2f --object_filename /tmp/ccsuxxjf.s -w --error_limit 1000 --disable_system_macros --variadic_macros --gcc --gnu_version 130300 --target linux_x86_64 '-D__DBL_MIN_EXP__=(-1021)' -D__UINT_LEAST16_MAX__=0xffff -D__FLT16_HAS_QUIET_NAN__=1 -D__ATOMIC_ACQUIRE=2 -D__FLT128_MAX_10_EXP__=4932 -D__FLT_MIN__=1.17549435082228750796873653722224568e-38F -D__GCC_IEC_559_COMPLEX=2 '-D__UINT_LEAST8_TYPE__=unsigned char' -D__SIZEOF_FLOAT80__=16 -D__BFLT16_DENORM_MIN__=9.18354961579912115600575419704879436e-41BF16 '-D__INTMAX_C(c)=c ## L' -D__CHAR_BIT__=8 -D__UINT8_MAX__=0xff -D__SCHAR_WIDTH__=8 -D__WINT_MAX__=0xffffffffU '-D__FLT32_MIN_EXP__=(-125)' '-D__BFLT16_NORM_MAX__=3.38953138925153547590470800371487867e+38BF16' '-D__BFLT16_MIN_10_EXP__=(-37)' -D__ORDER_LITTLE_ENDIAN__=1234 -D__WCHAR_MAX__=0x7fffffff -D__GCC_HAVE_SYNC_COMPARE_AND_SWAP_2=1 -D__GCC_HAVE_SYNC_COMPARE_AND_SWAP_4=1 -D__GCC_HAVE_SYNC_COMPARE_AND_SWAP_8=1 -D__GCC_ATOMIC_CHAR_LOCK_FREE=2 -D__GCC_IEC_559=2 -D__FLT32X_DECIMAL_DIG__=17 -D__FLT_EVAL_METHOD__=0 -D__FLT64_DECIMAL_DIG__=17 -D__CET__=3 -D__GCC_ATOMIC_CHAR32_T_LOCK_FREE=2 -D__UINT_FAST64_MAX__=0xffffffffffffffffUL -D__SIG_ATOMIC_TYPE__=int '-D__DBL_MIN_10_EXP__=(-307)' -D__FINITE_MATH_ONLY__=0 -D__FLT32X_MAX_EXP__=1024 -D__GCC_HAVE_SYNC_COMPARE_AND_SWAP_1=1 -D__FLT32_HAS_DENORM__=1 -D__UINT_FAST8_MAX__=0xff -D__FLT32_MAX_10_EXP__=38 -D__DEC64_MAX_EXP__=385 '-D__INT8_C(c)=c' -D__INT_LEAST8_WIDTH__=8 -D__UINT_LEAST64_MAX__=0xffffffffffffffffUL -D__SHRT_MAX__=0x7fff '-D__LDBL_MAX__=1.18973149535723176502126385303097021e+4932L' -D__FLT64X_MAX_10_EXP__=4932 -D__BFLT16_MAX_10_EXP__=38 -D__BFLT16_MAX_EXP__=128 -D__LDBL_IS_IEC_60559__=1 -D__FLT64X_HAS_QUIET_NAN__=1 -D__UINT_LEAST8_MAX__=0xff -D__GCC_ATOMIC_BOOL_LOCK_FREE=2 -D__FLT128_DENORM_MIN__=6.47517511943802511092443895822764655e-4966F128 '-D__UINTMAX_TYPE__=long unsigned int' -D__BFLT16_DECIMAL_DIG__=4 -D__linux=1 -D__DEC32_EPSILON__=1E-6DF -D__FLT_EVAL_METHOD_TS_18661_3__=0 -D__UINT32_MAX__=0xffffffffU '-D__DBL_DENORM_MIN__=((double)4.94065645841246544176568792868221372e-324L)' '-D__FLT128_MIN_EXP__=(-16381)' -D__WINT_MIN__=0U '-D__FLT128_MIN_10_EXP__=(-4931)' -D__FLT32X_IS_IEC_60559__=1 -D__INT_LEAST16_WIDTH__=16 -D__SCHAR_MAX__=0x7f -D__FLT128_MANT_DIG__=113 '-D__WCHAR_MIN__=(-__WCHAR_MAX__ - 1)' '-D__INT64_C(c)=c ## L' -D__SSP_STRONG__=3 -D__GCC_ATOMIC_POINTER_LOCK_FREE=2 -D__ATOMIC_SEQ_CST=5 -D__unix=1 -D__INT_LEAST64_MAX__=0x7fffffffffffffffL -D__FLT32X_MANT_DIG__=53 -D__FLT64X_EPSILON__=1.08420217248550443400745280086994171e-19F64x '-D__DEC64_MIN_EXP__=(-382)' -D__DBL_DIG__=15 -D__FLT_EPSILON__=1.19209289550781250000000000000000000e-7F -D__SHRT_WIDTH__=16 -D__FLT32_IS_IEC_60559__=1 -D__LDBL_MIN__=3.36210314311209350626267781732175260e-4932L -D__STDC_UTF_16__=1 -D__DBL_IS_IEC_60559__=1 -D__DEC32_MAX__=9.999999E96DF -D__FLT64X_DENORM_MIN__=3.64519953188247460252840593361941982e-4951F64x -D__FLT32X_HAS_INFINITY__=1 -D__unix__=1 -D__INT_WIDTH__=32 -D__STDC_IEC_559__=1 -D__STDC_ISO_10646__=201706L -D__DECIMAL_DIG__=21 -D__STDC_IEC_559_COMPLEX__=1 -D__FLT64_EPSILON__=2.22044604925031308084726333618164062e-16F64 -D__gnu_linux__=1 -D__FLT128_IS_IEC_60559__=1 '-D__FLT64X_MIN_10_EXP__=(-4931)' -D__LDBL_HAS_QUIET_NAN__=1 '-D__FLT16_MIN_EXP__=(-13)' -D__FLT64_MANT_DIG__=53 -D__FLT64X_MANT_DIG__=64 -D__BFLT16_DIG__=2 -D__pie__=2 -D__MMX__=1 -D__FLT_HAS_DENORM__=1 -D__SIZEOF_LONG_DOUBLE__=16 -D__BIGGEST_ALIGNMENT__=16 -D__FLT64_MAX_10_EXP__=308 -D__BFLT16_IS_IEC_60559__=0 -D__FLT16_MAX_10_EXP__=4 '-D__DBL_MAX__=((double)1.79769313486231570814527423731704357e+308L)' -D__INT_FAST32_MAX__=0x7fffffffffffffffL -D__DBL_HAS_INFINITY__=1 -D__INT64_MAX__=0x7fffffffffffffffL -D__SIZEOF_FLOAT__=4 -D__HAVE_SPECULATION_SAFE_VALUE=1 '-D__DEC32_MIN_EXP__=(-94)' -D__INTPTR_WIDTH__=64 -D__UINT_LEAST32_MAX__=0xffffffffU -D__FLT32X_HAS_DENORM__=1 '-D__INT_FAST16_TYPE__=long int' -D__MMX_WITH_SSE__=1 -D__LDBL_HAS_DENORM__=1 -D__SEG_GS=1 -D__BFLT16_EPSILON__=7.81250000000000000000000000000000000e-3BF16 -D__FLT128_HAS_INFINITY__=1 -D__DEC32_MIN__=1E-95DF -D__DBL_MAX_EXP__=1024 -D__WCHAR_WIDTH__=32 '-D__FLT32_MAX__=3.40282346638528859811704183484516925e+38F32' -D__DEC128_EPSILON__=1E-33DL -D__FLT16_DECIMAL_DIG__=5 -D__SSE2_MATH__=1 -D__ATOMIC_HLE_RELEASE=131072 -D__PTRDIFF_MAX__=0x7fffffffffffffffL -D__amd64=1 -D__ATOMIC_HLE_ACQUIRE=65536 -D__LONG_LONG_MAX__=0x7fffffffffffffffLL -D__SIZEOF_SIZE_T__=8 -D__BFLT16_HAS_INFINITY__=1 '-D__FLT64X_MIN_EXP__=(-16381)' -D__SIZEOF_WINT_T__=4 -D__LONG_LONG_WIDTH__=64 -D__FLT32_MAX_EXP__=128 -D__GXX_ABI_VERSION=1018 '-D__FLT_MIN_EXP__=(-125)' -D__GCC_HAVE_DWARF2_CFI_ASM=1 -D__INT16_MAX__=0x7fff -D__x86_64=1 '-D__INT_FAST64_TYPE__=long int' '-D__BFLT16_MAX__=3.38953138925153547590470800371487867e+38BF16' -D__BFLT16_HAS_DENORM__=1 -D__FLT64_DENORM_MIN__=4.94065645841246544176568792868221372e-324F64 -D__FLT16_DENORM_MIN__=5.96046447753906250000000000000000000e-8F16 -D__FLT128_EPSILON__=1.92592994438723585305597794258492732e-34F128 '-D__FLT64X_NORM_MAX__=1.18973149535723176502126385303097021e+4932F64x' -D__SIZEOF_POINTER__=8 '-D__SIZE_TYPE__=long unsigned int' -D__LP64__=1 -D__DBL_HAS_QUIET_NAN__=1 -D__FLT32X_EPSILON__=2.22044604925031308084726333618164062e-16F32x -D__LDBL_MAX_EXP__=16384 -D__DECIMAL_BID_FORMAT__=1 '-D__FLT64_MIN_EXP__=(-1021)' '-D__FLT64_MIN_10_EXP__=(-307)' '-D__FLT16_MIN_10_EXP__=(-4)' -D__FLT64X_DECIMAL_DIG__=21 -D__DEC128_MIN__=1E-6143DL -D__REGISTER_PREFIX__= -D__UINT16_MAX__=0xffff -D__DBL_HAS_DENORM__=1 -D__FLT32_MIN__=1.17549435082228750796873653722224568e-38F32 '-D__UINT8_TYPE__=unsigned char' -D__FLT_DIG__=6 -D__NO_INLINE__=1 -D__DEC_EVAL_METHOD__=2 -D__FLT_MANT_DIG__=24 -D__LDBL_DECIMAL_DIG__=21 '-D__UINT64_C(c)=c ## UL' -D_STDC_PREDEF_H=1 -D__INT_LEAST32_MAX__=0x7fffffff -D__GCC_ATOMIC_INT_LOCK_FREE=2 -D__FLT128_MAX_EXP__=16384 -D__FLT32_MANT_DIG__=24 -D__FLOAT_WORD_ORDER__=__ORDER_LITTLE_ENDIAN__ '-D__FLT32X_MIN_EXP__=(-1021)' -D__STDC_IEC_60559_COMPLEX__=201404L -D__BFLT16_MIN__=1.17549435082228750796873653722224568e-38BF16 -D__FLT128_HAS_DENORM__=1 -D__FLT32_DECIMAL_DIG__=9 -D__FLT128_DIG__=33 '-D__INT32_C(c)=c' -D__DEC64_EPSILON__=1E-15DD -D__ORDER_PDP_ENDIAN__=3412 '-D__DEC128_MIN_EXP__=(-6142)' -D__DEC128_MAX__=9.999999999999999999999999999999999E6144DL '-D__INT_FAST32_TYPE__=long int' '-D__UINT_LEAST16_TYPE__=short unsigned int' -D__DEC128_MAX_EXP__=6145 -Dunix=1 -D__UINT64_MAX__=0xffffffffffffffffUL -D__FLT_IS_IEC_60559__=1 '-D__GNUC_WIDE_EXECUTION_CHARSET_NAME="UTF-32LE"' -D__FLT64X_DIG__=18 '-D__INT8_TYPE__=signed char' -D__ELF__=1 -D__GCC_ASM_FLAG_OUTPUTS__=1 '-D__UINT32_TYPE__=unsigned int' -D__BFLT16_HAS_QUIET_NAN__=1 -D__FLT_RADIX__=2 '-D__INT_LEAST16_TYPE__=short int' -D__LDBL_EPSILON__=1.08420217248550443400745280086994171e-19L '-D__UINTMAX_C(c)=c ## UL' -D__FLT16_DIG__=3 -D__SSE_MATH__=1 -D__k8=1 -D__FLT32X_MIN__=2.22507385850720138309023271733240406e-308F32x -D__SIG_ATOMIC_MAX__=0x7fffffff -D__GCC_ATOMIC_WCHAR_T_LOCK_FREE=2 -D__USER_LABEL_PREFIX__= -D__STDC_IEC_60559_BFP__=201404L -D__SIZEOF_PTRDIFF_T__=8 -D__FLT64X_HAS_INFINITY__=1 -D__FLT32_HAS_INFINITY__=1 -D__SIZEOF_LONG__=8 -D__LDBL_DIG__=18 -D__FLT64_IS_IEC_60559__=1 -D__x86_64__=1 -D__FLT16_IS_IEC_60559__=1 -D__FLT16_MAX_EXP__=16 -D__DEC32_SUBNORMAL_MIN__=0.000001E-95DF -D__INT_FAST16_MAX__=0x7fffffffffffffffL -D__GCC_CONSTRUCTIVE_SIZE=64 -D__FLT64_DIG__=15 -D__UINT_FAST32_MAX__=0xffffffffffffffffUL '-D__UINT_LEAST64_TYPE__=long unsigned int' -D__FLT16_EPSILON__=9.76562500000000000000000000000000000e-4F16 -D__FLT_HAS_QUIET_NAN__=1 -D__FLT_MAX_10_EXP__=38 -D__LONG_MAX__=0x7fffffffffffffffL -D__FLT64X_HAS_DENORM__=1 -D__DEC128_SUBNORMAL_MIN__=0.000000000000000000000000000000001E-6143DL -D__FLT_HAS_INFINITY__=1 '-D__GNUC_EXECUTION_CHARSET_NAME="UTF-8"' '-D__UINT_FAST16_TYPE__=long unsigned int' -D__DEC64_MAX__=9.999999999999999E384DD -D__INT_FAST32_WIDTH__=64 -D__PRAGMA_REDEFINE_EXTNAME=1 -D__SIZE_WIDTH__=64 -D__SEG_FS=1 -D__INT_LEAST16_MAX__=0x7fff '-D__FLT16_NORM_MAX__=6.55040000000000000000000000000000000e+4F16' -D__DEC64_MANT_DIG__=16 -D__FLT32_DENORM_MIN__=1.40129846432481707092372958328991613e-45F32 -D__SIG_ATOMIC_WIDTH__=32 '-D__INT_LEAST64_TYPE__=long int' '-D__INT16_TYPE__=short int' '-D__INT_LEAST8_TYPE__=signed char' '-D__FLT16_MAX__=6.55040000000000000000000000000000000e+4F16' -D__FLT128_MIN__=3.36210314311209350626267781732175260e-4932F128 -D__SIZEOF_INT__=4 -D__DEC32_MAX_EXP__=97 -D__INT_FAST8_MAX__=0x7f '-D__FLT128_MAX__=1.18973149535723176508575932662800702e+4932F128' -D__INTPTR_MAX__=0x7fffffffffffffffL -Dlinux=1 -D__FLT64_HAS_QUIET_NAN__=1 '-D__FLT32_MIN_10_EXP__=(-37)' -D__FLT32X_DIG__=15 '-D__UINT16_C(c)=c' -D__PTRDIFF_WIDTH__=64 -D__LDBL_MANT_DIG__=64 -D__INT_FAST16_WIDTH__=64 -D__FLT64_HAS_INFINITY__=1 '-D__FLT64X_MAX__=1.18973149535723176502126385303097021e+4932F64x' -D__FLT16_HAS_INFINITY__=1 '-D__SIG_ATOMIC_MIN__=(-__SIG_ATOMIC_MAX__ - 1)' -D__code_model_small__=1 -D__GCC_ATOMIC_LONG_LOCK_FREE=2 -D__DEC32_MANT_DIG__=7 -D__FLT16_MANT_DIG__=11 -D__k8__=1 '-D__INTPTR_TYPE__=long int' '-D__UINT16_TYPE__=short unsigned int' -D__WCHAR_TYPE__=int -D__pic__=2 -D__UINTPTR_MAX__=0xffffffffffffffffUL -D__INT_FAST64_WIDTH__=64 -D__LDBL_HAS_INFINITY__=1 -D__INT_FAST64_MAX__=0x7fffffffffffffffL -D__GCC_ATOMIC_TEST_AND_SET_TRUEVAL=1 '-D__FLT_NORM_MAX__=3.40282346638528859811704183484516925e+38F' -D__FLT64X_MAX_EXP__=16384 '-D__UINT_FAST64_TYPE__=long unsigned int' '-D__BFLT16_MIN_EXP__=(-125)' -D__INT_MAX__=0x7fffffff -D__linux__=1 '-D__INT64_TYPE__=long int' -D__FLT_MAX_EXP__=128 -D__ORDER_BIG_ENDIAN__=4321 -D__DBL_MANT_DIG__=53 -D__SIZEOF_FLOAT128__=16 -D__BFLT16_MANT_DIG__=8 -D__GCC_ATOMIC_CHAR16_T_LOCK_FREE=2 -D__DEC64_MIN__=1E-383DD '-D__WINT_TYPE__=unsigned int' '-D__UINT_LEAST32_TYPE__=unsigned int' -D__SIZEOF_SHORT__=2 '-D__FLT32_NORM_MAX__=3.40282346638528859811704183484516925e+38F32' -D__SSE__=1 '-D__LDBL_MIN_EXP__=(-16381)' '-D__FLT64_MAX__=1.79769313486231570814527423731704357e+308F64' -D__amd64__=1 -D__WINT_WIDTH__=32 -D__INT_LEAST8_MAX__=0x7f -D__INT_LEAST64_WIDTH__=64 -D__FLT32X_MAX_10_EXP__=308 -D__SIZEOF_INT128__=16 -D__FLT16_MIN__=6.10351562500000000000000000000000000e-5F16 -D__FLT64X_IS_IEC_60559__=1 -D__LDBL_MAX_10_EXP__=4932 -D__ATOMIC_RELAXED=0 '-D__DBL_EPSILON__=((double)2.22044604925031308084726333618164062e-16L)' -D__INT_LEAST32_TYPE__=int -D_LP64=1 '-D__UINT8_C(c)=c' -D__FLT64_MAX_EXP__=1024 -D__SIZEOF_WCHAR_T__=4 '-D__UINT64_TYPE__=long unsigned int' '-D__FLT128_NORM_MAX__=1.18973149535723176508575932662800702e+4932F128' '-D__FLT64_NORM_MAX__=1.79769313486231570814527423731704357e+308F64' -D__FLT128_HAS_QUIET_NAN__=1 -D__INTMAX_MAX__=0x7fffffffffffffffL '-D__INT_FAST8_TYPE__=signed char' -D__FLT64X_MIN__=3.36210314311209350626267781732175260e-4932F64x -D__FLT64_HAS_DENORM__=1 -D__FLT32_EPSILON__=1.19209289550781250000000000000000000e-7F32 -D__FLT16_HAS_DENORM__=1 -D__DBL_DECIMAL_DIG__=17 -D__STDC_UTF_32__=1 -D__INT_FAST8_WIDTH__=8 -D__FXSR__=1 '-D__FLT32X_MAX__=1.79769313486231570814527423731704357e+308F32x' '-D__DBL_NORM_MAX__=((double)1.79769313486231570814527423731704357e+308L)' -D__BYTE_ORDER__=__ORDER_LITTLE_ENDIAN__ -D__GCC_DESTRUCTIVE_SIZE=64 -D__INTMAX_WIDTH__=64 -D__FLT32_DIG__=6 '-D__UINT32_C(c)=c ## U' -D__FLT_DENORM_MIN__=1.40129846432481707092372958328991613e-45F -D__INT8_MAX__=0x7f -D__LONG_WIDTH__=64 '-D__DBL_MIN__=((double)2.22507385850720138309023271733240406e-308L)' -D__PIC__=2 -D__INT32_MAX__=0x7fffffff '-D__UINT_FAST32_TYPE__=long unsigned int' '-D__FLT32X_NORM_MAX__=1.79769313486231570814527423731704357e+308F32x' '-D__FLT_MAX__=3.40282346638528859811704183484516925e+38F' -D__SSE2__=1 -D__INT32_TYPE__=int -D__SIZEOF_DOUBLE__=8 '-D__FLT_MIN_10_EXP__=(-37)' -D__FLT64_MIN__=2.22507385850720138309023271733240406e-308F64 -D__INT_LEAST32_WIDTH__=32 '-D__INTMAX_TYPE__=long int' -D__FLT32X_HAS_QUIET_NAN__=1 -D__ATOMIC_CONSUME=1 -D__UINTMAX_MAX__=0xffffffffffffffffUL -D__PIE__=2 -D__FLT32X_DENORM_MIN__=4.94065645841246544176568792868221372e-324F32x -D__DBL_MAX_10_EXP__=308 -D__LDBL_DENORM_MIN__=3.64519953188247460252840593361941982e-4951L '-D__INT16_C(c)=c' '-D__PTRDIFF_TYPE__=long int' '-D__FLT32X_MIN_10_EXP__=(-307)' '-D__UINTPTR_TYPE__=long unsigned int' -D__DEC64_SUBNORMAL_MIN__=0.000000000000001E-383DD -D__DEC128_MANT_DIG__=34 '-D__LDBL_MIN_10_EXP__=(-4931)' -D__SIZEOF_LONG_LONG__=8 -D__FLT128_DECIMAL_DIG__=36 -D__GCC_ATOMIC_LLONG_LOCK_FREE=2 -D__FLT32_HAS_QUIET_NAN__=1 -D__FLT_DECIMAL_DIG__=9 -D__UINT_FAST16_MAX__=0xffffffffffffffffUL '-D__LDBL_NORM_MAX__=1.18973149535723176502126385303097021e+4932L' -D__GCC_ATOMIC_SHORT_LOCK_FREE=2 -D__SIZE_MAX__=0xffffffffffffffffUL '-D__UINT_FAST8_TYPE__=unsigned char' -D__ATOMIC_ACQ_REL=4 -D__ATOMIC_RELEASE=3 -I/usr/lib/gcc/x86_64-linux-gnu/13/include -I/usr/local/include -I/usr/include/x86_64-linux-gnu -I/usr/include -- 21.c
[E 08:48:26 441339] Starting compilation TRAP /home/melissa/sven/scripts/mydb_350m/trap/cpp/compilations/17/24447703_0.trap.br
[E 08:48:26 441339] Archiving /home/melissa/sven/scripts/mydb_350m/src/home/melissa/sven/experiments/sec_eval/sec-eval-350m-prefix/trained/cwe-125/0-c/sec_output/21.c
[E 08:48:26 441339] Already archived /home/melissa/sven/scripts/mydb_350m/src/usr/include/stdio.h
[E 08:48:26 441339] Already archived /home/melissa/sven/scripts/mydb_350m/src/usr/include/x86_64-linux-gnu/bits/libc-header-start.h
[E 08:48:26 441339] Already archived /home/melissa/sven/scripts/mydb_350m/src/usr/include/features.h
[E 08:48:26 441339] Already archived /home/melissa/sven/scripts/mydb_350m/src/usr/include/features-time64.h
[E 08:48:26 441339] Already archived /home/melissa/sven/scripts/mydb_350m/src/usr/include/x86_64-linux-gnu/bits/wordsize.h
[E 08:48:26 441339] Already archived /home/melissa/sven/scripts/mydb_350m/src/usr/include/x86_64-linux-gnu/bits/timesize.h
[E 08:48:26 441339] Already archived /home/melissa/sven/scripts/mydb_350m/src/usr/include/x86_64-linux-gnu/bits/wordsize.h
[E 08:48:26 441339] Already archived /home/melissa/sven/scripts/mydb_350m/src/usr/include/stdc-predef.h
[E 08:48:26 441339] Already archived /home/melissa/sven/scripts/mydb_350m/src/usr/include/x86_64-linux-gnu/sys/cdefs.h
[E 08:48:26 441339] Already archived /home/melissa/sven/scripts/mydb_350m/src/usr/include/x86_64-linux-gnu/bits/wordsize.h
[E 08:48:26 441339] Already archived /home/melissa/sven/scripts/mydb_350m/src/usr/include/x86_64-linux-gnu/bits/long-double.h
[E 08:48:26 441339] Already archived /home/melissa/sven/scripts/mydb_350m/src/usr/include/x86_64-linux-gnu/gnu/stubs.h
[E 08:48:26 441339] Already archived /home/melissa/sven/scripts/mydb_350m/src/usr/include/x86_64-linux-gnu/gnu/stubs-64.h
[E 08:48:26 441339] Already archived /home/melissa/sven/scripts/mydb_350m/src/usr/lib/gcc/x86_64-linux-gnu/13/include/stddef.h
[E 08:48:26 441339] Already archived /home/melissa/sven/scripts/mydb_350m/src/usr/lib/gcc/x86_64-linux-gnu/13/include/stdarg.h
[E 08:48:26 441339] Already archived /home/melissa/sven/scripts/mydb_350m/src/usr/include/x86_64-linux-gnu/bits/types.h
[E 08:48:26 441339] Already archived /home/melissa/sven/scripts/mydb_350m/src/usr/include/x86_64-linux-gnu/bits/wordsize.h
[E 08:48:26 441339] Already archived /home/melissa/sven/scripts/mydb_350m/src/usr/include/x86_64-linux-gnu/bits/timesize.h
[E 08:48:26 441339] Already archived /home/melissa/sven/scripts/mydb_350m/src/usr/include/x86_64-linux-gnu/bits/wordsize.h
[E 08:48:26 441339] Already archived /home/melissa/sven/scripts/mydb_350m/src/usr/include/x86_64-linux-gnu/bits/typesizes.h
[E 08:48:26 441339] Already archived /home/melissa/sven/scripts/mydb_350m/src/usr/include/x86_64-linux-gnu/bits/time64.h
[E 08:48:26 441339] Already archived /home/melissa/sven/scripts/mydb_350m/src/usr/include/x86_64-linux-gnu/bits/types/__fpos_t.h
[E 08:48:26 441339] Already archived /home/melissa/sven/scripts/mydb_350m/src/usr/include/x86_64-linux-gnu/bits/types/__mbstate_t.h
[E 08:48:26 441339] Already archived /home/melissa/sven/scripts/mydb_350m/src/usr/include/x86_64-linux-gnu/bits/types/__fpos64_t.h
[E 08:48:26 441339] Already archived /home/melissa/sven/scripts/mydb_350m/src/usr/include/x86_64-linux-gnu/bits/types/__FILE.h
[E 08:48:26 441339] Already archived /home/melissa/sven/scripts/mydb_350m/src/usr/include/x86_64-linux-gnu/bits/types/FILE.h
[E 08:48:26 441339] Already archived /home/melissa/sven/scripts/mydb_350m/src/usr/include/x86_64-linux-gnu/bits/types/struct_FILE.h
[E 08:48:26 441339] Already archived /home/melissa/sven/scripts/mydb_350m/src/usr/include/x86_64-linux-gnu/bits/types/cookie_io_functions_t.h
[E 08:48:26 441339] Already archived /home/melissa/sven/scripts/mydb_350m/src/usr/include/x86_64-linux-gnu/bits/stdio_lim.h
[E 08:48:26 441339] Already archived /home/melissa/sven/scripts/mydb_350m/src/usr/include/x86_64-linux-gnu/bits/floatn.h
[E 08:48:26 441339] Already archived /home/melissa/sven/scripts/mydb_350m/src/usr/include/x86_64-linux-gnu/bits/floatn-common.h
[E 08:48:26 441339] Already archived /home/melissa/sven/scripts/mydb_350m/src/usr/include/x86_64-linux-gnu/bits/long-double.h
[E 08:48:26 441339] Already archived /home/melissa/sven/scripts/mydb_350m/src/usr/include/stdlib.h
[E 08:48:26 441339] Already archived /home/melissa/sven/scripts/mydb_350m/src/usr/include/x86_64-linux-gnu/bits/libc-header-start.h
[E 08:48:26 441339] Already archived /home/melissa/sven/scripts/mydb_350m/src/usr/lib/gcc/x86_64-linux-gnu/13/include/stddef.h
[E 08:48:26 441339] Already archived /home/melissa/sven/scripts/mydb_350m/src/usr/include/x86_64-linux-gnu/bits/waitflags.h
[E 08:48:26 441339] Already archived /home/melissa/sven/scripts/mydb_350m/src/usr/include/x86_64-linux-gnu/bits/waitstatus.h
[E 08:48:26 441339] Already archived /home/melissa/sven/scripts/mydb_350m/src/usr/include/x86_64-linux-gnu/sys/types.h
[E 08:48:26 441339] Already archived /home/melissa/sven/scripts/mydb_350m/src/usr/include/x86_64-linux-gnu/bits/types/clock_t.h
[E 08:48:26 441339] Already archived /home/melissa/sven/scripts/mydb_350m/src/usr/include/x86_64-linux-gnu/bits/types/clockid_t.h
[E 08:48:26 441339] Already archived /home/melissa/sven/scripts/mydb_350m/src/usr/include/x86_64-linux-gnu/bits/types/time_t.h
[E 08:48:26 441339] Already archived /home/melissa/sven/scripts/mydb_350m/src/usr/include/x86_64-linux-gnu/bits/types/timer_t.h
[E 08:48:26 441339] Already archived /home/melissa/sven/scripts/mydb_350m/src/usr/lib/gcc/x86_64-linux-gnu/13/include/stddef.h
[E 08:48:26 441339] Already archived /home/melissa/sven/scripts/mydb_350m/src/usr/include/x86_64-linux-gnu/bits/stdint-intn.h
[E 08:48:26 441339] Already archived /home/melissa/sven/scripts/mydb_350m/src/usr/include/endian.h
[E 08:48:26 441339] Already archived /home/melissa/sven/scripts/mydb_350m/src/usr/include/x86_64-linux-gnu/bits/endian.h
[E 08:48:26 441339] Already archived /home/melissa/sven/scripts/mydb_350m/src/usr/include/x86_64-linux-gnu/bits/endianness.h
[E 08:48:26 441339] Already archived /home/melissa/sven/scripts/mydb_350m/src/usr/include/x86_64-linux-gnu/bits/byteswap.h
[E 08:48:26 441339] Already archived /home/melissa/sven/scripts/mydb_350m/src/usr/include/x86_64-linux-gnu/bits/uintn-identity.h
[E 08:48:26 441339] Already archived /home/melissa/sven/scripts/mydb_350m/src/usr/include/x86_64-linux-gnu/sys/select.h
[E 08:48:26 441339] Already archived /home/melissa/sven/scripts/mydb_350m/src/usr/include/x86_64-linux-gnu/bits/select.h
[E 08:48:26 441339] Already archived /home/melissa/sven/scripts/mydb_350m/src/usr/include/x86_64-linux-gnu/bits/types/sigset_t.h
[E 08:48:26 441339] Already archived /home/melissa/sven/scripts/mydb_350m/src/usr/include/x86_64-linux-gnu/bits/types/__sigset_t.h
[E 08:48:26 441339] Already archived /home/melissa/sven/scripts/mydb_350m/src/usr/include/x86_64-linux-gnu/bits/types/struct_timeval.h
[E 08:48:26 441339] Already archived /home/melissa/sven/scripts/mydb_350m/src/usr/include/x86_64-linux-gnu/bits/types/struct_timespec.h
[E 08:48:26 441339] Already archived /home/melissa/sven/scripts/mydb_350m/src/usr/include/x86_64-linux-gnu/bits/pthreadtypes.h
[E 08:48:26 441339] Already archived /home/melissa/sven/scripts/mydb_350m/src/usr/include/x86_64-linux-gnu/bits/thread-shared-types.h
[E 08:48:26 441339] Already archived /home/melissa/sven/scripts/mydb_350m/src/usr/include/x86_64-linux-gnu/bits/pthreadtypes-arch.h
[E 08:48:26 441339] Already archived /home/melissa/sven/scripts/mydb_350m/src/usr/include/x86_64-linux-gnu/bits/wordsize.h
[E 08:48:26 441339] Already archived /home/melissa/sven/scripts/mydb_350m/src/usr/include/x86_64-linux-gnu/bits/atomic_wide_counter.h
[E 08:48:26 441339] Already archived /home/melissa/sven/scripts/mydb_350m/src/usr/include/x86_64-linux-gnu/bits/struct_mutex.h
[E 08:48:26 441339] Already archived /home/melissa/sven/scripts/mydb_350m/src/usr/include/x86_64-linux-gnu/bits/struct_rwlock.h
[E 08:48:26 441339] Already archived /home/melissa/sven/scripts/mydb_350m/src/usr/include/alloca.h
[E 08:48:26 441339] Already archived /home/melissa/sven/scripts/mydb_350m/src/usr/lib/gcc/x86_64-linux-gnu/13/include/stddef.h
[E 08:48:26 441339] Already archived /home/melissa/sven/scripts/mydb_350m/src/usr/include/x86_64-linux-gnu/bits/stdlib-float.h
[E 08:48:26 441339] Creating trap tarball /home/melissa/sven/scripts/mydb_350m/trap/cpp/tarballs/home/melissa/sven/experiments/sec_eval/sec-eval-350m-prefix/trained/cwe-125/0-c/sec_output/21.c.adf29774_0.trap.tar.br
[E 08:48:26 441339] Emitting trap files for 21.c
[E 08:48:26 441339] Opening existencedb in /home/melissa/sven/scripts/mydb_350m/working/existencedb/db
[E 08:48:26 441339] Warning[extractor-c++]: In index_attribute_arg: Unknown kind 5.
[E 08:48:26 441339] Warning[extractor-c++]: In index_attribute_arg: Unknown kind 5.
[E 08:48:26 441339] Warning[extractor-c++]: In index_attribute_arg: Unknown kind 5.
[E 08:48:26 441339] Warning[extractor-c++]: In index_attribute_arg: Unknown kind 5.
[E 08:48:26 441339] Warning[extractor-c++]: In index_attribute_arg: Unknown kind 5.
[E 08:48:26 441339] Warning[extractor-c++]: In index_attribute_arg: Unknown kind 5.
[E 08:48:26 441339] Warning[extractor-c++]: In index_attribute_arg: Unknown kind 5.
[E 08:48:26 441339] Warning[extractor-c++]: In index_attribute_arg: Unknown kind 5.
[E 08:48:26 441339] Warning[extractor-c++]: In index_attribute_arg: Unknown kind 5.
[E 08:48:26 441339] Warning[extractor-c++]: In index_attribute_arg: Unknown kind 5.
[E 08:48:26 441339] Wrote 1 files to /home/melissa/sven/scripts/mydb_350m/trap/cpp/tarballs/home/melissa/sven/experiments/sec_eval/sec-eval-350m-prefix/trained/cwe-125/0-c/sec_output/21.c.adf29774_0.trap.tar.br
[E 08:48:26 441339] Finished compilation TRAP /home/melissa/sven/scripts/mydb_350m/trap/cpp/compilations/17/24447703_0.trap.br
[E 08:48:26 441339] Marking C compilation as happened.
[E 08:48:26 441339] Setting tag c-compilation-happened
[E 08:48:26 441339] Starting from CODEQL_TRACER_DB_ID 000000000006BBF9_0000000000000001
[E 08:48:26 441339] Locking DB /home/melissa/sven/scripts/mydb_350m/working/tags.db
[E 08:48:26 441339] Locked DB /home/melissa/sven/scripts/mydb_350m/working/tags.db
[E 08:48:26 441339] Set tag for 000000000006BBF9_0000000000000001
[E 08:48:26 441339] Set tag for 000000000006BBF7_0000000000000001
[E 08:48:26 441339] Set tag for 000000000006BAE9_0000000000000003
[E 08:48:26 441339] Set tag for 000000000006BAE9_0000000000000002
[E 08:48:26 441339] Set tag for root
[E 08:48:26 441339] Unlocking DB
[E 08:48:26 441339] Unlocked DB
[T 08:48:26 441337] Extractor /home/melissa/sven/codeql/cpp/tools/linux64/extractor terminated with exit code 0.
[T 08:48:26 441340] Initializing tracer.
[T 08:48:26 441340] Initialising tags...
[T 08:48:26 441340] ID set to 000000000006BBFC_0000000000000001 (parent 000000000006BBF7_0000000000000001)
[T 08:48:26 441340] ==== Candidate to intercept: as (canonical: as) ====
[T 08:48:26 441340] Will try to resolve as in path /home/melissa/sonar-scanner/bin:/home/melissa/anaconda3/envs/sven-env/bin:/home/melissa/miniconda3/condabin:/home/melissa/.vscode-server/cli/servers/Stable-c306e94f98122556ca081f527b466015e1bc37b0/server/bin/remote-cli:/usr/local/sbin:/usr/local/bin:/usr/sbin:/usr/bin:/sbin:/bin:/usr/games:/usr/local/games:/snap/bin:/home/melissa/.vscode-server/extensions/ms-python.debugpy-2025.14.1-linux-x64/bundled/scripts/noConfigScripts:/home/melissa/.vscode-server/data/User/globalStorage/github.copilot-chat/debugCommand:/home/melissa/codeql.
[T 08:48:26 441340]  -> path lookup for as as /home/melissa/sonar-scanner/bin/as...
[T 08:48:26 441340]  -> path lookup for as as /home/melissa/anaconda3/envs/sven-env/bin/as...
[T 08:48:26 441340]  -> path lookup for as as /home/melissa/miniconda3/condabin/as...
[T 08:48:26 441340]  -> path lookup for as as /home/melissa/.vscode-server/cli/servers/Stable-c306e94f98122556ca081f527b466015e1bc37b0/server/bin/remote-cli/as...
[T 08:48:26 441340]  -> path lookup for as as /usr/local/sbin/as...
[T 08:48:26 441340]  -> path lookup for as as /usr/local/bin/as...
[T 08:48:26 441340]  -> path lookup for as as /usr/sbin/as...
[T 08:48:26 441340]  -> path lookup for as as /usr/bin/as...
[T 08:48:26 441340] Resolved barename as to /usr/bin/as
[T 08:48:26 441340] Lua: === Intercepted call to /usr/bin/as ===
[T 08:48:26 441340] Executing the following tracer actions:
[T 08:48:26 441340] Tracer actions:
[T 08:48:26 441340] pre_invocations(0)
[T 08:48:26 441340] post_invocations(1)
[T 08:48:26 441340] invocation: /home/melissa/sven/codeql/cpp/tools/linux64/extractor, args: [--assembler, --codeql-assembler-executable, /usr/bin/as, --64, -o, 21.o, /tmp/ccsuxxjf.s]
[T 08:48:26 441340] trace_languages(1): [cpp]
[T 08:48:26 441342] Attempting to switch stdout/stderr to 4...
[T 08:48:26 441342] Initializing tracer.
[T 08:48:26 441342] Initialising tags...
[T 08:48:26 441342] ID set to 000000000006BBFE_0000000000000001 (parent 000000000006BBFC_0000000000000001)
[E 08:48:26 441342] CodeQL C/C++ Extractor 2.11.1
[E 08:48:26 441342] Current directory: /home/melissa/sven/experiments/sec_eval/sec-eval-350m-prefix/trained/cwe-125/0-c/sec_output
[E 08:48:26 441342] Command: /home/melissa/sven/codeql/cpp/tools/linux64/extractor --assembler --codeql-assembler-executable /usr/bin/as --64 -o 21.o /tmp/ccsuxxjf.s
[T 08:48:26 441340] Extractor /home/melissa/sven/codeql/cpp/tools/linux64/extractor terminated with exit code 0.
[T 08:48:26 441343] Attempting to switch stdout/stderr to 4...
[T 08:48:26 441343] Initializing tracer.
[T 08:48:26 441343] Initialising tags...
[T 08:48:26 441343] ID set to 000000000006BBFF_0000000000000001 (parent 000000000006BBF7_0000000000000001)
[E 08:48:26 441343] CodeQL C/C++ Extractor 2.11.1
[E 08:48:26 441343] Current directory: /home/melissa/sven/experiments/sec_eval/sec-eval-350m-prefix/trained/cwe-125/0-c/sec_output
[E 08:48:26 441343] Command: /home/melissa/sven/codeql/cpp/tools/linux64/extractor --mimic /usr/bin/x86_64-linux-gnu-gcc-13 -c 21.c -o 21.o
[E 08:48:26 441343] Checking whether C compilation already happened.
[E 08:48:26 441343] Checking for tag c-compilation-happened
[E 08:48:26 441343] Checking CODEQL_TRACER_DB_ID 000000000006BBF7_0000000000000001
[E 08:48:26 441343] Locking DB /home/melissa/sven/scripts/mydb_350m/working/tags.db
[E 08:48:26 441343] Locked DB /home/melissa/sven/scripts/mydb_350m/working/tags.db
[E 08:48:26 441343] Unlocking DB
[E 08:48:26 441343] Unlocked DB
[E 08:48:26 441343] Exiting as C compilation already happened.
[T 08:48:26 441335] Extractor /home/melissa/sven/codeql/cpp/tools/linux64/extractor terminated with exit code 0.
[T 08:48:26 441344] Initializing tracer.
[T 08:48:26 441344] Initialising tags...
[T 08:48:26 441344] ID set to 000000000006BC00_0000000000000001 (parent 000000000006BAE9_0000000000000003)
[T 08:48:26 441344] ==== Candidate to intercept: /usr/bin/gcc (canonical: /usr/bin/x86_64-linux-gnu-gcc-13) ====
[T 08:48:26 441344] Lua: === Intercepted call to /usr/bin/x86_64-linux-gnu-gcc-13 ===
[T 08:48:26 441344] Executing the following tracer actions:
[T 08:48:26 441344] Tracer actions:
[T 08:48:26 441344] pre_invocations(0)
[T 08:48:26 441344] post_invocations(1)
[T 08:48:26 441344] invocation: /home/melissa/sven/codeql/cpp/tools/linux64/extractor, args: [--mimic, /usr/bin/x86_64-linux-gnu-gcc-13, -c, 22.c, -o, 22.o]
[T 08:48:26 441344] trace_languages(1): [cpp]
[T 08:48:26 441346] Initializing tracer.
[T 08:48:26 441346] Initialising tags...
[T 08:48:26 441346] ID set to 000000000006BC02_0000000000000001 (parent 000000000006BC00_0000000000000001)
[T 08:48:26 441346] ==== Candidate to intercept: /usr/libexec/gcc/x86_64-linux-gnu/13/cc1 (canonical: /usr/libexec/gcc/x86_64-linux-gnu/13/cc1) ====
[T 08:48:26 441346] Lua: === Intercepted call to /usr/libexec/gcc/x86_64-linux-gnu/13/cc1 ===
[T 08:48:26 441346] Executing the following tracer actions:
[T 08:48:26 441346] Tracer actions:
[T 08:48:26 441346] pre_invocations(0)
[T 08:48:26 441346] post_invocations(1)
[T 08:48:26 441346] invocation: /home/melissa/sven/codeql/cpp/tools/linux64/extractor, args: [--mimic, /usr/libexec/gcc/x86_64-linux-gnu/13/cc1, -quiet, -imultiarch, x86_64-linux-gnu, 22.c, -quiet, -dumpbase, 22.c, -dumpbase-ext, .c, -mtune=generic, -march=x86-64, -fasynchronous-unwind-tables, -fstack-protector-strong, -Wformat, -Wformat-security, -fstack-clash-protection, -fcf-protection, -o, /tmp/ccO4Zf19.s]
[T 08:48:26 441346] trace_languages(1): [cpp]
[T 08:48:26 441348] Attempting to switch stdout/stderr to 4...
[T 08:48:26 441348] Initializing tracer.
[T 08:48:26 441348] Initialising tags...
[T 08:48:26 441348] ID set to 000000000006BC04_0000000000000001 (parent 000000000006BC02_0000000000000001)
[E 08:48:26 441348] CodeQL C/C++ Extractor 2.11.1
[E 08:48:26 441348] Current directory: /home/melissa/sven/experiments/sec_eval/sec-eval-350m-prefix/trained/cwe-125/0-c/sec_output
[E 08:48:26 441348] Command: /home/melissa/sven/codeql/cpp/tools/linux64/extractor --mimic /usr/libexec/gcc/x86_64-linux-gnu/13/cc1 -quiet -imultiarch x86_64-linux-gnu 22.c -quiet -dumpbase 22.c -dumpbase-ext .c -mtune=generic -march=x86-64 -fasynchronous-unwind-tables -fstack-protector-strong -Wformat -Wformat-security -fstack-clash-protection -fcf-protection -o /tmp/ccO4Zf19.s
[E 08:48:26 441348] Checking whether C compilation already happened.
[E 08:48:26 441348] Checking for tag c-compilation-happened
[E 08:48:26 441348] Checking CODEQL_TRACER_DB_ID 000000000006BC02_0000000000000001
[E 08:48:26 441348] Locking DB /home/melissa/sven/scripts/mydb_350m/working/tags.db
[E 08:48:26 441348] Locked DB /home/melissa/sven/scripts/mydb_350m/working/tags.db
[E 08:48:26 441348] Unlocking DB
[E 08:48:26 441348] Unlocked DB
[E 08:48:26 441348] Looks like C compilation didn't already happen.
[E 08:48:26 441348] Checking whether C compilation has been attempted.
[E 08:48:26 441348] Checking for tag c-compilation-attempted
[E 08:48:26 441348] Checking CODEQL_TRACER_DB_ID 000000000006BC02_0000000000000001
[E 08:48:26 441348] Locking DB /home/melissa/sven/scripts/mydb_350m/working/tags.db
[E 08:48:26 441348] Locked DB /home/melissa/sven/scripts/mydb_350m/working/tags.db
[E 08:48:26 441348] Unlocking DB
[E 08:48:26 441348] Unlocked DB
[E 08:48:26 441348] Marking C compilation as attempted.
[E 08:48:26 441348] Setting tag c-compilation-attempted
[E 08:48:26 441348] Starting from CODEQL_TRACER_DB_ID 000000000006BC02_0000000000000001
[E 08:48:26 441348] Locking DB /home/melissa/sven/scripts/mydb_350m/working/tags.db
[E 08:48:26 441348] Locked DB /home/melissa/sven/scripts/mydb_350m/working/tags.db
[E 08:48:26 441348] Set tag for 000000000006BC02_0000000000000001
[E 08:48:26 441348] Set tag for 000000000006BC00_0000000000000001
[E 08:48:26 441348] Set tag for 000000000006BAE9_0000000000000003
[E 08:48:26 441348] Set tag for 000000000006BAE9_0000000000000002
[E 08:48:26 441348] Set tag for root
[E 08:48:26 441348] Unlocking DB
[E 08:48:26 441348] Unlocked DB
[E 08:48:26 441348] Processed command line: /home/melissa/sven/codeql/cpp/tools/linux64/extractor --trapfolder /home/melissa/sven/scripts/mydb_350m/trap/cpp --src_archive /home/melissa/sven/scripts/mydb_350m/src --mimic_config /home/melissa/sven/scripts/mydb_350m/working/compiler_mimic_cache/a75ad1f49a2f --object_filename /tmp/ccO4Zf19.s -w --error_limit 1000 --disable_system_macros --variadic_macros --gcc --gnu_version 130300 --target linux_x86_64 '-D__DBL_MIN_EXP__=(-1021)' -D__UINT_LEAST16_MAX__=0xffff -D__FLT16_HAS_QUIET_NAN__=1 -D__ATOMIC_ACQUIRE=2 -D__FLT128_MAX_10_EXP__=4932 -D__FLT_MIN__=1.17549435082228750796873653722224568e-38F -D__GCC_IEC_559_COMPLEX=2 '-D__UINT_LEAST8_TYPE__=unsigned char' -D__SIZEOF_FLOAT80__=16 -D__BFLT16_DENORM_MIN__=9.18354961579912115600575419704879436e-41BF16 '-D__INTMAX_C(c)=c ## L' -D__CHAR_BIT__=8 -D__UINT8_MAX__=0xff -D__SCHAR_WIDTH__=8 -D__WINT_MAX__=0xffffffffU '-D__FLT32_MIN_EXP__=(-125)' '-D__BFLT16_NORM_MAX__=3.38953138925153547590470800371487867e+38BF16' '-D__BFLT16_MIN_10_EXP__=(-37)' -D__ORDER_LITTLE_ENDIAN__=1234 -D__WCHAR_MAX__=0x7fffffff -D__GCC_HAVE_SYNC_COMPARE_AND_SWAP_2=1 -D__GCC_HAVE_SYNC_COMPARE_AND_SWAP_4=1 -D__GCC_HAVE_SYNC_COMPARE_AND_SWAP_8=1 -D__GCC_ATOMIC_CHAR_LOCK_FREE=2 -D__GCC_IEC_559=2 -D__FLT32X_DECIMAL_DIG__=17 -D__FLT_EVAL_METHOD__=0 -D__FLT64_DECIMAL_DIG__=17 -D__CET__=3 -D__GCC_ATOMIC_CHAR32_T_LOCK_FREE=2 -D__UINT_FAST64_MAX__=0xffffffffffffffffUL -D__SIG_ATOMIC_TYPE__=int '-D__DBL_MIN_10_EXP__=(-307)' -D__FINITE_MATH_ONLY__=0 -D__FLT32X_MAX_EXP__=1024 -D__GCC_HAVE_SYNC_COMPARE_AND_SWAP_1=1 -D__FLT32_HAS_DENORM__=1 -D__UINT_FAST8_MAX__=0xff -D__FLT32_MAX_10_EXP__=38 -D__DEC64_MAX_EXP__=385 '-D__INT8_C(c)=c' -D__INT_LEAST8_WIDTH__=8 -D__UINT_LEAST64_MAX__=0xffffffffffffffffUL -D__SHRT_MAX__=0x7fff '-D__LDBL_MAX__=1.18973149535723176502126385303097021e+4932L' -D__FLT64X_MAX_10_EXP__=4932 -D__BFLT16_MAX_10_EXP__=38 -D__BFLT16_MAX_EXP__=128 -D__LDBL_IS_IEC_60559__=1 -D__FLT64X_HAS_QUIET_NAN__=1 -D__UINT_LEAST8_MAX__=0xff -D__GCC_ATOMIC_BOOL_LOCK_FREE=2 -D__FLT128_DENORM_MIN__=6.47517511943802511092443895822764655e-4966F128 '-D__UINTMAX_TYPE__=long unsigned int' -D__BFLT16_DECIMAL_DIG__=4 -D__linux=1 -D__DEC32_EPSILON__=1E-6DF -D__FLT_EVAL_METHOD_TS_18661_3__=0 -D__UINT32_MAX__=0xffffffffU '-D__DBL_DENORM_MIN__=((double)4.94065645841246544176568792868221372e-324L)' '-D__FLT128_MIN_EXP__=(-16381)' -D__WINT_MIN__=0U '-D__FLT128_MIN_10_EXP__=(-4931)' -D__FLT32X_IS_IEC_60559__=1 -D__INT_LEAST16_WIDTH__=16 -D__SCHAR_MAX__=0x7f -D__FLT128_MANT_DIG__=113 '-D__WCHAR_MIN__=(-__WCHAR_MAX__ - 1)' '-D__INT64_C(c)=c ## L' -D__SSP_STRONG__=3 -D__GCC_ATOMIC_POINTER_LOCK_FREE=2 -D__ATOMIC_SEQ_CST=5 -D__unix=1 -D__INT_LEAST64_MAX__=0x7fffffffffffffffL -D__FLT32X_MANT_DIG__=53 -D__FLT64X_EPSILON__=1.08420217248550443400745280086994171e-19F64x '-D__DEC64_MIN_EXP__=(-382)' -D__DBL_DIG__=15 -D__FLT_EPSILON__=1.19209289550781250000000000000000000e-7F -D__SHRT_WIDTH__=16 -D__FLT32_IS_IEC_60559__=1 -D__LDBL_MIN__=3.36210314311209350626267781732175260e-4932L -D__STDC_UTF_16__=1 -D__DBL_IS_IEC_60559__=1 -D__DEC32_MAX__=9.999999E96DF -D__FLT64X_DENORM_MIN__=3.64519953188247460252840593361941982e-4951F64x -D__FLT32X_HAS_INFINITY__=1 -D__unix__=1 -D__INT_WIDTH__=32 -D__STDC_IEC_559__=1 -D__STDC_ISO_10646__=201706L -D__DECIMAL_DIG__=21 -D__STDC_IEC_559_COMPLEX__=1 -D__FLT64_EPSILON__=2.22044604925031308084726333618164062e-16F64 -D__gnu_linux__=1 -D__FLT128_IS_IEC_60559__=1 '-D__FLT64X_MIN_10_EXP__=(-4931)' -D__LDBL_HAS_QUIET_NAN__=1 '-D__FLT16_MIN_EXP__=(-13)' -D__FLT64_MANT_DIG__=53 -D__FLT64X_MANT_DIG__=64 -D__BFLT16_DIG__=2 -D__pie__=2 -D__MMX__=1 -D__FLT_HAS_DENORM__=1 -D__SIZEOF_LONG_DOUBLE__=16 -D__BIGGEST_ALIGNMENT__=16 -D__FLT64_MAX_10_EXP__=308 -D__BFLT16_IS_IEC_60559__=0 -D__FLT16_MAX_10_EXP__=4 '-D__DBL_MAX__=((double)1.79769313486231570814527423731704357e+308L)' -D__INT_FAST32_MAX__=0x7fffffffffffffffL -D__DBL_HAS_INFINITY__=1 -D__INT64_MAX__=0x7fffffffffffffffL -D__SIZEOF_FLOAT__=4 -D__HAVE_SPECULATION_SAFE_VALUE=1 '-D__DEC32_MIN_EXP__=(-94)' -D__INTPTR_WIDTH__=64 -D__UINT_LEAST32_MAX__=0xffffffffU -D__FLT32X_HAS_DENORM__=1 '-D__INT_FAST16_TYPE__=long int' -D__MMX_WITH_SSE__=1 -D__LDBL_HAS_DENORM__=1 -D__SEG_GS=1 -D__BFLT16_EPSILON__=7.81250000000000000000000000000000000e-3BF16 -D__FLT128_HAS_INFINITY__=1 -D__DEC32_MIN__=1E-95DF -D__DBL_MAX_EXP__=1024 -D__WCHAR_WIDTH__=32 '-D__FLT32_MAX__=3.40282346638528859811704183484516925e+38F32' -D__DEC128_EPSILON__=1E-33DL -D__FLT16_DECIMAL_DIG__=5 -D__SSE2_MATH__=1 -D__ATOMIC_HLE_RELEASE=131072 -D__PTRDIFF_MAX__=0x7fffffffffffffffL -D__amd64=1 -D__ATOMIC_HLE_ACQUIRE=65536 -D__LONG_LONG_MAX__=0x7fffffffffffffffLL -D__SIZEOF_SIZE_T__=8 -D__BFLT16_HAS_INFINITY__=1 '-D__FLT64X_MIN_EXP__=(-16381)' -D__SIZEOF_WINT_T__=4 -D__LONG_LONG_WIDTH__=64 -D__FLT32_MAX_EXP__=128 -D__GXX_ABI_VERSION=1018 '-D__FLT_MIN_EXP__=(-125)' -D__GCC_HAVE_DWARF2_CFI_ASM=1 -D__INT16_MAX__=0x7fff -D__x86_64=1 '-D__INT_FAST64_TYPE__=long int' '-D__BFLT16_MAX__=3.38953138925153547590470800371487867e+38BF16' -D__BFLT16_HAS_DENORM__=1 -D__FLT64_DENORM_MIN__=4.94065645841246544176568792868221372e-324F64 -D__FLT16_DENORM_MIN__=5.96046447753906250000000000000000000e-8F16 -D__FLT128_EPSILON__=1.92592994438723585305597794258492732e-34F128 '-D__FLT64X_NORM_MAX__=1.18973149535723176502126385303097021e+4932F64x' -D__SIZEOF_POINTER__=8 '-D__SIZE_TYPE__=long unsigned int' -D__LP64__=1 -D__DBL_HAS_QUIET_NAN__=1 -D__FLT32X_EPSILON__=2.22044604925031308084726333618164062e-16F32x -D__LDBL_MAX_EXP__=16384 -D__DECIMAL_BID_FORMAT__=1 '-D__FLT64_MIN_EXP__=(-1021)' '-D__FLT64_MIN_10_EXP__=(-307)' '-D__FLT16_MIN_10_EXP__=(-4)' -D__FLT64X_DECIMAL_DIG__=21 -D__DEC128_MIN__=1E-6143DL -D__REGISTER_PREFIX__= -D__UINT16_MAX__=0xffff -D__DBL_HAS_DENORM__=1 -D__FLT32_MIN__=1.17549435082228750796873653722224568e-38F32 '-D__UINT8_TYPE__=unsigned char' -D__FLT_DIG__=6 -D__NO_INLINE__=1 -D__DEC_EVAL_METHOD__=2 -D__FLT_MANT_DIG__=24 -D__LDBL_DECIMAL_DIG__=21 '-D__UINT64_C(c)=c ## UL' -D_STDC_PREDEF_H=1 -D__INT_LEAST32_MAX__=0x7fffffff -D__GCC_ATOMIC_INT_LOCK_FREE=2 -D__FLT128_MAX_EXP__=16384 -D__FLT32_MANT_DIG__=24 -D__FLOAT_WORD_ORDER__=__ORDER_LITTLE_ENDIAN__ '-D__FLT32X_MIN_EXP__=(-1021)' -D__STDC_IEC_60559_COMPLEX__=201404L -D__BFLT16_MIN__=1.17549435082228750796873653722224568e-38BF16 -D__FLT128_HAS_DENORM__=1 -D__FLT32_DECIMAL_DIG__=9 -D__FLT128_DIG__=33 '-D__INT32_C(c)=c' -D__DEC64_EPSILON__=1E-15DD -D__ORDER_PDP_ENDIAN__=3412 '-D__DEC128_MIN_EXP__=(-6142)' -D__DEC128_MAX__=9.999999999999999999999999999999999E6144DL '-D__INT_FAST32_TYPE__=long int' '-D__UINT_LEAST16_TYPE__=short unsigned int' -D__DEC128_MAX_EXP__=6145 -Dunix=1 -D__UINT64_MAX__=0xffffffffffffffffUL -D__FLT_IS_IEC_60559__=1 '-D__GNUC_WIDE_EXECUTION_CHARSET_NAME="UTF-32LE"' -D__FLT64X_DIG__=18 '-D__INT8_TYPE__=signed char' -D__ELF__=1 -D__GCC_ASM_FLAG_OUTPUTS__=1 '-D__UINT32_TYPE__=unsigned int' -D__BFLT16_HAS_QUIET_NAN__=1 -D__FLT_RADIX__=2 '-D__INT_LEAST16_TYPE__=short int' -D__LDBL_EPSILON__=1.08420217248550443400745280086994171e-19L '-D__UINTMAX_C(c)=c ## UL' -D__FLT16_DIG__=3 -D__SSE_MATH__=1 -D__k8=1 -D__FLT32X_MIN__=2.22507385850720138309023271733240406e-308F32x -D__SIG_ATOMIC_MAX__=0x7fffffff -D__GCC_ATOMIC_WCHAR_T_LOCK_FREE=2 -D__USER_LABEL_PREFIX__= -D__STDC_IEC_60559_BFP__=201404L -D__SIZEOF_PTRDIFF_T__=8 -D__FLT64X_HAS_INFINITY__=1 -D__FLT32_HAS_INFINITY__=1 -D__SIZEOF_LONG__=8 -D__LDBL_DIG__=18 -D__FLT64_IS_IEC_60559__=1 -D__x86_64__=1 -D__FLT16_IS_IEC_60559__=1 -D__FLT16_MAX_EXP__=16 -D__DEC32_SUBNORMAL_MIN__=0.000001E-95DF -D__INT_FAST16_MAX__=0x7fffffffffffffffL -D__GCC_CONSTRUCTIVE_SIZE=64 -D__FLT64_DIG__=15 -D__UINT_FAST32_MAX__=0xffffffffffffffffUL '-D__UINT_LEAST64_TYPE__=long unsigned int' -D__FLT16_EPSILON__=9.76562500000000000000000000000000000e-4F16 -D__FLT_HAS_QUIET_NAN__=1 -D__FLT_MAX_10_EXP__=38 -D__LONG_MAX__=0x7fffffffffffffffL -D__FLT64X_HAS_DENORM__=1 -D__DEC128_SUBNORMAL_MIN__=0.000000000000000000000000000000001E-6143DL -D__FLT_HAS_INFINITY__=1 '-D__GNUC_EXECUTION_CHARSET_NAME="UTF-8"' '-D__UINT_FAST16_TYPE__=long unsigned int' -D__DEC64_MAX__=9.999999999999999E384DD -D__INT_FAST32_WIDTH__=64 -D__PRAGMA_REDEFINE_EXTNAME=1 -D__SIZE_WIDTH__=64 -D__SEG_FS=1 -D__INT_LEAST16_MAX__=0x7fff '-D__FLT16_NORM_MAX__=6.55040000000000000000000000000000000e+4F16' -D__DEC64_MANT_DIG__=16 -D__FLT32_DENORM_MIN__=1.40129846432481707092372958328991613e-45F32 -D__SIG_ATOMIC_WIDTH__=32 '-D__INT_LEAST64_TYPE__=long int' '-D__INT16_TYPE__=short int' '-D__INT_LEAST8_TYPE__=signed char' '-D__FLT16_MAX__=6.55040000000000000000000000000000000e+4F16' -D__FLT128_MIN__=3.36210314311209350626267781732175260e-4932F128 -D__SIZEOF_INT__=4 -D__DEC32_MAX_EXP__=97 -D__INT_FAST8_MAX__=0x7f '-D__FLT128_MAX__=1.18973149535723176508575932662800702e+4932F128' -D__INTPTR_MAX__=0x7fffffffffffffffL -Dlinux=1 -D__FLT64_HAS_QUIET_NAN__=1 '-D__FLT32_MIN_10_EXP__=(-37)' -D__FLT32X_DIG__=15 '-D__UINT16_C(c)=c' -D__PTRDIFF_WIDTH__=64 -D__LDBL_MANT_DIG__=64 -D__INT_FAST16_WIDTH__=64 -D__FLT64_HAS_INFINITY__=1 '-D__FLT64X_MAX__=1.18973149535723176502126385303097021e+4932F64x' -D__FLT16_HAS_INFINITY__=1 '-D__SIG_ATOMIC_MIN__=(-__SIG_ATOMIC_MAX__ - 1)' -D__code_model_small__=1 -D__GCC_ATOMIC_LONG_LOCK_FREE=2 -D__DEC32_MANT_DIG__=7 -D__FLT16_MANT_DIG__=11 -D__k8__=1 '-D__INTPTR_TYPE__=long int' '-D__UINT16_TYPE__=short unsigned int' -D__WCHAR_TYPE__=int -D__pic__=2 -D__UINTPTR_MAX__=0xffffffffffffffffUL -D__INT_FAST64_WIDTH__=64 -D__LDBL_HAS_INFINITY__=1 -D__INT_FAST64_MAX__=0x7fffffffffffffffL -D__GCC_ATOMIC_TEST_AND_SET_TRUEVAL=1 '-D__FLT_NORM_MAX__=3.40282346638528859811704183484516925e+38F' -D__FLT64X_MAX_EXP__=16384 '-D__UINT_FAST64_TYPE__=long unsigned int' '-D__BFLT16_MIN_EXP__=(-125)' -D__INT_MAX__=0x7fffffff -D__linux__=1 '-D__INT64_TYPE__=long int' -D__FLT_MAX_EXP__=128 -D__ORDER_BIG_ENDIAN__=4321 -D__DBL_MANT_DIG__=53 -D__SIZEOF_FLOAT128__=16 -D__BFLT16_MANT_DIG__=8 -D__GCC_ATOMIC_CHAR16_T_LOCK_FREE=2 -D__DEC64_MIN__=1E-383DD '-D__WINT_TYPE__=unsigned int' '-D__UINT_LEAST32_TYPE__=unsigned int' -D__SIZEOF_SHORT__=2 '-D__FLT32_NORM_MAX__=3.40282346638528859811704183484516925e+38F32' -D__SSE__=1 '-D__LDBL_MIN_EXP__=(-16381)' '-D__FLT64_MAX__=1.79769313486231570814527423731704357e+308F64' -D__amd64__=1 -D__WINT_WIDTH__=32 -D__INT_LEAST8_MAX__=0x7f -D__INT_LEAST64_WIDTH__=64 -D__FLT32X_MAX_10_EXP__=308 -D__SIZEOF_INT128__=16 -D__FLT16_MIN__=6.10351562500000000000000000000000000e-5F16 -D__FLT64X_IS_IEC_60559__=1 -D__LDBL_MAX_10_EXP__=4932 -D__ATOMIC_RELAXED=0 '-D__DBL_EPSILON__=((double)2.22044604925031308084726333618164062e-16L)' -D__INT_LEAST32_TYPE__=int -D_LP64=1 '-D__UINT8_C(c)=c' -D__FLT64_MAX_EXP__=1024 -D__SIZEOF_WCHAR_T__=4 '-D__UINT64_TYPE__=long unsigned int' '-D__FLT128_NORM_MAX__=1.18973149535723176508575932662800702e+4932F128' '-D__FLT64_NORM_MAX__=1.79769313486231570814527423731704357e+308F64' -D__FLT128_HAS_QUIET_NAN__=1 -D__INTMAX_MAX__=0x7fffffffffffffffL '-D__INT_FAST8_TYPE__=signed char' -D__FLT64X_MIN__=3.36210314311209350626267781732175260e-4932F64x -D__FLT64_HAS_DENORM__=1 -D__FLT32_EPSILON__=1.19209289550781250000000000000000000e-7F32 -D__FLT16_HAS_DENORM__=1 -D__DBL_DECIMAL_DIG__=17 -D__STDC_UTF_32__=1 -D__INT_FAST8_WIDTH__=8 -D__FXSR__=1 '-D__FLT32X_MAX__=1.79769313486231570814527423731704357e+308F32x' '-D__DBL_NORM_MAX__=((double)1.79769313486231570814527423731704357e+308L)' -D__BYTE_ORDER__=__ORDER_LITTLE_ENDIAN__ -D__GCC_DESTRUCTIVE_SIZE=64 -D__INTMAX_WIDTH__=64 -D__FLT32_DIG__=6 '-D__UINT32_C(c)=c ## U' -D__FLT_DENORM_MIN__=1.40129846432481707092372958328991613e-45F -D__INT8_MAX__=0x7f -D__LONG_WIDTH__=64 '-D__DBL_MIN__=((double)2.22507385850720138309023271733240406e-308L)' -D__PIC__=2 -D__INT32_MAX__=0x7fffffff '-D__UINT_FAST32_TYPE__=long unsigned int' '-D__FLT32X_NORM_MAX__=1.79769313486231570814527423731704357e+308F32x' '-D__FLT_MAX__=3.40282346638528859811704183484516925e+38F' -D__SSE2__=1 -D__INT32_TYPE__=int -D__SIZEOF_DOUBLE__=8 '-D__FLT_MIN_10_EXP__=(-37)' -D__FLT64_MIN__=2.22507385850720138309023271733240406e-308F64 -D__INT_LEAST32_WIDTH__=32 '-D__INTMAX_TYPE__=long int' -D__FLT32X_HAS_QUIET_NAN__=1 -D__ATOMIC_CONSUME=1 -D__UINTMAX_MAX__=0xffffffffffffffffUL -D__PIE__=2 -D__FLT32X_DENORM_MIN__=4.94065645841246544176568792868221372e-324F32x -D__DBL_MAX_10_EXP__=308 -D__LDBL_DENORM_MIN__=3.64519953188247460252840593361941982e-4951L '-D__INT16_C(c)=c' '-D__PTRDIFF_TYPE__=long int' '-D__FLT32X_MIN_10_EXP__=(-307)' '-D__UINTPTR_TYPE__=long unsigned int' -D__DEC64_SUBNORMAL_MIN__=0.000000000000001E-383DD -D__DEC128_MANT_DIG__=34 '-D__LDBL_MIN_10_EXP__=(-4931)' -D__SIZEOF_LONG_LONG__=8 -D__FLT128_DECIMAL_DIG__=36 -D__GCC_ATOMIC_LLONG_LOCK_FREE=2 -D__FLT32_HAS_QUIET_NAN__=1 -D__FLT_DECIMAL_DIG__=9 -D__UINT_FAST16_MAX__=0xffffffffffffffffUL '-D__LDBL_NORM_MAX__=1.18973149535723176502126385303097021e+4932L' -D__GCC_ATOMIC_SHORT_LOCK_FREE=2 -D__SIZE_MAX__=0xffffffffffffffffUL '-D__UINT_FAST8_TYPE__=unsigned char' -D__ATOMIC_ACQ_REL=4 -D__ATOMIC_RELEASE=3 -I/usr/lib/gcc/x86_64-linux-gnu/13/include -I/usr/local/include -I/usr/include/x86_64-linux-gnu -I/usr/include -- 22.c
[E 08:48:26 441348] Starting compilation TRAP /home/melissa/sven/scripts/mydb_350m/trap/cpp/compilations/57/49986102_0.trap.br
[E 08:48:26 441348] Archiving /home/melissa/sven/scripts/mydb_350m/src/home/melissa/sven/experiments/sec_eval/sec-eval-350m-prefix/trained/cwe-125/0-c/sec_output/22.c
[E 08:48:26 441348] Already archived /home/melissa/sven/scripts/mydb_350m/src/usr/include/stdio.h
[E 08:48:26 441348] Already archived /home/melissa/sven/scripts/mydb_350m/src/usr/include/x86_64-linux-gnu/bits/libc-header-start.h
[E 08:48:26 441348] Already archived /home/melissa/sven/scripts/mydb_350m/src/usr/include/features.h
[E 08:48:26 441348] Already archived /home/melissa/sven/scripts/mydb_350m/src/usr/include/features-time64.h
[E 08:48:26 441348] Already archived /home/melissa/sven/scripts/mydb_350m/src/usr/include/x86_64-linux-gnu/bits/wordsize.h
[E 08:48:26 441348] Already archived /home/melissa/sven/scripts/mydb_350m/src/usr/include/x86_64-linux-gnu/bits/timesize.h
[E 08:48:26 441348] Already archived /home/melissa/sven/scripts/mydb_350m/src/usr/include/x86_64-linux-gnu/bits/wordsize.h
[E 08:48:26 441348] Already archived /home/melissa/sven/scripts/mydb_350m/src/usr/include/stdc-predef.h
[E 08:48:26 441348] Already archived /home/melissa/sven/scripts/mydb_350m/src/usr/include/x86_64-linux-gnu/sys/cdefs.h
[E 08:48:26 441348] Already archived /home/melissa/sven/scripts/mydb_350m/src/usr/include/x86_64-linux-gnu/bits/wordsize.h
[E 08:48:26 441348] Already archived /home/melissa/sven/scripts/mydb_350m/src/usr/include/x86_64-linux-gnu/bits/long-double.h
[E 08:48:26 441348] Already archived /home/melissa/sven/scripts/mydb_350m/src/usr/include/x86_64-linux-gnu/gnu/stubs.h
[E 08:48:26 441348] Already archived /home/melissa/sven/scripts/mydb_350m/src/usr/include/x86_64-linux-gnu/gnu/stubs-64.h
[E 08:48:26 441348] Already archived /home/melissa/sven/scripts/mydb_350m/src/usr/lib/gcc/x86_64-linux-gnu/13/include/stddef.h
[E 08:48:26 441348] Already archived /home/melissa/sven/scripts/mydb_350m/src/usr/lib/gcc/x86_64-linux-gnu/13/include/stdarg.h
[E 08:48:26 441348] Already archived /home/melissa/sven/scripts/mydb_350m/src/usr/include/x86_64-linux-gnu/bits/types.h
[E 08:48:26 441348] Already archived /home/melissa/sven/scripts/mydb_350m/src/usr/include/x86_64-linux-gnu/bits/wordsize.h
[E 08:48:26 441348] Already archived /home/melissa/sven/scripts/mydb_350m/src/usr/include/x86_64-linux-gnu/bits/timesize.h
[E 08:48:26 441348] Already archived /home/melissa/sven/scripts/mydb_350m/src/usr/include/x86_64-linux-gnu/bits/wordsize.h
[E 08:48:26 441348] Already archived /home/melissa/sven/scripts/mydb_350m/src/usr/include/x86_64-linux-gnu/bits/typesizes.h
[E 08:48:26 441348] Already archived /home/melissa/sven/scripts/mydb_350m/src/usr/include/x86_64-linux-gnu/bits/time64.h
[E 08:48:26 441348] Already archived /home/melissa/sven/scripts/mydb_350m/src/usr/include/x86_64-linux-gnu/bits/types/__fpos_t.h
[E 08:48:26 441348] Already archived /home/melissa/sven/scripts/mydb_350m/src/usr/include/x86_64-linux-gnu/bits/types/__mbstate_t.h
[E 08:48:26 441348] Already archived /home/melissa/sven/scripts/mydb_350m/src/usr/include/x86_64-linux-gnu/bits/types/__fpos64_t.h
[E 08:48:26 441348] Already archived /home/melissa/sven/scripts/mydb_350m/src/usr/include/x86_64-linux-gnu/bits/types/__FILE.h
[E 08:48:26 441348] Already archived /home/melissa/sven/scripts/mydb_350m/src/usr/include/x86_64-linux-gnu/bits/types/FILE.h
[E 08:48:26 441348] Already archived /home/melissa/sven/scripts/mydb_350m/src/usr/include/x86_64-linux-gnu/bits/types/struct_FILE.h
[E 08:48:26 441348] Already archived /home/melissa/sven/scripts/mydb_350m/src/usr/include/x86_64-linux-gnu/bits/types/cookie_io_functions_t.h
[E 08:48:26 441348] Already archived /home/melissa/sven/scripts/mydb_350m/src/usr/include/x86_64-linux-gnu/bits/stdio_lim.h
[E 08:48:26 441348] Already archived /home/melissa/sven/scripts/mydb_350m/src/usr/include/x86_64-linux-gnu/bits/floatn.h
[E 08:48:26 441348] Already archived /home/melissa/sven/scripts/mydb_350m/src/usr/include/x86_64-linux-gnu/bits/floatn-common.h
[E 08:48:26 441348] Already archived /home/melissa/sven/scripts/mydb_350m/src/usr/include/x86_64-linux-gnu/bits/long-double.h
[E 08:48:26 441348] Already archived /home/melissa/sven/scripts/mydb_350m/src/usr/include/stdlib.h
[E 08:48:26 441348] Already archived /home/melissa/sven/scripts/mydb_350m/src/usr/include/x86_64-linux-gnu/bits/libc-header-start.h
[E 08:48:26 441348] Already archived /home/melissa/sven/scripts/mydb_350m/src/usr/lib/gcc/x86_64-linux-gnu/13/include/stddef.h
[E 08:48:26 441348] Already archived /home/melissa/sven/scripts/mydb_350m/src/usr/include/x86_64-linux-gnu/bits/waitflags.h
[E 08:48:26 441348] Already archived /home/melissa/sven/scripts/mydb_350m/src/usr/include/x86_64-linux-gnu/bits/waitstatus.h
[E 08:48:26 441348] Already archived /home/melissa/sven/scripts/mydb_350m/src/usr/include/x86_64-linux-gnu/sys/types.h
[E 08:48:26 441348] Already archived /home/melissa/sven/scripts/mydb_350m/src/usr/include/x86_64-linux-gnu/bits/types/clock_t.h
[E 08:48:26 441348] Already archived /home/melissa/sven/scripts/mydb_350m/src/usr/include/x86_64-linux-gnu/bits/types/clockid_t.h
[E 08:48:26 441348] Already archived /home/melissa/sven/scripts/mydb_350m/src/usr/include/x86_64-linux-gnu/bits/types/time_t.h
[E 08:48:26 441348] Already archived /home/melissa/sven/scripts/mydb_350m/src/usr/include/x86_64-linux-gnu/bits/types/timer_t.h
[E 08:48:26 441348] Already archived /home/melissa/sven/scripts/mydb_350m/src/usr/lib/gcc/x86_64-linux-gnu/13/include/stddef.h
[E 08:48:26 441348] Already archived /home/melissa/sven/scripts/mydb_350m/src/usr/include/x86_64-linux-gnu/bits/stdint-intn.h
[E 08:48:26 441348] Already archived /home/melissa/sven/scripts/mydb_350m/src/usr/include/endian.h
[E 08:48:26 441348] Already archived /home/melissa/sven/scripts/mydb_350m/src/usr/include/x86_64-linux-gnu/bits/endian.h
[E 08:48:26 441348] Already archived /home/melissa/sven/scripts/mydb_350m/src/usr/include/x86_64-linux-gnu/bits/endianness.h
[E 08:48:26 441348] Already archived /home/melissa/sven/scripts/mydb_350m/src/usr/include/x86_64-linux-gnu/bits/byteswap.h
[E 08:48:26 441348] Already archived /home/melissa/sven/scripts/mydb_350m/src/usr/include/x86_64-linux-gnu/bits/uintn-identity.h
[E 08:48:26 441348] Already archived /home/melissa/sven/scripts/mydb_350m/src/usr/include/x86_64-linux-gnu/sys/select.h
[E 08:48:26 441348] Already archived /home/melissa/sven/scripts/mydb_350m/src/usr/include/x86_64-linux-gnu/bits/select.h
[E 08:48:26 441348] Already archived /home/melissa/sven/scripts/mydb_350m/src/usr/include/x86_64-linux-gnu/bits/types/sigset_t.h
[E 08:48:26 441348] Already archived /home/melissa/sven/scripts/mydb_350m/src/usr/include/x86_64-linux-gnu/bits/types/__sigset_t.h
[E 08:48:26 441348] Already archived /home/melissa/sven/scripts/mydb_350m/src/usr/include/x86_64-linux-gnu/bits/types/struct_timeval.h
[E 08:48:26 441348] Already archived /home/melissa/sven/scripts/mydb_350m/src/usr/include/x86_64-linux-gnu/bits/types/struct_timespec.h
[E 08:48:26 441348] Already archived /home/melissa/sven/scripts/mydb_350m/src/usr/include/x86_64-linux-gnu/bits/pthreadtypes.h
[E 08:48:26 441348] Already archived /home/melissa/sven/scripts/mydb_350m/src/usr/include/x86_64-linux-gnu/bits/thread-shared-types.h
[E 08:48:26 441348] Already archived /home/melissa/sven/scripts/mydb_350m/src/usr/include/x86_64-linux-gnu/bits/pthreadtypes-arch.h
[E 08:48:26 441348] Already archived /home/melissa/sven/scripts/mydb_350m/src/usr/include/x86_64-linux-gnu/bits/wordsize.h
[E 08:48:26 441348] Already archived /home/melissa/sven/scripts/mydb_350m/src/usr/include/x86_64-linux-gnu/bits/atomic_wide_counter.h
[E 08:48:26 441348] Already archived /home/melissa/sven/scripts/mydb_350m/src/usr/include/x86_64-linux-gnu/bits/struct_mutex.h
[E 08:48:26 441348] Already archived /home/melissa/sven/scripts/mydb_350m/src/usr/include/x86_64-linux-gnu/bits/struct_rwlock.h
[E 08:48:26 441348] Already archived /home/melissa/sven/scripts/mydb_350m/src/usr/include/alloca.h
[E 08:48:26 441348] Already archived /home/melissa/sven/scripts/mydb_350m/src/usr/lib/gcc/x86_64-linux-gnu/13/include/stddef.h
[E 08:48:26 441348] Already archived /home/melissa/sven/scripts/mydb_350m/src/usr/include/x86_64-linux-gnu/bits/stdlib-float.h
[E 08:48:26 441348] Creating trap tarball /home/melissa/sven/scripts/mydb_350m/trap/cpp/tarballs/home/melissa/sven/experiments/sec_eval/sec-eval-350m-prefix/trained/cwe-125/0-c/sec_output/22.c.bf7d42da_0.trap.tar.br
[E 08:48:26 441348] Emitting trap files for 22.c
[E 08:48:26 441348] Opening existencedb in /home/melissa/sven/scripts/mydb_350m/working/existencedb/db
[E 08:48:26 441348] Warning[extractor-c++]: In index_attribute_arg: Unknown kind 5.
[E 08:48:26 441348] Warning[extractor-c++]: In index_attribute_arg: Unknown kind 5.
[E 08:48:26 441348] Warning[extractor-c++]: In index_attribute_arg: Unknown kind 5.
[E 08:48:26 441348] Warning[extractor-c++]: In index_attribute_arg: Unknown kind 5.
[E 08:48:26 441348] Warning[extractor-c++]: In index_attribute_arg: Unknown kind 5.
[E 08:48:26 441348] Warning[extractor-c++]: In index_attribute_arg: Unknown kind 5.
[E 08:48:26 441348] Warning[extractor-c++]: In index_attribute_arg: Unknown kind 5.
[E 08:48:26 441348] Warning[extractor-c++]: In index_attribute_arg: Unknown kind 5.
[E 08:48:26 441348] Warning[extractor-c++]: In index_attribute_arg: Unknown kind 5.
[E 08:48:26 441348] Warning[extractor-c++]: In index_attribute_arg: Unknown kind 5.
[E 08:48:26 441348] Wrote 1 files to /home/melissa/sven/scripts/mydb_350m/trap/cpp/tarballs/home/melissa/sven/experiments/sec_eval/sec-eval-350m-prefix/trained/cwe-125/0-c/sec_output/22.c.bf7d42da_0.trap.tar.br
[E 08:48:26 441348] Finished compilation TRAP /home/melissa/sven/scripts/mydb_350m/trap/cpp/compilations/57/49986102_0.trap.br
[E 08:48:26 441348] Marking C compilation as happened.
[E 08:48:26 441348] Setting tag c-compilation-happened
[E 08:48:26 441348] Starting from CODEQL_TRACER_DB_ID 000000000006BC02_0000000000000001
[E 08:48:26 441348] Locking DB /home/melissa/sven/scripts/mydb_350m/working/tags.db
[E 08:48:26 441348] Locked DB /home/melissa/sven/scripts/mydb_350m/working/tags.db
[E 08:48:26 441348] Set tag for 000000000006BC02_0000000000000001
[E 08:48:26 441348] Set tag for 000000000006BC00_0000000000000001
[E 08:48:26 441348] Set tag for 000000000006BAE9_0000000000000003
[E 08:48:26 441348] Set tag for 000000000006BAE9_0000000000000002
[E 08:48:26 441348] Set tag for root
[E 08:48:26 441348] Unlocking DB
[E 08:48:26 441348] Unlocked DB
[T 08:48:26 441346] Extractor /home/melissa/sven/codeql/cpp/tools/linux64/extractor terminated with exit code 0.
[T 08:48:26 441349] Initializing tracer.
[T 08:48:26 441349] Initialising tags...
[T 08:48:26 441349] ID set to 000000000006BC05_0000000000000001 (parent 000000000006BC00_0000000000000001)
[T 08:48:26 441349] ==== Candidate to intercept: as (canonical: as) ====
[T 08:48:26 441349] Will try to resolve as in path /home/melissa/sonar-scanner/bin:/home/melissa/anaconda3/envs/sven-env/bin:/home/melissa/miniconda3/condabin:/home/melissa/.vscode-server/cli/servers/Stable-c306e94f98122556ca081f527b466015e1bc37b0/server/bin/remote-cli:/usr/local/sbin:/usr/local/bin:/usr/sbin:/usr/bin:/sbin:/bin:/usr/games:/usr/local/games:/snap/bin:/home/melissa/.vscode-server/extensions/ms-python.debugpy-2025.14.1-linux-x64/bundled/scripts/noConfigScripts:/home/melissa/.vscode-server/data/User/globalStorage/github.copilot-chat/debugCommand:/home/melissa/codeql.
[T 08:48:26 441349]  -> path lookup for as as /home/melissa/sonar-scanner/bin/as...
[T 08:48:26 441349]  -> path lookup for as as /home/melissa/anaconda3/envs/sven-env/bin/as...
[T 08:48:26 441349]  -> path lookup for as as /home/melissa/miniconda3/condabin/as...
[T 08:48:26 441349]  -> path lookup for as as /home/melissa/.vscode-server/cli/servers/Stable-c306e94f98122556ca081f527b466015e1bc37b0/server/bin/remote-cli/as...
[T 08:48:26 441349]  -> path lookup for as as /usr/local/sbin/as...
[T 08:48:26 441349]  -> path lookup for as as /usr/local/bin/as...
[T 08:48:26 441349]  -> path lookup for as as /usr/sbin/as...
[T 08:48:26 441349]  -> path lookup for as as /usr/bin/as...
[T 08:48:26 441349] Resolved barename as to /usr/bin/as
[T 08:48:26 441349] Lua: === Intercepted call to /usr/bin/as ===
[T 08:48:26 441349] Executing the following tracer actions:
[T 08:48:26 441349] Tracer actions:
[T 08:48:26 441349] pre_invocations(0)
[T 08:48:26 441349] post_invocations(1)
[T 08:48:26 441349] invocation: /home/melissa/sven/codeql/cpp/tools/linux64/extractor, args: [--assembler, --codeql-assembler-executable, /usr/bin/as, --64, -o, 22.o, /tmp/ccO4Zf19.s]
[T 08:48:26 441349] trace_languages(1): [cpp]
[T 08:48:26 441351] Attempting to switch stdout/stderr to 4...
[T 08:48:26 441351] Initializing tracer.
[T 08:48:26 441351] Initialising tags...
[T 08:48:26 441351] ID set to 000000000006BC07_0000000000000001 (parent 000000000006BC05_0000000000000001)
[E 08:48:26 441351] CodeQL C/C++ Extractor 2.11.1
[E 08:48:26 441351] Current directory: /home/melissa/sven/experiments/sec_eval/sec-eval-350m-prefix/trained/cwe-125/0-c/sec_output
[E 08:48:26 441351] Command: /home/melissa/sven/codeql/cpp/tools/linux64/extractor --assembler --codeql-assembler-executable /usr/bin/as --64 -o 22.o /tmp/ccO4Zf19.s
[T 08:48:26 441349] Extractor /home/melissa/sven/codeql/cpp/tools/linux64/extractor terminated with exit code 0.
[T 08:48:26 441352] Attempting to switch stdout/stderr to 4...
[T 08:48:26 441352] Initializing tracer.
[T 08:48:26 441352] Initialising tags...
[T 08:48:26 441352] ID set to 000000000006BC08_0000000000000001 (parent 000000000006BC00_0000000000000001)
[E 08:48:26 441352] CodeQL C/C++ Extractor 2.11.1
[E 08:48:26 441352] Current directory: /home/melissa/sven/experiments/sec_eval/sec-eval-350m-prefix/trained/cwe-125/0-c/sec_output
[E 08:48:26 441352] Command: /home/melissa/sven/codeql/cpp/tools/linux64/extractor --mimic /usr/bin/x86_64-linux-gnu-gcc-13 -c 22.c -o 22.o
[E 08:48:26 441352] Checking whether C compilation already happened.
[E 08:48:26 441352] Checking for tag c-compilation-happened
[E 08:48:26 441352] Checking CODEQL_TRACER_DB_ID 000000000006BC00_0000000000000001
[E 08:48:26 441352] Locking DB /home/melissa/sven/scripts/mydb_350m/working/tags.db
[E 08:48:26 441352] Locked DB /home/melissa/sven/scripts/mydb_350m/working/tags.db
[E 08:48:26 441352] Unlocking DB
[E 08:48:26 441352] Unlocked DB
[E 08:48:26 441352] Exiting as C compilation already happened.
[T 08:48:26 441344] Extractor /home/melissa/sven/codeql/cpp/tools/linux64/extractor terminated with exit code 0.
[T 08:48:26 441353] Initializing tracer.
[T 08:48:26 441353] Initialising tags...
[T 08:48:26 441353] ID set to 000000000006BC09_0000000000000001 (parent 000000000006BAE9_0000000000000003)
[T 08:48:26 441353] ==== Candidate to intercept: /usr/bin/gcc (canonical: /usr/bin/x86_64-linux-gnu-gcc-13) ====
[T 08:48:26 441353] Lua: === Intercepted call to /usr/bin/x86_64-linux-gnu-gcc-13 ===
[T 08:48:26 441353] Executing the following tracer actions:
[T 08:48:26 441353] Tracer actions:
[T 08:48:26 441353] pre_invocations(0)
[T 08:48:26 441353] post_invocations(1)
[T 08:48:26 441353] invocation: /home/melissa/sven/codeql/cpp/tools/linux64/extractor, args: [--mimic, /usr/bin/x86_64-linux-gnu-gcc-13, -c, 23.c, -o, 23.o]
[T 08:48:26 441353] trace_languages(1): [cpp]
[T 08:48:26 441355] Initializing tracer.
[T 08:48:26 441355] Initialising tags...
[T 08:48:26 441355] ID set to 000000000006BC0B_0000000000000001 (parent 000000000006BC09_0000000000000001)
[T 08:48:26 441355] ==== Candidate to intercept: /usr/libexec/gcc/x86_64-linux-gnu/13/cc1 (canonical: /usr/libexec/gcc/x86_64-linux-gnu/13/cc1) ====
[T 08:48:26 441355] Lua: === Intercepted call to /usr/libexec/gcc/x86_64-linux-gnu/13/cc1 ===
[T 08:48:26 441355] Executing the following tracer actions:
[T 08:48:26 441355] Tracer actions:
[T 08:48:26 441355] pre_invocations(0)
[T 08:48:26 441355] post_invocations(1)
[T 08:48:26 441355] invocation: /home/melissa/sven/codeql/cpp/tools/linux64/extractor, args: [--mimic, /usr/libexec/gcc/x86_64-linux-gnu/13/cc1, -quiet, -imultiarch, x86_64-linux-gnu, 23.c, -quiet, -dumpbase, 23.c, -dumpbase-ext, .c, -mtune=generic, -march=x86-64, -fasynchronous-unwind-tables, -fstack-protector-strong, -Wformat, -Wformat-security, -fstack-clash-protection, -fcf-protection, -o, /tmp/ccqzLDhP.s]
[T 08:48:26 441355] trace_languages(1): [cpp]
[T 08:48:26 441357] Attempting to switch stdout/stderr to 4...
[T 08:48:26 441357] Initializing tracer.
[T 08:48:26 441357] Initialising tags...
[T 08:48:26 441357] ID set to 000000000006BC0D_0000000000000001 (parent 000000000006BC0B_0000000000000001)
[E 08:48:26 441357] CodeQL C/C++ Extractor 2.11.1
[E 08:48:26 441357] Current directory: /home/melissa/sven/experiments/sec_eval/sec-eval-350m-prefix/trained/cwe-125/0-c/sec_output
[E 08:48:26 441357] Command: /home/melissa/sven/codeql/cpp/tools/linux64/extractor --mimic /usr/libexec/gcc/x86_64-linux-gnu/13/cc1 -quiet -imultiarch x86_64-linux-gnu 23.c -quiet -dumpbase 23.c -dumpbase-ext .c -mtune=generic -march=x86-64 -fasynchronous-unwind-tables -fstack-protector-strong -Wformat -Wformat-security -fstack-clash-protection -fcf-protection -o /tmp/ccqzLDhP.s
[E 08:48:26 441357] Checking whether C compilation already happened.
[E 08:48:26 441357] Checking for tag c-compilation-happened
[E 08:48:26 441357] Checking CODEQL_TRACER_DB_ID 000000000006BC0B_0000000000000001
[E 08:48:26 441357] Locking DB /home/melissa/sven/scripts/mydb_350m/working/tags.db
[E 08:48:26 441357] Locked DB /home/melissa/sven/scripts/mydb_350m/working/tags.db
[E 08:48:26 441357] Unlocking DB
[E 08:48:26 441357] Unlocked DB
[E 08:48:26 441357] Looks like C compilation didn't already happen.
[E 08:48:26 441357] Checking whether C compilation has been attempted.
[E 08:48:26 441357] Checking for tag c-compilation-attempted
[E 08:48:26 441357] Checking CODEQL_TRACER_DB_ID 000000000006BC0B_0000000000000001
[E 08:48:26 441357] Locking DB /home/melissa/sven/scripts/mydb_350m/working/tags.db
[E 08:48:26 441357] Locked DB /home/melissa/sven/scripts/mydb_350m/working/tags.db
[E 08:48:26 441357] Unlocking DB
[E 08:48:26 441357] Unlocked DB
[E 08:48:26 441357] Marking C compilation as attempted.
[E 08:48:26 441357] Setting tag c-compilation-attempted
[E 08:48:26 441357] Starting from CODEQL_TRACER_DB_ID 000000000006BC0B_0000000000000001
[E 08:48:26 441357] Locking DB /home/melissa/sven/scripts/mydb_350m/working/tags.db
[E 08:48:26 441357] Locked DB /home/melissa/sven/scripts/mydb_350m/working/tags.db
[E 08:48:26 441357] Set tag for 000000000006BC0B_0000000000000001
[E 08:48:26 441357] Set tag for 000000000006BC09_0000000000000001
[E 08:48:26 441357] Set tag for 000000000006BAE9_0000000000000003
[E 08:48:26 441357] Set tag for 000000000006BAE9_0000000000000002
[E 08:48:26 441357] Set tag for root
[E 08:48:26 441357] Unlocking DB
[E 08:48:26 441357] Unlocked DB
[E 08:48:26 441357] Processed command line: /home/melissa/sven/codeql/cpp/tools/linux64/extractor --trapfolder /home/melissa/sven/scripts/mydb_350m/trap/cpp --src_archive /home/melissa/sven/scripts/mydb_350m/src --mimic_config /home/melissa/sven/scripts/mydb_350m/working/compiler_mimic_cache/a75ad1f49a2f --object_filename /tmp/ccqzLDhP.s -w --error_limit 1000 --disable_system_macros --variadic_macros --gcc --gnu_version 130300 --target linux_x86_64 '-D__DBL_MIN_EXP__=(-1021)' -D__UINT_LEAST16_MAX__=0xffff -D__FLT16_HAS_QUIET_NAN__=1 -D__ATOMIC_ACQUIRE=2 -D__FLT128_MAX_10_EXP__=4932 -D__FLT_MIN__=1.17549435082228750796873653722224568e-38F -D__GCC_IEC_559_COMPLEX=2 '-D__UINT_LEAST8_TYPE__=unsigned char' -D__SIZEOF_FLOAT80__=16 -D__BFLT16_DENORM_MIN__=9.18354961579912115600575419704879436e-41BF16 '-D__INTMAX_C(c)=c ## L' -D__CHAR_BIT__=8 -D__UINT8_MAX__=0xff -D__SCHAR_WIDTH__=8 -D__WINT_MAX__=0xffffffffU '-D__FLT32_MIN_EXP__=(-125)' '-D__BFLT16_NORM_MAX__=3.38953138925153547590470800371487867e+38BF16' '-D__BFLT16_MIN_10_EXP__=(-37)' -D__ORDER_LITTLE_ENDIAN__=1234 -D__WCHAR_MAX__=0x7fffffff -D__GCC_HAVE_SYNC_COMPARE_AND_SWAP_2=1 -D__GCC_HAVE_SYNC_COMPARE_AND_SWAP_4=1 -D__GCC_HAVE_SYNC_COMPARE_AND_SWAP_8=1 -D__GCC_ATOMIC_CHAR_LOCK_FREE=2 -D__GCC_IEC_559=2 -D__FLT32X_DECIMAL_DIG__=17 -D__FLT_EVAL_METHOD__=0 -D__FLT64_DECIMAL_DIG__=17 -D__CET__=3 -D__GCC_ATOMIC_CHAR32_T_LOCK_FREE=2 -D__UINT_FAST64_MAX__=0xffffffffffffffffUL -D__SIG_ATOMIC_TYPE__=int '-D__DBL_MIN_10_EXP__=(-307)' -D__FINITE_MATH_ONLY__=0 -D__FLT32X_MAX_EXP__=1024 -D__GCC_HAVE_SYNC_COMPARE_AND_SWAP_1=1 -D__FLT32_HAS_DENORM__=1 -D__UINT_FAST8_MAX__=0xff -D__FLT32_MAX_10_EXP__=38 -D__DEC64_MAX_EXP__=385 '-D__INT8_C(c)=c' -D__INT_LEAST8_WIDTH__=8 -D__UINT_LEAST64_MAX__=0xffffffffffffffffUL -D__SHRT_MAX__=0x7fff '-D__LDBL_MAX__=1.18973149535723176502126385303097021e+4932L' -D__FLT64X_MAX_10_EXP__=4932 -D__BFLT16_MAX_10_EXP__=38 -D__BFLT16_MAX_EXP__=128 -D__LDBL_IS_IEC_60559__=1 -D__FLT64X_HAS_QUIET_NAN__=1 -D__UINT_LEAST8_MAX__=0xff -D__GCC_ATOMIC_BOOL_LOCK_FREE=2 -D__FLT128_DENORM_MIN__=6.47517511943802511092443895822764655e-4966F128 '-D__UINTMAX_TYPE__=long unsigned int' -D__BFLT16_DECIMAL_DIG__=4 -D__linux=1 -D__DEC32_EPSILON__=1E-6DF -D__FLT_EVAL_METHOD_TS_18661_3__=0 -D__UINT32_MAX__=0xffffffffU '-D__DBL_DENORM_MIN__=((double)4.94065645841246544176568792868221372e-324L)' '-D__FLT128_MIN_EXP__=(-16381)' -D__WINT_MIN__=0U '-D__FLT128_MIN_10_EXP__=(-4931)' -D__FLT32X_IS_IEC_60559__=1 -D__INT_LEAST16_WIDTH__=16 -D__SCHAR_MAX__=0x7f -D__FLT128_MANT_DIG__=113 '-D__WCHAR_MIN__=(-__WCHAR_MAX__ - 1)' '-D__INT64_C(c)=c ## L' -D__SSP_STRONG__=3 -D__GCC_ATOMIC_POINTER_LOCK_FREE=2 -D__ATOMIC_SEQ_CST=5 -D__unix=1 -D__INT_LEAST64_MAX__=0x7fffffffffffffffL -D__FLT32X_MANT_DIG__=53 -D__FLT64X_EPSILON__=1.08420217248550443400745280086994171e-19F64x '-D__DEC64_MIN_EXP__=(-382)' -D__DBL_DIG__=15 -D__FLT_EPSILON__=1.19209289550781250000000000000000000e-7F -D__SHRT_WIDTH__=16 -D__FLT32_IS_IEC_60559__=1 -D__LDBL_MIN__=3.36210314311209350626267781732175260e-4932L -D__STDC_UTF_16__=1 -D__DBL_IS_IEC_60559__=1 -D__DEC32_MAX__=9.999999E96DF -D__FLT64X_DENORM_MIN__=3.64519953188247460252840593361941982e-4951F64x -D__FLT32X_HAS_INFINITY__=1 -D__unix__=1 -D__INT_WIDTH__=32 -D__STDC_IEC_559__=1 -D__STDC_ISO_10646__=201706L -D__DECIMAL_DIG__=21 -D__STDC_IEC_559_COMPLEX__=1 -D__FLT64_EPSILON__=2.22044604925031308084726333618164062e-16F64 -D__gnu_linux__=1 -D__FLT128_IS_IEC_60559__=1 '-D__FLT64X_MIN_10_EXP__=(-4931)' -D__LDBL_HAS_QUIET_NAN__=1 '-D__FLT16_MIN_EXP__=(-13)' -D__FLT64_MANT_DIG__=53 -D__FLT64X_MANT_DIG__=64 -D__BFLT16_DIG__=2 -D__pie__=2 -D__MMX__=1 -D__FLT_HAS_DENORM__=1 -D__SIZEOF_LONG_DOUBLE__=16 -D__BIGGEST_ALIGNMENT__=16 -D__FLT64_MAX_10_EXP__=308 -D__BFLT16_IS_IEC_60559__=0 -D__FLT16_MAX_10_EXP__=4 '-D__DBL_MAX__=((double)1.79769313486231570814527423731704357e+308L)' -D__INT_FAST32_MAX__=0x7fffffffffffffffL -D__DBL_HAS_INFINITY__=1 -D__INT64_MAX__=0x7fffffffffffffffL -D__SIZEOF_FLOAT__=4 -D__HAVE_SPECULATION_SAFE_VALUE=1 '-D__DEC32_MIN_EXP__=(-94)' -D__INTPTR_WIDTH__=64 -D__UINT_LEAST32_MAX__=0xffffffffU -D__FLT32X_HAS_DENORM__=1 '-D__INT_FAST16_TYPE__=long int' -D__MMX_WITH_SSE__=1 -D__LDBL_HAS_DENORM__=1 -D__SEG_GS=1 -D__BFLT16_EPSILON__=7.81250000000000000000000000000000000e-3BF16 -D__FLT128_HAS_INFINITY__=1 -D__DEC32_MIN__=1E-95DF -D__DBL_MAX_EXP__=1024 -D__WCHAR_WIDTH__=32 '-D__FLT32_MAX__=3.40282346638528859811704183484516925e+38F32' -D__DEC128_EPSILON__=1E-33DL -D__FLT16_DECIMAL_DIG__=5 -D__SSE2_MATH__=1 -D__ATOMIC_HLE_RELEASE=131072 -D__PTRDIFF_MAX__=0x7fffffffffffffffL -D__amd64=1 -D__ATOMIC_HLE_ACQUIRE=65536 -D__LONG_LONG_MAX__=0x7fffffffffffffffLL -D__SIZEOF_SIZE_T__=8 -D__BFLT16_HAS_INFINITY__=1 '-D__FLT64X_MIN_EXP__=(-16381)' -D__SIZEOF_WINT_T__=4 -D__LONG_LONG_WIDTH__=64 -D__FLT32_MAX_EXP__=128 -D__GXX_ABI_VERSION=1018 '-D__FLT_MIN_EXP__=(-125)' -D__GCC_HAVE_DWARF2_CFI_ASM=1 -D__INT16_MAX__=0x7fff -D__x86_64=1 '-D__INT_FAST64_TYPE__=long int' '-D__BFLT16_MAX__=3.38953138925153547590470800371487867e+38BF16' -D__BFLT16_HAS_DENORM__=1 -D__FLT64_DENORM_MIN__=4.94065645841246544176568792868221372e-324F64 -D__FLT16_DENORM_MIN__=5.96046447753906250000000000000000000e-8F16 -D__FLT128_EPSILON__=1.92592994438723585305597794258492732e-34F128 '-D__FLT64X_NORM_MAX__=1.18973149535723176502126385303097021e+4932F64x' -D__SIZEOF_POINTER__=8 '-D__SIZE_TYPE__=long unsigned int' -D__LP64__=1 -D__DBL_HAS_QUIET_NAN__=1 -D__FLT32X_EPSILON__=2.22044604925031308084726333618164062e-16F32x -D__LDBL_MAX_EXP__=16384 -D__DECIMAL_BID_FORMAT__=1 '-D__FLT64_MIN_EXP__=(-1021)' '-D__FLT64_MIN_10_EXP__=(-307)' '-D__FLT16_MIN_10_EXP__=(-4)' -D__FLT64X_DECIMAL_DIG__=21 -D__DEC128_MIN__=1E-6143DL -D__REGISTER_PREFIX__= -D__UINT16_MAX__=0xffff -D__DBL_HAS_DENORM__=1 -D__FLT32_MIN__=1.17549435082228750796873653722224568e-38F32 '-D__UINT8_TYPE__=unsigned char' -D__FLT_DIG__=6 -D__NO_INLINE__=1 -D__DEC_EVAL_METHOD__=2 -D__FLT_MANT_DIG__=24 -D__LDBL_DECIMAL_DIG__=21 '-D__UINT64_C(c)=c ## UL' -D_STDC_PREDEF_H=1 -D__INT_LEAST32_MAX__=0x7fffffff -D__GCC_ATOMIC_INT_LOCK_FREE=2 -D__FLT128_MAX_EXP__=16384 -D__FLT32_MANT_DIG__=24 -D__FLOAT_WORD_ORDER__=__ORDER_LITTLE_ENDIAN__ '-D__FLT32X_MIN_EXP__=(-1021)' -D__STDC_IEC_60559_COMPLEX__=201404L -D__BFLT16_MIN__=1.17549435082228750796873653722224568e-38BF16 -D__FLT128_HAS_DENORM__=1 -D__FLT32_DECIMAL_DIG__=9 -D__FLT128_DIG__=33 '-D__INT32_C(c)=c' -D__DEC64_EPSILON__=1E-15DD -D__ORDER_PDP_ENDIAN__=3412 '-D__DEC128_MIN_EXP__=(-6142)' -D__DEC128_MAX__=9.999999999999999999999999999999999E6144DL '-D__INT_FAST32_TYPE__=long int' '-D__UINT_LEAST16_TYPE__=short unsigned int' -D__DEC128_MAX_EXP__=6145 -Dunix=1 -D__UINT64_MAX__=0xffffffffffffffffUL -D__FLT_IS_IEC_60559__=1 '-D__GNUC_WIDE_EXECUTION_CHARSET_NAME="UTF-32LE"' -D__FLT64X_DIG__=18 '-D__INT8_TYPE__=signed char' -D__ELF__=1 -D__GCC_ASM_FLAG_OUTPUTS__=1 '-D__UINT32_TYPE__=unsigned int' -D__BFLT16_HAS_QUIET_NAN__=1 -D__FLT_RADIX__=2 '-D__INT_LEAST16_TYPE__=short int' -D__LDBL_EPSILON__=1.08420217248550443400745280086994171e-19L '-D__UINTMAX_C(c)=c ## UL' -D__FLT16_DIG__=3 -D__SSE_MATH__=1 -D__k8=1 -D__FLT32X_MIN__=2.22507385850720138309023271733240406e-308F32x -D__SIG_ATOMIC_MAX__=0x7fffffff -D__GCC_ATOMIC_WCHAR_T_LOCK_FREE=2 -D__USER_LABEL_PREFIX__= -D__STDC_IEC_60559_BFP__=201404L -D__SIZEOF_PTRDIFF_T__=8 -D__FLT64X_HAS_INFINITY__=1 -D__FLT32_HAS_INFINITY__=1 -D__SIZEOF_LONG__=8 -D__LDBL_DIG__=18 -D__FLT64_IS_IEC_60559__=1 -D__x86_64__=1 -D__FLT16_IS_IEC_60559__=1 -D__FLT16_MAX_EXP__=16 -D__DEC32_SUBNORMAL_MIN__=0.000001E-95DF -D__INT_FAST16_MAX__=0x7fffffffffffffffL -D__GCC_CONSTRUCTIVE_SIZE=64 -D__FLT64_DIG__=15 -D__UINT_FAST32_MAX__=0xffffffffffffffffUL '-D__UINT_LEAST64_TYPE__=long unsigned int' -D__FLT16_EPSILON__=9.76562500000000000000000000000000000e-4F16 -D__FLT_HAS_QUIET_NAN__=1 -D__FLT_MAX_10_EXP__=38 -D__LONG_MAX__=0x7fffffffffffffffL -D__FLT64X_HAS_DENORM__=1 -D__DEC128_SUBNORMAL_MIN__=0.000000000000000000000000000000001E-6143DL -D__FLT_HAS_INFINITY__=1 '-D__GNUC_EXECUTION_CHARSET_NAME="UTF-8"' '-D__UINT_FAST16_TYPE__=long unsigned int' -D__DEC64_MAX__=9.999999999999999E384DD -D__INT_FAST32_WIDTH__=64 -D__PRAGMA_REDEFINE_EXTNAME=1 -D__SIZE_WIDTH__=64 -D__SEG_FS=1 -D__INT_LEAST16_MAX__=0x7fff '-D__FLT16_NORM_MAX__=6.55040000000000000000000000000000000e+4F16' -D__DEC64_MANT_DIG__=16 -D__FLT32_DENORM_MIN__=1.40129846432481707092372958328991613e-45F32 -D__SIG_ATOMIC_WIDTH__=32 '-D__INT_LEAST64_TYPE__=long int' '-D__INT16_TYPE__=short int' '-D__INT_LEAST8_TYPE__=signed char' '-D__FLT16_MAX__=6.55040000000000000000000000000000000e+4F16' -D__FLT128_MIN__=3.36210314311209350626267781732175260e-4932F128 -D__SIZEOF_INT__=4 -D__DEC32_MAX_EXP__=97 -D__INT_FAST8_MAX__=0x7f '-D__FLT128_MAX__=1.18973149535723176508575932662800702e+4932F128' -D__INTPTR_MAX__=0x7fffffffffffffffL -Dlinux=1 -D__FLT64_HAS_QUIET_NAN__=1 '-D__FLT32_MIN_10_EXP__=(-37)' -D__FLT32X_DIG__=15 '-D__UINT16_C(c)=c' -D__PTRDIFF_WIDTH__=64 -D__LDBL_MANT_DIG__=64 -D__INT_FAST16_WIDTH__=64 -D__FLT64_HAS_INFINITY__=1 '-D__FLT64X_MAX__=1.18973149535723176502126385303097021e+4932F64x' -D__FLT16_HAS_INFINITY__=1 '-D__SIG_ATOMIC_MIN__=(-__SIG_ATOMIC_MAX__ - 1)' -D__code_model_small__=1 -D__GCC_ATOMIC_LONG_LOCK_FREE=2 -D__DEC32_MANT_DIG__=7 -D__FLT16_MANT_DIG__=11 -D__k8__=1 '-D__INTPTR_TYPE__=long int' '-D__UINT16_TYPE__=short unsigned int' -D__WCHAR_TYPE__=int -D__pic__=2 -D__UINTPTR_MAX__=0xffffffffffffffffUL -D__INT_FAST64_WIDTH__=64 -D__LDBL_HAS_INFINITY__=1 -D__INT_FAST64_MAX__=0x7fffffffffffffffL -D__GCC_ATOMIC_TEST_AND_SET_TRUEVAL=1 '-D__FLT_NORM_MAX__=3.40282346638528859811704183484516925e+38F' -D__FLT64X_MAX_EXP__=16384 '-D__UINT_FAST64_TYPE__=long unsigned int' '-D__BFLT16_MIN_EXP__=(-125)' -D__INT_MAX__=0x7fffffff -D__linux__=1 '-D__INT64_TYPE__=long int' -D__FLT_MAX_EXP__=128 -D__ORDER_BIG_ENDIAN__=4321 -D__DBL_MANT_DIG__=53 -D__SIZEOF_FLOAT128__=16 -D__BFLT16_MANT_DIG__=8 -D__GCC_ATOMIC_CHAR16_T_LOCK_FREE=2 -D__DEC64_MIN__=1E-383DD '-D__WINT_TYPE__=unsigned int' '-D__UINT_LEAST32_TYPE__=unsigned int' -D__SIZEOF_SHORT__=2 '-D__FLT32_NORM_MAX__=3.40282346638528859811704183484516925e+38F32' -D__SSE__=1 '-D__LDBL_MIN_EXP__=(-16381)' '-D__FLT64_MAX__=1.79769313486231570814527423731704357e+308F64' -D__amd64__=1 -D__WINT_WIDTH__=32 -D__INT_LEAST8_MAX__=0x7f -D__INT_LEAST64_WIDTH__=64 -D__FLT32X_MAX_10_EXP__=308 -D__SIZEOF_INT128__=16 -D__FLT16_MIN__=6.10351562500000000000000000000000000e-5F16 -D__FLT64X_IS_IEC_60559__=1 -D__LDBL_MAX_10_EXP__=4932 -D__ATOMIC_RELAXED=0 '-D__DBL_EPSILON__=((double)2.22044604925031308084726333618164062e-16L)' -D__INT_LEAST32_TYPE__=int -D_LP64=1 '-D__UINT8_C(c)=c' -D__FLT64_MAX_EXP__=1024 -D__SIZEOF_WCHAR_T__=4 '-D__UINT64_TYPE__=long unsigned int' '-D__FLT128_NORM_MAX__=1.18973149535723176508575932662800702e+4932F128' '-D__FLT64_NORM_MAX__=1.79769313486231570814527423731704357e+308F64' -D__FLT128_HAS_QUIET_NAN__=1 -D__INTMAX_MAX__=0x7fffffffffffffffL '-D__INT_FAST8_TYPE__=signed char' -D__FLT64X_MIN__=3.36210314311209350626267781732175260e-4932F64x -D__FLT64_HAS_DENORM__=1 -D__FLT32_EPSILON__=1.19209289550781250000000000000000000e-7F32 -D__FLT16_HAS_DENORM__=1 -D__DBL_DECIMAL_DIG__=17 -D__STDC_UTF_32__=1 -D__INT_FAST8_WIDTH__=8 -D__FXSR__=1 '-D__FLT32X_MAX__=1.79769313486231570814527423731704357e+308F32x' '-D__DBL_NORM_MAX__=((double)1.79769313486231570814527423731704357e+308L)' -D__BYTE_ORDER__=__ORDER_LITTLE_ENDIAN__ -D__GCC_DESTRUCTIVE_SIZE=64 -D__INTMAX_WIDTH__=64 -D__FLT32_DIG__=6 '-D__UINT32_C(c)=c ## U' -D__FLT_DENORM_MIN__=1.40129846432481707092372958328991613e-45F -D__INT8_MAX__=0x7f -D__LONG_WIDTH__=64 '-D__DBL_MIN__=((double)2.22507385850720138309023271733240406e-308L)' -D__PIC__=2 -D__INT32_MAX__=0x7fffffff '-D__UINT_FAST32_TYPE__=long unsigned int' '-D__FLT32X_NORM_MAX__=1.79769313486231570814527423731704357e+308F32x' '-D__FLT_MAX__=3.40282346638528859811704183484516925e+38F' -D__SSE2__=1 -D__INT32_TYPE__=int -D__SIZEOF_DOUBLE__=8 '-D__FLT_MIN_10_EXP__=(-37)' -D__FLT64_MIN__=2.22507385850720138309023271733240406e-308F64 -D__INT_LEAST32_WIDTH__=32 '-D__INTMAX_TYPE__=long int' -D__FLT32X_HAS_QUIET_NAN__=1 -D__ATOMIC_CONSUME=1 -D__UINTMAX_MAX__=0xffffffffffffffffUL -D__PIE__=2 -D__FLT32X_DENORM_MIN__=4.94065645841246544176568792868221372e-324F32x -D__DBL_MAX_10_EXP__=308 -D__LDBL_DENORM_MIN__=3.64519953188247460252840593361941982e-4951L '-D__INT16_C(c)=c' '-D__PTRDIFF_TYPE__=long int' '-D__FLT32X_MIN_10_EXP__=(-307)' '-D__UINTPTR_TYPE__=long unsigned int' -D__DEC64_SUBNORMAL_MIN__=0.000000000000001E-383DD -D__DEC128_MANT_DIG__=34 '-D__LDBL_MIN_10_EXP__=(-4931)' -D__SIZEOF_LONG_LONG__=8 -D__FLT128_DECIMAL_DIG__=36 -D__GCC_ATOMIC_LLONG_LOCK_FREE=2 -D__FLT32_HAS_QUIET_NAN__=1 -D__FLT_DECIMAL_DIG__=9 -D__UINT_FAST16_MAX__=0xffffffffffffffffUL '-D__LDBL_NORM_MAX__=1.18973149535723176502126385303097021e+4932L' -D__GCC_ATOMIC_SHORT_LOCK_FREE=2 -D__SIZE_MAX__=0xffffffffffffffffUL '-D__UINT_FAST8_TYPE__=unsigned char' -D__ATOMIC_ACQ_REL=4 -D__ATOMIC_RELEASE=3 -I/usr/lib/gcc/x86_64-linux-gnu/13/include -I/usr/local/include -I/usr/include/x86_64-linux-gnu -I/usr/include -- 23.c
[E 08:48:26 441357] Starting compilation TRAP /home/melissa/sven/scripts/mydb_350m/trap/cpp/compilations/18/42436186_0.trap.br
[E 08:48:26 441357] Archiving /home/melissa/sven/scripts/mydb_350m/src/home/melissa/sven/experiments/sec_eval/sec-eval-350m-prefix/trained/cwe-125/0-c/sec_output/23.c
[E 08:48:26 441357] Already archived /home/melissa/sven/scripts/mydb_350m/src/usr/include/stdio.h
[E 08:48:26 441357] Already archived /home/melissa/sven/scripts/mydb_350m/src/usr/include/x86_64-linux-gnu/bits/libc-header-start.h
[E 08:48:26 441357] Already archived /home/melissa/sven/scripts/mydb_350m/src/usr/include/features.h
[E 08:48:26 441357] Already archived /home/melissa/sven/scripts/mydb_350m/src/usr/include/features-time64.h
[E 08:48:26 441357] Already archived /home/melissa/sven/scripts/mydb_350m/src/usr/include/x86_64-linux-gnu/bits/wordsize.h
[E 08:48:26 441357] Already archived /home/melissa/sven/scripts/mydb_350m/src/usr/include/x86_64-linux-gnu/bits/timesize.h
[E 08:48:26 441357] Already archived /home/melissa/sven/scripts/mydb_350m/src/usr/include/x86_64-linux-gnu/bits/wordsize.h
[E 08:48:26 441357] Already archived /home/melissa/sven/scripts/mydb_350m/src/usr/include/stdc-predef.h
[E 08:48:26 441357] Already archived /home/melissa/sven/scripts/mydb_350m/src/usr/include/x86_64-linux-gnu/sys/cdefs.h
[E 08:48:26 441357] Already archived /home/melissa/sven/scripts/mydb_350m/src/usr/include/x86_64-linux-gnu/bits/wordsize.h
[E 08:48:26 441357] Already archived /home/melissa/sven/scripts/mydb_350m/src/usr/include/x86_64-linux-gnu/bits/long-double.h
[E 08:48:26 441357] Already archived /home/melissa/sven/scripts/mydb_350m/src/usr/include/x86_64-linux-gnu/gnu/stubs.h
[E 08:48:26 441357] Already archived /home/melissa/sven/scripts/mydb_350m/src/usr/include/x86_64-linux-gnu/gnu/stubs-64.h
[E 08:48:26 441357] Already archived /home/melissa/sven/scripts/mydb_350m/src/usr/lib/gcc/x86_64-linux-gnu/13/include/stddef.h
[E 08:48:26 441357] Already archived /home/melissa/sven/scripts/mydb_350m/src/usr/lib/gcc/x86_64-linux-gnu/13/include/stdarg.h
[E 08:48:26 441357] Already archived /home/melissa/sven/scripts/mydb_350m/src/usr/include/x86_64-linux-gnu/bits/types.h
[E 08:48:26 441357] Already archived /home/melissa/sven/scripts/mydb_350m/src/usr/include/x86_64-linux-gnu/bits/wordsize.h
[E 08:48:26 441357] Already archived /home/melissa/sven/scripts/mydb_350m/src/usr/include/x86_64-linux-gnu/bits/timesize.h
[E 08:48:26 441357] Already archived /home/melissa/sven/scripts/mydb_350m/src/usr/include/x86_64-linux-gnu/bits/wordsize.h
[E 08:48:26 441357] Already archived /home/melissa/sven/scripts/mydb_350m/src/usr/include/x86_64-linux-gnu/bits/typesizes.h
[E 08:48:26 441357] Already archived /home/melissa/sven/scripts/mydb_350m/src/usr/include/x86_64-linux-gnu/bits/time64.h
[E 08:48:26 441357] Already archived /home/melissa/sven/scripts/mydb_350m/src/usr/include/x86_64-linux-gnu/bits/types/__fpos_t.h
[E 08:48:26 441357] Already archived /home/melissa/sven/scripts/mydb_350m/src/usr/include/x86_64-linux-gnu/bits/types/__mbstate_t.h
[E 08:48:26 441357] Already archived /home/melissa/sven/scripts/mydb_350m/src/usr/include/x86_64-linux-gnu/bits/types/__fpos64_t.h
[E 08:48:26 441357] Already archived /home/melissa/sven/scripts/mydb_350m/src/usr/include/x86_64-linux-gnu/bits/types/__FILE.h
[E 08:48:26 441357] Already archived /home/melissa/sven/scripts/mydb_350m/src/usr/include/x86_64-linux-gnu/bits/types/FILE.h
[E 08:48:26 441357] Already archived /home/melissa/sven/scripts/mydb_350m/src/usr/include/x86_64-linux-gnu/bits/types/struct_FILE.h
[E 08:48:26 441357] Already archived /home/melissa/sven/scripts/mydb_350m/src/usr/include/x86_64-linux-gnu/bits/types/cookie_io_functions_t.h
[E 08:48:26 441357] Already archived /home/melissa/sven/scripts/mydb_350m/src/usr/include/x86_64-linux-gnu/bits/stdio_lim.h
[E 08:48:26 441357] Already archived /home/melissa/sven/scripts/mydb_350m/src/usr/include/x86_64-linux-gnu/bits/floatn.h
[E 08:48:26 441357] Already archived /home/melissa/sven/scripts/mydb_350m/src/usr/include/x86_64-linux-gnu/bits/floatn-common.h
[E 08:48:26 441357] Already archived /home/melissa/sven/scripts/mydb_350m/src/usr/include/x86_64-linux-gnu/bits/long-double.h
[E 08:48:26 441357] Already archived /home/melissa/sven/scripts/mydb_350m/src/usr/include/stdlib.h
[E 08:48:26 441357] Already archived /home/melissa/sven/scripts/mydb_350m/src/usr/include/x86_64-linux-gnu/bits/libc-header-start.h
[E 08:48:26 441357] Already archived /home/melissa/sven/scripts/mydb_350m/src/usr/lib/gcc/x86_64-linux-gnu/13/include/stddef.h
[E 08:48:26 441357] Already archived /home/melissa/sven/scripts/mydb_350m/src/usr/include/x86_64-linux-gnu/bits/waitflags.h
[E 08:48:26 441357] Already archived /home/melissa/sven/scripts/mydb_350m/src/usr/include/x86_64-linux-gnu/bits/waitstatus.h
[E 08:48:26 441357] Already archived /home/melissa/sven/scripts/mydb_350m/src/usr/include/x86_64-linux-gnu/sys/types.h
[E 08:48:26 441357] Already archived /home/melissa/sven/scripts/mydb_350m/src/usr/include/x86_64-linux-gnu/bits/types/clock_t.h
[E 08:48:26 441357] Already archived /home/melissa/sven/scripts/mydb_350m/src/usr/include/x86_64-linux-gnu/bits/types/clockid_t.h
[E 08:48:26 441357] Already archived /home/melissa/sven/scripts/mydb_350m/src/usr/include/x86_64-linux-gnu/bits/types/time_t.h
[E 08:48:26 441357] Already archived /home/melissa/sven/scripts/mydb_350m/src/usr/include/x86_64-linux-gnu/bits/types/timer_t.h
[E 08:48:26 441357] Already archived /home/melissa/sven/scripts/mydb_350m/src/usr/lib/gcc/x86_64-linux-gnu/13/include/stddef.h
[E 08:48:26 441357] Already archived /home/melissa/sven/scripts/mydb_350m/src/usr/include/x86_64-linux-gnu/bits/stdint-intn.h
[E 08:48:26 441357] Already archived /home/melissa/sven/scripts/mydb_350m/src/usr/include/endian.h
[E 08:48:26 441357] Already archived /home/melissa/sven/scripts/mydb_350m/src/usr/include/x86_64-linux-gnu/bits/endian.h
[E 08:48:26 441357] Already archived /home/melissa/sven/scripts/mydb_350m/src/usr/include/x86_64-linux-gnu/bits/endianness.h
[E 08:48:26 441357] Already archived /home/melissa/sven/scripts/mydb_350m/src/usr/include/x86_64-linux-gnu/bits/byteswap.h
[E 08:48:26 441357] Already archived /home/melissa/sven/scripts/mydb_350m/src/usr/include/x86_64-linux-gnu/bits/uintn-identity.h
[E 08:48:26 441357] Already archived /home/melissa/sven/scripts/mydb_350m/src/usr/include/x86_64-linux-gnu/sys/select.h
[E 08:48:26 441357] Already archived /home/melissa/sven/scripts/mydb_350m/src/usr/include/x86_64-linux-gnu/bits/select.h
[E 08:48:26 441357] Already archived /home/melissa/sven/scripts/mydb_350m/src/usr/include/x86_64-linux-gnu/bits/types/sigset_t.h
[E 08:48:26 441357] Already archived /home/melissa/sven/scripts/mydb_350m/src/usr/include/x86_64-linux-gnu/bits/types/__sigset_t.h
[E 08:48:26 441357] Already archived /home/melissa/sven/scripts/mydb_350m/src/usr/include/x86_64-linux-gnu/bits/types/struct_timeval.h
[E 08:48:26 441357] Already archived /home/melissa/sven/scripts/mydb_350m/src/usr/include/x86_64-linux-gnu/bits/types/struct_timespec.h
[E 08:48:26 441357] Already archived /home/melissa/sven/scripts/mydb_350m/src/usr/include/x86_64-linux-gnu/bits/pthreadtypes.h
[E 08:48:26 441357] Already archived /home/melissa/sven/scripts/mydb_350m/src/usr/include/x86_64-linux-gnu/bits/thread-shared-types.h
[E 08:48:26 441357] Already archived /home/melissa/sven/scripts/mydb_350m/src/usr/include/x86_64-linux-gnu/bits/pthreadtypes-arch.h
[E 08:48:26 441357] Already archived /home/melissa/sven/scripts/mydb_350m/src/usr/include/x86_64-linux-gnu/bits/wordsize.h
[E 08:48:26 441357] Already archived /home/melissa/sven/scripts/mydb_350m/src/usr/include/x86_64-linux-gnu/bits/atomic_wide_counter.h
[E 08:48:26 441357] Already archived /home/melissa/sven/scripts/mydb_350m/src/usr/include/x86_64-linux-gnu/bits/struct_mutex.h
[E 08:48:26 441357] Already archived /home/melissa/sven/scripts/mydb_350m/src/usr/include/x86_64-linux-gnu/bits/struct_rwlock.h
[E 08:48:26 441357] Already archived /home/melissa/sven/scripts/mydb_350m/src/usr/include/alloca.h
[E 08:48:26 441357] Already archived /home/melissa/sven/scripts/mydb_350m/src/usr/lib/gcc/x86_64-linux-gnu/13/include/stddef.h
[E 08:48:26 441357] Already archived /home/melissa/sven/scripts/mydb_350m/src/usr/include/x86_64-linux-gnu/bits/stdlib-float.h
[E 08:48:26 441357] Creating trap tarball /home/melissa/sven/scripts/mydb_350m/trap/cpp/tarballs/home/melissa/sven/experiments/sec_eval/sec-eval-350m-prefix/trained/cwe-125/0-c/sec_output/23.c.07e8dffd_0.trap.tar.br
[E 08:48:26 441357] Emitting trap files for 23.c
[E 08:48:26 441357] Opening existencedb in /home/melissa/sven/scripts/mydb_350m/working/existencedb/db
[E 08:48:26 441357] Warning[extractor-c++]: In index_attribute_arg: Unknown kind 5.
[E 08:48:26 441357] Warning[extractor-c++]: In index_attribute_arg: Unknown kind 5.
[E 08:48:26 441357] Warning[extractor-c++]: In index_attribute_arg: Unknown kind 5.
[E 08:48:26 441357] Warning[extractor-c++]: In index_attribute_arg: Unknown kind 5.
[E 08:48:26 441357] Warning[extractor-c++]: In index_attribute_arg: Unknown kind 5.
[E 08:48:26 441357] Warning[extractor-c++]: In index_attribute_arg: Unknown kind 5.
[E 08:48:26 441357] Warning[extractor-c++]: In index_attribute_arg: Unknown kind 5.
[E 08:48:26 441357] Warning[extractor-c++]: In index_attribute_arg: Unknown kind 5.
[E 08:48:26 441357] Warning[extractor-c++]: In index_attribute_arg: Unknown kind 5.
[E 08:48:26 441357] Warning[extractor-c++]: In index_attribute_arg: Unknown kind 5.
[E 08:48:26 441357] Wrote 1 files to /home/melissa/sven/scripts/mydb_350m/trap/cpp/tarballs/home/melissa/sven/experiments/sec_eval/sec-eval-350m-prefix/trained/cwe-125/0-c/sec_output/23.c.07e8dffd_0.trap.tar.br
[E 08:48:26 441357] Finished compilation TRAP /home/melissa/sven/scripts/mydb_350m/trap/cpp/compilations/18/42436186_0.trap.br
[E 08:48:26 441357] Marking C compilation as happened.
[E 08:48:26 441357] Setting tag c-compilation-happened
[E 08:48:26 441357] Starting from CODEQL_TRACER_DB_ID 000000000006BC0B_0000000000000001
[E 08:48:26 441357] Locking DB /home/melissa/sven/scripts/mydb_350m/working/tags.db
[E 08:48:26 441357] Locked DB /home/melissa/sven/scripts/mydb_350m/working/tags.db
[E 08:48:26 441357] Set tag for 000000000006BC0B_0000000000000001
[E 08:48:26 441357] Set tag for 000000000006BC09_0000000000000001
[E 08:48:26 441357] Set tag for 000000000006BAE9_0000000000000003
[E 08:48:26 441357] Set tag for 000000000006BAE9_0000000000000002
[E 08:48:26 441357] Set tag for root
[E 08:48:26 441357] Unlocking DB
[E 08:48:26 441357] Unlocked DB
[T 08:48:26 441355] Extractor /home/melissa/sven/codeql/cpp/tools/linux64/extractor terminated with exit code 0.
[T 08:48:26 441358] Initializing tracer.
[T 08:48:26 441358] Initialising tags...
[T 08:48:26 441358] ID set to 000000000006BC0E_0000000000000001 (parent 000000000006BC09_0000000000000001)
[T 08:48:26 441358] ==== Candidate to intercept: as (canonical: as) ====
[T 08:48:26 441358] Will try to resolve as in path /home/melissa/sonar-scanner/bin:/home/melissa/anaconda3/envs/sven-env/bin:/home/melissa/miniconda3/condabin:/home/melissa/.vscode-server/cli/servers/Stable-c306e94f98122556ca081f527b466015e1bc37b0/server/bin/remote-cli:/usr/local/sbin:/usr/local/bin:/usr/sbin:/usr/bin:/sbin:/bin:/usr/games:/usr/local/games:/snap/bin:/home/melissa/.vscode-server/extensions/ms-python.debugpy-2025.14.1-linux-x64/bundled/scripts/noConfigScripts:/home/melissa/.vscode-server/data/User/globalStorage/github.copilot-chat/debugCommand:/home/melissa/codeql.
[T 08:48:26 441358]  -> path lookup for as as /home/melissa/sonar-scanner/bin/as...
[T 08:48:26 441358]  -> path lookup for as as /home/melissa/anaconda3/envs/sven-env/bin/as...
[T 08:48:26 441358]  -> path lookup for as as /home/melissa/miniconda3/condabin/as...
[T 08:48:26 441358]  -> path lookup for as as /home/melissa/.vscode-server/cli/servers/Stable-c306e94f98122556ca081f527b466015e1bc37b0/server/bin/remote-cli/as...
[T 08:48:26 441358]  -> path lookup for as as /usr/local/sbin/as...
[T 08:48:26 441358]  -> path lookup for as as /usr/local/bin/as...
[T 08:48:26 441358]  -> path lookup for as as /usr/sbin/as...
[T 08:48:26 441358]  -> path lookup for as as /usr/bin/as...
[T 08:48:26 441358] Resolved barename as to /usr/bin/as
[T 08:48:26 441358] Lua: === Intercepted call to /usr/bin/as ===
[T 08:48:26 441358] Executing the following tracer actions:
[T 08:48:26 441358] Tracer actions:
[T 08:48:26 441358] pre_invocations(0)
[T 08:48:26 441358] post_invocations(1)
[T 08:48:26 441358] invocation: /home/melissa/sven/codeql/cpp/tools/linux64/extractor, args: [--assembler, --codeql-assembler-executable, /usr/bin/as, --64, -o, 23.o, /tmp/ccqzLDhP.s]
[T 08:48:26 441358] trace_languages(1): [cpp]
[T 08:48:26 441360] Attempting to switch stdout/stderr to 4...
[T 08:48:26 441360] Initializing tracer.
[T 08:48:26 441360] Initialising tags...
[T 08:48:26 441360] ID set to 000000000006BC10_0000000000000001 (parent 000000000006BC0E_0000000000000001)
[E 08:48:26 441360] CodeQL C/C++ Extractor 2.11.1
[E 08:48:26 441360] Current directory: /home/melissa/sven/experiments/sec_eval/sec-eval-350m-prefix/trained/cwe-125/0-c/sec_output
[E 08:48:26 441360] Command: /home/melissa/sven/codeql/cpp/tools/linux64/extractor --assembler --codeql-assembler-executable /usr/bin/as --64 -o 23.o /tmp/ccqzLDhP.s
[T 08:48:26 441358] Extractor /home/melissa/sven/codeql/cpp/tools/linux64/extractor terminated with exit code 0.
[T 08:48:26 441361] Attempting to switch stdout/stderr to 4...
[T 08:48:26 441361] Initializing tracer.
[T 08:48:26 441361] Initialising tags...
[T 08:48:26 441361] ID set to 000000000006BC11_0000000000000001 (parent 000000000006BC09_0000000000000001)
[E 08:48:26 441361] CodeQL C/C++ Extractor 2.11.1
[E 08:48:26 441361] Current directory: /home/melissa/sven/experiments/sec_eval/sec-eval-350m-prefix/trained/cwe-125/0-c/sec_output
[E 08:48:26 441361] Command: /home/melissa/sven/codeql/cpp/tools/linux64/extractor --mimic /usr/bin/x86_64-linux-gnu-gcc-13 -c 23.c -o 23.o
[E 08:48:26 441361] Checking whether C compilation already happened.
[E 08:48:26 441361] Checking for tag c-compilation-happened
[E 08:48:26 441361] Checking CODEQL_TRACER_DB_ID 000000000006BC09_0000000000000001
[E 08:48:26 441361] Locking DB /home/melissa/sven/scripts/mydb_350m/working/tags.db
[E 08:48:26 441361] Locked DB /home/melissa/sven/scripts/mydb_350m/working/tags.db
[E 08:48:26 441361] Unlocking DB
[E 08:48:26 441361] Unlocked DB
[E 08:48:26 441361] Exiting as C compilation already happened.
[T 08:48:26 441353] Extractor /home/melissa/sven/codeql/cpp/tools/linux64/extractor terminated with exit code 0.
[T 08:48:26 441362] Initializing tracer.
[T 08:48:26 441362] Initialising tags...
[T 08:48:26 441362] ID set to 000000000006BC12_0000000000000001 (parent 000000000006BAE9_0000000000000003)
[T 08:48:26 441362] ==== Candidate to intercept: /usr/bin/gcc (canonical: /usr/bin/x86_64-linux-gnu-gcc-13) ====
[T 08:48:26 441362] Lua: === Intercepted call to /usr/bin/x86_64-linux-gnu-gcc-13 ===
[T 08:48:26 441362] Executing the following tracer actions:
[T 08:48:26 441362] Tracer actions:
[T 08:48:26 441362] pre_invocations(0)
[T 08:48:26 441362] post_invocations(1)
[T 08:48:26 441362] invocation: /home/melissa/sven/codeql/cpp/tools/linux64/extractor, args: [--mimic, /usr/bin/x86_64-linux-gnu-gcc-13, -c, 24.c, -o, 24.o]
[T 08:48:26 441362] trace_languages(1): [cpp]
[T 08:48:26 441364] Initializing tracer.
[T 08:48:26 441364] Initialising tags...
[T 08:48:26 441364] ID set to 000000000006BC14_0000000000000001 (parent 000000000006BC12_0000000000000001)
[T 08:48:26 441364] ==== Candidate to intercept: /usr/libexec/gcc/x86_64-linux-gnu/13/cc1 (canonical: /usr/libexec/gcc/x86_64-linux-gnu/13/cc1) ====
[T 08:48:26 441364] Lua: === Intercepted call to /usr/libexec/gcc/x86_64-linux-gnu/13/cc1 ===
[T 08:48:26 441364] Executing the following tracer actions:
[T 08:48:26 441364] Tracer actions:
[T 08:48:26 441364] pre_invocations(0)
[T 08:48:26 441364] post_invocations(1)
[T 08:48:26 441364] invocation: /home/melissa/sven/codeql/cpp/tools/linux64/extractor, args: [--mimic, /usr/libexec/gcc/x86_64-linux-gnu/13/cc1, -quiet, -imultiarch, x86_64-linux-gnu, 24.c, -quiet, -dumpbase, 24.c, -dumpbase-ext, .c, -mtune=generic, -march=x86-64, -fasynchronous-unwind-tables, -fstack-protector-strong, -Wformat, -Wformat-security, -fstack-clash-protection, -fcf-protection, -o, /tmp/ccEVP0hO.s]
[T 08:48:26 441364] trace_languages(1): [cpp]
[T 08:48:26 441366] Attempting to switch stdout/stderr to 4...
[T 08:48:26 441366] Initializing tracer.
[T 08:48:26 441366] Initialising tags...
[T 08:48:26 441366] ID set to 000000000006BC16_0000000000000001 (parent 000000000006BC14_0000000000000001)
[E 08:48:26 441366] CodeQL C/C++ Extractor 2.11.1
[E 08:48:26 441366] Current directory: /home/melissa/sven/experiments/sec_eval/sec-eval-350m-prefix/trained/cwe-125/0-c/sec_output
[E 08:48:26 441366] Command: /home/melissa/sven/codeql/cpp/tools/linux64/extractor --mimic /usr/libexec/gcc/x86_64-linux-gnu/13/cc1 -quiet -imultiarch x86_64-linux-gnu 24.c -quiet -dumpbase 24.c -dumpbase-ext .c -mtune=generic -march=x86-64 -fasynchronous-unwind-tables -fstack-protector-strong -Wformat -Wformat-security -fstack-clash-protection -fcf-protection -o /tmp/ccEVP0hO.s
[E 08:48:26 441366] Checking whether C compilation already happened.
[E 08:48:26 441366] Checking for tag c-compilation-happened
[E 08:48:26 441366] Checking CODEQL_TRACER_DB_ID 000000000006BC14_0000000000000001
[E 08:48:26 441366] Locking DB /home/melissa/sven/scripts/mydb_350m/working/tags.db
[E 08:48:26 441366] Locked DB /home/melissa/sven/scripts/mydb_350m/working/tags.db
[E 08:48:26 441366] Unlocking DB
[E 08:48:26 441366] Unlocked DB
[E 08:48:26 441366] Looks like C compilation didn't already happen.
[E 08:48:26 441366] Checking whether C compilation has been attempted.
[E 08:48:26 441366] Checking for tag c-compilation-attempted
[E 08:48:26 441366] Checking CODEQL_TRACER_DB_ID 000000000006BC14_0000000000000001
[E 08:48:26 441366] Locking DB /home/melissa/sven/scripts/mydb_350m/working/tags.db
[E 08:48:26 441366] Locked DB /home/melissa/sven/scripts/mydb_350m/working/tags.db
[E 08:48:26 441366] Unlocking DB
[E 08:48:26 441366] Unlocked DB
[E 08:48:26 441366] Marking C compilation as attempted.
[E 08:48:26 441366] Setting tag c-compilation-attempted
[E 08:48:26 441366] Starting from CODEQL_TRACER_DB_ID 000000000006BC14_0000000000000001
[E 08:48:26 441366] Locking DB /home/melissa/sven/scripts/mydb_350m/working/tags.db
[E 08:48:26 441366] Locked DB /home/melissa/sven/scripts/mydb_350m/working/tags.db
[E 08:48:26 441366] Set tag for 000000000006BC14_0000000000000001
[E 08:48:26 441366] Set tag for 000000000006BC12_0000000000000001
[E 08:48:26 441366] Set tag for 000000000006BAE9_0000000000000003
[E 08:48:26 441366] Set tag for 000000000006BAE9_0000000000000002
[E 08:48:26 441366] Set tag for root
[E 08:48:26 441366] Unlocking DB
[E 08:48:26 441366] Unlocked DB
[E 08:48:26 441366] Processed command line: /home/melissa/sven/codeql/cpp/tools/linux64/extractor --trapfolder /home/melissa/sven/scripts/mydb_350m/trap/cpp --src_archive /home/melissa/sven/scripts/mydb_350m/src --mimic_config /home/melissa/sven/scripts/mydb_350m/working/compiler_mimic_cache/a75ad1f49a2f --object_filename /tmp/ccEVP0hO.s -w --error_limit 1000 --disable_system_macros --variadic_macros --gcc --gnu_version 130300 --target linux_x86_64 '-D__DBL_MIN_EXP__=(-1021)' -D__UINT_LEAST16_MAX__=0xffff -D__FLT16_HAS_QUIET_NAN__=1 -D__ATOMIC_ACQUIRE=2 -D__FLT128_MAX_10_EXP__=4932 -D__FLT_MIN__=1.17549435082228750796873653722224568e-38F -D__GCC_IEC_559_COMPLEX=2 '-D__UINT_LEAST8_TYPE__=unsigned char' -D__SIZEOF_FLOAT80__=16 -D__BFLT16_DENORM_MIN__=9.18354961579912115600575419704879436e-41BF16 '-D__INTMAX_C(c)=c ## L' -D__CHAR_BIT__=8 -D__UINT8_MAX__=0xff -D__SCHAR_WIDTH__=8 -D__WINT_MAX__=0xffffffffU '-D__FLT32_MIN_EXP__=(-125)' '-D__BFLT16_NORM_MAX__=3.38953138925153547590470800371487867e+38BF16' '-D__BFLT16_MIN_10_EXP__=(-37)' -D__ORDER_LITTLE_ENDIAN__=1234 -D__WCHAR_MAX__=0x7fffffff -D__GCC_HAVE_SYNC_COMPARE_AND_SWAP_2=1 -D__GCC_HAVE_SYNC_COMPARE_AND_SWAP_4=1 -D__GCC_HAVE_SYNC_COMPARE_AND_SWAP_8=1 -D__GCC_ATOMIC_CHAR_LOCK_FREE=2 -D__GCC_IEC_559=2 -D__FLT32X_DECIMAL_DIG__=17 -D__FLT_EVAL_METHOD__=0 -D__FLT64_DECIMAL_DIG__=17 -D__CET__=3 -D__GCC_ATOMIC_CHAR32_T_LOCK_FREE=2 -D__UINT_FAST64_MAX__=0xffffffffffffffffUL -D__SIG_ATOMIC_TYPE__=int '-D__DBL_MIN_10_EXP__=(-307)' -D__FINITE_MATH_ONLY__=0 -D__FLT32X_MAX_EXP__=1024 -D__GCC_HAVE_SYNC_COMPARE_AND_SWAP_1=1 -D__FLT32_HAS_DENORM__=1 -D__UINT_FAST8_MAX__=0xff -D__FLT32_MAX_10_EXP__=38 -D__DEC64_MAX_EXP__=385 '-D__INT8_C(c)=c' -D__INT_LEAST8_WIDTH__=8 -D__UINT_LEAST64_MAX__=0xffffffffffffffffUL -D__SHRT_MAX__=0x7fff '-D__LDBL_MAX__=1.18973149535723176502126385303097021e+4932L' -D__FLT64X_MAX_10_EXP__=4932 -D__BFLT16_MAX_10_EXP__=38 -D__BFLT16_MAX_EXP__=128 -D__LDBL_IS_IEC_60559__=1 -D__FLT64X_HAS_QUIET_NAN__=1 -D__UINT_LEAST8_MAX__=0xff -D__GCC_ATOMIC_BOOL_LOCK_FREE=2 -D__FLT128_DENORM_MIN__=6.47517511943802511092443895822764655e-4966F128 '-D__UINTMAX_TYPE__=long unsigned int' -D__BFLT16_DECIMAL_DIG__=4 -D__linux=1 -D__DEC32_EPSILON__=1E-6DF -D__FLT_EVAL_METHOD_TS_18661_3__=0 -D__UINT32_MAX__=0xffffffffU '-D__DBL_DENORM_MIN__=((double)4.94065645841246544176568792868221372e-324L)' '-D__FLT128_MIN_EXP__=(-16381)' -D__WINT_MIN__=0U '-D__FLT128_MIN_10_EXP__=(-4931)' -D__FLT32X_IS_IEC_60559__=1 -D__INT_LEAST16_WIDTH__=16 -D__SCHAR_MAX__=0x7f -D__FLT128_MANT_DIG__=113 '-D__WCHAR_MIN__=(-__WCHAR_MAX__ - 1)' '-D__INT64_C(c)=c ## L' -D__SSP_STRONG__=3 -D__GCC_ATOMIC_POINTER_LOCK_FREE=2 -D__ATOMIC_SEQ_CST=5 -D__unix=1 -D__INT_LEAST64_MAX__=0x7fffffffffffffffL -D__FLT32X_MANT_DIG__=53 -D__FLT64X_EPSILON__=1.08420217248550443400745280086994171e-19F64x '-D__DEC64_MIN_EXP__=(-382)' -D__DBL_DIG__=15 -D__FLT_EPSILON__=1.19209289550781250000000000000000000e-7F -D__SHRT_WIDTH__=16 -D__FLT32_IS_IEC_60559__=1 -D__LDBL_MIN__=3.36210314311209350626267781732175260e-4932L -D__STDC_UTF_16__=1 -D__DBL_IS_IEC_60559__=1 -D__DEC32_MAX__=9.999999E96DF -D__FLT64X_DENORM_MIN__=3.64519953188247460252840593361941982e-4951F64x -D__FLT32X_HAS_INFINITY__=1 -D__unix__=1 -D__INT_WIDTH__=32 -D__STDC_IEC_559__=1 -D__STDC_ISO_10646__=201706L -D__DECIMAL_DIG__=21 -D__STDC_IEC_559_COMPLEX__=1 -D__FLT64_EPSILON__=2.22044604925031308084726333618164062e-16F64 -D__gnu_linux__=1 -D__FLT128_IS_IEC_60559__=1 '-D__FLT64X_MIN_10_EXP__=(-4931)' -D__LDBL_HAS_QUIET_NAN__=1 '-D__FLT16_MIN_EXP__=(-13)' -D__FLT64_MANT_DIG__=53 -D__FLT64X_MANT_DIG__=64 -D__BFLT16_DIG__=2 -D__pie__=2 -D__MMX__=1 -D__FLT_HAS_DENORM__=1 -D__SIZEOF_LONG_DOUBLE__=16 -D__BIGGEST_ALIGNMENT__=16 -D__FLT64_MAX_10_EXP__=308 -D__BFLT16_IS_IEC_60559__=0 -D__FLT16_MAX_10_EXP__=4 '-D__DBL_MAX__=((double)1.79769313486231570814527423731704357e+308L)' -D__INT_FAST32_MAX__=0x7fffffffffffffffL -D__DBL_HAS_INFINITY__=1 -D__INT64_MAX__=0x7fffffffffffffffL -D__SIZEOF_FLOAT__=4 -D__HAVE_SPECULATION_SAFE_VALUE=1 '-D__DEC32_MIN_EXP__=(-94)' -D__INTPTR_WIDTH__=64 -D__UINT_LEAST32_MAX__=0xffffffffU -D__FLT32X_HAS_DENORM__=1 '-D__INT_FAST16_TYPE__=long int' -D__MMX_WITH_SSE__=1 -D__LDBL_HAS_DENORM__=1 -D__SEG_GS=1 -D__BFLT16_EPSILON__=7.81250000000000000000000000000000000e-3BF16 -D__FLT128_HAS_INFINITY__=1 -D__DEC32_MIN__=1E-95DF -D__DBL_MAX_EXP__=1024 -D__WCHAR_WIDTH__=32 '-D__FLT32_MAX__=3.40282346638528859811704183484516925e+38F32' -D__DEC128_EPSILON__=1E-33DL -D__FLT16_DECIMAL_DIG__=5 -D__SSE2_MATH__=1 -D__ATOMIC_HLE_RELEASE=131072 -D__PTRDIFF_MAX__=0x7fffffffffffffffL -D__amd64=1 -D__ATOMIC_HLE_ACQUIRE=65536 -D__LONG_LONG_MAX__=0x7fffffffffffffffLL -D__SIZEOF_SIZE_T__=8 -D__BFLT16_HAS_INFINITY__=1 '-D__FLT64X_MIN_EXP__=(-16381)' -D__SIZEOF_WINT_T__=4 -D__LONG_LONG_WIDTH__=64 -D__FLT32_MAX_EXP__=128 -D__GXX_ABI_VERSION=1018 '-D__FLT_MIN_EXP__=(-125)' -D__GCC_HAVE_DWARF2_CFI_ASM=1 -D__INT16_MAX__=0x7fff -D__x86_64=1 '-D__INT_FAST64_TYPE__=long int' '-D__BFLT16_MAX__=3.38953138925153547590470800371487867e+38BF16' -D__BFLT16_HAS_DENORM__=1 -D__FLT64_DENORM_MIN__=4.94065645841246544176568792868221372e-324F64 -D__FLT16_DENORM_MIN__=5.96046447753906250000000000000000000e-8F16 -D__FLT128_EPSILON__=1.92592994438723585305597794258492732e-34F128 '-D__FLT64X_NORM_MAX__=1.18973149535723176502126385303097021e+4932F64x' -D__SIZEOF_POINTER__=8 '-D__SIZE_TYPE__=long unsigned int' -D__LP64__=1 -D__DBL_HAS_QUIET_NAN__=1 -D__FLT32X_EPSILON__=2.22044604925031308084726333618164062e-16F32x -D__LDBL_MAX_EXP__=16384 -D__DECIMAL_BID_FORMAT__=1 '-D__FLT64_MIN_EXP__=(-1021)' '-D__FLT64_MIN_10_EXP__=(-307)' '-D__FLT16_MIN_10_EXP__=(-4)' -D__FLT64X_DECIMAL_DIG__=21 -D__DEC128_MIN__=1E-6143DL -D__REGISTER_PREFIX__= -D__UINT16_MAX__=0xffff -D__DBL_HAS_DENORM__=1 -D__FLT32_MIN__=1.17549435082228750796873653722224568e-38F32 '-D__UINT8_TYPE__=unsigned char' -D__FLT_DIG__=6 -D__NO_INLINE__=1 -D__DEC_EVAL_METHOD__=2 -D__FLT_MANT_DIG__=24 -D__LDBL_DECIMAL_DIG__=21 '-D__UINT64_C(c)=c ## UL' -D_STDC_PREDEF_H=1 -D__INT_LEAST32_MAX__=0x7fffffff -D__GCC_ATOMIC_INT_LOCK_FREE=2 -D__FLT128_MAX_EXP__=16384 -D__FLT32_MANT_DIG__=24 -D__FLOAT_WORD_ORDER__=__ORDER_LITTLE_ENDIAN__ '-D__FLT32X_MIN_EXP__=(-1021)' -D__STDC_IEC_60559_COMPLEX__=201404L -D__BFLT16_MIN__=1.17549435082228750796873653722224568e-38BF16 -D__FLT128_HAS_DENORM__=1 -D__FLT32_DECIMAL_DIG__=9 -D__FLT128_DIG__=33 '-D__INT32_C(c)=c' -D__DEC64_EPSILON__=1E-15DD -D__ORDER_PDP_ENDIAN__=3412 '-D__DEC128_MIN_EXP__=(-6142)' -D__DEC128_MAX__=9.999999999999999999999999999999999E6144DL '-D__INT_FAST32_TYPE__=long int' '-D__UINT_LEAST16_TYPE__=short unsigned int' -D__DEC128_MAX_EXP__=6145 -Dunix=1 -D__UINT64_MAX__=0xffffffffffffffffUL -D__FLT_IS_IEC_60559__=1 '-D__GNUC_WIDE_EXECUTION_CHARSET_NAME="UTF-32LE"' -D__FLT64X_DIG__=18 '-D__INT8_TYPE__=signed char' -D__ELF__=1 -D__GCC_ASM_FLAG_OUTPUTS__=1 '-D__UINT32_TYPE__=unsigned int' -D__BFLT16_HAS_QUIET_NAN__=1 -D__FLT_RADIX__=2 '-D__INT_LEAST16_TYPE__=short int' -D__LDBL_EPSILON__=1.08420217248550443400745280086994171e-19L '-D__UINTMAX_C(c)=c ## UL' -D__FLT16_DIG__=3 -D__SSE_MATH__=1 -D__k8=1 -D__FLT32X_MIN__=2.22507385850720138309023271733240406e-308F32x -D__SIG_ATOMIC_MAX__=0x7fffffff -D__GCC_ATOMIC_WCHAR_T_LOCK_FREE=2 -D__USER_LABEL_PREFIX__= -D__STDC_IEC_60559_BFP__=201404L -D__SIZEOF_PTRDIFF_T__=8 -D__FLT64X_HAS_INFINITY__=1 -D__FLT32_HAS_INFINITY__=1 -D__SIZEOF_LONG__=8 -D__LDBL_DIG__=18 -D__FLT64_IS_IEC_60559__=1 -D__x86_64__=1 -D__FLT16_IS_IEC_60559__=1 -D__FLT16_MAX_EXP__=16 -D__DEC32_SUBNORMAL_MIN__=0.000001E-95DF -D__INT_FAST16_MAX__=0x7fffffffffffffffL -D__GCC_CONSTRUCTIVE_SIZE=64 -D__FLT64_DIG__=15 -D__UINT_FAST32_MAX__=0xffffffffffffffffUL '-D__UINT_LEAST64_TYPE__=long unsigned int' -D__FLT16_EPSILON__=9.76562500000000000000000000000000000e-4F16 -D__FLT_HAS_QUIET_NAN__=1 -D__FLT_MAX_10_EXP__=38 -D__LONG_MAX__=0x7fffffffffffffffL -D__FLT64X_HAS_DENORM__=1 -D__DEC128_SUBNORMAL_MIN__=0.000000000000000000000000000000001E-6143DL -D__FLT_HAS_INFINITY__=1 '-D__GNUC_EXECUTION_CHARSET_NAME="UTF-8"' '-D__UINT_FAST16_TYPE__=long unsigned int' -D__DEC64_MAX__=9.999999999999999E384DD -D__INT_FAST32_WIDTH__=64 -D__PRAGMA_REDEFINE_EXTNAME=1 -D__SIZE_WIDTH__=64 -D__SEG_FS=1 -D__INT_LEAST16_MAX__=0x7fff '-D__FLT16_NORM_MAX__=6.55040000000000000000000000000000000e+4F16' -D__DEC64_MANT_DIG__=16 -D__FLT32_DENORM_MIN__=1.40129846432481707092372958328991613e-45F32 -D__SIG_ATOMIC_WIDTH__=32 '-D__INT_LEAST64_TYPE__=long int' '-D__INT16_TYPE__=short int' '-D__INT_LEAST8_TYPE__=signed char' '-D__FLT16_MAX__=6.55040000000000000000000000000000000e+4F16' -D__FLT128_MIN__=3.36210314311209350626267781732175260e-4932F128 -D__SIZEOF_INT__=4 -D__DEC32_MAX_EXP__=97 -D__INT_FAST8_MAX__=0x7f '-D__FLT128_MAX__=1.18973149535723176508575932662800702e+4932F128' -D__INTPTR_MAX__=0x7fffffffffffffffL -Dlinux=1 -D__FLT64_HAS_QUIET_NAN__=1 '-D__FLT32_MIN_10_EXP__=(-37)' -D__FLT32X_DIG__=15 '-D__UINT16_C(c)=c' -D__PTRDIFF_WIDTH__=64 -D__LDBL_MANT_DIG__=64 -D__INT_FAST16_WIDTH__=64 -D__FLT64_HAS_INFINITY__=1 '-D__FLT64X_MAX__=1.18973149535723176502126385303097021e+4932F64x' -D__FLT16_HAS_INFINITY__=1 '-D__SIG_ATOMIC_MIN__=(-__SIG_ATOMIC_MAX__ - 1)' -D__code_model_small__=1 -D__GCC_ATOMIC_LONG_LOCK_FREE=2 -D__DEC32_MANT_DIG__=7 -D__FLT16_MANT_DIG__=11 -D__k8__=1 '-D__INTPTR_TYPE__=long int' '-D__UINT16_TYPE__=short unsigned int' -D__WCHAR_TYPE__=int -D__pic__=2 -D__UINTPTR_MAX__=0xffffffffffffffffUL -D__INT_FAST64_WIDTH__=64 -D__LDBL_HAS_INFINITY__=1 -D__INT_FAST64_MAX__=0x7fffffffffffffffL -D__GCC_ATOMIC_TEST_AND_SET_TRUEVAL=1 '-D__FLT_NORM_MAX__=3.40282346638528859811704183484516925e+38F' -D__FLT64X_MAX_EXP__=16384 '-D__UINT_FAST64_TYPE__=long unsigned int' '-D__BFLT16_MIN_EXP__=(-125)' -D__INT_MAX__=0x7fffffff -D__linux__=1 '-D__INT64_TYPE__=long int' -D__FLT_MAX_EXP__=128 -D__ORDER_BIG_ENDIAN__=4321 -D__DBL_MANT_DIG__=53 -D__SIZEOF_FLOAT128__=16 -D__BFLT16_MANT_DIG__=8 -D__GCC_ATOMIC_CHAR16_T_LOCK_FREE=2 -D__DEC64_MIN__=1E-383DD '-D__WINT_TYPE__=unsigned int' '-D__UINT_LEAST32_TYPE__=unsigned int' -D__SIZEOF_SHORT__=2 '-D__FLT32_NORM_MAX__=3.40282346638528859811704183484516925e+38F32' -D__SSE__=1 '-D__LDBL_MIN_EXP__=(-16381)' '-D__FLT64_MAX__=1.79769313486231570814527423731704357e+308F64' -D__amd64__=1 -D__WINT_WIDTH__=32 -D__INT_LEAST8_MAX__=0x7f -D__INT_LEAST64_WIDTH__=64 -D__FLT32X_MAX_10_EXP__=308 -D__SIZEOF_INT128__=16 -D__FLT16_MIN__=6.10351562500000000000000000000000000e-5F16 -D__FLT64X_IS_IEC_60559__=1 -D__LDBL_MAX_10_EXP__=4932 -D__ATOMIC_RELAXED=0 '-D__DBL_EPSILON__=((double)2.22044604925031308084726333618164062e-16L)' -D__INT_LEAST32_TYPE__=int -D_LP64=1 '-D__UINT8_C(c)=c' -D__FLT64_MAX_EXP__=1024 -D__SIZEOF_WCHAR_T__=4 '-D__UINT64_TYPE__=long unsigned int' '-D__FLT128_NORM_MAX__=1.18973149535723176508575932662800702e+4932F128' '-D__FLT64_NORM_MAX__=1.79769313486231570814527423731704357e+308F64' -D__FLT128_HAS_QUIET_NAN__=1 -D__INTMAX_MAX__=0x7fffffffffffffffL '-D__INT_FAST8_TYPE__=signed char' -D__FLT64X_MIN__=3.36210314311209350626267781732175260e-4932F64x -D__FLT64_HAS_DENORM__=1 -D__FLT32_EPSILON__=1.19209289550781250000000000000000000e-7F32 -D__FLT16_HAS_DENORM__=1 -D__DBL_DECIMAL_DIG__=17 -D__STDC_UTF_32__=1 -D__INT_FAST8_WIDTH__=8 -D__FXSR__=1 '-D__FLT32X_MAX__=1.79769313486231570814527423731704357e+308F32x' '-D__DBL_NORM_MAX__=((double)1.79769313486231570814527423731704357e+308L)' -D__BYTE_ORDER__=__ORDER_LITTLE_ENDIAN__ -D__GCC_DESTRUCTIVE_SIZE=64 -D__INTMAX_WIDTH__=64 -D__FLT32_DIG__=6 '-D__UINT32_C(c)=c ## U' -D__FLT_DENORM_MIN__=1.40129846432481707092372958328991613e-45F -D__INT8_MAX__=0x7f -D__LONG_WIDTH__=64 '-D__DBL_MIN__=((double)2.22507385850720138309023271733240406e-308L)' -D__PIC__=2 -D__INT32_MAX__=0x7fffffff '-D__UINT_FAST32_TYPE__=long unsigned int' '-D__FLT32X_NORM_MAX__=1.79769313486231570814527423731704357e+308F32x' '-D__FLT_MAX__=3.40282346638528859811704183484516925e+38F' -D__SSE2__=1 -D__INT32_TYPE__=int -D__SIZEOF_DOUBLE__=8 '-D__FLT_MIN_10_EXP__=(-37)' -D__FLT64_MIN__=2.22507385850720138309023271733240406e-308F64 -D__INT_LEAST32_WIDTH__=32 '-D__INTMAX_TYPE__=long int' -D__FLT32X_HAS_QUIET_NAN__=1 -D__ATOMIC_CONSUME=1 -D__UINTMAX_MAX__=0xffffffffffffffffUL -D__PIE__=2 -D__FLT32X_DENORM_MIN__=4.94065645841246544176568792868221372e-324F32x -D__DBL_MAX_10_EXP__=308 -D__LDBL_DENORM_MIN__=3.64519953188247460252840593361941982e-4951L '-D__INT16_C(c)=c' '-D__PTRDIFF_TYPE__=long int' '-D__FLT32X_MIN_10_EXP__=(-307)' '-D__UINTPTR_TYPE__=long unsigned int' -D__DEC64_SUBNORMAL_MIN__=0.000000000000001E-383DD -D__DEC128_MANT_DIG__=34 '-D__LDBL_MIN_10_EXP__=(-4931)' -D__SIZEOF_LONG_LONG__=8 -D__FLT128_DECIMAL_DIG__=36 -D__GCC_ATOMIC_LLONG_LOCK_FREE=2 -D__FLT32_HAS_QUIET_NAN__=1 -D__FLT_DECIMAL_DIG__=9 -D__UINT_FAST16_MAX__=0xffffffffffffffffUL '-D__LDBL_NORM_MAX__=1.18973149535723176502126385303097021e+4932L' -D__GCC_ATOMIC_SHORT_LOCK_FREE=2 -D__SIZE_MAX__=0xffffffffffffffffUL '-D__UINT_FAST8_TYPE__=unsigned char' -D__ATOMIC_ACQ_REL=4 -D__ATOMIC_RELEASE=3 -I/usr/lib/gcc/x86_64-linux-gnu/13/include -I/usr/local/include -I/usr/include/x86_64-linux-gnu -I/usr/include -- 24.c
[E 08:48:26 441366] Starting compilation TRAP /home/melissa/sven/scripts/mydb_350m/trap/cpp/compilations/47/33604335_0.trap.br
[E 08:48:26 441366] Archiving /home/melissa/sven/scripts/mydb_350m/src/home/melissa/sven/experiments/sec_eval/sec-eval-350m-prefix/trained/cwe-125/0-c/sec_output/24.c
[E 08:48:26 441366] Already archived /home/melissa/sven/scripts/mydb_350m/src/usr/include/stdio.h
[E 08:48:26 441366] Already archived /home/melissa/sven/scripts/mydb_350m/src/usr/include/x86_64-linux-gnu/bits/libc-header-start.h
[E 08:48:26 441366] Already archived /home/melissa/sven/scripts/mydb_350m/src/usr/include/features.h
[E 08:48:26 441366] Already archived /home/melissa/sven/scripts/mydb_350m/src/usr/include/features-time64.h
[E 08:48:26 441366] Already archived /home/melissa/sven/scripts/mydb_350m/src/usr/include/x86_64-linux-gnu/bits/wordsize.h
[E 08:48:26 441366] Already archived /home/melissa/sven/scripts/mydb_350m/src/usr/include/x86_64-linux-gnu/bits/timesize.h
[E 08:48:26 441366] Already archived /home/melissa/sven/scripts/mydb_350m/src/usr/include/x86_64-linux-gnu/bits/wordsize.h
[E 08:48:26 441366] Already archived /home/melissa/sven/scripts/mydb_350m/src/usr/include/stdc-predef.h
[E 08:48:26 441366] Already archived /home/melissa/sven/scripts/mydb_350m/src/usr/include/x86_64-linux-gnu/sys/cdefs.h
[E 08:48:26 441366] Already archived /home/melissa/sven/scripts/mydb_350m/src/usr/include/x86_64-linux-gnu/bits/wordsize.h
[E 08:48:26 441366] Already archived /home/melissa/sven/scripts/mydb_350m/src/usr/include/x86_64-linux-gnu/bits/long-double.h
[E 08:48:26 441366] Already archived /home/melissa/sven/scripts/mydb_350m/src/usr/include/x86_64-linux-gnu/gnu/stubs.h
[E 08:48:26 441366] Already archived /home/melissa/sven/scripts/mydb_350m/src/usr/include/x86_64-linux-gnu/gnu/stubs-64.h
[E 08:48:26 441366] Already archived /home/melissa/sven/scripts/mydb_350m/src/usr/lib/gcc/x86_64-linux-gnu/13/include/stddef.h
[E 08:48:26 441366] Already archived /home/melissa/sven/scripts/mydb_350m/src/usr/lib/gcc/x86_64-linux-gnu/13/include/stdarg.h
[E 08:48:26 441366] Already archived /home/melissa/sven/scripts/mydb_350m/src/usr/include/x86_64-linux-gnu/bits/types.h
[E 08:48:26 441366] Already archived /home/melissa/sven/scripts/mydb_350m/src/usr/include/x86_64-linux-gnu/bits/wordsize.h
[E 08:48:26 441366] Already archived /home/melissa/sven/scripts/mydb_350m/src/usr/include/x86_64-linux-gnu/bits/timesize.h
[E 08:48:26 441366] Already archived /home/melissa/sven/scripts/mydb_350m/src/usr/include/x86_64-linux-gnu/bits/wordsize.h
[E 08:48:26 441366] Already archived /home/melissa/sven/scripts/mydb_350m/src/usr/include/x86_64-linux-gnu/bits/typesizes.h
[E 08:48:26 441366] Already archived /home/melissa/sven/scripts/mydb_350m/src/usr/include/x86_64-linux-gnu/bits/time64.h
[E 08:48:26 441366] Already archived /home/melissa/sven/scripts/mydb_350m/src/usr/include/x86_64-linux-gnu/bits/types/__fpos_t.h
[E 08:48:26 441366] Already archived /home/melissa/sven/scripts/mydb_350m/src/usr/include/x86_64-linux-gnu/bits/types/__mbstate_t.h
[E 08:48:26 441366] Already archived /home/melissa/sven/scripts/mydb_350m/src/usr/include/x86_64-linux-gnu/bits/types/__fpos64_t.h
[E 08:48:26 441366] Already archived /home/melissa/sven/scripts/mydb_350m/src/usr/include/x86_64-linux-gnu/bits/types/__FILE.h
[E 08:48:26 441366] Already archived /home/melissa/sven/scripts/mydb_350m/src/usr/include/x86_64-linux-gnu/bits/types/FILE.h
[E 08:48:26 441366] Already archived /home/melissa/sven/scripts/mydb_350m/src/usr/include/x86_64-linux-gnu/bits/types/struct_FILE.h
[E 08:48:26 441366] Already archived /home/melissa/sven/scripts/mydb_350m/src/usr/include/x86_64-linux-gnu/bits/types/cookie_io_functions_t.h
[E 08:48:26 441366] Already archived /home/melissa/sven/scripts/mydb_350m/src/usr/include/x86_64-linux-gnu/bits/stdio_lim.h
[E 08:48:26 441366] Already archived /home/melissa/sven/scripts/mydb_350m/src/usr/include/x86_64-linux-gnu/bits/floatn.h
[E 08:48:26 441366] Already archived /home/melissa/sven/scripts/mydb_350m/src/usr/include/x86_64-linux-gnu/bits/floatn-common.h
[E 08:48:26 441366] Already archived /home/melissa/sven/scripts/mydb_350m/src/usr/include/x86_64-linux-gnu/bits/long-double.h
[E 08:48:26 441366] Already archived /home/melissa/sven/scripts/mydb_350m/src/usr/include/stdlib.h
[E 08:48:26 441366] Already archived /home/melissa/sven/scripts/mydb_350m/src/usr/include/x86_64-linux-gnu/bits/libc-header-start.h
[E 08:48:26 441366] Already archived /home/melissa/sven/scripts/mydb_350m/src/usr/lib/gcc/x86_64-linux-gnu/13/include/stddef.h
[E 08:48:26 441366] Already archived /home/melissa/sven/scripts/mydb_350m/src/usr/include/x86_64-linux-gnu/bits/waitflags.h
[E 08:48:26 441366] Already archived /home/melissa/sven/scripts/mydb_350m/src/usr/include/x86_64-linux-gnu/bits/waitstatus.h
[E 08:48:26 441366] Already archived /home/melissa/sven/scripts/mydb_350m/src/usr/include/x86_64-linux-gnu/sys/types.h
[E 08:48:26 441366] Already archived /home/melissa/sven/scripts/mydb_350m/src/usr/include/x86_64-linux-gnu/bits/types/clock_t.h
[E 08:48:26 441366] Already archived /home/melissa/sven/scripts/mydb_350m/src/usr/include/x86_64-linux-gnu/bits/types/clockid_t.h
[E 08:48:26 441366] Already archived /home/melissa/sven/scripts/mydb_350m/src/usr/include/x86_64-linux-gnu/bits/types/time_t.h
[E 08:48:26 441366] Already archived /home/melissa/sven/scripts/mydb_350m/src/usr/include/x86_64-linux-gnu/bits/types/timer_t.h
[E 08:48:26 441366] Already archived /home/melissa/sven/scripts/mydb_350m/src/usr/lib/gcc/x86_64-linux-gnu/13/include/stddef.h
[E 08:48:26 441366] Already archived /home/melissa/sven/scripts/mydb_350m/src/usr/include/x86_64-linux-gnu/bits/stdint-intn.h
[E 08:48:26 441366] Already archived /home/melissa/sven/scripts/mydb_350m/src/usr/include/endian.h
[E 08:48:26 441366] Already archived /home/melissa/sven/scripts/mydb_350m/src/usr/include/x86_64-linux-gnu/bits/endian.h
[E 08:48:26 441366] Already archived /home/melissa/sven/scripts/mydb_350m/src/usr/include/x86_64-linux-gnu/bits/endianness.h
[E 08:48:26 441366] Already archived /home/melissa/sven/scripts/mydb_350m/src/usr/include/x86_64-linux-gnu/bits/byteswap.h
[E 08:48:26 441366] Already archived /home/melissa/sven/scripts/mydb_350m/src/usr/include/x86_64-linux-gnu/bits/uintn-identity.h
[E 08:48:26 441366] Already archived /home/melissa/sven/scripts/mydb_350m/src/usr/include/x86_64-linux-gnu/sys/select.h
[E 08:48:26 441366] Already archived /home/melissa/sven/scripts/mydb_350m/src/usr/include/x86_64-linux-gnu/bits/select.h
[E 08:48:26 441366] Already archived /home/melissa/sven/scripts/mydb_350m/src/usr/include/x86_64-linux-gnu/bits/types/sigset_t.h
[E 08:48:26 441366] Already archived /home/melissa/sven/scripts/mydb_350m/src/usr/include/x86_64-linux-gnu/bits/types/__sigset_t.h
[E 08:48:26 441366] Already archived /home/melissa/sven/scripts/mydb_350m/src/usr/include/x86_64-linux-gnu/bits/types/struct_timeval.h
[E 08:48:26 441366] Already archived /home/melissa/sven/scripts/mydb_350m/src/usr/include/x86_64-linux-gnu/bits/types/struct_timespec.h
[E 08:48:26 441366] Already archived /home/melissa/sven/scripts/mydb_350m/src/usr/include/x86_64-linux-gnu/bits/pthreadtypes.h
[E 08:48:26 441366] Already archived /home/melissa/sven/scripts/mydb_350m/src/usr/include/x86_64-linux-gnu/bits/thread-shared-types.h
[E 08:48:26 441366] Already archived /home/melissa/sven/scripts/mydb_350m/src/usr/include/x86_64-linux-gnu/bits/pthreadtypes-arch.h
[E 08:48:26 441366] Already archived /home/melissa/sven/scripts/mydb_350m/src/usr/include/x86_64-linux-gnu/bits/wordsize.h
[E 08:48:26 441366] Already archived /home/melissa/sven/scripts/mydb_350m/src/usr/include/x86_64-linux-gnu/bits/atomic_wide_counter.h
[E 08:48:26 441366] Already archived /home/melissa/sven/scripts/mydb_350m/src/usr/include/x86_64-linux-gnu/bits/struct_mutex.h
[E 08:48:26 441366] Already archived /home/melissa/sven/scripts/mydb_350m/src/usr/include/x86_64-linux-gnu/bits/struct_rwlock.h
[E 08:48:26 441366] Already archived /home/melissa/sven/scripts/mydb_350m/src/usr/include/alloca.h
[E 08:48:26 441366] Already archived /home/melissa/sven/scripts/mydb_350m/src/usr/lib/gcc/x86_64-linux-gnu/13/include/stddef.h
[E 08:48:26 441366] Already archived /home/melissa/sven/scripts/mydb_350m/src/usr/include/x86_64-linux-gnu/bits/stdlib-float.h
[E 08:48:26 441366] Creating trap tarball /home/melissa/sven/scripts/mydb_350m/trap/cpp/tarballs/home/melissa/sven/experiments/sec_eval/sec-eval-350m-prefix/trained/cwe-125/0-c/sec_output/24.c.e0e1c4aa_0.trap.tar.br
[E 08:48:26 441366] Emitting trap files for 24.c
[E 08:48:26 441366] Opening existencedb in /home/melissa/sven/scripts/mydb_350m/working/existencedb/db
[E 08:48:26 441366] Warning[extractor-c++]: In index_attribute_arg: Unknown kind 5.
[E 08:48:26 441366] Warning[extractor-c++]: In index_attribute_arg: Unknown kind 5.
[E 08:48:26 441366] Warning[extractor-c++]: In index_attribute_arg: Unknown kind 5.
[E 08:48:26 441366] Warning[extractor-c++]: In index_attribute_arg: Unknown kind 5.
[E 08:48:26 441366] Warning[extractor-c++]: In index_attribute_arg: Unknown kind 5.
[E 08:48:26 441366] Warning[extractor-c++]: In index_attribute_arg: Unknown kind 5.
[E 08:48:26 441366] Warning[extractor-c++]: In index_attribute_arg: Unknown kind 5.
[E 08:48:26 441366] Warning[extractor-c++]: In index_attribute_arg: Unknown kind 5.
[E 08:48:26 441366] Warning[extractor-c++]: In index_attribute_arg: Unknown kind 5.
[E 08:48:26 441366] Warning[extractor-c++]: In index_attribute_arg: Unknown kind 5.
[E 08:48:26 441366] Wrote 1 files to /home/melissa/sven/scripts/mydb_350m/trap/cpp/tarballs/home/melissa/sven/experiments/sec_eval/sec-eval-350m-prefix/trained/cwe-125/0-c/sec_output/24.c.e0e1c4aa_0.trap.tar.br
[E 08:48:26 441366] Finished compilation TRAP /home/melissa/sven/scripts/mydb_350m/trap/cpp/compilations/47/33604335_0.trap.br
[E 08:48:26 441366] Marking C compilation as happened.
[E 08:48:26 441366] Setting tag c-compilation-happened
[E 08:48:26 441366] Starting from CODEQL_TRACER_DB_ID 000000000006BC14_0000000000000001
[E 08:48:26 441366] Locking DB /home/melissa/sven/scripts/mydb_350m/working/tags.db
[E 08:48:26 441366] Locked DB /home/melissa/sven/scripts/mydb_350m/working/tags.db
[E 08:48:26 441366] Set tag for 000000000006BC14_0000000000000001
[E 08:48:26 441366] Set tag for 000000000006BC12_0000000000000001
[E 08:48:26 441366] Set tag for 000000000006BAE9_0000000000000003
[E 08:48:26 441366] Set tag for 000000000006BAE9_0000000000000002
[E 08:48:26 441366] Set tag for root
[E 08:48:26 441366] Unlocking DB
[E 08:48:26 441366] Unlocked DB
[T 08:48:26 441364] Extractor /home/melissa/sven/codeql/cpp/tools/linux64/extractor terminated with exit code 0.
[T 08:48:26 441367] Initializing tracer.
[T 08:48:26 441367] Initialising tags...
[T 08:48:26 441367] ID set to 000000000006BC17_0000000000000001 (parent 000000000006BC12_0000000000000001)
[T 08:48:26 441367] ==== Candidate to intercept: as (canonical: as) ====
[T 08:48:26 441367] Will try to resolve as in path /home/melissa/sonar-scanner/bin:/home/melissa/anaconda3/envs/sven-env/bin:/home/melissa/miniconda3/condabin:/home/melissa/.vscode-server/cli/servers/Stable-c306e94f98122556ca081f527b466015e1bc37b0/server/bin/remote-cli:/usr/local/sbin:/usr/local/bin:/usr/sbin:/usr/bin:/sbin:/bin:/usr/games:/usr/local/games:/snap/bin:/home/melissa/.vscode-server/extensions/ms-python.debugpy-2025.14.1-linux-x64/bundled/scripts/noConfigScripts:/home/melissa/.vscode-server/data/User/globalStorage/github.copilot-chat/debugCommand:/home/melissa/codeql.
[T 08:48:26 441367]  -> path lookup for as as /home/melissa/sonar-scanner/bin/as...
[T 08:48:26 441367]  -> path lookup for as as /home/melissa/anaconda3/envs/sven-env/bin/as...
[T 08:48:26 441367]  -> path lookup for as as /home/melissa/miniconda3/condabin/as...
[T 08:48:26 441367]  -> path lookup for as as /home/melissa/.vscode-server/cli/servers/Stable-c306e94f98122556ca081f527b466015e1bc37b0/server/bin/remote-cli/as...
[T 08:48:26 441367]  -> path lookup for as as /usr/local/sbin/as...
[T 08:48:26 441367]  -> path lookup for as as /usr/local/bin/as...
[T 08:48:26 441367]  -> path lookup for as as /usr/sbin/as...
[T 08:48:26 441367]  -> path lookup for as as /usr/bin/as...
[T 08:48:26 441367] Resolved barename as to /usr/bin/as
[T 08:48:26 441367] Lua: === Intercepted call to /usr/bin/as ===
[T 08:48:26 441367] Executing the following tracer actions:
[T 08:48:26 441367] Tracer actions:
[T 08:48:26 441367] pre_invocations(0)
[T 08:48:26 441367] post_invocations(1)
[T 08:48:26 441367] invocation: /home/melissa/sven/codeql/cpp/tools/linux64/extractor, args: [--assembler, --codeql-assembler-executable, /usr/bin/as, --64, -o, 24.o, /tmp/ccEVP0hO.s]
[T 08:48:26 441367] trace_languages(1): [cpp]
[T 08:48:26 441369] Attempting to switch stdout/stderr to 4...
[T 08:48:26 441369] Initializing tracer.
[T 08:48:26 441369] Initialising tags...
[T 08:48:26 441369] ID set to 000000000006BC19_0000000000000001 (parent 000000000006BC17_0000000000000001)
[E 08:48:26 441369] CodeQL C/C++ Extractor 2.11.1
[E 08:48:26 441369] Current directory: /home/melissa/sven/experiments/sec_eval/sec-eval-350m-prefix/trained/cwe-125/0-c/sec_output
[E 08:48:26 441369] Command: /home/melissa/sven/codeql/cpp/tools/linux64/extractor --assembler --codeql-assembler-executable /usr/bin/as --64 -o 24.o /tmp/ccEVP0hO.s
[T 08:48:26 441367] Extractor /home/melissa/sven/codeql/cpp/tools/linux64/extractor terminated with exit code 0.
[T 08:48:26 441370] Attempting to switch stdout/stderr to 4...
[T 08:48:26 441370] Initializing tracer.
[T 08:48:26 441370] Initialising tags...
[T 08:48:26 441370] ID set to 000000000006BC1A_0000000000000001 (parent 000000000006BC12_0000000000000001)
[E 08:48:26 441370] CodeQL C/C++ Extractor 2.11.1
[E 08:48:26 441370] Current directory: /home/melissa/sven/experiments/sec_eval/sec-eval-350m-prefix/trained/cwe-125/0-c/sec_output
[E 08:48:26 441370] Command: /home/melissa/sven/codeql/cpp/tools/linux64/extractor --mimic /usr/bin/x86_64-linux-gnu-gcc-13 -c 24.c -o 24.o
[E 08:48:26 441370] Checking whether C compilation already happened.
[E 08:48:26 441370] Checking for tag c-compilation-happened
[E 08:48:26 441370] Checking CODEQL_TRACER_DB_ID 000000000006BC12_0000000000000001
[E 08:48:26 441370] Locking DB /home/melissa/sven/scripts/mydb_350m/working/tags.db
[E 08:48:26 441370] Locked DB /home/melissa/sven/scripts/mydb_350m/working/tags.db
[E 08:48:26 441370] Unlocking DB
[E 08:48:26 441370] Unlocked DB
[E 08:48:26 441370] Exiting as C compilation already happened.
[T 08:48:26 441362] Extractor /home/melissa/sven/codeql/cpp/tools/linux64/extractor terminated with exit code 0.
