[T 08:28:51 438047] CodeQL CLI version 2.11.1
[T 08:28:51 438047] Initializing tracer.
[T 08:28:51 438047] Initialising tags...
[T 08:28:51 438047] ID set to 000000000006AF1F_0000000000000001 (parent root)
[T 08:28:51 438047] Initializing tracer.
[T 08:28:51 438047] Initialising tags...
[T 08:28:51 438047] ID set to 000000000006AF1F_0000000000000002 (parent root)
[T 08:28:51 438047] Warning: SEMMLE_EXEC and SEMMLE_EXECP not set. Falling back to path lookup on argv[0].
[T 08:28:51 438047] ==== Candidate to intercept: /home/melissa/sven/codeql/tools/linux64/runner-linux (canonical: /home/melissa/sven/codeql/tools/linux64/runner-linux) ====
[T 08:28:51 438047] Executing the following tracer actions:
[T 08:28:51 438047] Tracer actions:
[T 08:28:51 438047] pre_invocations(0)
[T 08:28:51 438047] post_invocations(0)
[T 08:28:51 438047] trace_languages(1): [cpp]
[T 08:28:51 438047] Initializing tracer.
[T 08:28:51 438047] Initialising tags...
[T 08:28:51 438047] ID set to 000000000006AF1F_0000000000000003 (parent 000000000006AF1F_0000000000000002)
[T 08:28:51 438047] ==== Candidate to intercept: /home/melissa/sven/codeql/cpp/tools/autobuild.sh (canonical: /home/melissa/sven/codeql/cpp/tools/autobuild.sh) ====
[T 08:28:51 438047] Executing the following tracer actions:
[T 08:28:51 438047] Tracer actions:
[T 08:28:51 438047] pre_invocations(0)
[T 08:28:51 438047] post_invocations(0)
[T 08:28:51 438047] trace_languages(1): [cpp]
[T 08:28:51 438050] Initializing tracer.
[T 08:28:51 438050] Initialising tags...
[T 08:28:51 438050] ID set to 000000000006AF22_0000000000000001 (parent 000000000006AF1F_0000000000000003)
[T 08:28:51 438050] ==== Candidate to intercept: /home/melissa/sven/codeql/cpp/tools/do-prebuild (canonical: /home/melissa/sven/codeql/cpp/tools/do-prebuild) ====
[T 08:28:51 438050] Lua: === Intercepted call to /home/melissa/sven/codeql/cpp/tools/do-prebuild ===
[T 08:28:51 438050] Lua: Disabling tracing for language cpp.
[T 08:28:51 438050] Executing the following tracer actions:
[T 08:28:51 438050] Tracer actions:
[T 08:28:51 438050] pre_invocations(0)
[T 08:28:51 438050] post_invocations(0)
[T 08:28:51 438050] trace_languages(0): []
[T 08:28:51 438050] Disabling tracing for this command.
[T 08:28:51 438063] Initializing tracer.
[T 08:28:51 438063] Initialising tags...
[T 08:28:51 438063] ID set to 000000000006AF2F_0000000000000001 (parent 000000000006AF1F_0000000000000003)
[T 08:28:51 438063] ==== Candidate to intercept: /home/melissa/sven/codeql/cpp/tools/do-build (canonical: /home/melissa/sven/codeql/cpp/tools/do-build) ====
[T 08:28:51 438063] Executing the following tracer actions:
[T 08:28:51 438063] Tracer actions:
[T 08:28:51 438063] pre_invocations(0)
[T 08:28:51 438063] post_invocations(0)
[T 08:28:51 438063] trace_languages(1): [cpp]
[T 08:28:51 438064] Initializing tracer.
[T 08:28:51 438064] Initialising tags...
[T 08:28:51 438064] ID set to 000000000006AF30_0000000000000001 (parent 000000000006AF2F_0000000000000001)
[T 08:28:51 438064] ==== Candidate to intercept: /usr/bin/readlink (canonical: /usr/bin/readlink) ====
[T 08:28:51 438064] Executing the following tracer actions:
[T 08:28:51 438064] Tracer actions:
[T 08:28:51 438064] pre_invocations(0)
[T 08:28:51 438064] post_invocations(0)
[T 08:28:51 438064] trace_languages(1): [cpp]
[T 08:28:51 438065] Initializing tracer.
[T 08:28:51 438065] Initialising tags...
[T 08:28:51 438065] ID set to 000000000006AF31_0000000000000001 (parent 000000000006AF2F_0000000000000001)
[T 08:28:51 438065] ==== Candidate to intercept: /usr/bin/make (canonical: /usr/bin/make) ====
[T 08:28:51 438065] Executing the following tracer actions:
[T 08:28:51 438065] Tracer actions:
[T 08:28:51 438065] pre_invocations(0)
[T 08:28:51 438065] post_invocations(0)
[T 08:28:51 438065] trace_languages(1): [cpp]
[T 08:34:14 438465] CodeQL CLI version 2.11.1
[T 08:34:14 438465] Initializing tracer.
[T 08:34:14 438465] Initialising tags...
[T 08:34:14 438465] ID set to 000000000006B0C1_0000000000000001 (parent root)
[T 08:34:14 438465] Initializing tracer.
[T 08:34:14 438465] Initialising tags...
[T 08:34:14 438465] ID set to 000000000006B0C1_0000000000000002 (parent root)
[T 08:34:14 438465] Warning: SEMMLE_EXEC and SEMMLE_EXECP not set. Falling back to path lookup on argv[0].
[T 08:34:14 438465] ==== Candidate to intercept: /home/melissa/sven/codeql/tools/linux64/runner-linux (canonical: /home/melissa/sven/codeql/tools/linux64/runner-linux) ====
[T 08:34:14 438465] Executing the following tracer actions:
[T 08:34:14 438465] Tracer actions:
[T 08:34:14 438465] pre_invocations(0)
[T 08:34:14 438465] post_invocations(0)
[T 08:34:14 438465] trace_languages(1): [cpp]
[T 08:34:14 438465] Initializing tracer.
[T 08:34:14 438465] Initialising tags...
[T 08:34:14 438465] ID set to 000000000006B0C1_0000000000000003 (parent 000000000006B0C1_0000000000000002)
[T 08:34:14 438465] ==== Candidate to intercept: make (canonical: make) ====
[T 08:34:14 438465] Will try to resolve make in path /home/melissa/sonar-scanner/bin:/home/melissa/anaconda3/envs/sven-env/bin:/home/melissa/miniconda3/condabin:/home/melissa/.vscode-server/cli/servers/Stable-c306e94f98122556ca081f527b466015e1bc37b0/server/bin/remote-cli:/usr/local/sbin:/usr/local/bin:/usr/sbin:/usr/bin:/sbin:/bin:/usr/games:/usr/local/games:/snap/bin:/home/melissa/.vscode-server/extensions/ms-python.debugpy-2025.14.1-linux-x64/bundled/scripts/noConfigScripts:/home/melissa/.vscode-server/data/User/globalStorage/github.copilot-chat/debugCommand:/home/melissa/codeql.
[T 08:34:14 438465]  -> path lookup for make as /home/melissa/sonar-scanner/bin/make...
[T 08:34:14 438465]  -> path lookup for make as /home/melissa/anaconda3/envs/sven-env/bin/make...
[T 08:34:14 438465]  -> path lookup for make as /home/melissa/miniconda3/condabin/make...
[T 08:34:14 438465]  -> path lookup for make as /home/melissa/.vscode-server/cli/servers/Stable-c306e94f98122556ca081f527b466015e1bc37b0/server/bin/remote-cli/make...
[T 08:34:14 438465]  -> path lookup for make as /usr/local/sbin/make...
[T 08:34:14 438465]  -> path lookup for make as /usr/local/bin/make...
[T 08:34:14 438465]  -> path lookup for make as /usr/sbin/make...
[T 08:34:14 438465]  -> path lookup for make as /usr/bin/make...
[T 08:34:14 438465] Resolved barename make to /usr/bin/make
[T 08:34:14 438465] Executing the following tracer actions:
[T 08:34:14 438465] Tracer actions:
[T 08:34:14 438465] pre_invocations(0)
[T 08:34:14 438465] post_invocations(0)
[T 08:34:14 438465] trace_languages(1): [cpp]
[T 08:34:14 438468] Initializing tracer.
[T 08:34:14 438468] Initialising tags...
[T 08:34:14 438468] ID set to 000000000006B0C4_0000000000000001 (parent 000000000006B0C1_0000000000000003)
[T 08:34:14 438468] ==== Candidate to intercept: /usr/bin/gcc (canonical: /usr/bin/x86_64-linux-gnu-gcc-13) ====
[T 08:34:14 438468] Lua: === Intercepted call to /usr/bin/x86_64-linux-gnu-gcc-13 ===
[T 08:34:14 438468] Executing the following tracer actions:
[T 08:34:14 438468] Tracer actions:
[T 08:34:14 438468] pre_invocations(0)
[T 08:34:14 438468] post_invocations(1)
[T 08:34:14 438468] invocation: /home/melissa/sven/codeql/cpp/tools/linux64/extractor, args: [--mimic, /usr/bin/x86_64-linux-gnu-gcc-13, -c, 00.c, -o, 00.o]
[T 08:34:14 438468] trace_languages(1): [cpp]
[T 08:34:14 438470] Initializing tracer.
[T 08:34:14 438470] Initialising tags...
[T 08:34:14 438470] ID set to 000000000006B0C6_0000000000000001 (parent 000000000006B0C4_0000000000000001)
[T 08:34:14 438470] ==== Candidate to intercept: /usr/libexec/gcc/x86_64-linux-gnu/13/cc1 (canonical: /usr/libexec/gcc/x86_64-linux-gnu/13/cc1) ====
[T 08:34:14 438470] Lua: === Intercepted call to /usr/libexec/gcc/x86_64-linux-gnu/13/cc1 ===
[T 08:34:14 438470] Executing the following tracer actions:
[T 08:34:14 438470] Tracer actions:
[T 08:34:14 438470] pre_invocations(0)
[T 08:34:14 438470] post_invocations(1)
[T 08:34:14 438470] invocation: /home/melissa/sven/codeql/cpp/tools/linux64/extractor, args: [--mimic, /usr/libexec/gcc/x86_64-linux-gnu/13/cc1, -quiet, -imultiarch, x86_64-linux-gnu, 00.c, -quiet, -dumpbase, 00.c, -dumpbase-ext, .c, -mtune=generic, -march=x86-64, -fasynchronous-unwind-tables, -fstack-protector-strong, -Wformat, -Wformat-security, -fstack-clash-protection, -fcf-protection, -o, /tmp/cccr6OqR.s]
[T 08:34:14 438470] trace_languages(1): [cpp]
[T 08:34:14 438477] Attempting to switch stdout/stderr to 4...
[T 08:34:14 438477] Initializing tracer.
[T 08:34:14 438477] Initialising tags...
[T 08:34:14 438477] ID set to 000000000006B0CD_0000000000000001 (parent 000000000006B0C6_0000000000000001)
[E 08:34:14 438477] CodeQL C/C++ Extractor 2.11.1
[E 08:34:14 438477] Current directory: /home/melissa/sven/experiments/sec_eval/sec-eval-2b-prefix/trained/cwe-125/0-c/sec_output
[E 08:34:14 438477] Command: /home/melissa/sven/codeql/cpp/tools/linux64/extractor --mimic /usr/libexec/gcc/x86_64-linux-gnu/13/cc1 -quiet -imultiarch x86_64-linux-gnu 00.c -quiet -dumpbase 00.c -dumpbase-ext .c -mtune=generic -march=x86-64 -fasynchronous-unwind-tables -fstack-protector-strong -Wformat -Wformat-security -fstack-clash-protection -fcf-protection -o /tmp/cccr6OqR.s
[T 08:34:14 438479] Initializing tracer.
[T 08:34:14 438479] Initialising tags...
[T 08:34:14 438479] ID set to 000000000006B0CF_0000000000000001 (parent 000000000006B0CD_0000000000000001)
[T 08:34:14 438479] ==== Candidate to intercept: /usr/libexec/gcc/x86_64-linux-gnu/13/cc1 (canonical: /usr/libexec/gcc/x86_64-linux-gnu/13/cc1) ====
[T 08:34:14 438479] Lua: === Intercepted call to /usr/libexec/gcc/x86_64-linux-gnu/13/cc1 ===
[T 08:34:14 438479] Executing the following tracer actions:
[T 08:34:14 438479] Tracer actions:
[T 08:34:14 438479] pre_invocations(0)
[T 08:34:14 438479] post_invocations(1)
[T 08:34:14 438479] invocation: /home/melissa/sven/codeql/cpp/tools/linux64/extractor, args: [--mimic, /usr/libexec/gcc/x86_64-linux-gnu/13/cc1, --version]
[T 08:34:14 438479] trace_languages(1): [cpp]
[T 08:34:14 438481] Attempting to switch stdout/stderr to 7...
[T 08:34:14 438481] Initializing tracer.
[T 08:34:14 438481] Initialising tags...
[T 08:34:14 438481] ID set to 000000000006B0D1_0000000000000001 (parent 000000000006B0CF_0000000000000001)
[E 08:34:14 438481] Mimicry classification suppression detected; exiting.
[T 08:34:14 438479] Extractor /home/melissa/sven/codeql/cpp/tools/linux64/extractor terminated with exit code 0.
[T 08:34:14 438482] Initializing tracer.
[T 08:34:14 438482] Initialising tags...
[T 08:34:14 438482] ID set to 000000000006B0D2_0000000000000001 (parent 000000000006B0CD_0000000000000001)
[T 08:34:14 438482] ==== Candidate to intercept: /usr/libexec/gcc/x86_64-linux-gnu/13/cc1 (canonical: /usr/libexec/gcc/x86_64-linux-gnu/13/cc1) ====
[T 08:34:14 438482] Lua: === Intercepted call to /usr/libexec/gcc/x86_64-linux-gnu/13/cc1 ===
[T 08:34:14 438482] Executing the following tracer actions:
[T 08:34:14 438482] Tracer actions:
[T 08:34:14 438482] pre_invocations(0)
[T 08:34:14 438482] post_invocations(1)
[T 08:34:14 438482] invocation: /home/melissa/sven/codeql/cpp/tools/linux64/extractor, args: [--mimic, /usr/libexec/gcc/x86_64-linux-gnu/13/cc1, --help]
[T 08:34:14 438482] trace_languages(1): [cpp]
[T 08:34:14 438484] Attempting to switch stdout/stderr to 7...
[T 08:34:14 438484] Initializing tracer.
[T 08:34:14 438484] Initialising tags...
[T 08:34:14 438484] ID set to 000000000006B0D4_0000000000000001 (parent 000000000006B0D2_0000000000000001)
[E 08:34:14 438484] Mimicry classification suppression detected; exiting.
[T 08:34:14 438482] Extractor /home/melissa/sven/codeql/cpp/tools/linux64/extractor terminated with exit code 0.
[T 08:34:14 438485] Initializing tracer.
[T 08:34:14 438485] Initialising tags...
[T 08:34:14 438485] ID set to 000000000006B0D5_0000000000000001 (parent 000000000006B0CD_0000000000000001)
[T 08:34:14 438485] ==== Candidate to intercept: /usr/libexec/gcc/x86_64-linux-gnu/13/cc1 (canonical: /usr/libexec/gcc/x86_64-linux-gnu/13/cc1) ====
[T 08:34:14 438485] Lua: === Intercepted call to /usr/libexec/gcc/x86_64-linux-gnu/13/cc1 ===
[T 08:34:14 438485] Executing the following tracer actions:
[T 08:34:14 438485] Tracer actions:
[T 08:34:14 438485] pre_invocations(0)
[T 08:34:14 438485] post_invocations(1)
[T 08:34:14 438485] invocation: /home/melissa/sven/codeql/cpp/tools/linux64/extractor, args: [--mimic, /usr/libexec/gcc/x86_64-linux-gnu/13/cc1, -version, --help]
[T 08:34:14 438485] trace_languages(1): [cpp]
[T 08:34:14 438487] Attempting to switch stdout/stderr to 7...
[T 08:34:14 438487] Initializing tracer.
[T 08:34:14 438487] Initialising tags...
[T 08:34:14 438487] ID set to 000000000006B0D7_0000000000000001 (parent 000000000006B0D5_0000000000000001)
[E 08:34:14 438487] Mimicry classification suppression detected; exiting.
[T 08:34:14 438485] Extractor /home/melissa/sven/codeql/cpp/tools/linux64/extractor terminated with exit code 0.
[T 08:34:14 438488] Initializing tracer.
[T 08:34:14 438488] Initialising tags...
[T 08:34:14 438488] ID set to 000000000006B0D8_0000000000000001 (parent 000000000006B0CD_0000000000000001)
[T 08:34:14 438488] ==== Candidate to intercept: /usr/libexec/gcc/x86_64-linux-gnu/13/cc1 (canonical: /usr/libexec/gcc/x86_64-linux-gnu/13/cc1) ====
[T 08:34:14 438488] Lua: === Intercepted call to /usr/libexec/gcc/x86_64-linux-gnu/13/cc1 ===
[T 08:34:14 438488] Executing the following tracer actions:
[T 08:34:14 438488] Tracer actions:
[T 08:34:14 438488] pre_invocations(0)
[T 08:34:14 438488] post_invocations(1)
[T 08:34:14 438488] invocation: /home/melissa/sven/codeql/cpp/tools/linux64/extractor, args: [--mimic, /usr/libexec/gcc/x86_64-linux-gnu/13/cc1, -nostdinc, -o, /home/melissa/sven/scripts/mydb/working/tmp//semmle_2_438477_440933.o, /home/melissa/sven/scripts/mydb/working/tmp//semmle_1_438477_440884.c]
[T 08:34:14 438488] trace_languages(1): [cpp]
[T 08:34:14 438490] Attempting to switch stdout/stderr to 7...
[T 08:34:14 438490] Initializing tracer.
[T 08:34:14 438490] Initialising tags...
[T 08:34:14 438490] ID set to 000000000006B0DA_0000000000000001 (parent 000000000006B0D8_0000000000000001)
[E 08:34:14 438490] Mimicry classification suppression detected; exiting.
[T 08:34:14 438488] Extractor /home/melissa/sven/codeql/cpp/tools/linux64/extractor terminated with exit code 0.
[T 08:34:14 438491] Initializing tracer.
[T 08:34:14 438491] Initialising tags...
[T 08:34:14 438491] ID set to 000000000006B0DB_0000000000000001 (parent 000000000006B0CD_0000000000000001)
[T 08:34:14 438491] ==== Candidate to intercept: /usr/libexec/gcc/x86_64-linux-gnu/13/cc1 (canonical: /usr/libexec/gcc/x86_64-linux-gnu/13/cc1) ====
[T 08:34:14 438491] Lua: === Intercepted call to /usr/libexec/gcc/x86_64-linux-gnu/13/cc1 ===
[T 08:34:14 438491] Executing the following tracer actions:
[T 08:34:14 438491] Tracer actions:
[T 08:34:14 438491] pre_invocations(0)
[T 08:34:14 438491] post_invocations(1)
[T 08:34:14 438491] invocation: /home/melissa/sven/codeql/cpp/tools/linux64/extractor, args: [--mimic, /usr/libexec/gcc/x86_64-linux-gnu/13/cc1, -nostdinc, -o, /home/melissa/sven/scripts/mydb/working/tmp//semmle_4_438477_463683.o, /home/melissa/sven/scripts/mydb/working/tmp//semmle_3_438477_463636.c]
[T 08:34:14 438491] trace_languages(1): [cpp]
[T 08:34:14 438493] Attempting to switch stdout/stderr to 7...
[T 08:34:14 438493] Initializing tracer.
[T 08:34:14 438493] Initialising tags...
[T 08:34:14 438493] ID set to 000000000006B0DD_0000000000000001 (parent 000000000006B0DB_0000000000000001)
[E 08:34:14 438493] Mimicry classification suppression detected; exiting.
[T 08:34:14 438491] Extractor /home/melissa/sven/codeql/cpp/tools/linux64/extractor terminated with exit code 0.
[E 08:34:14 438477] Checking whether C compilation already happened.
[E 08:34:14 438477] Checking for tag c-compilation-happened
[E 08:34:14 438477] Checking CODEQL_TRACER_DB_ID 000000000006B0C6_0000000000000001
[E 08:34:14 438477] Locking DB /home/melissa/sven/scripts/mydb/working/tags.db
[E 08:34:14 438477] Locked DB /home/melissa/sven/scripts/mydb/working/tags.db
[E 08:34:14 438477] Unlocking DB
[E 08:34:14 438477] Unlocked DB
[E 08:34:14 438477] Looks like C compilation didn't already happen.
[E 08:34:14 438477] Checking whether C compilation has been attempted.
[E 08:34:14 438477] Checking for tag c-compilation-attempted
[E 08:34:14 438477] Checking CODEQL_TRACER_DB_ID 000000000006B0C6_0000000000000001
[E 08:34:14 438477] Locking DB /home/melissa/sven/scripts/mydb/working/tags.db
[E 08:34:14 438477] Locked DB /home/melissa/sven/scripts/mydb/working/tags.db
[E 08:34:14 438477] Unlocking DB
[E 08:34:14 438477] Unlocked DB
[E 08:34:14 438477] Marking C compilation as attempted.
[E 08:34:14 438477] Setting tag c-compilation-attempted
[E 08:34:14 438477] Starting from CODEQL_TRACER_DB_ID 000000000006B0C6_0000000000000001
[E 08:34:14 438477] Locking DB /home/melissa/sven/scripts/mydb/working/tags.db
[E 08:34:14 438477] Locked DB /home/melissa/sven/scripts/mydb/working/tags.db
[E 08:34:14 438477] Set tag for 000000000006B0C6_0000000000000001
[E 08:34:14 438477] Set tag for 000000000006B0C4_0000000000000001
[E 08:34:14 438477] Set tag for 000000000006B0C1_0000000000000003
[E 08:34:14 438477] Set tag for 000000000006B0C1_0000000000000002
[E 08:34:14 438477] Set tag for root
[E 08:34:14 438477] Unlocking DB
[E 08:34:14 438477] Unlocked DB
[T 08:34:14 438494] Initializing tracer.
[T 08:34:14 438494] Initialising tags...
[T 08:34:14 438494] ID set to 000000000006B0DE_0000000000000001 (parent 000000000006B0CD_0000000000000001)
[T 08:34:14 438494] ==== Candidate to intercept: /usr/libexec/gcc/x86_64-linux-gnu/13/cc1 (canonical: /usr/libexec/gcc/x86_64-linux-gnu/13/cc1) ====
[T 08:34:14 438494] Lua: === Intercepted call to /usr/libexec/gcc/x86_64-linux-gnu/13/cc1 ===
[T 08:34:14 438494] Executing the following tracer actions:
[T 08:34:14 438494] Tracer actions:
[T 08:34:14 438494] pre_invocations(0)
[T 08:34:14 438494] post_invocations(1)
[T 08:34:14 438494] invocation: /home/melissa/sven/codeql/cpp/tools/linux64/extractor, args: [--mimic, /usr/libexec/gcc/x86_64-linux-gnu/13/cc1, -imultiarch, x86_64-linux-gnu, -mtune=generic, -march=x86-64, -fasynchronous-unwind-tables, -fstack-protector-strong, -fstack-clash-protection, -fcf-protection, -v, -fsyntax-only, /home/melissa/sven/scripts/mydb/working/tmp//semmle_6_438477_488085]
[T 08:34:14 438494] trace_languages(1): [cpp]
[T 08:34:14 438496] Attempting to switch stdout/stderr to 7...
[T 08:34:14 438496] Initializing tracer.
[T 08:34:14 438496] Initialising tags...
[T 08:34:14 438496] ID set to 000000000006B0E0_0000000000000001 (parent 000000000006B0DE_0000000000000001)
[E 08:34:14 438496] Mimicry classification suppression detected; exiting.
[T 08:34:14 438494] Extractor /home/melissa/sven/codeql/cpp/tools/linux64/extractor terminated with exit code 0.
[T 08:34:14 438497] Initializing tracer.
[T 08:34:14 438497] Initialising tags...
[T 08:34:14 438497] ID set to 000000000006B0E1_0000000000000001 (parent 000000000006B0CD_0000000000000001)
[T 08:34:14 438497] ==== Candidate to intercept: /usr/libexec/gcc/x86_64-linux-gnu/13/cc1 (canonical: /usr/libexec/gcc/x86_64-linux-gnu/13/cc1) ====
[T 08:34:14 438497] Lua: === Intercepted call to /usr/libexec/gcc/x86_64-linux-gnu/13/cc1 ===
[T 08:34:14 438497] Executing the following tracer actions:
[T 08:34:14 438497] Tracer actions:
[T 08:34:14 438497] pre_invocations(0)
[T 08:34:14 438497] post_invocations(1)
[T 08:34:14 438497] invocation: /home/melissa/sven/codeql/cpp/tools/linux64/extractor, args: [--mimic, /usr/libexec/gcc/x86_64-linux-gnu/13/cc1, -imultiarch, x86_64-linux-gnu, -mtune=generic, -march=x86-64, -fasynchronous-unwind-tables, -fstack-protector-strong, -fstack-clash-protection, -fcf-protection, -E, -dM, /home/melissa/sven/scripts/mydb/working/tmp//semmle_7_438477_509843]
[T 08:34:14 438497] trace_languages(1): [cpp]
[T 08:34:14 438499] Attempting to switch stdout/stderr to 7...
[T 08:34:14 438499] Initializing tracer.
[T 08:34:14 438499] Initialising tags...
[T 08:34:14 438499] ID set to 000000000006B0E3_0000000000000001 (parent 000000000006B0E1_0000000000000001)
[E 08:34:14 438499] Mimicry classification suppression detected; exiting.
[T 08:34:14 438497] Extractor /home/melissa/sven/codeql/cpp/tools/linux64/extractor terminated with exit code 0.
[T 08:34:14 438500] Initializing tracer.
[T 08:34:14 438500] Initialising tags...
[T 08:34:14 438500] ID set to 000000000006B0E4_0000000000000001 (parent 000000000006B0CD_0000000000000001)
[T 08:34:14 438500] ==== Candidate to intercept: /usr/libexec/gcc/x86_64-linux-gnu/13/cc1 (canonical: /usr/libexec/gcc/x86_64-linux-gnu/13/cc1) ====
[T 08:34:14 438500] Lua: === Intercepted call to /usr/libexec/gcc/x86_64-linux-gnu/13/cc1 ===
[T 08:34:14 438500] Executing the following tracer actions:
[T 08:34:14 438500] Tracer actions:
[T 08:34:14 438500] pre_invocations(0)
[T 08:34:14 438500] post_invocations(1)
[T 08:34:14 438500] invocation: /home/melissa/sven/codeql/cpp/tools/linux64/extractor, args: [--mimic, /usr/libexec/gcc/x86_64-linux-gnu/13/cc1, -imultiarch, x86_64-linux-gnu, -mtune=generic, -march=x86-64, -fasynchronous-unwind-tables, -fstack-protector-strong, -fstack-clash-protection, -fcf-protection, -fmax-errors=0, -Wreturn-type, -o, /home/melissa/sven/scripts/mydb/working/tmp//semmle_8_438477_530918.h.gch, /home/melissa/sven/scripts/mydb/working/tmp//semmle_8_438477_530918.h]
[T 08:34:14 438500] trace_languages(1): [cpp]
[T 08:34:14 438502] Attempting to switch stdout/stderr to 7...
[T 08:34:14 438502] Initializing tracer.
[T 08:34:14 438502] Initialising tags...
[T 08:34:14 438502] ID set to 000000000006B0E6_0000000000000001 (parent 000000000006B0E4_0000000000000001)
[E 08:34:14 438502] Mimicry classification suppression detected; exiting.
[T 08:34:14 438500] Extractor /home/melissa/sven/codeql/cpp/tools/linux64/extractor terminated with exit code 0.
Warning: Only 0 reserved identifiers found in precompiled header file.
[T 08:34:14 438503] Initializing tracer.
[T 08:34:14 438503] Initialising tags...
[T 08:34:14 438503] ID set to 000000000006B0E7_0000000000000001 (parent 000000000006B0CD_0000000000000001)
[T 08:34:14 438503] ==== Candidate to intercept: /usr/libexec/gcc/x86_64-linux-gnu/13/cc1 (canonical: /usr/libexec/gcc/x86_64-linux-gnu/13/cc1) ====
[T 08:34:14 438503] Lua: === Intercepted call to /usr/libexec/gcc/x86_64-linux-gnu/13/cc1 ===
[T 08:34:14 438503] Executing the following tracer actions:
[T 08:34:14 438503] Tracer actions:
[T 08:34:14 438503] pre_invocations(0)
[T 08:34:14 438503] post_invocations(1)
[T 08:34:14 438503] invocation: /home/melissa/sven/codeql/cpp/tools/linux64/extractor, args: [--mimic, /usr/libexec/gcc/x86_64-linux-gnu/13/cc1, -imultiarch, x86_64-linux-gnu, -mtune=generic, -march=x86-64, -fasynchronous-unwind-tables, -fstack-protector-strong, -fstack-clash-protection, -fcf-protection, -o, /home/melissa/sven/scripts/mydb/working/tmp//semmle_10_438477_553278.o, /home/melissa/sven/scripts/mydb/working/tmp//semmle_9_438477_553228.c]
[T 08:34:14 438503] trace_languages(1): [cpp]
[T 08:34:14 438505] Attempting to switch stdout/stderr to 7...
[T 08:34:14 438505] Initializing tracer.
[T 08:34:14 438505] Initialising tags...
[T 08:34:14 438505] ID set to 000000000006B0E9_0000000000000001 (parent 000000000006B0E7_0000000000000001)
[E 08:34:14 438505] Mimicry classification suppression detected; exiting.
[T 08:34:14 438503] Extractor /home/melissa/sven/codeql/cpp/tools/linux64/extractor terminated with exit code 0.
[T 08:34:14 438506] Initializing tracer.
[T 08:34:14 438506] Initialising tags...
[T 08:34:14 438506] ID set to 000000000006B0EA_0000000000000001 (parent 000000000006B0CD_0000000000000001)
[T 08:34:14 438506] ==== Candidate to intercept: /usr/libexec/gcc/x86_64-linux-gnu/13/cc1 (canonical: /usr/libexec/gcc/x86_64-linux-gnu/13/cc1) ====
[T 08:34:14 438506] Lua: === Intercepted call to /usr/libexec/gcc/x86_64-linux-gnu/13/cc1 ===
[T 08:34:14 438506] Executing the following tracer actions:
[T 08:34:14 438506] Tracer actions:
[T 08:34:14 438506] pre_invocations(0)
[T 08:34:14 438506] post_invocations(1)
[T 08:34:14 438506] invocation: /home/melissa/sven/codeql/cpp/tools/linux64/extractor, args: [--mimic, /usr/libexec/gcc/x86_64-linux-gnu/13/cc1, -imultiarch, x86_64-linux-gnu, -mtune=generic, -march=x86-64, -fasynchronous-unwind-tables, -fstack-protector-strong, -fstack-clash-protection, -fcf-protection, -o, /home/melissa/sven/scripts/mydb/working/tmp//semmle_12_438477_575767.o, /home/melissa/sven/scripts/mydb/working/tmp//semmle_11_438477_575703.c]
[T 08:34:14 438506] trace_languages(1): [cpp]
[T 08:34:14 438508] Attempting to switch stdout/stderr to 7...
[T 08:34:14 438508] Initializing tracer.
[T 08:34:14 438508] Initialising tags...
[T 08:34:14 438508] ID set to 000000000006B0EC_0000000000000001 (parent 000000000006B0EA_0000000000000001)
[E 08:34:14 438508] Mimicry classification suppression detected; exiting.
[T 08:34:14 438506] Extractor /home/melissa/sven/codeql/cpp/tools/linux64/extractor terminated with exit code 0.
[T 08:34:14 438509] Initializing tracer.
[T 08:34:14 438509] Initialising tags...
[T 08:34:14 438509] ID set to 000000000006B0ED_0000000000000001 (parent 000000000006B0CD_0000000000000001)
[T 08:34:14 438509] ==== Candidate to intercept: /usr/libexec/gcc/x86_64-linux-gnu/13/cc1 (canonical: /usr/libexec/gcc/x86_64-linux-gnu/13/cc1) ====
[T 08:34:14 438509] Lua: === Intercepted call to /usr/libexec/gcc/x86_64-linux-gnu/13/cc1 ===
[T 08:34:14 438509] Executing the following tracer actions:
[T 08:34:14 438509] Tracer actions:
[T 08:34:14 438509] pre_invocations(0)
[T 08:34:14 438509] post_invocations(1)
[T 08:34:14 438509] invocation: /home/melissa/sven/codeql/cpp/tools/linux64/extractor, args: [--mimic, /usr/libexec/gcc/x86_64-linux-gnu/13/cc1, -imultiarch, x86_64-linux-gnu, -mtune=generic, -march=x86-64, -fasynchronous-unwind-tables, -fstack-protector-strong, -fstack-clash-protection, -fcf-protection, -o, /home/melissa/sven/scripts/mydb/working/tmp//semmle_14_438477_598332.o, /home/melissa/sven/scripts/mydb/working/tmp//semmle_13_438477_598265.c]
[T 08:34:14 438509] trace_languages(1): [cpp]
[T 08:34:14 438511] Attempting to switch stdout/stderr to 7...
[T 08:34:14 438511] Initializing tracer.
[T 08:34:14 438511] Initialising tags...
[T 08:34:14 438511] ID set to 000000000006B0EF_0000000000000001 (parent 000000000006B0ED_0000000000000001)
[E 08:34:14 438511] Mimicry classification suppression detected; exiting.
[T 08:34:14 438509] Extractor /home/melissa/sven/codeql/cpp/tools/linux64/extractor terminated with exit code 0.
[T 08:34:14 438512] Initializing tracer.
[T 08:34:14 438512] Initialising tags...
[T 08:34:14 438512] ID set to 000000000006B0F0_0000000000000001 (parent 000000000006B0CD_0000000000000001)
[T 08:34:14 438512] ==== Candidate to intercept: /usr/libexec/gcc/x86_64-linux-gnu/13/cc1 (canonical: /usr/libexec/gcc/x86_64-linux-gnu/13/cc1) ====
[T 08:34:14 438512] Lua: === Intercepted call to /usr/libexec/gcc/x86_64-linux-gnu/13/cc1 ===
[T 08:34:14 438512] Executing the following tracer actions:
[T 08:34:14 438512] Tracer actions:
[T 08:34:14 438512] pre_invocations(0)
[T 08:34:14 438512] post_invocations(1)
[T 08:34:14 438512] invocation: /home/melissa/sven/codeql/cpp/tools/linux64/extractor, args: [--mimic, /usr/libexec/gcc/x86_64-linux-gnu/13/cc1, -imultiarch, x86_64-linux-gnu, -mtune=generic, -march=x86-64, -fasynchronous-unwind-tables, -fstack-protector-strong, -fstack-clash-protection, -fcf-protection, -o, /home/melissa/sven/scripts/mydb/working/tmp//semmle_16_438477_628642.o, /home/melissa/sven/scripts/mydb/working/tmp//semmle_15_438477_628581.c]
[T 08:34:14 438512] trace_languages(1): [cpp]
[T 08:34:14 438514] Attempting to switch stdout/stderr to 7...
[T 08:34:14 438514] Initializing tracer.
[T 08:34:14 438514] Initialising tags...
[T 08:34:14 438514] ID set to 000000000006B0F2_0000000000000001 (parent 000000000006B0F0_0000000000000001)
[E 08:34:14 438514] Mimicry classification suppression detected; exiting.
[T 08:34:14 438512] Extractor /home/melissa/sven/codeql/cpp/tools/linux64/extractor terminated with exit code 0.
[T 08:34:14 438515] Initializing tracer.
[T 08:34:14 438515] Initialising tags...
[T 08:34:14 438515] ID set to 000000000006B0F3_0000000000000001 (parent 000000000006B0CD_0000000000000001)
[T 08:34:14 438515] ==== Candidate to intercept: /usr/libexec/gcc/x86_64-linux-gnu/13/cc1 (canonical: /usr/libexec/gcc/x86_64-linux-gnu/13/cc1) ====
[T 08:34:14 438515] Lua: === Intercepted call to /usr/libexec/gcc/x86_64-linux-gnu/13/cc1 ===
[T 08:34:14 438515] Executing the following tracer actions:
[T 08:34:14 438515] Tracer actions:
[T 08:34:14 438515] pre_invocations(0)
[T 08:34:14 438515] post_invocations(1)
[T 08:34:14 438515] invocation: /home/melissa/sven/codeql/cpp/tools/linux64/extractor, args: [--mimic, /usr/libexec/gcc/x86_64-linux-gnu/13/cc1, -imultiarch, x86_64-linux-gnu, -mtune=generic, -march=x86-64, -fasynchronous-unwind-tables, -fstack-protector-strong, -fstack-clash-protection, -fcf-protection, -o, /home/melissa/sven/scripts/mydb/working/tmp//semmle_18_438477_651272.o, /home/melissa/sven/scripts/mydb/working/tmp//semmle_17_438477_651191.c]
[T 08:34:14 438515] trace_languages(1): [cpp]
[T 08:34:14 438517] Attempting to switch stdout/stderr to 7...
[T 08:34:14 438517] Initializing tracer.
[T 08:34:14 438517] Initialising tags...
[T 08:34:14 438517] ID set to 000000000006B0F5_0000000000000001 (parent 000000000006B0F3_0000000000000001)
[E 08:34:14 438517] Mimicry classification suppression detected; exiting.
[T 08:34:14 438515] Extractor /home/melissa/sven/codeql/cpp/tools/linux64/extractor terminated with exit code 0.
[T 08:34:14 438518] Initializing tracer.
[T 08:34:14 438518] Initialising tags...
[T 08:34:14 438518] ID set to 000000000006B0F6_0000000000000001 (parent 000000000006B0CD_0000000000000001)
[T 08:34:14 438518] ==== Candidate to intercept: /usr/libexec/gcc/x86_64-linux-gnu/13/cc1 (canonical: /usr/libexec/gcc/x86_64-linux-gnu/13/cc1) ====
[T 08:34:14 438518] Lua: === Intercepted call to /usr/libexec/gcc/x86_64-linux-gnu/13/cc1 ===
[T 08:34:14 438518] Executing the following tracer actions:
[T 08:34:14 438518] Tracer actions:
[T 08:34:14 438518] pre_invocations(0)
[T 08:34:14 438518] post_invocations(1)
[T 08:34:14 438518] invocation: /home/melissa/sven/codeql/cpp/tools/linux64/extractor, args: [--mimic, /usr/libexec/gcc/x86_64-linux-gnu/13/cc1, -imultiarch, x86_64-linux-gnu, -mtune=generic, -march=x86-64, -fasynchronous-unwind-tables, -fstack-protector-strong, -fstack-clash-protection, -fcf-protection, -o, /home/melissa/sven/scripts/mydb/working/tmp//semmle_20_438477_680139.o, /home/melissa/sven/scripts/mydb/working/tmp//semmle_19_438477_680079.c]
[T 08:34:14 438518] trace_languages(1): [cpp]
[T 08:34:14 438520] Attempting to switch stdout/stderr to 7...
[T 08:34:14 438520] Initializing tracer.
[T 08:34:14 438520] Initialising tags...
[T 08:34:14 438520] ID set to 000000000006B0F8_0000000000000001 (parent 000000000006B0F6_0000000000000001)
[E 08:34:14 438520] Mimicry classification suppression detected; exiting.
[T 08:34:14 438518] Extractor /home/melissa/sven/codeql/cpp/tools/linux64/extractor terminated with exit code 0.
[E 08:34:14 438477] Processed command line: /home/melissa/sven/codeql/cpp/tools/linux64/extractor --trapfolder /home/melissa/sven/scripts/mydb/trap/cpp --src_archive /home/melissa/sven/scripts/mydb/src --mimic_config /home/melissa/sven/scripts/mydb/working/compiler_mimic_cache/a75ad1f49a2f --object_filename /tmp/cccr6OqR.s -w --error_limit 1000 --disable_system_macros --variadic_macros --gcc --gnu_version 130300 --target linux_x86_64 '-D__DBL_MIN_EXP__=(-1021)' -D__UINT_LEAST16_MAX__=0xffff -D__FLT16_HAS_QUIET_NAN__=1 -D__ATOMIC_ACQUIRE=2 -D__FLT128_MAX_10_EXP__=4932 -D__FLT_MIN__=1.17549435082228750796873653722224568e-38F -D__GCC_IEC_559_COMPLEX=2 '-D__UINT_LEAST8_TYPE__=unsigned char' -D__SIZEOF_FLOAT80__=16 -D__BFLT16_DENORM_MIN__=9.18354961579912115600575419704879436e-41BF16 '-D__INTMAX_C(c)=c ## L' -D__CHAR_BIT__=8 -D__UINT8_MAX__=0xff -D__SCHAR_WIDTH__=8 -D__WINT_MAX__=0xffffffffU '-D__FLT32_MIN_EXP__=(-125)' '-D__BFLT16_NORM_MAX__=3.38953138925153547590470800371487867e+38BF16' '-D__BFLT16_MIN_10_EXP__=(-37)' -D__ORDER_LITTLE_ENDIAN__=1234 -D__WCHAR_MAX__=0x7fffffff -D__GCC_HAVE_SYNC_COMPARE_AND_SWAP_2=1 -D__GCC_HAVE_SYNC_COMPARE_AND_SWAP_4=1 -D__GCC_HAVE_SYNC_COMPARE_AND_SWAP_8=1 -D__GCC_ATOMIC_CHAR_LOCK_FREE=2 -D__GCC_IEC_559=2 -D__FLT32X_DECIMAL_DIG__=17 -D__FLT_EVAL_METHOD__=0 -D__FLT64_DECIMAL_DIG__=17 -D__CET__=3 -D__GCC_ATOMIC_CHAR32_T_LOCK_FREE=2 -D__UINT_FAST64_MAX__=0xffffffffffffffffUL -D__SIG_ATOMIC_TYPE__=int '-D__DBL_MIN_10_EXP__=(-307)' -D__FINITE_MATH_ONLY__=0 -D__FLT32X_MAX_EXP__=1024 -D__GCC_HAVE_SYNC_COMPARE_AND_SWAP_1=1 -D__FLT32_HAS_DENORM__=1 -D__UINT_FAST8_MAX__=0xff -D__FLT32_MAX_10_EXP__=38 -D__DEC64_MAX_EXP__=385 '-D__INT8_C(c)=c' -D__INT_LEAST8_WIDTH__=8 -D__UINT_LEAST64_MAX__=0xffffffffffffffffUL -D__SHRT_MAX__=0x7fff '-D__LDBL_MAX__=1.18973149535723176502126385303097021e+4932L' -D__FLT64X_MAX_10_EXP__=4932 -D__BFLT16_MAX_10_EXP__=38 -D__BFLT16_MAX_EXP__=128 -D__LDBL_IS_IEC_60559__=1 -D__FLT64X_HAS_QUIET_NAN__=1 -D__UINT_LEAST8_MAX__=0xff -D__GCC_ATOMIC_BOOL_LOCK_FREE=2 -D__FLT128_DENORM_MIN__=6.47517511943802511092443895822764655e-4966F128 '-D__UINTMAX_TYPE__=long unsigned int' -D__BFLT16_DECIMAL_DIG__=4 -D__linux=1 -D__DEC32_EPSILON__=1E-6DF -D__FLT_EVAL_METHOD_TS_18661_3__=0 -D__UINT32_MAX__=0xffffffffU '-D__DBL_DENORM_MIN__=((double)4.94065645841246544176568792868221372e-324L)' '-D__FLT128_MIN_EXP__=(-16381)' -D__WINT_MIN__=0U '-D__FLT128_MIN_10_EXP__=(-4931)' -D__FLT32X_IS_IEC_60559__=1 -D__INT_LEAST16_WIDTH__=16 -D__SCHAR_MAX__=0x7f -D__FLT128_MANT_DIG__=113 '-D__WCHAR_MIN__=(-__WCHAR_MAX__ - 1)' '-D__INT64_C(c)=c ## L' -D__SSP_STRONG__=3 -D__GCC_ATOMIC_POINTER_LOCK_FREE=2 -D__ATOMIC_SEQ_CST=5 -D__unix=1 -D__INT_LEAST64_MAX__=0x7fffffffffffffffL -D__FLT32X_MANT_DIG__=53 -D__FLT64X_EPSILON__=1.08420217248550443400745280086994171e-19F64x '-D__DEC64_MIN_EXP__=(-382)' -D__DBL_DIG__=15 -D__FLT_EPSILON__=1.19209289550781250000000000000000000e-7F -D__SHRT_WIDTH__=16 -D__FLT32_IS_IEC_60559__=1 -D__LDBL_MIN__=3.36210314311209350626267781732175260e-4932L -D__STDC_UTF_16__=1 -D__DBL_IS_IEC_60559__=1 -D__DEC32_MAX__=9.999999E96DF -D__FLT64X_DENORM_MIN__=3.64519953188247460252840593361941982e-4951F64x -D__FLT32X_HAS_INFINITY__=1 -D__unix__=1 -D__INT_WIDTH__=32 -D__STDC_IEC_559__=1 -D__STDC_ISO_10646__=201706L -D__DECIMAL_DIG__=21 -D__STDC_IEC_559_COMPLEX__=1 -D__FLT64_EPSILON__=2.22044604925031308084726333618164062e-16F64 -D__gnu_linux__=1 -D__FLT128_IS_IEC_60559__=1 '-D__FLT64X_MIN_10_EXP__=(-4931)' -D__LDBL_HAS_QUIET_NAN__=1 '-D__FLT16_MIN_EXP__=(-13)' -D__FLT64_MANT_DIG__=53 -D__FLT64X_MANT_DIG__=64 -D__BFLT16_DIG__=2 -D__pie__=2 -D__MMX__=1 -D__FLT_HAS_DENORM__=1 -D__SIZEOF_LONG_DOUBLE__=16 -D__BIGGEST_ALIGNMENT__=16 -D__FLT64_MAX_10_EXP__=308 -D__BFLT16_IS_IEC_60559__=0 -D__FLT16_MAX_10_EXP__=4 '-D__DBL_MAX__=((double)1.79769313486231570814527423731704357e+308L)' -D__INT_FAST32_MAX__=0x7fffffffffffffffL -D__DBL_HAS_INFINITY__=1 -D__INT64_MAX__=0x7fffffffffffffffL -D__SIZEOF_FLOAT__=4 -D__HAVE_SPECULATION_SAFE_VALUE=1 '-D__DEC32_MIN_EXP__=(-94)' -D__INTPTR_WIDTH__=64 -D__UINT_LEAST32_MAX__=0xffffffffU -D__FLT32X_HAS_DENORM__=1 '-D__INT_FAST16_TYPE__=long int' -D__MMX_WITH_SSE__=1 -D__LDBL_HAS_DENORM__=1 -D__SEG_GS=1 -D__BFLT16_EPSILON__=7.81250000000000000000000000000000000e-3BF16 -D__FLT128_HAS_INFINITY__=1 -D__DEC32_MIN__=1E-95DF -D__DBL_MAX_EXP__=1024 -D__WCHAR_WIDTH__=32 '-D__FLT32_MAX__=3.40282346638528859811704183484516925e+38F32' -D__DEC128_EPSILON__=1E-33DL -D__FLT16_DECIMAL_DIG__=5 -D__SSE2_MATH__=1 -D__ATOMIC_HLE_RELEASE=131072 -D__PTRDIFF_MAX__=0x7fffffffffffffffL -D__amd64=1 -D__ATOMIC_HLE_ACQUIRE=65536 -D__LONG_LONG_MAX__=0x7fffffffffffffffLL -D__SIZEOF_SIZE_T__=8 -D__BFLT16_HAS_INFINITY__=1 '-D__FLT64X_MIN_EXP__=(-16381)' -D__SIZEOF_WINT_T__=4 -D__LONG_LONG_WIDTH__=64 -D__FLT32_MAX_EXP__=128 -D__GXX_ABI_VERSION=1018 '-D__FLT_MIN_EXP__=(-125)' -D__GCC_HAVE_DWARF2_CFI_ASM=1 -D__INT16_MAX__=0x7fff -D__x86_64=1 '-D__INT_FAST64_TYPE__=long int' '-D__BFLT16_MAX__=3.38953138925153547590470800371487867e+38BF16' -D__BFLT16_HAS_DENORM__=1 -D__FLT64_DENORM_MIN__=4.94065645841246544176568792868221372e-324F64 -D__FLT16_DENORM_MIN__=5.96046447753906250000000000000000000e-8F16 -D__FLT128_EPSILON__=1.92592994438723585305597794258492732e-34F128 '-D__FLT64X_NORM_MAX__=1.18973149535723176502126385303097021e+4932F64x' -D__SIZEOF_POINTER__=8 '-D__SIZE_TYPE__=long unsigned int' -D__LP64__=1 -D__DBL_HAS_QUIET_NAN__=1 -D__FLT32X_EPSILON__=2.22044604925031308084726333618164062e-16F32x -D__LDBL_MAX_EXP__=16384 -D__DECIMAL_BID_FORMAT__=1 '-D__FLT64_MIN_EXP__=(-1021)' '-D__FLT64_MIN_10_EXP__=(-307)' '-D__FLT16_MIN_10_EXP__=(-4)' -D__FLT64X_DECIMAL_DIG__=21 -D__DEC128_MIN__=1E-6143DL -D__REGISTER_PREFIX__= -D__UINT16_MAX__=0xffff -D__DBL_HAS_DENORM__=1 -D__FLT32_MIN__=1.17549435082228750796873653722224568e-38F32 '-D__UINT8_TYPE__=unsigned char' -D__FLT_DIG__=6 -D__NO_INLINE__=1 -D__DEC_EVAL_METHOD__=2 -D__FLT_MANT_DIG__=24 -D__LDBL_DECIMAL_DIG__=21 '-D__UINT64_C(c)=c ## UL' -D_STDC_PREDEF_H=1 -D__INT_LEAST32_MAX__=0x7fffffff -D__GCC_ATOMIC_INT_LOCK_FREE=2 -D__FLT128_MAX_EXP__=16384 -D__FLT32_MANT_DIG__=24 -D__FLOAT_WORD_ORDER__=__ORDER_LITTLE_ENDIAN__ '-D__FLT32X_MIN_EXP__=(-1021)' -D__STDC_IEC_60559_COMPLEX__=201404L -D__BFLT16_MIN__=1.17549435082228750796873653722224568e-38BF16 -D__FLT128_HAS_DENORM__=1 -D__FLT32_DECIMAL_DIG__=9 -D__FLT128_DIG__=33 '-D__INT32_C(c)=c' -D__DEC64_EPSILON__=1E-15DD -D__ORDER_PDP_ENDIAN__=3412 '-D__DEC128_MIN_EXP__=(-6142)' -D__DEC128_MAX__=9.999999999999999999999999999999999E6144DL '-D__INT_FAST32_TYPE__=long int' '-D__UINT_LEAST16_TYPE__=short unsigned int' -D__DEC128_MAX_EXP__=6145 -Dunix=1 -D__UINT64_MAX__=0xffffffffffffffffUL -D__FLT_IS_IEC_60559__=1 '-D__GNUC_WIDE_EXECUTION_CHARSET_NAME="UTF-32LE"' -D__FLT64X_DIG__=18 '-D__INT8_TYPE__=signed char' -D__ELF__=1 -D__GCC_ASM_FLAG_OUTPUTS__=1 '-D__UINT32_TYPE__=unsigned int' -D__BFLT16_HAS_QUIET_NAN__=1 -D__FLT_RADIX__=2 '-D__INT_LEAST16_TYPE__=short int' -D__LDBL_EPSILON__=1.08420217248550443400745280086994171e-19L '-D__UINTMAX_C(c)=c ## UL' -D__FLT16_DIG__=3 -D__SSE_MATH__=1 -D__k8=1 -D__FLT32X_MIN__=2.22507385850720138309023271733240406e-308F32x -D__SIG_ATOMIC_MAX__=0x7fffffff -D__GCC_ATOMIC_WCHAR_T_LOCK_FREE=2 -D__USER_LABEL_PREFIX__= -D__STDC_IEC_60559_BFP__=201404L -D__SIZEOF_PTRDIFF_T__=8 -D__FLT64X_HAS_INFINITY__=1 -D__FLT32_HAS_INFINITY__=1 -D__SIZEOF_LONG__=8 -D__LDBL_DIG__=18 -D__FLT64_IS_IEC_60559__=1 -D__x86_64__=1 -D__FLT16_IS_IEC_60559__=1 -D__FLT16_MAX_EXP__=16 -D__DEC32_SUBNORMAL_MIN__=0.000001E-95DF -D__INT_FAST16_MAX__=0x7fffffffffffffffL -D__GCC_CONSTRUCTIVE_SIZE=64 -D__FLT64_DIG__=15 -D__UINT_FAST32_MAX__=0xffffffffffffffffUL '-D__UINT_LEAST64_TYPE__=long unsigned int' -D__FLT16_EPSILON__=9.76562500000000000000000000000000000e-4F16 -D__FLT_HAS_QUIET_NAN__=1 -D__FLT_MAX_10_EXP__=38 -D__LONG_MAX__=0x7fffffffffffffffL -D__FLT64X_HAS_DENORM__=1 -D__DEC128_SUBNORMAL_MIN__=0.000000000000000000000000000000001E-6143DL -D__FLT_HAS_INFINITY__=1 '-D__GNUC_EXECUTION_CHARSET_NAME="UTF-8"' '-D__UINT_FAST16_TYPE__=long unsigned int' -D__DEC64_MAX__=9.999999999999999E384DD -D__INT_FAST32_WIDTH__=64 -D__PRAGMA_REDEFINE_EXTNAME=1 -D__SIZE_WIDTH__=64 -D__SEG_FS=1 -D__INT_LEAST16_MAX__=0x7fff '-D__FLT16_NORM_MAX__=6.55040000000000000000000000000000000e+4F16' -D__DEC64_MANT_DIG__=16 -D__FLT32_DENORM_MIN__=1.40129846432481707092372958328991613e-45F32 -D__SIG_ATOMIC_WIDTH__=32 '-D__INT_LEAST64_TYPE__=long int' '-D__INT16_TYPE__=short int' '-D__INT_LEAST8_TYPE__=signed char' '-D__FLT16_MAX__=6.55040000000000000000000000000000000e+4F16' -D__FLT128_MIN__=3.36210314311209350626267781732175260e-4932F128 -D__SIZEOF_INT__=4 -D__DEC32_MAX_EXP__=97 -D__INT_FAST8_MAX__=0x7f '-D__FLT128_MAX__=1.18973149535723176508575932662800702e+4932F128' -D__INTPTR_MAX__=0x7fffffffffffffffL -Dlinux=1 -D__FLT64_HAS_QUIET_NAN__=1 '-D__FLT32_MIN_10_EXP__=(-37)' -D__FLT32X_DIG__=15 '-D__UINT16_C(c)=c' -D__PTRDIFF_WIDTH__=64 -D__LDBL_MANT_DIG__=64 -D__INT_FAST16_WIDTH__=64 -D__FLT64_HAS_INFINITY__=1 '-D__FLT64X_MAX__=1.18973149535723176502126385303097021e+4932F64x' -D__FLT16_HAS_INFINITY__=1 '-D__SIG_ATOMIC_MIN__=(-__SIG_ATOMIC_MAX__ - 1)' -D__code_model_small__=1 -D__GCC_ATOMIC_LONG_LOCK_FREE=2 -D__DEC32_MANT_DIG__=7 -D__FLT16_MANT_DIG__=11 -D__k8__=1 '-D__INTPTR_TYPE__=long int' '-D__UINT16_TYPE__=short unsigned int' -D__WCHAR_TYPE__=int -D__pic__=2 -D__UINTPTR_MAX__=0xffffffffffffffffUL -D__INT_FAST64_WIDTH__=64 -D__LDBL_HAS_INFINITY__=1 -D__INT_FAST64_MAX__=0x7fffffffffffffffL -D__GCC_ATOMIC_TEST_AND_SET_TRUEVAL=1 '-D__FLT_NORM_MAX__=3.40282346638528859811704183484516925e+38F' -D__FLT64X_MAX_EXP__=16384 '-D__UINT_FAST64_TYPE__=long unsigned int' '-D__BFLT16_MIN_EXP__=(-125)' -D__INT_MAX__=0x7fffffff -D__linux__=1 '-D__INT64_TYPE__=long int' -D__FLT_MAX_EXP__=128 -D__ORDER_BIG_ENDIAN__=4321 -D__DBL_MANT_DIG__=53 -D__SIZEOF_FLOAT128__=16 -D__BFLT16_MANT_DIG__=8 -D__GCC_ATOMIC_CHAR16_T_LOCK_FREE=2 -D__DEC64_MIN__=1E-383DD '-D__WINT_TYPE__=unsigned int' '-D__UINT_LEAST32_TYPE__=unsigned int' -D__SIZEOF_SHORT__=2 '-D__FLT32_NORM_MAX__=3.40282346638528859811704183484516925e+38F32' -D__SSE__=1 '-D__LDBL_MIN_EXP__=(-16381)' '-D__FLT64_MAX__=1.79769313486231570814527423731704357e+308F64' -D__amd64__=1 -D__WINT_WIDTH__=32 -D__INT_LEAST8_MAX__=0x7f -D__INT_LEAST64_WIDTH__=64 -D__FLT32X_MAX_10_EXP__=308 -D__SIZEOF_INT128__=16 -D__FLT16_MIN__=6.10351562500000000000000000000000000e-5F16 -D__FLT64X_IS_IEC_60559__=1 -D__LDBL_MAX_10_EXP__=4932 -D__ATOMIC_RELAXED=0 '-D__DBL_EPSILON__=((double)2.22044604925031308084726333618164062e-16L)' -D__INT_LEAST32_TYPE__=int -D_LP64=1 '-D__UINT8_C(c)=c' -D__FLT64_MAX_EXP__=1024 -D__SIZEOF_WCHAR_T__=4 '-D__UINT64_TYPE__=long unsigned int' '-D__FLT128_NORM_MAX__=1.18973149535723176508575932662800702e+4932F128' '-D__FLT64_NORM_MAX__=1.79769313486231570814527423731704357e+308F64' -D__FLT128_HAS_QUIET_NAN__=1 -D__INTMAX_MAX__=0x7fffffffffffffffL '-D__INT_FAST8_TYPE__=signed char' -D__FLT64X_MIN__=3.36210314311209350626267781732175260e-4932F64x -D__FLT64_HAS_DENORM__=1 -D__FLT32_EPSILON__=1.19209289550781250000000000000000000e-7F32 -D__FLT16_HAS_DENORM__=1 -D__DBL_DECIMAL_DIG__=17 -D__STDC_UTF_32__=1 -D__INT_FAST8_WIDTH__=8 -D__FXSR__=1 '-D__FLT32X_MAX__=1.79769313486231570814527423731704357e+308F32x' '-D__DBL_NORM_MAX__=((double)1.79769313486231570814527423731704357e+308L)' -D__BYTE_ORDER__=__ORDER_LITTLE_ENDIAN__ -D__GCC_DESTRUCTIVE_SIZE=64 -D__INTMAX_WIDTH__=64 -D__FLT32_DIG__=6 '-D__UINT32_C(c)=c ## U' -D__FLT_DENORM_MIN__=1.40129846432481707092372958328991613e-45F -D__INT8_MAX__=0x7f -D__LONG_WIDTH__=64 '-D__DBL_MIN__=((double)2.22507385850720138309023271733240406e-308L)' -D__PIC__=2 -D__INT32_MAX__=0x7fffffff '-D__UINT_FAST32_TYPE__=long unsigned int' '-D__FLT32X_NORM_MAX__=1.79769313486231570814527423731704357e+308F32x' '-D__FLT_MAX__=3.40282346638528859811704183484516925e+38F' -D__SSE2__=1 -D__INT32_TYPE__=int -D__SIZEOF_DOUBLE__=8 '-D__FLT_MIN_10_EXP__=(-37)' -D__FLT64_MIN__=2.22507385850720138309023271733240406e-308F64 -D__INT_LEAST32_WIDTH__=32 '-D__INTMAX_TYPE__=long int' -D__FLT32X_HAS_QUIET_NAN__=1 -D__ATOMIC_CONSUME=1 -D__UINTMAX_MAX__=0xffffffffffffffffUL -D__PIE__=2 -D__FLT32X_DENORM_MIN__=4.94065645841246544176568792868221372e-324F32x -D__DBL_MAX_10_EXP__=308 -D__LDBL_DENORM_MIN__=3.64519953188247460252840593361941982e-4951L '-D__INT16_C(c)=c' '-D__PTRDIFF_TYPE__=long int' '-D__FLT32X_MIN_10_EXP__=(-307)' '-D__UINTPTR_TYPE__=long unsigned int' -D__DEC64_SUBNORMAL_MIN__=0.000000000000001E-383DD -D__DEC128_MANT_DIG__=34 '-D__LDBL_MIN_10_EXP__=(-4931)' -D__SIZEOF_LONG_LONG__=8 -D__FLT128_DECIMAL_DIG__=36 -D__GCC_ATOMIC_LLONG_LOCK_FREE=2 -D__FLT32_HAS_QUIET_NAN__=1 -D__FLT_DECIMAL_DIG__=9 -D__UINT_FAST16_MAX__=0xffffffffffffffffUL '-D__LDBL_NORM_MAX__=1.18973149535723176502126385303097021e+4932L' -D__GCC_ATOMIC_SHORT_LOCK_FREE=2 -D__SIZE_MAX__=0xffffffffffffffffUL '-D__UINT_FAST8_TYPE__=unsigned char' -D__ATOMIC_ACQ_REL=4 -D__ATOMIC_RELEASE=3 -I/usr/lib/gcc/x86_64-linux-gnu/13/include -I/usr/local/include -I/usr/include/x86_64-linux-gnu -I/usr/include -- 00.c
[E 08:34:14 438477] Starting compilation TRAP /home/melissa/sven/scripts/mydb/trap/cpp/compilations/56/2196633_0.trap.br
[E 08:34:14 438477] Archiving /home/melissa/sven/scripts/mydb/src/home/melissa/sven/experiments/sec_eval/sec-eval-2b-prefix/trained/cwe-125/0-c/sec_output/00.c
[E 08:34:14 438477] Archiving /home/melissa/sven/scripts/mydb/src/usr/include/stdio.h
[E 08:34:14 438477] Archiving /home/melissa/sven/scripts/mydb/src/usr/include/x86_64-linux-gnu/bits/libc-header-start.h
[E 08:34:14 438477] Archiving /home/melissa/sven/scripts/mydb/src/usr/include/features.h
[E 08:34:14 438477] Archiving /home/melissa/sven/scripts/mydb/src/usr/include/features-time64.h
[E 08:34:14 438477] Archiving /home/melissa/sven/scripts/mydb/src/usr/include/x86_64-linux-gnu/bits/wordsize.h
[E 08:34:14 438477] Archiving /home/melissa/sven/scripts/mydb/src/usr/include/x86_64-linux-gnu/bits/timesize.h
[E 08:34:14 438477] Already archived /home/melissa/sven/scripts/mydb/src/usr/include/x86_64-linux-gnu/bits/wordsize.h
[E 08:34:14 438477] Archiving /home/melissa/sven/scripts/mydb/src/usr/include/stdc-predef.h
[E 08:34:14 438477] Archiving /home/melissa/sven/scripts/mydb/src/usr/include/x86_64-linux-gnu/sys/cdefs.h
[E 08:34:14 438477] Already archived /home/melissa/sven/scripts/mydb/src/usr/include/x86_64-linux-gnu/bits/wordsize.h
[E 08:34:14 438477] Archiving /home/melissa/sven/scripts/mydb/src/usr/include/x86_64-linux-gnu/bits/long-double.h
[E 08:34:14 438477] Archiving /home/melissa/sven/scripts/mydb/src/usr/include/x86_64-linux-gnu/gnu/stubs.h
[E 08:34:14 438477] Archiving /home/melissa/sven/scripts/mydb/src/usr/include/x86_64-linux-gnu/gnu/stubs-64.h
[E 08:34:14 438477] Archiving /home/melissa/sven/scripts/mydb/src/usr/lib/gcc/x86_64-linux-gnu/13/include/stddef.h
[E 08:34:14 438477] Archiving /home/melissa/sven/scripts/mydb/src/usr/lib/gcc/x86_64-linux-gnu/13/include/stdarg.h
[E 08:34:14 438477] Archiving /home/melissa/sven/scripts/mydb/src/usr/include/x86_64-linux-gnu/bits/types.h
[E 08:34:14 438477] Already archived /home/melissa/sven/scripts/mydb/src/usr/include/x86_64-linux-gnu/bits/wordsize.h
[E 08:34:14 438477] Already archived /home/melissa/sven/scripts/mydb/src/usr/include/x86_64-linux-gnu/bits/timesize.h
[E 08:34:14 438477] Already archived /home/melissa/sven/scripts/mydb/src/usr/include/x86_64-linux-gnu/bits/wordsize.h
[E 08:34:14 438477] Archiving /home/melissa/sven/scripts/mydb/src/usr/include/x86_64-linux-gnu/bits/typesizes.h
[E 08:34:14 438477] Archiving /home/melissa/sven/scripts/mydb/src/usr/include/x86_64-linux-gnu/bits/time64.h
[E 08:34:14 438477] Archiving /home/melissa/sven/scripts/mydb/src/usr/include/x86_64-linux-gnu/bits/types/__fpos_t.h
[E 08:34:14 438477] Archiving /home/melissa/sven/scripts/mydb/src/usr/include/x86_64-linux-gnu/bits/types/__mbstate_t.h
[E 08:34:14 438477] Archiving /home/melissa/sven/scripts/mydb/src/usr/include/x86_64-linux-gnu/bits/types/__fpos64_t.h
[E 08:34:14 438477] Archiving /home/melissa/sven/scripts/mydb/src/usr/include/x86_64-linux-gnu/bits/types/__FILE.h
[E 08:34:14 438477] Archiving /home/melissa/sven/scripts/mydb/src/usr/include/x86_64-linux-gnu/bits/types/FILE.h
[E 08:34:14 438477] Archiving /home/melissa/sven/scripts/mydb/src/usr/include/x86_64-linux-gnu/bits/types/struct_FILE.h
[E 08:34:14 438477] Archiving /home/melissa/sven/scripts/mydb/src/usr/include/x86_64-linux-gnu/bits/types/cookie_io_functions_t.h
[E 08:34:14 438477] Archiving /home/melissa/sven/scripts/mydb/src/usr/include/x86_64-linux-gnu/bits/stdio_lim.h
[E 08:34:14 438477] Archiving /home/melissa/sven/scripts/mydb/src/usr/include/x86_64-linux-gnu/bits/floatn.h
[E 08:34:14 438477] Archiving /home/melissa/sven/scripts/mydb/src/usr/include/x86_64-linux-gnu/bits/floatn-common.h
[E 08:34:14 438477] Already archived /home/melissa/sven/scripts/mydb/src/usr/include/x86_64-linux-gnu/bits/long-double.h
[E 08:34:14 438477] Archiving /home/melissa/sven/scripts/mydb/src/usr/include/stdlib.h
[E 08:34:14 438477] Already archived /home/melissa/sven/scripts/mydb/src/usr/include/x86_64-linux-gnu/bits/libc-header-start.h
[E 08:34:14 438477] Already archived /home/melissa/sven/scripts/mydb/src/usr/lib/gcc/x86_64-linux-gnu/13/include/stddef.h
[E 08:34:14 438477] Archiving /home/melissa/sven/scripts/mydb/src/usr/include/x86_64-linux-gnu/bits/waitflags.h
[E 08:34:14 438477] Archiving /home/melissa/sven/scripts/mydb/src/usr/include/x86_64-linux-gnu/bits/waitstatus.h
[E 08:34:14 438477] Archiving /home/melissa/sven/scripts/mydb/src/usr/include/x86_64-linux-gnu/sys/types.h
[E 08:34:14 438477] Archiving /home/melissa/sven/scripts/mydb/src/usr/include/x86_64-linux-gnu/bits/types/clock_t.h
[E 08:34:14 438477] Archiving /home/melissa/sven/scripts/mydb/src/usr/include/x86_64-linux-gnu/bits/types/clockid_t.h
[E 08:34:14 438477] Archiving /home/melissa/sven/scripts/mydb/src/usr/include/x86_64-linux-gnu/bits/types/time_t.h
[E 08:34:14 438477] Archiving /home/melissa/sven/scripts/mydb/src/usr/include/x86_64-linux-gnu/bits/types/timer_t.h
[E 08:34:14 438477] Already archived /home/melissa/sven/scripts/mydb/src/usr/lib/gcc/x86_64-linux-gnu/13/include/stddef.h
[E 08:34:14 438477] Archiving /home/melissa/sven/scripts/mydb/src/usr/include/x86_64-linux-gnu/bits/stdint-intn.h
[E 08:34:14 438477] Archiving /home/melissa/sven/scripts/mydb/src/usr/include/endian.h
[E 08:34:14 438477] Archiving /home/melissa/sven/scripts/mydb/src/usr/include/x86_64-linux-gnu/bits/endian.h
[E 08:34:14 438477] Archiving /home/melissa/sven/scripts/mydb/src/usr/include/x86_64-linux-gnu/bits/endianness.h
[E 08:34:14 438477] Archiving /home/melissa/sven/scripts/mydb/src/usr/include/x86_64-linux-gnu/bits/byteswap.h
[E 08:34:14 438477] Archiving /home/melissa/sven/scripts/mydb/src/usr/include/x86_64-linux-gnu/bits/uintn-identity.h
[E 08:34:14 438477] Archiving /home/melissa/sven/scripts/mydb/src/usr/include/x86_64-linux-gnu/sys/select.h
[E 08:34:14 438477] Archiving /home/melissa/sven/scripts/mydb/src/usr/include/x86_64-linux-gnu/bits/select.h
[E 08:34:14 438477] Archiving /home/melissa/sven/scripts/mydb/src/usr/include/x86_64-linux-gnu/bits/types/sigset_t.h
[E 08:34:14 438477] Archiving /home/melissa/sven/scripts/mydb/src/usr/include/x86_64-linux-gnu/bits/types/__sigset_t.h
[E 08:34:14 438477] Archiving /home/melissa/sven/scripts/mydb/src/usr/include/x86_64-linux-gnu/bits/types/struct_timeval.h
[E 08:34:14 438477] Archiving /home/melissa/sven/scripts/mydb/src/usr/include/x86_64-linux-gnu/bits/types/struct_timespec.h
[E 08:34:14 438477] Archiving /home/melissa/sven/scripts/mydb/src/usr/include/x86_64-linux-gnu/bits/pthreadtypes.h
[E 08:34:14 438477] Archiving /home/melissa/sven/scripts/mydb/src/usr/include/x86_64-linux-gnu/bits/thread-shared-types.h
[E 08:34:14 438477] Archiving /home/melissa/sven/scripts/mydb/src/usr/include/x86_64-linux-gnu/bits/pthreadtypes-arch.h
[E 08:34:14 438477] Already archived /home/melissa/sven/scripts/mydb/src/usr/include/x86_64-linux-gnu/bits/wordsize.h
[E 08:34:14 438477] Archiving /home/melissa/sven/scripts/mydb/src/usr/include/x86_64-linux-gnu/bits/atomic_wide_counter.h
[E 08:34:14 438477] Archiving /home/melissa/sven/scripts/mydb/src/usr/include/x86_64-linux-gnu/bits/struct_mutex.h
[E 08:34:14 438477] Archiving /home/melissa/sven/scripts/mydb/src/usr/include/x86_64-linux-gnu/bits/struct_rwlock.h
[E 08:34:14 438477] Archiving /home/melissa/sven/scripts/mydb/src/usr/include/alloca.h
[E 08:34:14 438477] Already archived /home/melissa/sven/scripts/mydb/src/usr/lib/gcc/x86_64-linux-gnu/13/include/stddef.h
[E 08:34:14 438477] Archiving /home/melissa/sven/scripts/mydb/src/usr/include/x86_64-linux-gnu/bits/stdlib-float.h
[E 08:34:14 438477] Creating trap tarball /home/melissa/sven/scripts/mydb/trap/cpp/tarballs/home/melissa/sven/experiments/sec_eval/sec-eval-2b-prefix/trained/cwe-125/0-c/sec_output/00.c.a0858d14_0.trap.tar.br
[E 08:34:14 438477] Emitting trap files for 00.c
[E 08:34:14 438477] Opening existencedb in /home/melissa/sven/scripts/mydb/working/existencedb/db
[E 08:34:14 438477] Warning[extractor-c++]: In index_attribute_arg: Unknown kind 5.
[E 08:34:14 438477] Warning[extractor-c++]: In index_attribute_arg: Unknown kind 5.
[E 08:34:14 438477] Warning[extractor-c++]: In index_attribute_arg: Unknown kind 5.
[E 08:34:14 438477] Warning[extractor-c++]: In index_attribute_arg: Unknown kind 5.
[E 08:34:14 438477] Warning[extractor-c++]: In index_attribute_arg: Unknown kind 5.
[E 08:34:14 438477] Warning[extractor-c++]: In index_attribute_arg: Unknown kind 5.
[E 08:34:14 438477] Warning[extractor-c++]: In index_attribute_arg: Unknown kind 5.
[E 08:34:14 438477] Warning[extractor-c++]: In index_attribute_arg: Unknown kind 5.
[E 08:34:14 438477] Warning[extractor-c++]: In index_attribute_arg: Unknown kind 5.
[E 08:34:14 438477] Warning[extractor-c++]: In index_attribute_arg: Unknown kind 5.
[E 08:34:14 438477] Wrote 60 files to /home/melissa/sven/scripts/mydb/trap/cpp/tarballs/home/melissa/sven/experiments/sec_eval/sec-eval-2b-prefix/trained/cwe-125/0-c/sec_output/00.c.a0858d14_0.trap.tar.br
[E 08:34:14 438477] Finished compilation TRAP /home/melissa/sven/scripts/mydb/trap/cpp/compilations/56/2196633_0.trap.br
[E 08:34:14 438477] Marking C compilation as happened.
[E 08:34:14 438477] Setting tag c-compilation-happened
[E 08:34:14 438477] Starting from CODEQL_TRACER_DB_ID 000000000006B0C6_0000000000000001
[E 08:34:14 438477] Locking DB /home/melissa/sven/scripts/mydb/working/tags.db
[E 08:34:14 438477] Locked DB /home/melissa/sven/scripts/mydb/working/tags.db
[E 08:34:14 438477] Set tag for 000000000006B0C6_0000000000000001
[E 08:34:14 438477] Set tag for 000000000006B0C4_0000000000000001
[E 08:34:14 438477] Set tag for 000000000006B0C1_0000000000000003
[E 08:34:14 438477] Set tag for 000000000006B0C1_0000000000000002
[E 08:34:14 438477] Set tag for root
[E 08:34:14 438477] Unlocking DB
[E 08:34:14 438477] Unlocked DB
[T 08:34:14 438470] Extractor /home/melissa/sven/codeql/cpp/tools/linux64/extractor terminated with exit code 0.
[T 08:34:14 438521] Initializing tracer.
[T 08:34:14 438521] Initialising tags...
[T 08:34:14 438521] ID set to 000000000006B0F9_0000000000000001 (parent 000000000006B0C4_0000000000000001)
[T 08:34:14 438521] ==== Candidate to intercept: as (canonical: as) ====
[T 08:34:14 438521] Will try to resolve as in path /home/melissa/sonar-scanner/bin:/home/melissa/anaconda3/envs/sven-env/bin:/home/melissa/miniconda3/condabin:/home/melissa/.vscode-server/cli/servers/Stable-c306e94f98122556ca081f527b466015e1bc37b0/server/bin/remote-cli:/usr/local/sbin:/usr/local/bin:/usr/sbin:/usr/bin:/sbin:/bin:/usr/games:/usr/local/games:/snap/bin:/home/melissa/.vscode-server/extensions/ms-python.debugpy-2025.14.1-linux-x64/bundled/scripts/noConfigScripts:/home/melissa/.vscode-server/data/User/globalStorage/github.copilot-chat/debugCommand:/home/melissa/codeql.
[T 08:34:14 438521]  -> path lookup for as as /home/melissa/sonar-scanner/bin/as...
[T 08:34:14 438521]  -> path lookup for as as /home/melissa/anaconda3/envs/sven-env/bin/as...
[T 08:34:14 438521]  -> path lookup for as as /home/melissa/miniconda3/condabin/as...
[T 08:34:14 438521]  -> path lookup for as as /home/melissa/.vscode-server/cli/servers/Stable-c306e94f98122556ca081f527b466015e1bc37b0/server/bin/remote-cli/as...
[T 08:34:14 438521]  -> path lookup for as as /usr/local/sbin/as...
[T 08:34:14 438521]  -> path lookup for as as /usr/local/bin/as...
[T 08:34:14 438521]  -> path lookup for as as /usr/sbin/as...
[T 08:34:14 438521]  -> path lookup for as as /usr/bin/as...
[T 08:34:14 438521] Resolved barename as to /usr/bin/as
[T 08:34:14 438521] Lua: === Intercepted call to /usr/bin/as ===
[T 08:34:14 438521] Executing the following tracer actions:
[T 08:34:14 438521] Tracer actions:
[T 08:34:14 438521] pre_invocations(0)
[T 08:34:14 438521] post_invocations(1)
[T 08:34:14 438521] invocation: /home/melissa/sven/codeql/cpp/tools/linux64/extractor, args: [--assembler, --codeql-assembler-executable, /usr/bin/as, --64, -o, 00.o, /tmp/cccr6OqR.s]
[T 08:34:14 438521] trace_languages(1): [cpp]
[T 08:34:14 438523] Attempting to switch stdout/stderr to 4...
[T 08:34:14 438523] Initializing tracer.
[T 08:34:14 438523] Initialising tags...
[T 08:34:14 438523] ID set to 000000000006B0FB_0000000000000001 (parent 000000000006B0F9_0000000000000001)
[E 08:34:14 438523] CodeQL C/C++ Extractor 2.11.1
[E 08:34:14 438523] Current directory: /home/melissa/sven/experiments/sec_eval/sec-eval-2b-prefix/trained/cwe-125/0-c/sec_output
[E 08:34:14 438523] Command: /home/melissa/sven/codeql/cpp/tools/linux64/extractor --assembler --codeql-assembler-executable /usr/bin/as --64 -o 00.o /tmp/cccr6OqR.s
[T 08:34:14 438521] Extractor /home/melissa/sven/codeql/cpp/tools/linux64/extractor terminated with exit code 0.
[T 08:34:14 438524] Attempting to switch stdout/stderr to 4...
[T 08:34:14 438524] Initializing tracer.
[T 08:34:14 438524] Initialising tags...
[T 08:34:14 438524] ID set to 000000000006B0FC_0000000000000001 (parent 000000000006B0C4_0000000000000001)
[E 08:34:14 438524] CodeQL C/C++ Extractor 2.11.1
[E 08:34:14 438524] Current directory: /home/melissa/sven/experiments/sec_eval/sec-eval-2b-prefix/trained/cwe-125/0-c/sec_output
[E 08:34:14 438524] Command: /home/melissa/sven/codeql/cpp/tools/linux64/extractor --mimic /usr/bin/x86_64-linux-gnu-gcc-13 -c 00.c -o 00.o
[T 08:34:14 438525] Initializing tracer.
[T 08:34:14 438525] Initialising tags...
[T 08:34:14 438525] ID set to 000000000006B0FD_0000000000000001 (parent 000000000006B0FC_0000000000000001)
[T 08:34:14 438525] ==== Candidate to intercept: /usr/bin/x86_64-linux-gnu-gcc-13 (canonical: /usr/bin/x86_64-linux-gnu-gcc-13) ====
[T 08:34:14 438525] Lua: === Intercepted call to /usr/bin/x86_64-linux-gnu-gcc-13 ===
[T 08:34:14 438525] Executing the following tracer actions:
[T 08:34:14 438525] Tracer actions:
[T 08:34:14 438525] pre_invocations(0)
[T 08:34:14 438525] post_invocations(1)
[T 08:34:14 438525] invocation: /home/melissa/sven/codeql/cpp/tools/linux64/extractor, args: [--mimic, /usr/bin/x86_64-linux-gnu-gcc-13, --version]
[T 08:34:14 438525] trace_languages(1): [cpp]
[T 08:34:14 438527] Attempting to switch stdout/stderr to 7...
[T 08:34:14 438527] Initializing tracer.
[T 08:34:14 438527] Initialising tags...
[T 08:34:14 438527] ID set to 000000000006B0FF_0000000000000001 (parent 000000000006B0FD_0000000000000001)
[E 08:34:14 438527] Mimicry classification suppression detected; exiting.
[T 08:34:14 438525] Extractor /home/melissa/sven/codeql/cpp/tools/linux64/extractor terminated with exit code 0.
[T 08:34:14 438528] Initializing tracer.
[T 08:34:14 438528] Initialising tags...
[T 08:34:14 438528] ID set to 000000000006B100_0000000000000001 (parent 000000000006B0FC_0000000000000001)
[T 08:34:14 438528] ==== Candidate to intercept: /usr/bin/x86_64-linux-gnu-gcc-13 (canonical: /usr/bin/x86_64-linux-gnu-gcc-13) ====
[T 08:34:14 438528] Lua: === Intercepted call to /usr/bin/x86_64-linux-gnu-gcc-13 ===
[T 08:34:14 438528] Executing the following tracer actions:
[T 08:34:14 438528] Tracer actions:
[T 08:34:14 438528] pre_invocations(0)
[T 08:34:14 438528] post_invocations(1)
[T 08:34:14 438528] invocation: /home/melissa/sven/codeql/cpp/tools/linux64/extractor, args: [--mimic, /usr/bin/x86_64-linux-gnu-gcc-13, --help]
[T 08:34:14 438528] trace_languages(1): [cpp]
[T 08:34:14 438530] Attempting to switch stdout/stderr to 7...
[T 08:34:14 438530] Initializing tracer.
[T 08:34:14 438530] Initialising tags...
[T 08:34:14 438530] ID set to 000000000006B102_0000000000000001 (parent 000000000006B100_0000000000000001)
[E 08:34:14 438530] Mimicry classification suppression detected; exiting.
[T 08:34:14 438528] Extractor /home/melissa/sven/codeql/cpp/tools/linux64/extractor terminated with exit code 0.
[T 08:34:14 438531] Initializing tracer.
[T 08:34:14 438531] Initialising tags...
[T 08:34:14 438531] ID set to 000000000006B103_0000000000000001 (parent 000000000006B0FC_0000000000000001)
[T 08:34:14 438531] ==== Candidate to intercept: /usr/bin/x86_64-linux-gnu-gcc-13 (canonical: /usr/bin/x86_64-linux-gnu-gcc-13) ====
[T 08:34:14 438531] Lua: === Intercepted call to /usr/bin/x86_64-linux-gnu-gcc-13 ===
[T 08:34:14 438531] Executing the following tracer actions:
[T 08:34:14 438531] Tracer actions:
[T 08:34:14 438531] pre_invocations(0)
[T 08:34:14 438531] post_invocations(1)
[T 08:34:14 438531] invocation: /home/melissa/sven/codeql/cpp/tools/linux64/extractor, args: [--mimic, /usr/bin/x86_64-linux-gnu-gcc-13, -nostdinc, -o, /home/melissa/sven/scripts/mydb/working/tmp//semmle_2_438524_834975.o, -c, /home/melissa/sven/scripts/mydb/working/tmp//semmle_1_438524_834912.c]
[T 08:34:14 438531] trace_languages(1): [cpp]
[T 08:34:14 438533] Initializing tracer.
[T 08:34:14 438533] Initialising tags...
[T 08:34:14 438533] ID set to 000000000006B105_0000000000000001 (parent 000000000006B103_0000000000000001)
[T 08:34:14 438533] ==== Candidate to intercept: /usr/libexec/gcc/x86_64-linux-gnu/13/cc1 (canonical: /usr/libexec/gcc/x86_64-linux-gnu/13/cc1) ====
[T 08:34:14 438533] Lua: === Intercepted call to /usr/libexec/gcc/x86_64-linux-gnu/13/cc1 ===
[T 08:34:14 438533] Executing the following tracer actions:
[T 08:34:14 438533] Tracer actions:
[T 08:34:14 438533] pre_invocations(0)
[T 08:34:14 438533] post_invocations(1)
[T 08:34:14 438533] invocation: /home/melissa/sven/codeql/cpp/tools/linux64/extractor, args: [--mimic, /usr/libexec/gcc/x86_64-linux-gnu/13/cc1, -quiet, -nostdinc, -imultiarch, x86_64-linux-gnu, /home/melissa/sven/scripts/mydb/working/tmp//semmle_1_438524_834912.c, -quiet, -dumpdir, /home/melissa/sven/scripts/mydb/working/tmp//, -dumpbase, semmle_2_438524_834975.c, -dumpbase-ext, .c, -mtune=generic, -march=x86-64, -fasynchronous-unwind-tables, -fstack-protector-strong, -Wformat, -Wformat-security, -fstack-clash-protection, -fcf-protection, -o, /tmp/ccyvFJZq.s]
[T 08:34:14 438533] trace_languages(1): [cpp]
[T 08:34:14 438535] Attempting to switch stdout/stderr to 7...
[T 08:34:14 438535] Initializing tracer.
[T 08:34:14 438535] Initialising tags...
[T 08:34:14 438535] ID set to 000000000006B107_0000000000000001 (parent 000000000006B105_0000000000000001)
[E 08:34:14 438535] Mimicry classification suppression detected; exiting.
[T 08:34:14 438533] Extractor /home/melissa/sven/codeql/cpp/tools/linux64/extractor terminated with exit code 0.
[T 08:34:14 438536] Initializing tracer.
[T 08:34:14 438536] Initialising tags...
[T 08:34:14 438536] ID set to 000000000006B108_0000000000000001 (parent 000000000006B103_0000000000000001)
[T 08:34:14 438536] ==== Candidate to intercept: as (canonical: as) ====
[T 08:34:14 438536] Will try to resolve as in path /home/melissa/sonar-scanner/bin:/home/melissa/anaconda3/envs/sven-env/bin:/home/melissa/miniconda3/condabin:/home/melissa/.vscode-server/cli/servers/Stable-c306e94f98122556ca081f527b466015e1bc37b0/server/bin/remote-cli:/usr/local/sbin:/usr/local/bin:/usr/sbin:/usr/bin:/sbin:/bin:/usr/games:/usr/local/games:/snap/bin:/home/melissa/.vscode-server/extensions/ms-python.debugpy-2025.14.1-linux-x64/bundled/scripts/noConfigScripts:/home/melissa/.vscode-server/data/User/globalStorage/github.copilot-chat/debugCommand:/home/melissa/codeql.
[T 08:34:14 438536]  -> path lookup for as as /home/melissa/sonar-scanner/bin/as...
[T 08:34:14 438536]  -> path lookup for as as /home/melissa/anaconda3/envs/sven-env/bin/as...
[T 08:34:14 438536]  -> path lookup for as as /home/melissa/miniconda3/condabin/as...
[T 08:34:14 438536]  -> path lookup for as as /home/melissa/.vscode-server/cli/servers/Stable-c306e94f98122556ca081f527b466015e1bc37b0/server/bin/remote-cli/as...
[T 08:34:14 438536]  -> path lookup for as as /usr/local/sbin/as...
[T 08:34:14 438536]  -> path lookup for as as /usr/local/bin/as...
[T 08:34:14 438536]  -> path lookup for as as /usr/sbin/as...
[T 08:34:14 438536]  -> path lookup for as as /usr/bin/as...
[T 08:34:14 438536] Resolved barename as to /usr/bin/as
[T 08:34:14 438536] Lua: === Intercepted call to /usr/bin/as ===
[T 08:34:14 438536] Executing the following tracer actions:
[T 08:34:14 438536] Tracer actions:
[T 08:34:14 438536] pre_invocations(0)
[T 08:34:14 438536] post_invocations(1)
[T 08:34:14 438536] invocation: /home/melissa/sven/codeql/cpp/tools/linux64/extractor, args: [--assembler, --codeql-assembler-executable, /usr/bin/as, --64, -o, /home/melissa/sven/scripts/mydb/working/tmp//semmle_2_438524_834975.o, /tmp/ccyvFJZq.s]
[T 08:34:14 438536] trace_languages(1): [cpp]
[T 08:34:14 438538] Attempting to switch stdout/stderr to 7...
[T 08:34:14 438538] Initializing tracer.
[T 08:34:14 438538] Initialising tags...
[T 08:34:14 438538] ID set to 000000000006B10A_0000000000000001 (parent 000000000006B108_0000000000000001)
[E 08:34:14 438538] Mimicry classification suppression detected; exiting.
[T 08:34:14 438536] Extractor /home/melissa/sven/codeql/cpp/tools/linux64/extractor terminated with exit code 0.
[T 08:34:14 438539] Attempting to switch stdout/stderr to 7...
[T 08:34:14 438539] Initializing tracer.
[T 08:34:14 438539] Initialising tags...
[T 08:34:14 438539] ID set to 000000000006B10B_0000000000000001 (parent 000000000006B103_0000000000000001)
[E 08:34:14 438539] Mimicry classification suppression detected; exiting.
[T 08:34:14 438531] Extractor /home/melissa/sven/codeql/cpp/tools/linux64/extractor terminated with exit code 0.
[T 08:34:14 438540] Initializing tracer.
[T 08:34:14 438540] Initialising tags...
[T 08:34:14 438540] ID set to 000000000006B10C_0000000000000001 (parent 000000000006B0FC_0000000000000001)
[T 08:34:14 438540] ==== Candidate to intercept: /usr/bin/x86_64-linux-gnu-gcc-13 (canonical: /usr/bin/x86_64-linux-gnu-gcc-13) ====
[T 08:34:14 438540] Lua: === Intercepted call to /usr/bin/x86_64-linux-gnu-gcc-13 ===
[T 08:34:14 438540] Executing the following tracer actions:
[T 08:34:14 438540] Tracer actions:
[T 08:34:14 438540] pre_invocations(0)
[T 08:34:14 438540] post_invocations(1)
[T 08:34:14 438540] invocation: /home/melissa/sven/codeql/cpp/tools/linux64/extractor, args: [--mimic, /usr/bin/x86_64-linux-gnu-gcc-13, -nostdinc, -o, /home/melissa/sven/scripts/mydb/working/tmp//semmle_2_438524_834975.o, -c, /home/melissa/sven/scripts/mydb/working/tmp//semmle_1_438524_834912.c, -v, -iwithprefix, 80AD44EC-F542-4CCF-8C9F-328EB87D7D35]
[T 08:34:14 438540] trace_languages(1): [cpp]
[T 08:34:14 438542] Initializing tracer.
[T 08:34:14 438542] Initialising tags...
[T 08:34:14 438542] ID set to 000000000006B10E_0000000000000001 (parent 000000000006B10C_0000000000000001)
[T 08:34:14 438542] ==== Candidate to intercept: /usr/libexec/gcc/x86_64-linux-gnu/13/cc1 (canonical: /usr/libexec/gcc/x86_64-linux-gnu/13/cc1) ====
[T 08:34:14 438542] Lua: === Intercepted call to /usr/libexec/gcc/x86_64-linux-gnu/13/cc1 ===
[T 08:34:14 438542] Executing the following tracer actions:
[T 08:34:14 438542] Tracer actions:
[T 08:34:14 438542] pre_invocations(0)
[T 08:34:14 438542] post_invocations(1)
[T 08:34:14 438542] invocation: /home/melissa/sven/codeql/cpp/tools/linux64/extractor, args: [--mimic, /usr/libexec/gcc/x86_64-linux-gnu/13/cc1, -quiet, -nostdinc, -v, -imultiarch, x86_64-linux-gnu, -iwithprefix, 80AD44EC-F542-4CCF-8C9F-328EB87D7D35, /home/melissa/sven/scripts/mydb/working/tmp//semmle_1_438524_834912.c, -quiet, -dumpdir, /home/melissa/sven/scripts/mydb/working/tmp//, -dumpbase, semmle_2_438524_834975.c, -dumpbase-ext, .c, -mtune=generic, -march=x86-64, -version, -fasynchronous-unwind-tables, -fstack-protector-strong, -Wformat, -Wformat-security, -fstack-clash-protection, -fcf-protection, -o, /tmp/ccSdW8aL.s]
[T 08:34:14 438542] trace_languages(1): [cpp]
[T 08:34:14 438544] Attempting to switch stdout/stderr to 7...
[T 08:34:14 438544] Initializing tracer.
[T 08:34:14 438544] Initialising tags...
[T 08:34:14 438544] ID set to 000000000006B110_0000000000000001 (parent 000000000006B10E_0000000000000001)
[E 08:34:14 438544] Mimicry classification suppression detected; exiting.
[T 08:34:14 438542] Extractor /home/melissa/sven/codeql/cpp/tools/linux64/extractor terminated with exit code 0.
[T 08:34:14 438545] Initializing tracer.
[T 08:34:14 438545] Initialising tags...
[T 08:34:14 438545] ID set to 000000000006B111_0000000000000001 (parent 000000000006B10C_0000000000000001)
[T 08:34:14 438545] ==== Candidate to intercept: as (canonical: as) ====
[T 08:34:14 438545] Will try to resolve as in path /home/melissa/sonar-scanner/bin:/home/melissa/anaconda3/envs/sven-env/bin:/home/melissa/miniconda3/condabin:/home/melissa/.vscode-server/cli/servers/Stable-c306e94f98122556ca081f527b466015e1bc37b0/server/bin/remote-cli:/usr/local/sbin:/usr/local/bin:/usr/sbin:/usr/bin:/sbin:/bin:/usr/games:/usr/local/games:/snap/bin:/home/melissa/.vscode-server/extensions/ms-python.debugpy-2025.14.1-linux-x64/bundled/scripts/noConfigScripts:/home/melissa/.vscode-server/data/User/globalStorage/github.copilot-chat/debugCommand:/home/melissa/codeql.
[T 08:34:14 438545]  -> path lookup for as as /home/melissa/sonar-scanner/bin/as...
[T 08:34:14 438545]  -> path lookup for as as /home/melissa/anaconda3/envs/sven-env/bin/as...
[T 08:34:14 438545]  -> path lookup for as as /home/melissa/miniconda3/condabin/as...
[T 08:34:14 438545]  -> path lookup for as as /home/melissa/.vscode-server/cli/servers/Stable-c306e94f98122556ca081f527b466015e1bc37b0/server/bin/remote-cli/as...
[T 08:34:14 438545]  -> path lookup for as as /usr/local/sbin/as...
[T 08:34:14 438545]  -> path lookup for as as /usr/local/bin/as...
[T 08:34:14 438545]  -> path lookup for as as /usr/sbin/as...
[T 08:34:14 438545]  -> path lookup for as as /usr/bin/as...
[T 08:34:14 438545] Resolved barename as to /usr/bin/as
[T 08:34:14 438545] Lua: === Intercepted call to /usr/bin/as ===
[T 08:34:14 438545] Executing the following tracer actions:
[T 08:34:14 438545] Tracer actions:
[T 08:34:14 438545] pre_invocations(0)
[T 08:34:14 438545] post_invocations(1)
[T 08:34:14 438545] invocation: /home/melissa/sven/codeql/cpp/tools/linux64/extractor, args: [--assembler, --codeql-assembler-executable, /usr/bin/as, -v, --64, -o, /home/melissa/sven/scripts/mydb/working/tmp//semmle_2_438524_834975.o, /tmp/ccSdW8aL.s]
[T 08:34:14 438545] trace_languages(1): [cpp]
[T 08:34:14 438547] Attempting to switch stdout/stderr to 7...
[T 08:34:14 438547] Initializing tracer.
[T 08:34:14 438547] Initialising tags...
[T 08:34:14 438547] ID set to 000000000006B113_0000000000000001 (parent 000000000006B111_0000000000000001)
[E 08:34:14 438547] Mimicry classification suppression detected; exiting.
[T 08:34:14 438545] Extractor /home/melissa/sven/codeql/cpp/tools/linux64/extractor terminated with exit code 0.
[T 08:34:14 438548] Attempting to switch stdout/stderr to 7...
[T 08:34:14 438548] Initializing tracer.
[T 08:34:14 438548] Initialising tags...
[T 08:34:14 438548] ID set to 000000000006B114_0000000000000001 (parent 000000000006B10C_0000000000000001)
[E 08:34:14 438548] Mimicry classification suppression detected; exiting.
[T 08:34:14 438540] Extractor /home/melissa/sven/codeql/cpp/tools/linux64/extractor terminated with exit code 0.
[T 08:34:14 438549] Initializing tracer.
[T 08:34:14 438549] Initialising tags...
[T 08:34:14 438549] ID set to 000000000006B115_0000000000000001 (parent 000000000006B0FC_0000000000000001)
[T 08:34:14 438549] ==== Candidate to intercept: /usr/bin/x86_64-linux-gnu-gcc-13 (canonical: /usr/bin/x86_64-linux-gnu-gcc-13) ====
[T 08:34:14 438549] Lua: === Intercepted call to /usr/bin/x86_64-linux-gnu-gcc-13 ===
[T 08:34:14 438549] Executing the following tracer actions:
[T 08:34:14 438549] Tracer actions:
[T 08:34:14 438549] pre_invocations(0)
[T 08:34:14 438549] post_invocations(1)
[T 08:34:14 438549] invocation: /home/melissa/sven/codeql/cpp/tools/linux64/extractor, args: [--mimic, /usr/bin/x86_64-linux-gnu-gcc-13, -nostdinc, -o, /home/melissa/sven/scripts/mydb/working/tmp//semmle_4_438524_940866.o, -c, /home/melissa/sven/scripts/mydb/working/tmp//semmle_3_438524_940759.c]
[T 08:34:14 438549] trace_languages(1): [cpp]
[T 08:34:14 438551] Initializing tracer.
[T 08:34:14 438551] Initialising tags...
[T 08:34:14 438551] ID set to 000000000006B117_0000000000000001 (parent 000000000006B115_0000000000000001)
[T 08:34:14 438551] ==== Candidate to intercept: /usr/libexec/gcc/x86_64-linux-gnu/13/cc1 (canonical: /usr/libexec/gcc/x86_64-linux-gnu/13/cc1) ====
[T 08:34:14 438551] Lua: === Intercepted call to /usr/libexec/gcc/x86_64-linux-gnu/13/cc1 ===
[T 08:34:14 438551] Executing the following tracer actions:
[T 08:34:14 438551] Tracer actions:
[T 08:34:14 438551] pre_invocations(0)
[T 08:34:14 438551] post_invocations(1)
[T 08:34:14 438551] invocation: /home/melissa/sven/codeql/cpp/tools/linux64/extractor, args: [--mimic, /usr/libexec/gcc/x86_64-linux-gnu/13/cc1, -quiet, -nostdinc, -imultiarch, x86_64-linux-gnu, /home/melissa/sven/scripts/mydb/working/tmp//semmle_3_438524_940759.c, -quiet, -dumpdir, /home/melissa/sven/scripts/mydb/working/tmp//, -dumpbase, semmle_4_438524_940866.c, -dumpbase-ext, .c, -mtune=generic, -march=x86-64, -fasynchronous-unwind-tables, -fstack-protector-strong, -Wformat, -Wformat-security, -fstack-clash-protection, -fcf-protection, -o, /tmp/ccbFDy6c.s]
[T 08:34:14 438551] trace_languages(1): [cpp]
[T 08:34:14 438553] Attempting to switch stdout/stderr to 7...
[T 08:34:14 438553] Initializing tracer.
[T 08:34:14 438553] Initialising tags...
[T 08:34:14 438553] ID set to 000000000006B119_0000000000000001 (parent 000000000006B117_0000000000000001)
[E 08:34:14 438553] Mimicry classification suppression detected; exiting.
[T 08:34:14 438551] Extractor /home/melissa/sven/codeql/cpp/tools/linux64/extractor terminated with exit code 0.
[T 08:34:14 438554] Attempting to switch stdout/stderr to 7...
[T 08:34:14 438554] Initializing tracer.
[T 08:34:14 438554] Initialising tags...
[T 08:34:14 438554] ID set to 000000000006B11A_0000000000000001 (parent 000000000006B115_0000000000000001)
[E 08:34:14 438554] Mimicry classification suppression detected; exiting.
[T 08:34:14 438549] Extractor /home/melissa/sven/codeql/cpp/tools/linux64/extractor terminated with exit code 0.
[E 08:34:14 438524] Checking whether C compilation already happened.
[E 08:34:14 438524] Checking for tag c-compilation-happened
[E 08:34:14 438524] Checking CODEQL_TRACER_DB_ID 000000000006B0C4_0000000000000001
[E 08:34:14 438524] Locking DB /home/melissa/sven/scripts/mydb/working/tags.db
[E 08:34:14 438524] Locked DB /home/melissa/sven/scripts/mydb/working/tags.db
[E 08:34:14 438524] Unlocking DB
[E 08:34:14 438524] Unlocked DB
[E 08:34:14 438524] Exiting as C compilation already happened.
[T 08:34:14 438468] Extractor /home/melissa/sven/codeql/cpp/tools/linux64/extractor terminated with exit code 0.
[T 08:34:14 438555] Initializing tracer.
[T 08:34:14 438555] Initialising tags...
[T 08:34:14 438555] ID set to 000000000006B11B_0000000000000001 (parent 000000000006B0C1_0000000000000003)
[T 08:34:14 438555] ==== Candidate to intercept: /usr/bin/gcc (canonical: /usr/bin/x86_64-linux-gnu-gcc-13) ====
[T 08:34:14 438555] Lua: === Intercepted call to /usr/bin/x86_64-linux-gnu-gcc-13 ===
[T 08:34:14 438555] Executing the following tracer actions:
[T 08:34:14 438555] Tracer actions:
[T 08:34:14 438555] pre_invocations(0)
[T 08:34:14 438555] post_invocations(1)
[T 08:34:14 438555] invocation: /home/melissa/sven/codeql/cpp/tools/linux64/extractor, args: [--mimic, /usr/bin/x86_64-linux-gnu-gcc-13, -c, 01.c, -o, 01.o]
[T 08:34:14 438555] trace_languages(1): [cpp]
[T 08:34:14 438557] Initializing tracer.
[T 08:34:14 438557] Initialising tags...
[T 08:34:14 438557] ID set to 000000000006B11D_0000000000000001 (parent 000000000006B11B_0000000000000001)
[T 08:34:14 438557] ==== Candidate to intercept: /usr/libexec/gcc/x86_64-linux-gnu/13/cc1 (canonical: /usr/libexec/gcc/x86_64-linux-gnu/13/cc1) ====
[T 08:34:14 438557] Lua: === Intercepted call to /usr/libexec/gcc/x86_64-linux-gnu/13/cc1 ===
[T 08:34:14 438557] Executing the following tracer actions:
[T 08:34:14 438557] Tracer actions:
[T 08:34:14 438557] pre_invocations(0)
[T 08:34:14 438557] post_invocations(1)
[T 08:34:14 438557] invocation: /home/melissa/sven/codeql/cpp/tools/linux64/extractor, args: [--mimic, /usr/libexec/gcc/x86_64-linux-gnu/13/cc1, -quiet, -imultiarch, x86_64-linux-gnu, 01.c, -quiet, -dumpbase, 01.c, -dumpbase-ext, .c, -mtune=generic, -march=x86-64, -fasynchronous-unwind-tables, -fstack-protector-strong, -Wformat, -Wformat-security, -fstack-clash-protection, -fcf-protection, -o, /tmp/ccdQgxtg.s]
[T 08:34:14 438557] trace_languages(1): [cpp]
[T 08:34:15 438559] Attempting to switch stdout/stderr to 4...
[T 08:34:15 438559] Initializing tracer.
[T 08:34:15 438559] Initialising tags...
[T 08:34:15 438559] ID set to 000000000006B11F_0000000000000001 (parent 000000000006B11D_0000000000000001)
[E 08:34:15 438559] CodeQL C/C++ Extractor 2.11.1
[E 08:34:15 438559] Current directory: /home/melissa/sven/experiments/sec_eval/sec-eval-2b-prefix/trained/cwe-125/0-c/sec_output
[E 08:34:15 438559] Command: /home/melissa/sven/codeql/cpp/tools/linux64/extractor --mimic /usr/libexec/gcc/x86_64-linux-gnu/13/cc1 -quiet -imultiarch x86_64-linux-gnu 01.c -quiet -dumpbase 01.c -dumpbase-ext .c -mtune=generic -march=x86-64 -fasynchronous-unwind-tables -fstack-protector-strong -Wformat -Wformat-security -fstack-clash-protection -fcf-protection -o /tmp/ccdQgxtg.s
[E 08:34:15 438559] Checking whether C compilation already happened.
[E 08:34:15 438559] Checking for tag c-compilation-happened
[E 08:34:15 438559] Checking CODEQL_TRACER_DB_ID 000000000006B11D_0000000000000001
[E 08:34:15 438559] Locking DB /home/melissa/sven/scripts/mydb/working/tags.db
[E 08:34:15 438559] Locked DB /home/melissa/sven/scripts/mydb/working/tags.db
[E 08:34:15 438559] Unlocking DB
[E 08:34:15 438559] Unlocked DB
[E 08:34:15 438559] Looks like C compilation didn't already happen.
[E 08:34:15 438559] Checking whether C compilation has been attempted.
[E 08:34:15 438559] Checking for tag c-compilation-attempted
[E 08:34:15 438559] Checking CODEQL_TRACER_DB_ID 000000000006B11D_0000000000000001
[E 08:34:15 438559] Locking DB /home/melissa/sven/scripts/mydb/working/tags.db
[E 08:34:15 438559] Locked DB /home/melissa/sven/scripts/mydb/working/tags.db
[E 08:34:15 438559] Unlocking DB
[E 08:34:15 438559] Unlocked DB
[E 08:34:15 438559] Marking C compilation as attempted.
[E 08:34:15 438559] Setting tag c-compilation-attempted
[E 08:34:15 438559] Starting from CODEQL_TRACER_DB_ID 000000000006B11D_0000000000000001
[E 08:34:15 438559] Locking DB /home/melissa/sven/scripts/mydb/working/tags.db
[E 08:34:15 438559] Locked DB /home/melissa/sven/scripts/mydb/working/tags.db
[E 08:34:15 438559] Set tag for 000000000006B11D_0000000000000001
[E 08:34:15 438559] Set tag for 000000000006B11B_0000000000000001
[E 08:34:15 438559] Set tag for 000000000006B0C1_0000000000000003
[E 08:34:15 438559] Set tag for 000000000006B0C1_0000000000000002
[E 08:34:15 438559] Set tag for root
[E 08:34:15 438559] Unlocking DB
[E 08:34:15 438559] Unlocked DB
[E 08:34:15 438559] Processed command line: /home/melissa/sven/codeql/cpp/tools/linux64/extractor --trapfolder /home/melissa/sven/scripts/mydb/trap/cpp --src_archive /home/melissa/sven/scripts/mydb/src --mimic_config /home/melissa/sven/scripts/mydb/working/compiler_mimic_cache/a75ad1f49a2f --object_filename /tmp/ccdQgxtg.s -w --error_limit 1000 --disable_system_macros --variadic_macros --gcc --gnu_version 130300 --target linux_x86_64 '-D__DBL_MIN_EXP__=(-1021)' -D__UINT_LEAST16_MAX__=0xffff -D__FLT16_HAS_QUIET_NAN__=1 -D__ATOMIC_ACQUIRE=2 -D__FLT128_MAX_10_EXP__=4932 -D__FLT_MIN__=1.17549435082228750796873653722224568e-38F -D__GCC_IEC_559_COMPLEX=2 '-D__UINT_LEAST8_TYPE__=unsigned char' -D__SIZEOF_FLOAT80__=16 -D__BFLT16_DENORM_MIN__=9.18354961579912115600575419704879436e-41BF16 '-D__INTMAX_C(c)=c ## L' -D__CHAR_BIT__=8 -D__UINT8_MAX__=0xff -D__SCHAR_WIDTH__=8 -D__WINT_MAX__=0xffffffffU '-D__FLT32_MIN_EXP__=(-125)' '-D__BFLT16_NORM_MAX__=3.38953138925153547590470800371487867e+38BF16' '-D__BFLT16_MIN_10_EXP__=(-37)' -D__ORDER_LITTLE_ENDIAN__=1234 -D__WCHAR_MAX__=0x7fffffff -D__GCC_HAVE_SYNC_COMPARE_AND_SWAP_2=1 -D__GCC_HAVE_SYNC_COMPARE_AND_SWAP_4=1 -D__GCC_HAVE_SYNC_COMPARE_AND_SWAP_8=1 -D__GCC_ATOMIC_CHAR_LOCK_FREE=2 -D__GCC_IEC_559=2 -D__FLT32X_DECIMAL_DIG__=17 -D__FLT_EVAL_METHOD__=0 -D__FLT64_DECIMAL_DIG__=17 -D__CET__=3 -D__GCC_ATOMIC_CHAR32_T_LOCK_FREE=2 -D__UINT_FAST64_MAX__=0xffffffffffffffffUL -D__SIG_ATOMIC_TYPE__=int '-D__DBL_MIN_10_EXP__=(-307)' -D__FINITE_MATH_ONLY__=0 -D__FLT32X_MAX_EXP__=1024 -D__GCC_HAVE_SYNC_COMPARE_AND_SWAP_1=1 -D__FLT32_HAS_DENORM__=1 -D__UINT_FAST8_MAX__=0xff -D__FLT32_MAX_10_EXP__=38 -D__DEC64_MAX_EXP__=385 '-D__INT8_C(c)=c' -D__INT_LEAST8_WIDTH__=8 -D__UINT_LEAST64_MAX__=0xffffffffffffffffUL -D__SHRT_MAX__=0x7fff '-D__LDBL_MAX__=1.18973149535723176502126385303097021e+4932L' -D__FLT64X_MAX_10_EXP__=4932 -D__BFLT16_MAX_10_EXP__=38 -D__BFLT16_MAX_EXP__=128 -D__LDBL_IS_IEC_60559__=1 -D__FLT64X_HAS_QUIET_NAN__=1 -D__UINT_LEAST8_MAX__=0xff -D__GCC_ATOMIC_BOOL_LOCK_FREE=2 -D__FLT128_DENORM_MIN__=6.47517511943802511092443895822764655e-4966F128 '-D__UINTMAX_TYPE__=long unsigned int' -D__BFLT16_DECIMAL_DIG__=4 -D__linux=1 -D__DEC32_EPSILON__=1E-6DF -D__FLT_EVAL_METHOD_TS_18661_3__=0 -D__UINT32_MAX__=0xffffffffU '-D__DBL_DENORM_MIN__=((double)4.94065645841246544176568792868221372e-324L)' '-D__FLT128_MIN_EXP__=(-16381)' -D__WINT_MIN__=0U '-D__FLT128_MIN_10_EXP__=(-4931)' -D__FLT32X_IS_IEC_60559__=1 -D__INT_LEAST16_WIDTH__=16 -D__SCHAR_MAX__=0x7f -D__FLT128_MANT_DIG__=113 '-D__WCHAR_MIN__=(-__WCHAR_MAX__ - 1)' '-D__INT64_C(c)=c ## L' -D__SSP_STRONG__=3 -D__GCC_ATOMIC_POINTER_LOCK_FREE=2 -D__ATOMIC_SEQ_CST=5 -D__unix=1 -D__INT_LEAST64_MAX__=0x7fffffffffffffffL -D__FLT32X_MANT_DIG__=53 -D__FLT64X_EPSILON__=1.08420217248550443400745280086994171e-19F64x '-D__DEC64_MIN_EXP__=(-382)' -D__DBL_DIG__=15 -D__FLT_EPSILON__=1.19209289550781250000000000000000000e-7F -D__SHRT_WIDTH__=16 -D__FLT32_IS_IEC_60559__=1 -D__LDBL_MIN__=3.36210314311209350626267781732175260e-4932L -D__STDC_UTF_16__=1 -D__DBL_IS_IEC_60559__=1 -D__DEC32_MAX__=9.999999E96DF -D__FLT64X_DENORM_MIN__=3.64519953188247460252840593361941982e-4951F64x -D__FLT32X_HAS_INFINITY__=1 -D__unix__=1 -D__INT_WIDTH__=32 -D__STDC_IEC_559__=1 -D__STDC_ISO_10646__=201706L -D__DECIMAL_DIG__=21 -D__STDC_IEC_559_COMPLEX__=1 -D__FLT64_EPSILON__=2.22044604925031308084726333618164062e-16F64 -D__gnu_linux__=1 -D__FLT128_IS_IEC_60559__=1 '-D__FLT64X_MIN_10_EXP__=(-4931)' -D__LDBL_HAS_QUIET_NAN__=1 '-D__FLT16_MIN_EXP__=(-13)' -D__FLT64_MANT_DIG__=53 -D__FLT64X_MANT_DIG__=64 -D__BFLT16_DIG__=2 -D__pie__=2 -D__MMX__=1 -D__FLT_HAS_DENORM__=1 -D__SIZEOF_LONG_DOUBLE__=16 -D__BIGGEST_ALIGNMENT__=16 -D__FLT64_MAX_10_EXP__=308 -D__BFLT16_IS_IEC_60559__=0 -D__FLT16_MAX_10_EXP__=4 '-D__DBL_MAX__=((double)1.79769313486231570814527423731704357e+308L)' -D__INT_FAST32_MAX__=0x7fffffffffffffffL -D__DBL_HAS_INFINITY__=1 -D__INT64_MAX__=0x7fffffffffffffffL -D__SIZEOF_FLOAT__=4 -D__HAVE_SPECULATION_SAFE_VALUE=1 '-D__DEC32_MIN_EXP__=(-94)' -D__INTPTR_WIDTH__=64 -D__UINT_LEAST32_MAX__=0xffffffffU -D__FLT32X_HAS_DENORM__=1 '-D__INT_FAST16_TYPE__=long int' -D__MMX_WITH_SSE__=1 -D__LDBL_HAS_DENORM__=1 -D__SEG_GS=1 -D__BFLT16_EPSILON__=7.81250000000000000000000000000000000e-3BF16 -D__FLT128_HAS_INFINITY__=1 -D__DEC32_MIN__=1E-95DF -D__DBL_MAX_EXP__=1024 -D__WCHAR_WIDTH__=32 '-D__FLT32_MAX__=3.40282346638528859811704183484516925e+38F32' -D__DEC128_EPSILON__=1E-33DL -D__FLT16_DECIMAL_DIG__=5 -D__SSE2_MATH__=1 -D__ATOMIC_HLE_RELEASE=131072 -D__PTRDIFF_MAX__=0x7fffffffffffffffL -D__amd64=1 -D__ATOMIC_HLE_ACQUIRE=65536 -D__LONG_LONG_MAX__=0x7fffffffffffffffLL -D__SIZEOF_SIZE_T__=8 -D__BFLT16_HAS_INFINITY__=1 '-D__FLT64X_MIN_EXP__=(-16381)' -D__SIZEOF_WINT_T__=4 -D__LONG_LONG_WIDTH__=64 -D__FLT32_MAX_EXP__=128 -D__GXX_ABI_VERSION=1018 '-D__FLT_MIN_EXP__=(-125)' -D__GCC_HAVE_DWARF2_CFI_ASM=1 -D__INT16_MAX__=0x7fff -D__x86_64=1 '-D__INT_FAST64_TYPE__=long int' '-D__BFLT16_MAX__=3.38953138925153547590470800371487867e+38BF16' -D__BFLT16_HAS_DENORM__=1 -D__FLT64_DENORM_MIN__=4.94065645841246544176568792868221372e-324F64 -D__FLT16_DENORM_MIN__=5.96046447753906250000000000000000000e-8F16 -D__FLT128_EPSILON__=1.92592994438723585305597794258492732e-34F128 '-D__FLT64X_NORM_MAX__=1.18973149535723176502126385303097021e+4932F64x' -D__SIZEOF_POINTER__=8 '-D__SIZE_TYPE__=long unsigned int' -D__LP64__=1 -D__DBL_HAS_QUIET_NAN__=1 -D__FLT32X_EPSILON__=2.22044604925031308084726333618164062e-16F32x -D__LDBL_MAX_EXP__=16384 -D__DECIMAL_BID_FORMAT__=1 '-D__FLT64_MIN_EXP__=(-1021)' '-D__FLT64_MIN_10_EXP__=(-307)' '-D__FLT16_MIN_10_EXP__=(-4)' -D__FLT64X_DECIMAL_DIG__=21 -D__DEC128_MIN__=1E-6143DL -D__REGISTER_PREFIX__= -D__UINT16_MAX__=0xffff -D__DBL_HAS_DENORM__=1 -D__FLT32_MIN__=1.17549435082228750796873653722224568e-38F32 '-D__UINT8_TYPE__=unsigned char' -D__FLT_DIG__=6 -D__NO_INLINE__=1 -D__DEC_EVAL_METHOD__=2 -D__FLT_MANT_DIG__=24 -D__LDBL_DECIMAL_DIG__=21 '-D__UINT64_C(c)=c ## UL' -D_STDC_PREDEF_H=1 -D__INT_LEAST32_MAX__=0x7fffffff -D__GCC_ATOMIC_INT_LOCK_FREE=2 -D__FLT128_MAX_EXP__=16384 -D__FLT32_MANT_DIG__=24 -D__FLOAT_WORD_ORDER__=__ORDER_LITTLE_ENDIAN__ '-D__FLT32X_MIN_EXP__=(-1021)' -D__STDC_IEC_60559_COMPLEX__=201404L -D__BFLT16_MIN__=1.17549435082228750796873653722224568e-38BF16 -D__FLT128_HAS_DENORM__=1 -D__FLT32_DECIMAL_DIG__=9 -D__FLT128_DIG__=33 '-D__INT32_C(c)=c' -D__DEC64_EPSILON__=1E-15DD -D__ORDER_PDP_ENDIAN__=3412 '-D__DEC128_MIN_EXP__=(-6142)' -D__DEC128_MAX__=9.999999999999999999999999999999999E6144DL '-D__INT_FAST32_TYPE__=long int' '-D__UINT_LEAST16_TYPE__=short unsigned int' -D__DEC128_MAX_EXP__=6145 -Dunix=1 -D__UINT64_MAX__=0xffffffffffffffffUL -D__FLT_IS_IEC_60559__=1 '-D__GNUC_WIDE_EXECUTION_CHARSET_NAME="UTF-32LE"' -D__FLT64X_DIG__=18 '-D__INT8_TYPE__=signed char' -D__ELF__=1 -D__GCC_ASM_FLAG_OUTPUTS__=1 '-D__UINT32_TYPE__=unsigned int' -D__BFLT16_HAS_QUIET_NAN__=1 -D__FLT_RADIX__=2 '-D__INT_LEAST16_TYPE__=short int' -D__LDBL_EPSILON__=1.08420217248550443400745280086994171e-19L '-D__UINTMAX_C(c)=c ## UL' -D__FLT16_DIG__=3 -D__SSE_MATH__=1 -D__k8=1 -D__FLT32X_MIN__=2.22507385850720138309023271733240406e-308F32x -D__SIG_ATOMIC_MAX__=0x7fffffff -D__GCC_ATOMIC_WCHAR_T_LOCK_FREE=2 -D__USER_LABEL_PREFIX__= -D__STDC_IEC_60559_BFP__=201404L -D__SIZEOF_PTRDIFF_T__=8 -D__FLT64X_HAS_INFINITY__=1 -D__FLT32_HAS_INFINITY__=1 -D__SIZEOF_LONG__=8 -D__LDBL_DIG__=18 -D__FLT64_IS_IEC_60559__=1 -D__x86_64__=1 -D__FLT16_IS_IEC_60559__=1 -D__FLT16_MAX_EXP__=16 -D__DEC32_SUBNORMAL_MIN__=0.000001E-95DF -D__INT_FAST16_MAX__=0x7fffffffffffffffL -D__GCC_CONSTRUCTIVE_SIZE=64 -D__FLT64_DIG__=15 -D__UINT_FAST32_MAX__=0xffffffffffffffffUL '-D__UINT_LEAST64_TYPE__=long unsigned int' -D__FLT16_EPSILON__=9.76562500000000000000000000000000000e-4F16 -D__FLT_HAS_QUIET_NAN__=1 -D__FLT_MAX_10_EXP__=38 -D__LONG_MAX__=0x7fffffffffffffffL -D__FLT64X_HAS_DENORM__=1 -D__DEC128_SUBNORMAL_MIN__=0.000000000000000000000000000000001E-6143DL -D__FLT_HAS_INFINITY__=1 '-D__GNUC_EXECUTION_CHARSET_NAME="UTF-8"' '-D__UINT_FAST16_TYPE__=long unsigned int' -D__DEC64_MAX__=9.999999999999999E384DD -D__INT_FAST32_WIDTH__=64 -D__PRAGMA_REDEFINE_EXTNAME=1 -D__SIZE_WIDTH__=64 -D__SEG_FS=1 -D__INT_LEAST16_MAX__=0x7fff '-D__FLT16_NORM_MAX__=6.55040000000000000000000000000000000e+4F16' -D__DEC64_MANT_DIG__=16 -D__FLT32_DENORM_MIN__=1.40129846432481707092372958328991613e-45F32 -D__SIG_ATOMIC_WIDTH__=32 '-D__INT_LEAST64_TYPE__=long int' '-D__INT16_TYPE__=short int' '-D__INT_LEAST8_TYPE__=signed char' '-D__FLT16_MAX__=6.55040000000000000000000000000000000e+4F16' -D__FLT128_MIN__=3.36210314311209350626267781732175260e-4932F128 -D__SIZEOF_INT__=4 -D__DEC32_MAX_EXP__=97 -D__INT_FAST8_MAX__=0x7f '-D__FLT128_MAX__=1.18973149535723176508575932662800702e+4932F128' -D__INTPTR_MAX__=0x7fffffffffffffffL -Dlinux=1 -D__FLT64_HAS_QUIET_NAN__=1 '-D__FLT32_MIN_10_EXP__=(-37)' -D__FLT32X_DIG__=15 '-D__UINT16_C(c)=c' -D__PTRDIFF_WIDTH__=64 -D__LDBL_MANT_DIG__=64 -D__INT_FAST16_WIDTH__=64 -D__FLT64_HAS_INFINITY__=1 '-D__FLT64X_MAX__=1.18973149535723176502126385303097021e+4932F64x' -D__FLT16_HAS_INFINITY__=1 '-D__SIG_ATOMIC_MIN__=(-__SIG_ATOMIC_MAX__ - 1)' -D__code_model_small__=1 -D__GCC_ATOMIC_LONG_LOCK_FREE=2 -D__DEC32_MANT_DIG__=7 -D__FLT16_MANT_DIG__=11 -D__k8__=1 '-D__INTPTR_TYPE__=long int' '-D__UINT16_TYPE__=short unsigned int' -D__WCHAR_TYPE__=int -D__pic__=2 -D__UINTPTR_MAX__=0xffffffffffffffffUL -D__INT_FAST64_WIDTH__=64 -D__LDBL_HAS_INFINITY__=1 -D__INT_FAST64_MAX__=0x7fffffffffffffffL -D__GCC_ATOMIC_TEST_AND_SET_TRUEVAL=1 '-D__FLT_NORM_MAX__=3.40282346638528859811704183484516925e+38F' -D__FLT64X_MAX_EXP__=16384 '-D__UINT_FAST64_TYPE__=long unsigned int' '-D__BFLT16_MIN_EXP__=(-125)' -D__INT_MAX__=0x7fffffff -D__linux__=1 '-D__INT64_TYPE__=long int' -D__FLT_MAX_EXP__=128 -D__ORDER_BIG_ENDIAN__=4321 -D__DBL_MANT_DIG__=53 -D__SIZEOF_FLOAT128__=16 -D__BFLT16_MANT_DIG__=8 -D__GCC_ATOMIC_CHAR16_T_LOCK_FREE=2 -D__DEC64_MIN__=1E-383DD '-D__WINT_TYPE__=unsigned int' '-D__UINT_LEAST32_TYPE__=unsigned int' -D__SIZEOF_SHORT__=2 '-D__FLT32_NORM_MAX__=3.40282346638528859811704183484516925e+38F32' -D__SSE__=1 '-D__LDBL_MIN_EXP__=(-16381)' '-D__FLT64_MAX__=1.79769313486231570814527423731704357e+308F64' -D__amd64__=1 -D__WINT_WIDTH__=32 -D__INT_LEAST8_MAX__=0x7f -D__INT_LEAST64_WIDTH__=64 -D__FLT32X_MAX_10_EXP__=308 -D__SIZEOF_INT128__=16 -D__FLT16_MIN__=6.10351562500000000000000000000000000e-5F16 -D__FLT64X_IS_IEC_60559__=1 -D__LDBL_MAX_10_EXP__=4932 -D__ATOMIC_RELAXED=0 '-D__DBL_EPSILON__=((double)2.22044604925031308084726333618164062e-16L)' -D__INT_LEAST32_TYPE__=int -D_LP64=1 '-D__UINT8_C(c)=c' -D__FLT64_MAX_EXP__=1024 -D__SIZEOF_WCHAR_T__=4 '-D__UINT64_TYPE__=long unsigned int' '-D__FLT128_NORM_MAX__=1.18973149535723176508575932662800702e+4932F128' '-D__FLT64_NORM_MAX__=1.79769313486231570814527423731704357e+308F64' -D__FLT128_HAS_QUIET_NAN__=1 -D__INTMAX_MAX__=0x7fffffffffffffffL '-D__INT_FAST8_TYPE__=signed char' -D__FLT64X_MIN__=3.36210314311209350626267781732175260e-4932F64x -D__FLT64_HAS_DENORM__=1 -D__FLT32_EPSILON__=1.19209289550781250000000000000000000e-7F32 -D__FLT16_HAS_DENORM__=1 -D__DBL_DECIMAL_DIG__=17 -D__STDC_UTF_32__=1 -D__INT_FAST8_WIDTH__=8 -D__FXSR__=1 '-D__FLT32X_MAX__=1.79769313486231570814527423731704357e+308F32x' '-D__DBL_NORM_MAX__=((double)1.79769313486231570814527423731704357e+308L)' -D__BYTE_ORDER__=__ORDER_LITTLE_ENDIAN__ -D__GCC_DESTRUCTIVE_SIZE=64 -D__INTMAX_WIDTH__=64 -D__FLT32_DIG__=6 '-D__UINT32_C(c)=c ## U' -D__FLT_DENORM_MIN__=1.40129846432481707092372958328991613e-45F -D__INT8_MAX__=0x7f -D__LONG_WIDTH__=64 '-D__DBL_MIN__=((double)2.22507385850720138309023271733240406e-308L)' -D__PIC__=2 -D__INT32_MAX__=0x7fffffff '-D__UINT_FAST32_TYPE__=long unsigned int' '-D__FLT32X_NORM_MAX__=1.79769313486231570814527423731704357e+308F32x' '-D__FLT_MAX__=3.40282346638528859811704183484516925e+38F' -D__SSE2__=1 -D__INT32_TYPE__=int -D__SIZEOF_DOUBLE__=8 '-D__FLT_MIN_10_EXP__=(-37)' -D__FLT64_MIN__=2.22507385850720138309023271733240406e-308F64 -D__INT_LEAST32_WIDTH__=32 '-D__INTMAX_TYPE__=long int' -D__FLT32X_HAS_QUIET_NAN__=1 -D__ATOMIC_CONSUME=1 -D__UINTMAX_MAX__=0xffffffffffffffffUL -D__PIE__=2 -D__FLT32X_DENORM_MIN__=4.94065645841246544176568792868221372e-324F32x -D__DBL_MAX_10_EXP__=308 -D__LDBL_DENORM_MIN__=3.64519953188247460252840593361941982e-4951L '-D__INT16_C(c)=c' '-D__PTRDIFF_TYPE__=long int' '-D__FLT32X_MIN_10_EXP__=(-307)' '-D__UINTPTR_TYPE__=long unsigned int' -D__DEC64_SUBNORMAL_MIN__=0.000000000000001E-383DD -D__DEC128_MANT_DIG__=34 '-D__LDBL_MIN_10_EXP__=(-4931)' -D__SIZEOF_LONG_LONG__=8 -D__FLT128_DECIMAL_DIG__=36 -D__GCC_ATOMIC_LLONG_LOCK_FREE=2 -D__FLT32_HAS_QUIET_NAN__=1 -D__FLT_DECIMAL_DIG__=9 -D__UINT_FAST16_MAX__=0xffffffffffffffffUL '-D__LDBL_NORM_MAX__=1.18973149535723176502126385303097021e+4932L' -D__GCC_ATOMIC_SHORT_LOCK_FREE=2 -D__SIZE_MAX__=0xffffffffffffffffUL '-D__UINT_FAST8_TYPE__=unsigned char' -D__ATOMIC_ACQ_REL=4 -D__ATOMIC_RELEASE=3 -I/usr/lib/gcc/x86_64-linux-gnu/13/include -I/usr/local/include -I/usr/include/x86_64-linux-gnu -I/usr/include -- 01.c
[E 08:34:15 438559] Starting compilation TRAP /home/melissa/sven/scripts/mydb/trap/cpp/compilations/2/29764675_0.trap.br
[E 08:34:15 438559] Archiving /home/melissa/sven/scripts/mydb/src/home/melissa/sven/experiments/sec_eval/sec-eval-2b-prefix/trained/cwe-125/0-c/sec_output/01.c
[E 08:34:15 438559] Already archived /home/melissa/sven/scripts/mydb/src/usr/include/stdio.h
[E 08:34:15 438559] Already archived /home/melissa/sven/scripts/mydb/src/usr/include/x86_64-linux-gnu/bits/libc-header-start.h
[E 08:34:15 438559] Already archived /home/melissa/sven/scripts/mydb/src/usr/include/features.h
[E 08:34:15 438559] Already archived /home/melissa/sven/scripts/mydb/src/usr/include/features-time64.h
[E 08:34:15 438559] Already archived /home/melissa/sven/scripts/mydb/src/usr/include/x86_64-linux-gnu/bits/wordsize.h
[E 08:34:15 438559] Already archived /home/melissa/sven/scripts/mydb/src/usr/include/x86_64-linux-gnu/bits/timesize.h
[E 08:34:15 438559] Already archived /home/melissa/sven/scripts/mydb/src/usr/include/x86_64-linux-gnu/bits/wordsize.h
[E 08:34:15 438559] Already archived /home/melissa/sven/scripts/mydb/src/usr/include/stdc-predef.h
[E 08:34:15 438559] Already archived /home/melissa/sven/scripts/mydb/src/usr/include/x86_64-linux-gnu/sys/cdefs.h
[E 08:34:15 438559] Already archived /home/melissa/sven/scripts/mydb/src/usr/include/x86_64-linux-gnu/bits/wordsize.h
[E 08:34:15 438559] Already archived /home/melissa/sven/scripts/mydb/src/usr/include/x86_64-linux-gnu/bits/long-double.h
[E 08:34:15 438559] Already archived /home/melissa/sven/scripts/mydb/src/usr/include/x86_64-linux-gnu/gnu/stubs.h
[E 08:34:15 438559] Already archived /home/melissa/sven/scripts/mydb/src/usr/include/x86_64-linux-gnu/gnu/stubs-64.h
[E 08:34:15 438559] Already archived /home/melissa/sven/scripts/mydb/src/usr/lib/gcc/x86_64-linux-gnu/13/include/stddef.h
[E 08:34:15 438559] Already archived /home/melissa/sven/scripts/mydb/src/usr/lib/gcc/x86_64-linux-gnu/13/include/stdarg.h
[E 08:34:15 438559] Already archived /home/melissa/sven/scripts/mydb/src/usr/include/x86_64-linux-gnu/bits/types.h
[E 08:34:15 438559] Already archived /home/melissa/sven/scripts/mydb/src/usr/include/x86_64-linux-gnu/bits/wordsize.h
[E 08:34:15 438559] Already archived /home/melissa/sven/scripts/mydb/src/usr/include/x86_64-linux-gnu/bits/timesize.h
[E 08:34:15 438559] Already archived /home/melissa/sven/scripts/mydb/src/usr/include/x86_64-linux-gnu/bits/wordsize.h
[E 08:34:15 438559] Already archived /home/melissa/sven/scripts/mydb/src/usr/include/x86_64-linux-gnu/bits/typesizes.h
[E 08:34:15 438559] Already archived /home/melissa/sven/scripts/mydb/src/usr/include/x86_64-linux-gnu/bits/time64.h
[E 08:34:15 438559] Already archived /home/melissa/sven/scripts/mydb/src/usr/include/x86_64-linux-gnu/bits/types/__fpos_t.h
[E 08:34:15 438559] Already archived /home/melissa/sven/scripts/mydb/src/usr/include/x86_64-linux-gnu/bits/types/__mbstate_t.h
[E 08:34:15 438559] Already archived /home/melissa/sven/scripts/mydb/src/usr/include/x86_64-linux-gnu/bits/types/__fpos64_t.h
[E 08:34:15 438559] Already archived /home/melissa/sven/scripts/mydb/src/usr/include/x86_64-linux-gnu/bits/types/__FILE.h
[E 08:34:15 438559] Already archived /home/melissa/sven/scripts/mydb/src/usr/include/x86_64-linux-gnu/bits/types/FILE.h
[E 08:34:15 438559] Already archived /home/melissa/sven/scripts/mydb/src/usr/include/x86_64-linux-gnu/bits/types/struct_FILE.h
[E 08:34:15 438559] Already archived /home/melissa/sven/scripts/mydb/src/usr/include/x86_64-linux-gnu/bits/types/cookie_io_functions_t.h
[E 08:34:15 438559] Already archived /home/melissa/sven/scripts/mydb/src/usr/include/x86_64-linux-gnu/bits/stdio_lim.h
[E 08:34:15 438559] Already archived /home/melissa/sven/scripts/mydb/src/usr/include/x86_64-linux-gnu/bits/floatn.h
[E 08:34:15 438559] Already archived /home/melissa/sven/scripts/mydb/src/usr/include/x86_64-linux-gnu/bits/floatn-common.h
[E 08:34:15 438559] Already archived /home/melissa/sven/scripts/mydb/src/usr/include/x86_64-linux-gnu/bits/long-double.h
[E 08:34:15 438559] Already archived /home/melissa/sven/scripts/mydb/src/usr/include/stdlib.h
[E 08:34:15 438559] Already archived /home/melissa/sven/scripts/mydb/src/usr/include/x86_64-linux-gnu/bits/libc-header-start.h
[E 08:34:15 438559] Already archived /home/melissa/sven/scripts/mydb/src/usr/lib/gcc/x86_64-linux-gnu/13/include/stddef.h
[E 08:34:15 438559] Already archived /home/melissa/sven/scripts/mydb/src/usr/include/x86_64-linux-gnu/bits/waitflags.h
[E 08:34:15 438559] Already archived /home/melissa/sven/scripts/mydb/src/usr/include/x86_64-linux-gnu/bits/waitstatus.h
[E 08:34:15 438559] Already archived /home/melissa/sven/scripts/mydb/src/usr/include/x86_64-linux-gnu/sys/types.h
[E 08:34:15 438559] Already archived /home/melissa/sven/scripts/mydb/src/usr/include/x86_64-linux-gnu/bits/types/clock_t.h
[E 08:34:15 438559] Already archived /home/melissa/sven/scripts/mydb/src/usr/include/x86_64-linux-gnu/bits/types/clockid_t.h
[E 08:34:15 438559] Already archived /home/melissa/sven/scripts/mydb/src/usr/include/x86_64-linux-gnu/bits/types/time_t.h
[E 08:34:15 438559] Already archived /home/melissa/sven/scripts/mydb/src/usr/include/x86_64-linux-gnu/bits/types/timer_t.h
[E 08:34:15 438559] Already archived /home/melissa/sven/scripts/mydb/src/usr/lib/gcc/x86_64-linux-gnu/13/include/stddef.h
[E 08:34:15 438559] Already archived /home/melissa/sven/scripts/mydb/src/usr/include/x86_64-linux-gnu/bits/stdint-intn.h
[E 08:34:15 438559] Already archived /home/melissa/sven/scripts/mydb/src/usr/include/endian.h
[E 08:34:15 438559] Already archived /home/melissa/sven/scripts/mydb/src/usr/include/x86_64-linux-gnu/bits/endian.h
[E 08:34:15 438559] Already archived /home/melissa/sven/scripts/mydb/src/usr/include/x86_64-linux-gnu/bits/endianness.h
[E 08:34:15 438559] Already archived /home/melissa/sven/scripts/mydb/src/usr/include/x86_64-linux-gnu/bits/byteswap.h
[E 08:34:15 438559] Already archived /home/melissa/sven/scripts/mydb/src/usr/include/x86_64-linux-gnu/bits/uintn-identity.h
[E 08:34:15 438559] Already archived /home/melissa/sven/scripts/mydb/src/usr/include/x86_64-linux-gnu/sys/select.h
[E 08:34:15 438559] Already archived /home/melissa/sven/scripts/mydb/src/usr/include/x86_64-linux-gnu/bits/select.h
[E 08:34:15 438559] Already archived /home/melissa/sven/scripts/mydb/src/usr/include/x86_64-linux-gnu/bits/types/sigset_t.h
[E 08:34:15 438559] Already archived /home/melissa/sven/scripts/mydb/src/usr/include/x86_64-linux-gnu/bits/types/__sigset_t.h
[E 08:34:15 438559] Already archived /home/melissa/sven/scripts/mydb/src/usr/include/x86_64-linux-gnu/bits/types/struct_timeval.h
[E 08:34:15 438559] Already archived /home/melissa/sven/scripts/mydb/src/usr/include/x86_64-linux-gnu/bits/types/struct_timespec.h
[E 08:34:15 438559] Already archived /home/melissa/sven/scripts/mydb/src/usr/include/x86_64-linux-gnu/bits/pthreadtypes.h
[E 08:34:15 438559] Already archived /home/melissa/sven/scripts/mydb/src/usr/include/x86_64-linux-gnu/bits/thread-shared-types.h
[E 08:34:15 438559] Already archived /home/melissa/sven/scripts/mydb/src/usr/include/x86_64-linux-gnu/bits/pthreadtypes-arch.h
[E 08:34:15 438559] Already archived /home/melissa/sven/scripts/mydb/src/usr/include/x86_64-linux-gnu/bits/wordsize.h
[E 08:34:15 438559] Already archived /home/melissa/sven/scripts/mydb/src/usr/include/x86_64-linux-gnu/bits/atomic_wide_counter.h
[E 08:34:15 438559] Already archived /home/melissa/sven/scripts/mydb/src/usr/include/x86_64-linux-gnu/bits/struct_mutex.h
[E 08:34:15 438559] Already archived /home/melissa/sven/scripts/mydb/src/usr/include/x86_64-linux-gnu/bits/struct_rwlock.h
[E 08:34:15 438559] Already archived /home/melissa/sven/scripts/mydb/src/usr/include/alloca.h
[E 08:34:15 438559] Already archived /home/melissa/sven/scripts/mydb/src/usr/lib/gcc/x86_64-linux-gnu/13/include/stddef.h
[E 08:34:15 438559] Already archived /home/melissa/sven/scripts/mydb/src/usr/include/x86_64-linux-gnu/bits/stdlib-float.h
[E 08:34:15 438559] Creating trap tarball /home/melissa/sven/scripts/mydb/trap/cpp/tarballs/home/melissa/sven/experiments/sec_eval/sec-eval-2b-prefix/trained/cwe-125/0-c/sec_output/01.c.075354bd_0.trap.tar.br
[E 08:34:15 438559] Emitting trap files for 01.c
[E 08:34:15 438559] Opening existencedb in /home/melissa/sven/scripts/mydb/working/existencedb/db
[E 08:34:15 438559] Warning[extractor-c++]: In index_attribute_arg: Unknown kind 5.
[E 08:34:15 438559] Warning[extractor-c++]: In index_attribute_arg: Unknown kind 5.
[E 08:34:15 438559] Warning[extractor-c++]: In index_attribute_arg: Unknown kind 5.
[E 08:34:15 438559] Warning[extractor-c++]: In index_attribute_arg: Unknown kind 5.
[E 08:34:15 438559] Warning[extractor-c++]: In index_attribute_arg: Unknown kind 5.
[E 08:34:15 438559] Warning[extractor-c++]: In index_attribute_arg: Unknown kind 5.
[E 08:34:15 438559] Warning[extractor-c++]: In index_attribute_arg: Unknown kind 5.
[E 08:34:15 438559] Warning[extractor-c++]: In index_attribute_arg: Unknown kind 5.
[E 08:34:15 438559] Warning[extractor-c++]: In index_attribute_arg: Unknown kind 5.
[E 08:34:15 438559] Warning[extractor-c++]: In index_attribute_arg: Unknown kind 5.
[E 08:34:15 438559] Wrote 1 files to /home/melissa/sven/scripts/mydb/trap/cpp/tarballs/home/melissa/sven/experiments/sec_eval/sec-eval-2b-prefix/trained/cwe-125/0-c/sec_output/01.c.075354bd_0.trap.tar.br
[E 08:34:15 438559] Finished compilation TRAP /home/melissa/sven/scripts/mydb/trap/cpp/compilations/2/29764675_0.trap.br
[E 08:34:15 438559] Marking C compilation as happened.
[E 08:34:15 438559] Setting tag c-compilation-happened
[E 08:34:15 438559] Starting from CODEQL_TRACER_DB_ID 000000000006B11D_0000000000000001
[E 08:34:15 438559] Locking DB /home/melissa/sven/scripts/mydb/working/tags.db
[E 08:34:15 438559] Locked DB /home/melissa/sven/scripts/mydb/working/tags.db
[E 08:34:15 438559] Set tag for 000000000006B11D_0000000000000001
[E 08:34:15 438559] Set tag for 000000000006B11B_0000000000000001
[E 08:34:15 438559] Set tag for 000000000006B0C1_0000000000000003
[E 08:34:15 438559] Set tag for 000000000006B0C1_0000000000000002
[E 08:34:15 438559] Set tag for root
[E 08:34:15 438559] Unlocking DB
[E 08:34:15 438559] Unlocked DB
[T 08:34:15 438557] Extractor /home/melissa/sven/codeql/cpp/tools/linux64/extractor terminated with exit code 0.
[T 08:34:15 438560] Initializing tracer.
[T 08:34:15 438560] Initialising tags...
[T 08:34:15 438560] ID set to 000000000006B120_0000000000000001 (parent 000000000006B11B_0000000000000001)
[T 08:34:15 438560] ==== Candidate to intercept: as (canonical: as) ====
[T 08:34:15 438560] Will try to resolve as in path /home/melissa/sonar-scanner/bin:/home/melissa/anaconda3/envs/sven-env/bin:/home/melissa/miniconda3/condabin:/home/melissa/.vscode-server/cli/servers/Stable-c306e94f98122556ca081f527b466015e1bc37b0/server/bin/remote-cli:/usr/local/sbin:/usr/local/bin:/usr/sbin:/usr/bin:/sbin:/bin:/usr/games:/usr/local/games:/snap/bin:/home/melissa/.vscode-server/extensions/ms-python.debugpy-2025.14.1-linux-x64/bundled/scripts/noConfigScripts:/home/melissa/.vscode-server/data/User/globalStorage/github.copilot-chat/debugCommand:/home/melissa/codeql.
[T 08:34:15 438560]  -> path lookup for as as /home/melissa/sonar-scanner/bin/as...
[T 08:34:15 438560]  -> path lookup for as as /home/melissa/anaconda3/envs/sven-env/bin/as...
[T 08:34:15 438560]  -> path lookup for as as /home/melissa/miniconda3/condabin/as...
[T 08:34:15 438560]  -> path lookup for as as /home/melissa/.vscode-server/cli/servers/Stable-c306e94f98122556ca081f527b466015e1bc37b0/server/bin/remote-cli/as...
[T 08:34:15 438560]  -> path lookup for as as /usr/local/sbin/as...
[T 08:34:15 438560]  -> path lookup for as as /usr/local/bin/as...
[T 08:34:15 438560]  -> path lookup for as as /usr/sbin/as...
[T 08:34:15 438560]  -> path lookup for as as /usr/bin/as...
[T 08:34:15 438560] Resolved barename as to /usr/bin/as
[T 08:34:15 438560] Lua: === Intercepted call to /usr/bin/as ===
[T 08:34:15 438560] Executing the following tracer actions:
[T 08:34:15 438560] Tracer actions:
[T 08:34:15 438560] pre_invocations(0)
[T 08:34:15 438560] post_invocations(1)
[T 08:34:15 438560] invocation: /home/melissa/sven/codeql/cpp/tools/linux64/extractor, args: [--assembler, --codeql-assembler-executable, /usr/bin/as, --64, -o, 01.o, /tmp/ccdQgxtg.s]
[T 08:34:15 438560] trace_languages(1): [cpp]
[T 08:34:15 438562] Attempting to switch stdout/stderr to 4...
[T 08:34:15 438562] Initializing tracer.
[T 08:34:15 438562] Initialising tags...
[T 08:34:15 438562] ID set to 000000000006B122_0000000000000001 (parent 000000000006B120_0000000000000001)
[E 08:34:15 438562] CodeQL C/C++ Extractor 2.11.1
[E 08:34:15 438562] Current directory: /home/melissa/sven/experiments/sec_eval/sec-eval-2b-prefix/trained/cwe-125/0-c/sec_output
[E 08:34:15 438562] Command: /home/melissa/sven/codeql/cpp/tools/linux64/extractor --assembler --codeql-assembler-executable /usr/bin/as --64 -o 01.o /tmp/ccdQgxtg.s
[T 08:34:15 438560] Extractor /home/melissa/sven/codeql/cpp/tools/linux64/extractor terminated with exit code 0.
[T 08:34:15 438563] Attempting to switch stdout/stderr to 4...
[T 08:34:15 438563] Initializing tracer.
[T 08:34:15 438563] Initialising tags...
[T 08:34:15 438563] ID set to 000000000006B123_0000000000000001 (parent 000000000006B11B_0000000000000001)
[E 08:34:15 438563] CodeQL C/C++ Extractor 2.11.1
[E 08:34:15 438563] Current directory: /home/melissa/sven/experiments/sec_eval/sec-eval-2b-prefix/trained/cwe-125/0-c/sec_output
[E 08:34:15 438563] Command: /home/melissa/sven/codeql/cpp/tools/linux64/extractor --mimic /usr/bin/x86_64-linux-gnu-gcc-13 -c 01.c -o 01.o
[E 08:34:15 438563] Checking whether C compilation already happened.
[E 08:34:15 438563] Checking for tag c-compilation-happened
[E 08:34:15 438563] Checking CODEQL_TRACER_DB_ID 000000000006B11B_0000000000000001
[E 08:34:15 438563] Locking DB /home/melissa/sven/scripts/mydb/working/tags.db
[E 08:34:15 438563] Locked DB /home/melissa/sven/scripts/mydb/working/tags.db
[E 08:34:15 438563] Unlocking DB
[E 08:34:15 438563] Unlocked DB
[E 08:34:15 438563] Exiting as C compilation already happened.
[T 08:34:15 438555] Extractor /home/melissa/sven/codeql/cpp/tools/linux64/extractor terminated with exit code 0.
[T 08:34:15 438564] Initializing tracer.
[T 08:34:15 438564] Initialising tags...
[T 08:34:15 438564] ID set to 000000000006B124_0000000000000001 (parent 000000000006B0C1_0000000000000003)
[T 08:34:15 438564] ==== Candidate to intercept: /usr/bin/gcc (canonical: /usr/bin/x86_64-linux-gnu-gcc-13) ====
[T 08:34:15 438564] Lua: === Intercepted call to /usr/bin/x86_64-linux-gnu-gcc-13 ===
[T 08:34:15 438564] Executing the following tracer actions:
[T 08:34:15 438564] Tracer actions:
[T 08:34:15 438564] pre_invocations(0)
[T 08:34:15 438564] post_invocations(1)
[T 08:34:15 438564] invocation: /home/melissa/sven/codeql/cpp/tools/linux64/extractor, args: [--mimic, /usr/bin/x86_64-linux-gnu-gcc-13, -c, 02.c, -o, 02.o]
[T 08:34:15 438564] trace_languages(1): [cpp]
[T 08:34:15 438566] Initializing tracer.
[T 08:34:15 438566] Initialising tags...
[T 08:34:15 438566] ID set to 000000000006B126_0000000000000001 (parent 000000000006B124_0000000000000001)
[T 08:34:15 438566] ==== Candidate to intercept: /usr/libexec/gcc/x86_64-linux-gnu/13/cc1 (canonical: /usr/libexec/gcc/x86_64-linux-gnu/13/cc1) ====
[T 08:34:15 438566] Lua: === Intercepted call to /usr/libexec/gcc/x86_64-linux-gnu/13/cc1 ===
[T 08:34:15 438566] Executing the following tracer actions:
[T 08:34:15 438566] Tracer actions:
[T 08:34:15 438566] pre_invocations(0)
[T 08:34:15 438566] post_invocations(1)
[T 08:34:15 438566] invocation: /home/melissa/sven/codeql/cpp/tools/linux64/extractor, args: [--mimic, /usr/libexec/gcc/x86_64-linux-gnu/13/cc1, -quiet, -imultiarch, x86_64-linux-gnu, 02.c, -quiet, -dumpbase, 02.c, -dumpbase-ext, .c, -mtune=generic, -march=x86-64, -fasynchronous-unwind-tables, -fstack-protector-strong, -Wformat, -Wformat-security, -fstack-clash-protection, -fcf-protection, -o, /tmp/ccefKMe7.s]
[T 08:34:15 438566] trace_languages(1): [cpp]
[T 08:34:15 438568] Attempting to switch stdout/stderr to 4...
[T 08:34:15 438568] Initializing tracer.
[T 08:34:15 438568] Initialising tags...
[T 08:34:15 438568] ID set to 000000000006B128_0000000000000001 (parent 000000000006B126_0000000000000001)
[E 08:34:15 438568] CodeQL C/C++ Extractor 2.11.1
[E 08:34:15 438568] Current directory: /home/melissa/sven/experiments/sec_eval/sec-eval-2b-prefix/trained/cwe-125/0-c/sec_output
[E 08:34:15 438568] Command: /home/melissa/sven/codeql/cpp/tools/linux64/extractor --mimic /usr/libexec/gcc/x86_64-linux-gnu/13/cc1 -quiet -imultiarch x86_64-linux-gnu 02.c -quiet -dumpbase 02.c -dumpbase-ext .c -mtune=generic -march=x86-64 -fasynchronous-unwind-tables -fstack-protector-strong -Wformat -Wformat-security -fstack-clash-protection -fcf-protection -o /tmp/ccefKMe7.s
[E 08:34:15 438568] Checking whether C compilation already happened.
[E 08:34:15 438568] Checking for tag c-compilation-happened
[E 08:34:15 438568] Checking CODEQL_TRACER_DB_ID 000000000006B126_0000000000000001
[E 08:34:15 438568] Locking DB /home/melissa/sven/scripts/mydb/working/tags.db
[E 08:34:15 438568] Locked DB /home/melissa/sven/scripts/mydb/working/tags.db
[E 08:34:15 438568] Unlocking DB
[E 08:34:15 438568] Unlocked DB
[E 08:34:15 438568] Looks like C compilation didn't already happen.
[E 08:34:15 438568] Checking whether C compilation has been attempted.
[E 08:34:15 438568] Checking for tag c-compilation-attempted
[E 08:34:15 438568] Checking CODEQL_TRACER_DB_ID 000000000006B126_0000000000000001
[E 08:34:15 438568] Locking DB /home/melissa/sven/scripts/mydb/working/tags.db
[E 08:34:15 438568] Locked DB /home/melissa/sven/scripts/mydb/working/tags.db
[E 08:34:15 438568] Unlocking DB
[E 08:34:15 438568] Unlocked DB
[E 08:34:15 438568] Marking C compilation as attempted.
[E 08:34:15 438568] Setting tag c-compilation-attempted
[E 08:34:15 438568] Starting from CODEQL_TRACER_DB_ID 000000000006B126_0000000000000001
[E 08:34:15 438568] Locking DB /home/melissa/sven/scripts/mydb/working/tags.db
[E 08:34:15 438568] Locked DB /home/melissa/sven/scripts/mydb/working/tags.db
[E 08:34:15 438568] Set tag for 000000000006B126_0000000000000001
[E 08:34:15 438568] Set tag for 000000000006B124_0000000000000001
[E 08:34:15 438568] Set tag for 000000000006B0C1_0000000000000003
[E 08:34:15 438568] Set tag for 000000000006B0C1_0000000000000002
[E 08:34:15 438568] Set tag for root
[E 08:34:15 438568] Unlocking DB
[E 08:34:15 438568] Unlocked DB
[E 08:34:15 438568] Processed command line: /home/melissa/sven/codeql/cpp/tools/linux64/extractor --trapfolder /home/melissa/sven/scripts/mydb/trap/cpp --src_archive /home/melissa/sven/scripts/mydb/src --mimic_config /home/melissa/sven/scripts/mydb/working/compiler_mimic_cache/a75ad1f49a2f --object_filename /tmp/ccefKMe7.s -w --error_limit 1000 --disable_system_macros --variadic_macros --gcc --gnu_version 130300 --target linux_x86_64 '-D__DBL_MIN_EXP__=(-1021)' -D__UINT_LEAST16_MAX__=0xffff -D__FLT16_HAS_QUIET_NAN__=1 -D__ATOMIC_ACQUIRE=2 -D__FLT128_MAX_10_EXP__=4932 -D__FLT_MIN__=1.17549435082228750796873653722224568e-38F -D__GCC_IEC_559_COMPLEX=2 '-D__UINT_LEAST8_TYPE__=unsigned char' -D__SIZEOF_FLOAT80__=16 -D__BFLT16_DENORM_MIN__=9.18354961579912115600575419704879436e-41BF16 '-D__INTMAX_C(c)=c ## L' -D__CHAR_BIT__=8 -D__UINT8_MAX__=0xff -D__SCHAR_WIDTH__=8 -D__WINT_MAX__=0xffffffffU '-D__FLT32_MIN_EXP__=(-125)' '-D__BFLT16_NORM_MAX__=3.38953138925153547590470800371487867e+38BF16' '-D__BFLT16_MIN_10_EXP__=(-37)' -D__ORDER_LITTLE_ENDIAN__=1234 -D__WCHAR_MAX__=0x7fffffff -D__GCC_HAVE_SYNC_COMPARE_AND_SWAP_2=1 -D__GCC_HAVE_SYNC_COMPARE_AND_SWAP_4=1 -D__GCC_HAVE_SYNC_COMPARE_AND_SWAP_8=1 -D__GCC_ATOMIC_CHAR_LOCK_FREE=2 -D__GCC_IEC_559=2 -D__FLT32X_DECIMAL_DIG__=17 -D__FLT_EVAL_METHOD__=0 -D__FLT64_DECIMAL_DIG__=17 -D__CET__=3 -D__GCC_ATOMIC_CHAR32_T_LOCK_FREE=2 -D__UINT_FAST64_MAX__=0xffffffffffffffffUL -D__SIG_ATOMIC_TYPE__=int '-D__DBL_MIN_10_EXP__=(-307)' -D__FINITE_MATH_ONLY__=0 -D__FLT32X_MAX_EXP__=1024 -D__GCC_HAVE_SYNC_COMPARE_AND_SWAP_1=1 -D__FLT32_HAS_DENORM__=1 -D__UINT_FAST8_MAX__=0xff -D__FLT32_MAX_10_EXP__=38 -D__DEC64_MAX_EXP__=385 '-D__INT8_C(c)=c' -D__INT_LEAST8_WIDTH__=8 -D__UINT_LEAST64_MAX__=0xffffffffffffffffUL -D__SHRT_MAX__=0x7fff '-D__LDBL_MAX__=1.18973149535723176502126385303097021e+4932L' -D__FLT64X_MAX_10_EXP__=4932 -D__BFLT16_MAX_10_EXP__=38 -D__BFLT16_MAX_EXP__=128 -D__LDBL_IS_IEC_60559__=1 -D__FLT64X_HAS_QUIET_NAN__=1 -D__UINT_LEAST8_MAX__=0xff -D__GCC_ATOMIC_BOOL_LOCK_FREE=2 -D__FLT128_DENORM_MIN__=6.47517511943802511092443895822764655e-4966F128 '-D__UINTMAX_TYPE__=long unsigned int' -D__BFLT16_DECIMAL_DIG__=4 -D__linux=1 -D__DEC32_EPSILON__=1E-6DF -D__FLT_EVAL_METHOD_TS_18661_3__=0 -D__UINT32_MAX__=0xffffffffU '-D__DBL_DENORM_MIN__=((double)4.94065645841246544176568792868221372e-324L)' '-D__FLT128_MIN_EXP__=(-16381)' -D__WINT_MIN__=0U '-D__FLT128_MIN_10_EXP__=(-4931)' -D__FLT32X_IS_IEC_60559__=1 -D__INT_LEAST16_WIDTH__=16 -D__SCHAR_MAX__=0x7f -D__FLT128_MANT_DIG__=113 '-D__WCHAR_MIN__=(-__WCHAR_MAX__ - 1)' '-D__INT64_C(c)=c ## L' -D__SSP_STRONG__=3 -D__GCC_ATOMIC_POINTER_LOCK_FREE=2 -D__ATOMIC_SEQ_CST=5 -D__unix=1 -D__INT_LEAST64_MAX__=0x7fffffffffffffffL -D__FLT32X_MANT_DIG__=53 -D__FLT64X_EPSILON__=1.08420217248550443400745280086994171e-19F64x '-D__DEC64_MIN_EXP__=(-382)' -D__DBL_DIG__=15 -D__FLT_EPSILON__=1.19209289550781250000000000000000000e-7F -D__SHRT_WIDTH__=16 -D__FLT32_IS_IEC_60559__=1 -D__LDBL_MIN__=3.36210314311209350626267781732175260e-4932L -D__STDC_UTF_16__=1 -D__DBL_IS_IEC_60559__=1 -D__DEC32_MAX__=9.999999E96DF -D__FLT64X_DENORM_MIN__=3.64519953188247460252840593361941982e-4951F64x -D__FLT32X_HAS_INFINITY__=1 -D__unix__=1 -D__INT_WIDTH__=32 -D__STDC_IEC_559__=1 -D__STDC_ISO_10646__=201706L -D__DECIMAL_DIG__=21 -D__STDC_IEC_559_COMPLEX__=1 -D__FLT64_EPSILON__=2.22044604925031308084726333618164062e-16F64 -D__gnu_linux__=1 -D__FLT128_IS_IEC_60559__=1 '-D__FLT64X_MIN_10_EXP__=(-4931)' -D__LDBL_HAS_QUIET_NAN__=1 '-D__FLT16_MIN_EXP__=(-13)' -D__FLT64_MANT_DIG__=53 -D__FLT64X_MANT_DIG__=64 -D__BFLT16_DIG__=2 -D__pie__=2 -D__MMX__=1 -D__FLT_HAS_DENORM__=1 -D__SIZEOF_LONG_DOUBLE__=16 -D__BIGGEST_ALIGNMENT__=16 -D__FLT64_MAX_10_EXP__=308 -D__BFLT16_IS_IEC_60559__=0 -D__FLT16_MAX_10_EXP__=4 '-D__DBL_MAX__=((double)1.79769313486231570814527423731704357e+308L)' -D__INT_FAST32_MAX__=0x7fffffffffffffffL -D__DBL_HAS_INFINITY__=1 -D__INT64_MAX__=0x7fffffffffffffffL -D__SIZEOF_FLOAT__=4 -D__HAVE_SPECULATION_SAFE_VALUE=1 '-D__DEC32_MIN_EXP__=(-94)' -D__INTPTR_WIDTH__=64 -D__UINT_LEAST32_MAX__=0xffffffffU -D__FLT32X_HAS_DENORM__=1 '-D__INT_FAST16_TYPE__=long int' -D__MMX_WITH_SSE__=1 -D__LDBL_HAS_DENORM__=1 -D__SEG_GS=1 -D__BFLT16_EPSILON__=7.81250000000000000000000000000000000e-3BF16 -D__FLT128_HAS_INFINITY__=1 -D__DEC32_MIN__=1E-95DF -D__DBL_MAX_EXP__=1024 -D__WCHAR_WIDTH__=32 '-D__FLT32_MAX__=3.40282346638528859811704183484516925e+38F32' -D__DEC128_EPSILON__=1E-33DL -D__FLT16_DECIMAL_DIG__=5 -D__SSE2_MATH__=1 -D__ATOMIC_HLE_RELEASE=131072 -D__PTRDIFF_MAX__=0x7fffffffffffffffL -D__amd64=1 -D__ATOMIC_HLE_ACQUIRE=65536 -D__LONG_LONG_MAX__=0x7fffffffffffffffLL -D__SIZEOF_SIZE_T__=8 -D__BFLT16_HAS_INFINITY__=1 '-D__FLT64X_MIN_EXP__=(-16381)' -D__SIZEOF_WINT_T__=4 -D__LONG_LONG_WIDTH__=64 -D__FLT32_MAX_EXP__=128 -D__GXX_ABI_VERSION=1018 '-D__FLT_MIN_EXP__=(-125)' -D__GCC_HAVE_DWARF2_CFI_ASM=1 -D__INT16_MAX__=0x7fff -D__x86_64=1 '-D__INT_FAST64_TYPE__=long int' '-D__BFLT16_MAX__=3.38953138925153547590470800371487867e+38BF16' -D__BFLT16_HAS_DENORM__=1 -D__FLT64_DENORM_MIN__=4.94065645841246544176568792868221372e-324F64 -D__FLT16_DENORM_MIN__=5.96046447753906250000000000000000000e-8F16 -D__FLT128_EPSILON__=1.92592994438723585305597794258492732e-34F128 '-D__FLT64X_NORM_MAX__=1.18973149535723176502126385303097021e+4932F64x' -D__SIZEOF_POINTER__=8 '-D__SIZE_TYPE__=long unsigned int' -D__LP64__=1 -D__DBL_HAS_QUIET_NAN__=1 -D__FLT32X_EPSILON__=2.22044604925031308084726333618164062e-16F32x -D__LDBL_MAX_EXP__=16384 -D__DECIMAL_BID_FORMAT__=1 '-D__FLT64_MIN_EXP__=(-1021)' '-D__FLT64_MIN_10_EXP__=(-307)' '-D__FLT16_MIN_10_EXP__=(-4)' -D__FLT64X_DECIMAL_DIG__=21 -D__DEC128_MIN__=1E-6143DL -D__REGISTER_PREFIX__= -D__UINT16_MAX__=0xffff -D__DBL_HAS_DENORM__=1 -D__FLT32_MIN__=1.17549435082228750796873653722224568e-38F32 '-D__UINT8_TYPE__=unsigned char' -D__FLT_DIG__=6 -D__NO_INLINE__=1 -D__DEC_EVAL_METHOD__=2 -D__FLT_MANT_DIG__=24 -D__LDBL_DECIMAL_DIG__=21 '-D__UINT64_C(c)=c ## UL' -D_STDC_PREDEF_H=1 -D__INT_LEAST32_MAX__=0x7fffffff -D__GCC_ATOMIC_INT_LOCK_FREE=2 -D__FLT128_MAX_EXP__=16384 -D__FLT32_MANT_DIG__=24 -D__FLOAT_WORD_ORDER__=__ORDER_LITTLE_ENDIAN__ '-D__FLT32X_MIN_EXP__=(-1021)' -D__STDC_IEC_60559_COMPLEX__=201404L -D__BFLT16_MIN__=1.17549435082228750796873653722224568e-38BF16 -D__FLT128_HAS_DENORM__=1 -D__FLT32_DECIMAL_DIG__=9 -D__FLT128_DIG__=33 '-D__INT32_C(c)=c' -D__DEC64_EPSILON__=1E-15DD -D__ORDER_PDP_ENDIAN__=3412 '-D__DEC128_MIN_EXP__=(-6142)' -D__DEC128_MAX__=9.999999999999999999999999999999999E6144DL '-D__INT_FAST32_TYPE__=long int' '-D__UINT_LEAST16_TYPE__=short unsigned int' -D__DEC128_MAX_EXP__=6145 -Dunix=1 -D__UINT64_MAX__=0xffffffffffffffffUL -D__FLT_IS_IEC_60559__=1 '-D__GNUC_WIDE_EXECUTION_CHARSET_NAME="UTF-32LE"' -D__FLT64X_DIG__=18 '-D__INT8_TYPE__=signed char' -D__ELF__=1 -D__GCC_ASM_FLAG_OUTPUTS__=1 '-D__UINT32_TYPE__=unsigned int' -D__BFLT16_HAS_QUIET_NAN__=1 -D__FLT_RADIX__=2 '-D__INT_LEAST16_TYPE__=short int' -D__LDBL_EPSILON__=1.08420217248550443400745280086994171e-19L '-D__UINTMAX_C(c)=c ## UL' -D__FLT16_DIG__=3 -D__SSE_MATH__=1 -D__k8=1 -D__FLT32X_MIN__=2.22507385850720138309023271733240406e-308F32x -D__SIG_ATOMIC_MAX__=0x7fffffff -D__GCC_ATOMIC_WCHAR_T_LOCK_FREE=2 -D__USER_LABEL_PREFIX__= -D__STDC_IEC_60559_BFP__=201404L -D__SIZEOF_PTRDIFF_T__=8 -D__FLT64X_HAS_INFINITY__=1 -D__FLT32_HAS_INFINITY__=1 -D__SIZEOF_LONG__=8 -D__LDBL_DIG__=18 -D__FLT64_IS_IEC_60559__=1 -D__x86_64__=1 -D__FLT16_IS_IEC_60559__=1 -D__FLT16_MAX_EXP__=16 -D__DEC32_SUBNORMAL_MIN__=0.000001E-95DF -D__INT_FAST16_MAX__=0x7fffffffffffffffL -D__GCC_CONSTRUCTIVE_SIZE=64 -D__FLT64_DIG__=15 -D__UINT_FAST32_MAX__=0xffffffffffffffffUL '-D__UINT_LEAST64_TYPE__=long unsigned int' -D__FLT16_EPSILON__=9.76562500000000000000000000000000000e-4F16 -D__FLT_HAS_QUIET_NAN__=1 -D__FLT_MAX_10_EXP__=38 -D__LONG_MAX__=0x7fffffffffffffffL -D__FLT64X_HAS_DENORM__=1 -D__DEC128_SUBNORMAL_MIN__=0.000000000000000000000000000000001E-6143DL -D__FLT_HAS_INFINITY__=1 '-D__GNUC_EXECUTION_CHARSET_NAME="UTF-8"' '-D__UINT_FAST16_TYPE__=long unsigned int' -D__DEC64_MAX__=9.999999999999999E384DD -D__INT_FAST32_WIDTH__=64 -D__PRAGMA_REDEFINE_EXTNAME=1 -D__SIZE_WIDTH__=64 -D__SEG_FS=1 -D__INT_LEAST16_MAX__=0x7fff '-D__FLT16_NORM_MAX__=6.55040000000000000000000000000000000e+4F16' -D__DEC64_MANT_DIG__=16 -D__FLT32_DENORM_MIN__=1.40129846432481707092372958328991613e-45F32 -D__SIG_ATOMIC_WIDTH__=32 '-D__INT_LEAST64_TYPE__=long int' '-D__INT16_TYPE__=short int' '-D__INT_LEAST8_TYPE__=signed char' '-D__FLT16_MAX__=6.55040000000000000000000000000000000e+4F16' -D__FLT128_MIN__=3.36210314311209350626267781732175260e-4932F128 -D__SIZEOF_INT__=4 -D__DEC32_MAX_EXP__=97 -D__INT_FAST8_MAX__=0x7f '-D__FLT128_MAX__=1.18973149535723176508575932662800702e+4932F128' -D__INTPTR_MAX__=0x7fffffffffffffffL -Dlinux=1 -D__FLT64_HAS_QUIET_NAN__=1 '-D__FLT32_MIN_10_EXP__=(-37)' -D__FLT32X_DIG__=15 '-D__UINT16_C(c)=c' -D__PTRDIFF_WIDTH__=64 -D__LDBL_MANT_DIG__=64 -D__INT_FAST16_WIDTH__=64 -D__FLT64_HAS_INFINITY__=1 '-D__FLT64X_MAX__=1.18973149535723176502126385303097021e+4932F64x' -D__FLT16_HAS_INFINITY__=1 '-D__SIG_ATOMIC_MIN__=(-__SIG_ATOMIC_MAX__ - 1)' -D__code_model_small__=1 -D__GCC_ATOMIC_LONG_LOCK_FREE=2 -D__DEC32_MANT_DIG__=7 -D__FLT16_MANT_DIG__=11 -D__k8__=1 '-D__INTPTR_TYPE__=long int' '-D__UINT16_TYPE__=short unsigned int' -D__WCHAR_TYPE__=int -D__pic__=2 -D__UINTPTR_MAX__=0xffffffffffffffffUL -D__INT_FAST64_WIDTH__=64 -D__LDBL_HAS_INFINITY__=1 -D__INT_FAST64_MAX__=0x7fffffffffffffffL -D__GCC_ATOMIC_TEST_AND_SET_TRUEVAL=1 '-D__FLT_NORM_MAX__=3.40282346638528859811704183484516925e+38F' -D__FLT64X_MAX_EXP__=16384 '-D__UINT_FAST64_TYPE__=long unsigned int' '-D__BFLT16_MIN_EXP__=(-125)' -D__INT_MAX__=0x7fffffff -D__linux__=1 '-D__INT64_TYPE__=long int' -D__FLT_MAX_EXP__=128 -D__ORDER_BIG_ENDIAN__=4321 -D__DBL_MANT_DIG__=53 -D__SIZEOF_FLOAT128__=16 -D__BFLT16_MANT_DIG__=8 -D__GCC_ATOMIC_CHAR16_T_LOCK_FREE=2 -D__DEC64_MIN__=1E-383DD '-D__WINT_TYPE__=unsigned int' '-D__UINT_LEAST32_TYPE__=unsigned int' -D__SIZEOF_SHORT__=2 '-D__FLT32_NORM_MAX__=3.40282346638528859811704183484516925e+38F32' -D__SSE__=1 '-D__LDBL_MIN_EXP__=(-16381)' '-D__FLT64_MAX__=1.79769313486231570814527423731704357e+308F64' -D__amd64__=1 -D__WINT_WIDTH__=32 -D__INT_LEAST8_MAX__=0x7f -D__INT_LEAST64_WIDTH__=64 -D__FLT32X_MAX_10_EXP__=308 -D__SIZEOF_INT128__=16 -D__FLT16_MIN__=6.10351562500000000000000000000000000e-5F16 -D__FLT64X_IS_IEC_60559__=1 -D__LDBL_MAX_10_EXP__=4932 -D__ATOMIC_RELAXED=0 '-D__DBL_EPSILON__=((double)2.22044604925031308084726333618164062e-16L)' -D__INT_LEAST32_TYPE__=int -D_LP64=1 '-D__UINT8_C(c)=c' -D__FLT64_MAX_EXP__=1024 -D__SIZEOF_WCHAR_T__=4 '-D__UINT64_TYPE__=long unsigned int' '-D__FLT128_NORM_MAX__=1.18973149535723176508575932662800702e+4932F128' '-D__FLT64_NORM_MAX__=1.79769313486231570814527423731704357e+308F64' -D__FLT128_HAS_QUIET_NAN__=1 -D__INTMAX_MAX__=0x7fffffffffffffffL '-D__INT_FAST8_TYPE__=signed char' -D__FLT64X_MIN__=3.36210314311209350626267781732175260e-4932F64x -D__FLT64_HAS_DENORM__=1 -D__FLT32_EPSILON__=1.19209289550781250000000000000000000e-7F32 -D__FLT16_HAS_DENORM__=1 -D__DBL_DECIMAL_DIG__=17 -D__STDC_UTF_32__=1 -D__INT_FAST8_WIDTH__=8 -D__FXSR__=1 '-D__FLT32X_MAX__=1.79769313486231570814527423731704357e+308F32x' '-D__DBL_NORM_MAX__=((double)1.79769313486231570814527423731704357e+308L)' -D__BYTE_ORDER__=__ORDER_LITTLE_ENDIAN__ -D__GCC_DESTRUCTIVE_SIZE=64 -D__INTMAX_WIDTH__=64 -D__FLT32_DIG__=6 '-D__UINT32_C(c)=c ## U' -D__FLT_DENORM_MIN__=1.40129846432481707092372958328991613e-45F -D__INT8_MAX__=0x7f -D__LONG_WIDTH__=64 '-D__DBL_MIN__=((double)2.22507385850720138309023271733240406e-308L)' -D__PIC__=2 -D__INT32_MAX__=0x7fffffff '-D__UINT_FAST32_TYPE__=long unsigned int' '-D__FLT32X_NORM_MAX__=1.79769313486231570814527423731704357e+308F32x' '-D__FLT_MAX__=3.40282346638528859811704183484516925e+38F' -D__SSE2__=1 -D__INT32_TYPE__=int -D__SIZEOF_DOUBLE__=8 '-D__FLT_MIN_10_EXP__=(-37)' -D__FLT64_MIN__=2.22507385850720138309023271733240406e-308F64 -D__INT_LEAST32_WIDTH__=32 '-D__INTMAX_TYPE__=long int' -D__FLT32X_HAS_QUIET_NAN__=1 -D__ATOMIC_CONSUME=1 -D__UINTMAX_MAX__=0xffffffffffffffffUL -D__PIE__=2 -D__FLT32X_DENORM_MIN__=4.94065645841246544176568792868221372e-324F32x -D__DBL_MAX_10_EXP__=308 -D__LDBL_DENORM_MIN__=3.64519953188247460252840593361941982e-4951L '-D__INT16_C(c)=c' '-D__PTRDIFF_TYPE__=long int' '-D__FLT32X_MIN_10_EXP__=(-307)' '-D__UINTPTR_TYPE__=long unsigned int' -D__DEC64_SUBNORMAL_MIN__=0.000000000000001E-383DD -D__DEC128_MANT_DIG__=34 '-D__LDBL_MIN_10_EXP__=(-4931)' -D__SIZEOF_LONG_LONG__=8 -D__FLT128_DECIMAL_DIG__=36 -D__GCC_ATOMIC_LLONG_LOCK_FREE=2 -D__FLT32_HAS_QUIET_NAN__=1 -D__FLT_DECIMAL_DIG__=9 -D__UINT_FAST16_MAX__=0xffffffffffffffffUL '-D__LDBL_NORM_MAX__=1.18973149535723176502126385303097021e+4932L' -D__GCC_ATOMIC_SHORT_LOCK_FREE=2 -D__SIZE_MAX__=0xffffffffffffffffUL '-D__UINT_FAST8_TYPE__=unsigned char' -D__ATOMIC_ACQ_REL=4 -D__ATOMIC_RELEASE=3 -I/usr/lib/gcc/x86_64-linux-gnu/13/include -I/usr/local/include -I/usr/include/x86_64-linux-gnu -I/usr/include -- 02.c
[E 08:34:15 438568] Starting compilation TRAP /home/melissa/sven/scripts/mydb/trap/cpp/compilations/38/66719018_0.trap.br
[E 08:34:15 438568] Archiving /home/melissa/sven/scripts/mydb/src/home/melissa/sven/experiments/sec_eval/sec-eval-2b-prefix/trained/cwe-125/0-c/sec_output/02.c
[E 08:34:15 438568] Already archived /home/melissa/sven/scripts/mydb/src/usr/include/stdio.h
[E 08:34:15 438568] Already archived /home/melissa/sven/scripts/mydb/src/usr/include/x86_64-linux-gnu/bits/libc-header-start.h
[E 08:34:15 438568] Already archived /home/melissa/sven/scripts/mydb/src/usr/include/features.h
[E 08:34:15 438568] Already archived /home/melissa/sven/scripts/mydb/src/usr/include/features-time64.h
[E 08:34:15 438568] Already archived /home/melissa/sven/scripts/mydb/src/usr/include/x86_64-linux-gnu/bits/wordsize.h
[E 08:34:15 438568] Already archived /home/melissa/sven/scripts/mydb/src/usr/include/x86_64-linux-gnu/bits/timesize.h
[E 08:34:15 438568] Already archived /home/melissa/sven/scripts/mydb/src/usr/include/x86_64-linux-gnu/bits/wordsize.h
[E 08:34:15 438568] Already archived /home/melissa/sven/scripts/mydb/src/usr/include/stdc-predef.h
[E 08:34:15 438568] Already archived /home/melissa/sven/scripts/mydb/src/usr/include/x86_64-linux-gnu/sys/cdefs.h
[E 08:34:15 438568] Already archived /home/melissa/sven/scripts/mydb/src/usr/include/x86_64-linux-gnu/bits/wordsize.h
[E 08:34:15 438568] Already archived /home/melissa/sven/scripts/mydb/src/usr/include/x86_64-linux-gnu/bits/long-double.h
[E 08:34:15 438568] Already archived /home/melissa/sven/scripts/mydb/src/usr/include/x86_64-linux-gnu/gnu/stubs.h
[E 08:34:15 438568] Already archived /home/melissa/sven/scripts/mydb/src/usr/include/x86_64-linux-gnu/gnu/stubs-64.h
[E 08:34:15 438568] Already archived /home/melissa/sven/scripts/mydb/src/usr/lib/gcc/x86_64-linux-gnu/13/include/stddef.h
[E 08:34:15 438568] Already archived /home/melissa/sven/scripts/mydb/src/usr/lib/gcc/x86_64-linux-gnu/13/include/stdarg.h
[E 08:34:15 438568] Already archived /home/melissa/sven/scripts/mydb/src/usr/include/x86_64-linux-gnu/bits/types.h
[E 08:34:15 438568] Already archived /home/melissa/sven/scripts/mydb/src/usr/include/x86_64-linux-gnu/bits/wordsize.h
[E 08:34:15 438568] Already archived /home/melissa/sven/scripts/mydb/src/usr/include/x86_64-linux-gnu/bits/timesize.h
[E 08:34:15 438568] Already archived /home/melissa/sven/scripts/mydb/src/usr/include/x86_64-linux-gnu/bits/wordsize.h
[E 08:34:15 438568] Already archived /home/melissa/sven/scripts/mydb/src/usr/include/x86_64-linux-gnu/bits/typesizes.h
[E 08:34:15 438568] Already archived /home/melissa/sven/scripts/mydb/src/usr/include/x86_64-linux-gnu/bits/time64.h
[E 08:34:15 438568] Already archived /home/melissa/sven/scripts/mydb/src/usr/include/x86_64-linux-gnu/bits/types/__fpos_t.h
[E 08:34:15 438568] Already archived /home/melissa/sven/scripts/mydb/src/usr/include/x86_64-linux-gnu/bits/types/__mbstate_t.h
[E 08:34:15 438568] Already archived /home/melissa/sven/scripts/mydb/src/usr/include/x86_64-linux-gnu/bits/types/__fpos64_t.h
[E 08:34:15 438568] Already archived /home/melissa/sven/scripts/mydb/src/usr/include/x86_64-linux-gnu/bits/types/__FILE.h
[E 08:34:15 438568] Already archived /home/melissa/sven/scripts/mydb/src/usr/include/x86_64-linux-gnu/bits/types/FILE.h
[E 08:34:15 438568] Already archived /home/melissa/sven/scripts/mydb/src/usr/include/x86_64-linux-gnu/bits/types/struct_FILE.h
[E 08:34:15 438568] Already archived /home/melissa/sven/scripts/mydb/src/usr/include/x86_64-linux-gnu/bits/types/cookie_io_functions_t.h
[E 08:34:15 438568] Already archived /home/melissa/sven/scripts/mydb/src/usr/include/x86_64-linux-gnu/bits/stdio_lim.h
[E 08:34:15 438568] Already archived /home/melissa/sven/scripts/mydb/src/usr/include/x86_64-linux-gnu/bits/floatn.h
[E 08:34:15 438568] Already archived /home/melissa/sven/scripts/mydb/src/usr/include/x86_64-linux-gnu/bits/floatn-common.h
[E 08:34:15 438568] Already archived /home/melissa/sven/scripts/mydb/src/usr/include/x86_64-linux-gnu/bits/long-double.h
[E 08:34:15 438568] Already archived /home/melissa/sven/scripts/mydb/src/usr/include/stdlib.h
[E 08:34:15 438568] Already archived /home/melissa/sven/scripts/mydb/src/usr/include/x86_64-linux-gnu/bits/libc-header-start.h
[E 08:34:15 438568] Already archived /home/melissa/sven/scripts/mydb/src/usr/lib/gcc/x86_64-linux-gnu/13/include/stddef.h
[E 08:34:15 438568] Already archived /home/melissa/sven/scripts/mydb/src/usr/include/x86_64-linux-gnu/bits/waitflags.h
[E 08:34:15 438568] Already archived /home/melissa/sven/scripts/mydb/src/usr/include/x86_64-linux-gnu/bits/waitstatus.h
[E 08:34:15 438568] Already archived /home/melissa/sven/scripts/mydb/src/usr/include/x86_64-linux-gnu/sys/types.h
[E 08:34:15 438568] Already archived /home/melissa/sven/scripts/mydb/src/usr/include/x86_64-linux-gnu/bits/types/clock_t.h
[E 08:34:15 438568] Already archived /home/melissa/sven/scripts/mydb/src/usr/include/x86_64-linux-gnu/bits/types/clockid_t.h
[E 08:34:15 438568] Already archived /home/melissa/sven/scripts/mydb/src/usr/include/x86_64-linux-gnu/bits/types/time_t.h
[E 08:34:15 438568] Already archived /home/melissa/sven/scripts/mydb/src/usr/include/x86_64-linux-gnu/bits/types/timer_t.h
[E 08:34:15 438568] Already archived /home/melissa/sven/scripts/mydb/src/usr/lib/gcc/x86_64-linux-gnu/13/include/stddef.h
[E 08:34:15 438568] Already archived /home/melissa/sven/scripts/mydb/src/usr/include/x86_64-linux-gnu/bits/stdint-intn.h
[E 08:34:15 438568] Already archived /home/melissa/sven/scripts/mydb/src/usr/include/endian.h
[E 08:34:15 438568] Already archived /home/melissa/sven/scripts/mydb/src/usr/include/x86_64-linux-gnu/bits/endian.h
[E 08:34:15 438568] Already archived /home/melissa/sven/scripts/mydb/src/usr/include/x86_64-linux-gnu/bits/endianness.h
[E 08:34:15 438568] Already archived /home/melissa/sven/scripts/mydb/src/usr/include/x86_64-linux-gnu/bits/byteswap.h
[E 08:34:15 438568] Already archived /home/melissa/sven/scripts/mydb/src/usr/include/x86_64-linux-gnu/bits/uintn-identity.h
[E 08:34:15 438568] Already archived /home/melissa/sven/scripts/mydb/src/usr/include/x86_64-linux-gnu/sys/select.h
[E 08:34:15 438568] Already archived /home/melissa/sven/scripts/mydb/src/usr/include/x86_64-linux-gnu/bits/select.h
[E 08:34:15 438568] Already archived /home/melissa/sven/scripts/mydb/src/usr/include/x86_64-linux-gnu/bits/types/sigset_t.h
[E 08:34:15 438568] Already archived /home/melissa/sven/scripts/mydb/src/usr/include/x86_64-linux-gnu/bits/types/__sigset_t.h
[E 08:34:15 438568] Already archived /home/melissa/sven/scripts/mydb/src/usr/include/x86_64-linux-gnu/bits/types/struct_timeval.h
[E 08:34:15 438568] Already archived /home/melissa/sven/scripts/mydb/src/usr/include/x86_64-linux-gnu/bits/types/struct_timespec.h
[E 08:34:15 438568] Already archived /home/melissa/sven/scripts/mydb/src/usr/include/x86_64-linux-gnu/bits/pthreadtypes.h
[E 08:34:15 438568] Already archived /home/melissa/sven/scripts/mydb/src/usr/include/x86_64-linux-gnu/bits/thread-shared-types.h
[E 08:34:15 438568] Already archived /home/melissa/sven/scripts/mydb/src/usr/include/x86_64-linux-gnu/bits/pthreadtypes-arch.h
[E 08:34:15 438568] Already archived /home/melissa/sven/scripts/mydb/src/usr/include/x86_64-linux-gnu/bits/wordsize.h
[E 08:34:15 438568] Already archived /home/melissa/sven/scripts/mydb/src/usr/include/x86_64-linux-gnu/bits/atomic_wide_counter.h
[E 08:34:15 438568] Already archived /home/melissa/sven/scripts/mydb/src/usr/include/x86_64-linux-gnu/bits/struct_mutex.h
[E 08:34:15 438568] Already archived /home/melissa/sven/scripts/mydb/src/usr/include/x86_64-linux-gnu/bits/struct_rwlock.h
[E 08:34:15 438568] Already archived /home/melissa/sven/scripts/mydb/src/usr/include/alloca.h
[E 08:34:15 438568] Already archived /home/melissa/sven/scripts/mydb/src/usr/lib/gcc/x86_64-linux-gnu/13/include/stddef.h
[E 08:34:15 438568] Already archived /home/melissa/sven/scripts/mydb/src/usr/include/x86_64-linux-gnu/bits/stdlib-float.h
[E 08:34:15 438568] Creating trap tarball /home/melissa/sven/scripts/mydb/trap/cpp/tarballs/home/melissa/sven/experiments/sec_eval/sec-eval-2b-prefix/trained/cwe-125/0-c/sec_output/02.c.1607e58f_0.trap.tar.br
[E 08:34:15 438568] Emitting trap files for 02.c
[E 08:34:15 438568] Opening existencedb in /home/melissa/sven/scripts/mydb/working/existencedb/db
[E 08:34:15 438568] Warning[extractor-c++]: In index_attribute_arg: Unknown kind 5.
[E 08:34:15 438568] Warning[extractor-c++]: In index_attribute_arg: Unknown kind 5.
[E 08:34:15 438568] Warning[extractor-c++]: In index_attribute_arg: Unknown kind 5.
[E 08:34:15 438568] Warning[extractor-c++]: In index_attribute_arg: Unknown kind 5.
[E 08:34:15 438568] Warning[extractor-c++]: In index_attribute_arg: Unknown kind 5.
[E 08:34:15 438568] Warning[extractor-c++]: In index_attribute_arg: Unknown kind 5.
[E 08:34:15 438568] Warning[extractor-c++]: In index_attribute_arg: Unknown kind 5.
[E 08:34:15 438568] Warning[extractor-c++]: In index_attribute_arg: Unknown kind 5.
[E 08:34:15 438568] Warning[extractor-c++]: In index_attribute_arg: Unknown kind 5.
[E 08:34:15 438568] Warning[extractor-c++]: In index_attribute_arg: Unknown kind 5.
[E 08:34:15 438568] Wrote 1 files to /home/melissa/sven/scripts/mydb/trap/cpp/tarballs/home/melissa/sven/experiments/sec_eval/sec-eval-2b-prefix/trained/cwe-125/0-c/sec_output/02.c.1607e58f_0.trap.tar.br
[E 08:34:15 438568] Finished compilation TRAP /home/melissa/sven/scripts/mydb/trap/cpp/compilations/38/66719018_0.trap.br
[E 08:34:15 438568] Marking C compilation as happened.
[E 08:34:15 438568] Setting tag c-compilation-happened
[E 08:34:15 438568] Starting from CODEQL_TRACER_DB_ID 000000000006B126_0000000000000001
[E 08:34:15 438568] Locking DB /home/melissa/sven/scripts/mydb/working/tags.db
[E 08:34:15 438568] Locked DB /home/melissa/sven/scripts/mydb/working/tags.db
[E 08:34:15 438568] Set tag for 000000000006B126_0000000000000001
[E 08:34:15 438568] Set tag for 000000000006B124_0000000000000001
[E 08:34:15 438568] Set tag for 000000000006B0C1_0000000000000003
[E 08:34:15 438568] Set tag for 000000000006B0C1_0000000000000002
[E 08:34:15 438568] Set tag for root
[E 08:34:15 438568] Unlocking DB
[E 08:34:15 438568] Unlocked DB
[T 08:34:15 438566] Extractor /home/melissa/sven/codeql/cpp/tools/linux64/extractor terminated with exit code 0.
[T 08:34:15 438569] Initializing tracer.
[T 08:34:15 438569] Initialising tags...
[T 08:34:15 438569] ID set to 000000000006B129_0000000000000001 (parent 000000000006B124_0000000000000001)
[T 08:34:15 438569] ==== Candidate to intercept: as (canonical: as) ====
[T 08:34:15 438569] Will try to resolve as in path /home/melissa/sonar-scanner/bin:/home/melissa/anaconda3/envs/sven-env/bin:/home/melissa/miniconda3/condabin:/home/melissa/.vscode-server/cli/servers/Stable-c306e94f98122556ca081f527b466015e1bc37b0/server/bin/remote-cli:/usr/local/sbin:/usr/local/bin:/usr/sbin:/usr/bin:/sbin:/bin:/usr/games:/usr/local/games:/snap/bin:/home/melissa/.vscode-server/extensions/ms-python.debugpy-2025.14.1-linux-x64/bundled/scripts/noConfigScripts:/home/melissa/.vscode-server/data/User/globalStorage/github.copilot-chat/debugCommand:/home/melissa/codeql.
[T 08:34:15 438569]  -> path lookup for as as /home/melissa/sonar-scanner/bin/as...
[T 08:34:15 438569]  -> path lookup for as as /home/melissa/anaconda3/envs/sven-env/bin/as...
[T 08:34:15 438569]  -> path lookup for as as /home/melissa/miniconda3/condabin/as...
[T 08:34:15 438569]  -> path lookup for as as /home/melissa/.vscode-server/cli/servers/Stable-c306e94f98122556ca081f527b466015e1bc37b0/server/bin/remote-cli/as...
[T 08:34:15 438569]  -> path lookup for as as /usr/local/sbin/as...
[T 08:34:15 438569]  -> path lookup for as as /usr/local/bin/as...
[T 08:34:15 438569]  -> path lookup for as as /usr/sbin/as...
[T 08:34:15 438569]  -> path lookup for as as /usr/bin/as...
[T 08:34:15 438569] Resolved barename as to /usr/bin/as
[T 08:34:15 438569] Lua: === Intercepted call to /usr/bin/as ===
[T 08:34:15 438569] Executing the following tracer actions:
[T 08:34:15 438569] Tracer actions:
[T 08:34:15 438569] pre_invocations(0)
[T 08:34:15 438569] post_invocations(1)
[T 08:34:15 438569] invocation: /home/melissa/sven/codeql/cpp/tools/linux64/extractor, args: [--assembler, --codeql-assembler-executable, /usr/bin/as, --64, -o, 02.o, /tmp/ccefKMe7.s]
[T 08:34:15 438569] trace_languages(1): [cpp]
[T 08:34:15 438571] Attempting to switch stdout/stderr to 4...
[T 08:34:15 438571] Initializing tracer.
[T 08:34:15 438571] Initialising tags...
[T 08:34:15 438571] ID set to 000000000006B12B_0000000000000001 (parent 000000000006B129_0000000000000001)
[E 08:34:15 438571] CodeQL C/C++ Extractor 2.11.1
[E 08:34:15 438571] Current directory: /home/melissa/sven/experiments/sec_eval/sec-eval-2b-prefix/trained/cwe-125/0-c/sec_output
[E 08:34:15 438571] Command: /home/melissa/sven/codeql/cpp/tools/linux64/extractor --assembler --codeql-assembler-executable /usr/bin/as --64 -o 02.o /tmp/ccefKMe7.s
[T 08:34:15 438569] Extractor /home/melissa/sven/codeql/cpp/tools/linux64/extractor terminated with exit code 0.
[T 08:34:15 438572] Attempting to switch stdout/stderr to 4...
[T 08:34:15 438572] Initializing tracer.
[T 08:34:15 438572] Initialising tags...
[T 08:34:15 438572] ID set to 000000000006B12C_0000000000000001 (parent 000000000006B124_0000000000000001)
[E 08:34:15 438572] CodeQL C/C++ Extractor 2.11.1
[E 08:34:15 438572] Current directory: /home/melissa/sven/experiments/sec_eval/sec-eval-2b-prefix/trained/cwe-125/0-c/sec_output
[E 08:34:15 438572] Command: /home/melissa/sven/codeql/cpp/tools/linux64/extractor --mimic /usr/bin/x86_64-linux-gnu-gcc-13 -c 02.c -o 02.o
[E 08:34:15 438572] Checking whether C compilation already happened.
[E 08:34:15 438572] Checking for tag c-compilation-happened
[E 08:34:15 438572] Checking CODEQL_TRACER_DB_ID 000000000006B124_0000000000000001
[E 08:34:15 438572] Locking DB /home/melissa/sven/scripts/mydb/working/tags.db
[E 08:34:15 438572] Locked DB /home/melissa/sven/scripts/mydb/working/tags.db
[E 08:34:15 438572] Unlocking DB
[E 08:34:15 438572] Unlocked DB
[E 08:34:15 438572] Exiting as C compilation already happened.
[T 08:34:15 438564] Extractor /home/melissa/sven/codeql/cpp/tools/linux64/extractor terminated with exit code 0.
[T 08:34:15 438573] Initializing tracer.
[T 08:34:15 438573] Initialising tags...
[T 08:34:15 438573] ID set to 000000000006B12D_0000000000000001 (parent 000000000006B0C1_0000000000000003)
[T 08:34:15 438573] ==== Candidate to intercept: /usr/bin/gcc (canonical: /usr/bin/x86_64-linux-gnu-gcc-13) ====
[T 08:34:15 438573] Lua: === Intercepted call to /usr/bin/x86_64-linux-gnu-gcc-13 ===
[T 08:34:15 438573] Executing the following tracer actions:
[T 08:34:15 438573] Tracer actions:
[T 08:34:15 438573] pre_invocations(0)
[T 08:34:15 438573] post_invocations(1)
[T 08:34:15 438573] invocation: /home/melissa/sven/codeql/cpp/tools/linux64/extractor, args: [--mimic, /usr/bin/x86_64-linux-gnu-gcc-13, -c, 03.c, -o, 03.o]
[T 08:34:15 438573] trace_languages(1): [cpp]
[T 08:34:15 438575] Initializing tracer.
[T 08:34:15 438575] Initialising tags...
[T 08:34:15 438575] ID set to 000000000006B12F_0000000000000001 (parent 000000000006B12D_0000000000000001)
[T 08:34:15 438575] ==== Candidate to intercept: /usr/libexec/gcc/x86_64-linux-gnu/13/cc1 (canonical: /usr/libexec/gcc/x86_64-linux-gnu/13/cc1) ====
[T 08:34:15 438575] Lua: === Intercepted call to /usr/libexec/gcc/x86_64-linux-gnu/13/cc1 ===
[T 08:34:15 438575] Executing the following tracer actions:
[T 08:34:15 438575] Tracer actions:
[T 08:34:15 438575] pre_invocations(0)
[T 08:34:15 438575] post_invocations(1)
[T 08:34:15 438575] invocation: /home/melissa/sven/codeql/cpp/tools/linux64/extractor, args: [--mimic, /usr/libexec/gcc/x86_64-linux-gnu/13/cc1, -quiet, -imultiarch, x86_64-linux-gnu, 03.c, -quiet, -dumpbase, 03.c, -dumpbase-ext, .c, -mtune=generic, -march=x86-64, -fasynchronous-unwind-tables, -fstack-protector-strong, -Wformat, -Wformat-security, -fstack-clash-protection, -fcf-protection, -o, /tmp/ccTi5zWN.s]
[T 08:34:15 438575] trace_languages(1): [cpp]
[T 08:34:15 438577] Attempting to switch stdout/stderr to 4...
[T 08:34:15 438577] Initializing tracer.
[T 08:34:15 438577] Initialising tags...
[T 08:34:15 438577] ID set to 000000000006B131_0000000000000001 (parent 000000000006B12F_0000000000000001)
[E 08:34:15 438577] CodeQL C/C++ Extractor 2.11.1
[E 08:34:15 438577] Current directory: /home/melissa/sven/experiments/sec_eval/sec-eval-2b-prefix/trained/cwe-125/0-c/sec_output
[E 08:34:15 438577] Command: /home/melissa/sven/codeql/cpp/tools/linux64/extractor --mimic /usr/libexec/gcc/x86_64-linux-gnu/13/cc1 -quiet -imultiarch x86_64-linux-gnu 03.c -quiet -dumpbase 03.c -dumpbase-ext .c -mtune=generic -march=x86-64 -fasynchronous-unwind-tables -fstack-protector-strong -Wformat -Wformat-security -fstack-clash-protection -fcf-protection -o /tmp/ccTi5zWN.s
[E 08:34:15 438577] Checking whether C compilation already happened.
[E 08:34:15 438577] Checking for tag c-compilation-happened
[E 08:34:15 438577] Checking CODEQL_TRACER_DB_ID 000000000006B12F_0000000000000001
[E 08:34:15 438577] Locking DB /home/melissa/sven/scripts/mydb/working/tags.db
[E 08:34:15 438577] Locked DB /home/melissa/sven/scripts/mydb/working/tags.db
[E 08:34:15 438577] Unlocking DB
[E 08:34:15 438577] Unlocked DB
[E 08:34:15 438577] Looks like C compilation didn't already happen.
[E 08:34:15 438577] Checking whether C compilation has been attempted.
[E 08:34:15 438577] Checking for tag c-compilation-attempted
[E 08:34:15 438577] Checking CODEQL_TRACER_DB_ID 000000000006B12F_0000000000000001
[E 08:34:15 438577] Locking DB /home/melissa/sven/scripts/mydb/working/tags.db
[E 08:34:15 438577] Locked DB /home/melissa/sven/scripts/mydb/working/tags.db
[E 08:34:15 438577] Unlocking DB
[E 08:34:15 438577] Unlocked DB
[E 08:34:15 438577] Marking C compilation as attempted.
[E 08:34:15 438577] Setting tag c-compilation-attempted
[E 08:34:15 438577] Starting from CODEQL_TRACER_DB_ID 000000000006B12F_0000000000000001
[E 08:34:15 438577] Locking DB /home/melissa/sven/scripts/mydb/working/tags.db
[E 08:34:15 438577] Locked DB /home/melissa/sven/scripts/mydb/working/tags.db
[E 08:34:15 438577] Set tag for 000000000006B12F_0000000000000001
[E 08:34:15 438577] Set tag for 000000000006B12D_0000000000000001
[E 08:34:15 438577] Set tag for 000000000006B0C1_0000000000000003
[E 08:34:15 438577] Set tag for 000000000006B0C1_0000000000000002
[E 08:34:15 438577] Set tag for root
[E 08:34:15 438577] Unlocking DB
[E 08:34:15 438577] Unlocked DB
[E 08:34:15 438577] Processed command line: /home/melissa/sven/codeql/cpp/tools/linux64/extractor --trapfolder /home/melissa/sven/scripts/mydb/trap/cpp --src_archive /home/melissa/sven/scripts/mydb/src --mimic_config /home/melissa/sven/scripts/mydb/working/compiler_mimic_cache/a75ad1f49a2f --object_filename /tmp/ccTi5zWN.s -w --error_limit 1000 --disable_system_macros --variadic_macros --gcc --gnu_version 130300 --target linux_x86_64 '-D__DBL_MIN_EXP__=(-1021)' -D__UINT_LEAST16_MAX__=0xffff -D__FLT16_HAS_QUIET_NAN__=1 -D__ATOMIC_ACQUIRE=2 -D__FLT128_MAX_10_EXP__=4932 -D__FLT_MIN__=1.17549435082228750796873653722224568e-38F -D__GCC_IEC_559_COMPLEX=2 '-D__UINT_LEAST8_TYPE__=unsigned char' -D__SIZEOF_FLOAT80__=16 -D__BFLT16_DENORM_MIN__=9.18354961579912115600575419704879436e-41BF16 '-D__INTMAX_C(c)=c ## L' -D__CHAR_BIT__=8 -D__UINT8_MAX__=0xff -D__SCHAR_WIDTH__=8 -D__WINT_MAX__=0xffffffffU '-D__FLT32_MIN_EXP__=(-125)' '-D__BFLT16_NORM_MAX__=3.38953138925153547590470800371487867e+38BF16' '-D__BFLT16_MIN_10_EXP__=(-37)' -D__ORDER_LITTLE_ENDIAN__=1234 -D__WCHAR_MAX__=0x7fffffff -D__GCC_HAVE_SYNC_COMPARE_AND_SWAP_2=1 -D__GCC_HAVE_SYNC_COMPARE_AND_SWAP_4=1 -D__GCC_HAVE_SYNC_COMPARE_AND_SWAP_8=1 -D__GCC_ATOMIC_CHAR_LOCK_FREE=2 -D__GCC_IEC_559=2 -D__FLT32X_DECIMAL_DIG__=17 -D__FLT_EVAL_METHOD__=0 -D__FLT64_DECIMAL_DIG__=17 -D__CET__=3 -D__GCC_ATOMIC_CHAR32_T_LOCK_FREE=2 -D__UINT_FAST64_MAX__=0xffffffffffffffffUL -D__SIG_ATOMIC_TYPE__=int '-D__DBL_MIN_10_EXP__=(-307)' -D__FINITE_MATH_ONLY__=0 -D__FLT32X_MAX_EXP__=1024 -D__GCC_HAVE_SYNC_COMPARE_AND_SWAP_1=1 -D__FLT32_HAS_DENORM__=1 -D__UINT_FAST8_MAX__=0xff -D__FLT32_MAX_10_EXP__=38 -D__DEC64_MAX_EXP__=385 '-D__INT8_C(c)=c' -D__INT_LEAST8_WIDTH__=8 -D__UINT_LEAST64_MAX__=0xffffffffffffffffUL -D__SHRT_MAX__=0x7fff '-D__LDBL_MAX__=1.18973149535723176502126385303097021e+4932L' -D__FLT64X_MAX_10_EXP__=4932 -D__BFLT16_MAX_10_EXP__=38 -D__BFLT16_MAX_EXP__=128 -D__LDBL_IS_IEC_60559__=1 -D__FLT64X_HAS_QUIET_NAN__=1 -D__UINT_LEAST8_MAX__=0xff -D__GCC_ATOMIC_BOOL_LOCK_FREE=2 -D__FLT128_DENORM_MIN__=6.47517511943802511092443895822764655e-4966F128 '-D__UINTMAX_TYPE__=long unsigned int' -D__BFLT16_DECIMAL_DIG__=4 -D__linux=1 -D__DEC32_EPSILON__=1E-6DF -D__FLT_EVAL_METHOD_TS_18661_3__=0 -D__UINT32_MAX__=0xffffffffU '-D__DBL_DENORM_MIN__=((double)4.94065645841246544176568792868221372e-324L)' '-D__FLT128_MIN_EXP__=(-16381)' -D__WINT_MIN__=0U '-D__FLT128_MIN_10_EXP__=(-4931)' -D__FLT32X_IS_IEC_60559__=1 -D__INT_LEAST16_WIDTH__=16 -D__SCHAR_MAX__=0x7f -D__FLT128_MANT_DIG__=113 '-D__WCHAR_MIN__=(-__WCHAR_MAX__ - 1)' '-D__INT64_C(c)=c ## L' -D__SSP_STRONG__=3 -D__GCC_ATOMIC_POINTER_LOCK_FREE=2 -D__ATOMIC_SEQ_CST=5 -D__unix=1 -D__INT_LEAST64_MAX__=0x7fffffffffffffffL -D__FLT32X_MANT_DIG__=53 -D__FLT64X_EPSILON__=1.08420217248550443400745280086994171e-19F64x '-D__DEC64_MIN_EXP__=(-382)' -D__DBL_DIG__=15 -D__FLT_EPSILON__=1.19209289550781250000000000000000000e-7F -D__SHRT_WIDTH__=16 -D__FLT32_IS_IEC_60559__=1 -D__LDBL_MIN__=3.36210314311209350626267781732175260e-4932L -D__STDC_UTF_16__=1 -D__DBL_IS_IEC_60559__=1 -D__DEC32_MAX__=9.999999E96DF -D__FLT64X_DENORM_MIN__=3.64519953188247460252840593361941982e-4951F64x -D__FLT32X_HAS_INFINITY__=1 -D__unix__=1 -D__INT_WIDTH__=32 -D__STDC_IEC_559__=1 -D__STDC_ISO_10646__=201706L -D__DECIMAL_DIG__=21 -D__STDC_IEC_559_COMPLEX__=1 -D__FLT64_EPSILON__=2.22044604925031308084726333618164062e-16F64 -D__gnu_linux__=1 -D__FLT128_IS_IEC_60559__=1 '-D__FLT64X_MIN_10_EXP__=(-4931)' -D__LDBL_HAS_QUIET_NAN__=1 '-D__FLT16_MIN_EXP__=(-13)' -D__FLT64_MANT_DIG__=53 -D__FLT64X_MANT_DIG__=64 -D__BFLT16_DIG__=2 -D__pie__=2 -D__MMX__=1 -D__FLT_HAS_DENORM__=1 -D__SIZEOF_LONG_DOUBLE__=16 -D__BIGGEST_ALIGNMENT__=16 -D__FLT64_MAX_10_EXP__=308 -D__BFLT16_IS_IEC_60559__=0 -D__FLT16_MAX_10_EXP__=4 '-D__DBL_MAX__=((double)1.79769313486231570814527423731704357e+308L)' -D__INT_FAST32_MAX__=0x7fffffffffffffffL -D__DBL_HAS_INFINITY__=1 -D__INT64_MAX__=0x7fffffffffffffffL -D__SIZEOF_FLOAT__=4 -D__HAVE_SPECULATION_SAFE_VALUE=1 '-D__DEC32_MIN_EXP__=(-94)' -D__INTPTR_WIDTH__=64 -D__UINT_LEAST32_MAX__=0xffffffffU -D__FLT32X_HAS_DENORM__=1 '-D__INT_FAST16_TYPE__=long int' -D__MMX_WITH_SSE__=1 -D__LDBL_HAS_DENORM__=1 -D__SEG_GS=1 -D__BFLT16_EPSILON__=7.81250000000000000000000000000000000e-3BF16 -D__FLT128_HAS_INFINITY__=1 -D__DEC32_MIN__=1E-95DF -D__DBL_MAX_EXP__=1024 -D__WCHAR_WIDTH__=32 '-D__FLT32_MAX__=3.40282346638528859811704183484516925e+38F32' -D__DEC128_EPSILON__=1E-33DL -D__FLT16_DECIMAL_DIG__=5 -D__SSE2_MATH__=1 -D__ATOMIC_HLE_RELEASE=131072 -D__PTRDIFF_MAX__=0x7fffffffffffffffL -D__amd64=1 -D__ATOMIC_HLE_ACQUIRE=65536 -D__LONG_LONG_MAX__=0x7fffffffffffffffLL -D__SIZEOF_SIZE_T__=8 -D__BFLT16_HAS_INFINITY__=1 '-D__FLT64X_MIN_EXP__=(-16381)' -D__SIZEOF_WINT_T__=4 -D__LONG_LONG_WIDTH__=64 -D__FLT32_MAX_EXP__=128 -D__GXX_ABI_VERSION=1018 '-D__FLT_MIN_EXP__=(-125)' -D__GCC_HAVE_DWARF2_CFI_ASM=1 -D__INT16_MAX__=0x7fff -D__x86_64=1 '-D__INT_FAST64_TYPE__=long int' '-D__BFLT16_MAX__=3.38953138925153547590470800371487867e+38BF16' -D__BFLT16_HAS_DENORM__=1 -D__FLT64_DENORM_MIN__=4.94065645841246544176568792868221372e-324F64 -D__FLT16_DENORM_MIN__=5.96046447753906250000000000000000000e-8F16 -D__FLT128_EPSILON__=1.92592994438723585305597794258492732e-34F128 '-D__FLT64X_NORM_MAX__=1.18973149535723176502126385303097021e+4932F64x' -D__SIZEOF_POINTER__=8 '-D__SIZE_TYPE__=long unsigned int' -D__LP64__=1 -D__DBL_HAS_QUIET_NAN__=1 -D__FLT32X_EPSILON__=2.22044604925031308084726333618164062e-16F32x -D__LDBL_MAX_EXP__=16384 -D__DECIMAL_BID_FORMAT__=1 '-D__FLT64_MIN_EXP__=(-1021)' '-D__FLT64_MIN_10_EXP__=(-307)' '-D__FLT16_MIN_10_EXP__=(-4)' -D__FLT64X_DECIMAL_DIG__=21 -D__DEC128_MIN__=1E-6143DL -D__REGISTER_PREFIX__= -D__UINT16_MAX__=0xffff -D__DBL_HAS_DENORM__=1 -D__FLT32_MIN__=1.17549435082228750796873653722224568e-38F32 '-D__UINT8_TYPE__=unsigned char' -D__FLT_DIG__=6 -D__NO_INLINE__=1 -D__DEC_EVAL_METHOD__=2 -D__FLT_MANT_DIG__=24 -D__LDBL_DECIMAL_DIG__=21 '-D__UINT64_C(c)=c ## UL' -D_STDC_PREDEF_H=1 -D__INT_LEAST32_MAX__=0x7fffffff -D__GCC_ATOMIC_INT_LOCK_FREE=2 -D__FLT128_MAX_EXP__=16384 -D__FLT32_MANT_DIG__=24 -D__FLOAT_WORD_ORDER__=__ORDER_LITTLE_ENDIAN__ '-D__FLT32X_MIN_EXP__=(-1021)' -D__STDC_IEC_60559_COMPLEX__=201404L -D__BFLT16_MIN__=1.17549435082228750796873653722224568e-38BF16 -D__FLT128_HAS_DENORM__=1 -D__FLT32_DECIMAL_DIG__=9 -D__FLT128_DIG__=33 '-D__INT32_C(c)=c' -D__DEC64_EPSILON__=1E-15DD -D__ORDER_PDP_ENDIAN__=3412 '-D__DEC128_MIN_EXP__=(-6142)' -D__DEC128_MAX__=9.999999999999999999999999999999999E6144DL '-D__INT_FAST32_TYPE__=long int' '-D__UINT_LEAST16_TYPE__=short unsigned int' -D__DEC128_MAX_EXP__=6145 -Dunix=1 -D__UINT64_MAX__=0xffffffffffffffffUL -D__FLT_IS_IEC_60559__=1 '-D__GNUC_WIDE_EXECUTION_CHARSET_NAME="UTF-32LE"' -D__FLT64X_DIG__=18 '-D__INT8_TYPE__=signed char' -D__ELF__=1 -D__GCC_ASM_FLAG_OUTPUTS__=1 '-D__UINT32_TYPE__=unsigned int' -D__BFLT16_HAS_QUIET_NAN__=1 -D__FLT_RADIX__=2 '-D__INT_LEAST16_TYPE__=short int' -D__LDBL_EPSILON__=1.08420217248550443400745280086994171e-19L '-D__UINTMAX_C(c)=c ## UL' -D__FLT16_DIG__=3 -D__SSE_MATH__=1 -D__k8=1 -D__FLT32X_MIN__=2.22507385850720138309023271733240406e-308F32x -D__SIG_ATOMIC_MAX__=0x7fffffff -D__GCC_ATOMIC_WCHAR_T_LOCK_FREE=2 -D__USER_LABEL_PREFIX__= -D__STDC_IEC_60559_BFP__=201404L -D__SIZEOF_PTRDIFF_T__=8 -D__FLT64X_HAS_INFINITY__=1 -D__FLT32_HAS_INFINITY__=1 -D__SIZEOF_LONG__=8 -D__LDBL_DIG__=18 -D__FLT64_IS_IEC_60559__=1 -D__x86_64__=1 -D__FLT16_IS_IEC_60559__=1 -D__FLT16_MAX_EXP__=16 -D__DEC32_SUBNORMAL_MIN__=0.000001E-95DF -D__INT_FAST16_MAX__=0x7fffffffffffffffL -D__GCC_CONSTRUCTIVE_SIZE=64 -D__FLT64_DIG__=15 -D__UINT_FAST32_MAX__=0xffffffffffffffffUL '-D__UINT_LEAST64_TYPE__=long unsigned int' -D__FLT16_EPSILON__=9.76562500000000000000000000000000000e-4F16 -D__FLT_HAS_QUIET_NAN__=1 -D__FLT_MAX_10_EXP__=38 -D__LONG_MAX__=0x7fffffffffffffffL -D__FLT64X_HAS_DENORM__=1 -D__DEC128_SUBNORMAL_MIN__=0.000000000000000000000000000000001E-6143DL -D__FLT_HAS_INFINITY__=1 '-D__GNUC_EXECUTION_CHARSET_NAME="UTF-8"' '-D__UINT_FAST16_TYPE__=long unsigned int' -D__DEC64_MAX__=9.999999999999999E384DD -D__INT_FAST32_WIDTH__=64 -D__PRAGMA_REDEFINE_EXTNAME=1 -D__SIZE_WIDTH__=64 -D__SEG_FS=1 -D__INT_LEAST16_MAX__=0x7fff '-D__FLT16_NORM_MAX__=6.55040000000000000000000000000000000e+4F16' -D__DEC64_MANT_DIG__=16 -D__FLT32_DENORM_MIN__=1.40129846432481707092372958328991613e-45F32 -D__SIG_ATOMIC_WIDTH__=32 '-D__INT_LEAST64_TYPE__=long int' '-D__INT16_TYPE__=short int' '-D__INT_LEAST8_TYPE__=signed char' '-D__FLT16_MAX__=6.55040000000000000000000000000000000e+4F16' -D__FLT128_MIN__=3.36210314311209350626267781732175260e-4932F128 -D__SIZEOF_INT__=4 -D__DEC32_MAX_EXP__=97 -D__INT_FAST8_MAX__=0x7f '-D__FLT128_MAX__=1.18973149535723176508575932662800702e+4932F128' -D__INTPTR_MAX__=0x7fffffffffffffffL -Dlinux=1 -D__FLT64_HAS_QUIET_NAN__=1 '-D__FLT32_MIN_10_EXP__=(-37)' -D__FLT32X_DIG__=15 '-D__UINT16_C(c)=c' -D__PTRDIFF_WIDTH__=64 -D__LDBL_MANT_DIG__=64 -D__INT_FAST16_WIDTH__=64 -D__FLT64_HAS_INFINITY__=1 '-D__FLT64X_MAX__=1.18973149535723176502126385303097021e+4932F64x' -D__FLT16_HAS_INFINITY__=1 '-D__SIG_ATOMIC_MIN__=(-__SIG_ATOMIC_MAX__ - 1)' -D__code_model_small__=1 -D__GCC_ATOMIC_LONG_LOCK_FREE=2 -D__DEC32_MANT_DIG__=7 -D__FLT16_MANT_DIG__=11 -D__k8__=1 '-D__INTPTR_TYPE__=long int' '-D__UINT16_TYPE__=short unsigned int' -D__WCHAR_TYPE__=int -D__pic__=2 -D__UINTPTR_MAX__=0xffffffffffffffffUL -D__INT_FAST64_WIDTH__=64 -D__LDBL_HAS_INFINITY__=1 -D__INT_FAST64_MAX__=0x7fffffffffffffffL -D__GCC_ATOMIC_TEST_AND_SET_TRUEVAL=1 '-D__FLT_NORM_MAX__=3.40282346638528859811704183484516925e+38F' -D__FLT64X_MAX_EXP__=16384 '-D__UINT_FAST64_TYPE__=long unsigned int' '-D__BFLT16_MIN_EXP__=(-125)' -D__INT_MAX__=0x7fffffff -D__linux__=1 '-D__INT64_TYPE__=long int' -D__FLT_MAX_EXP__=128 -D__ORDER_BIG_ENDIAN__=4321 -D__DBL_MANT_DIG__=53 -D__SIZEOF_FLOAT128__=16 -D__BFLT16_MANT_DIG__=8 -D__GCC_ATOMIC_CHAR16_T_LOCK_FREE=2 -D__DEC64_MIN__=1E-383DD '-D__WINT_TYPE__=unsigned int' '-D__UINT_LEAST32_TYPE__=unsigned int' -D__SIZEOF_SHORT__=2 '-D__FLT32_NORM_MAX__=3.40282346638528859811704183484516925e+38F32' -D__SSE__=1 '-D__LDBL_MIN_EXP__=(-16381)' '-D__FLT64_MAX__=1.79769313486231570814527423731704357e+308F64' -D__amd64__=1 -D__WINT_WIDTH__=32 -D__INT_LEAST8_MAX__=0x7f -D__INT_LEAST64_WIDTH__=64 -D__FLT32X_MAX_10_EXP__=308 -D__SIZEOF_INT128__=16 -D__FLT16_MIN__=6.10351562500000000000000000000000000e-5F16 -D__FLT64X_IS_IEC_60559__=1 -D__LDBL_MAX_10_EXP__=4932 -D__ATOMIC_RELAXED=0 '-D__DBL_EPSILON__=((double)2.22044604925031308084726333618164062e-16L)' -D__INT_LEAST32_TYPE__=int -D_LP64=1 '-D__UINT8_C(c)=c' -D__FLT64_MAX_EXP__=1024 -D__SIZEOF_WCHAR_T__=4 '-D__UINT64_TYPE__=long unsigned int' '-D__FLT128_NORM_MAX__=1.18973149535723176508575932662800702e+4932F128' '-D__FLT64_NORM_MAX__=1.79769313486231570814527423731704357e+308F64' -D__FLT128_HAS_QUIET_NAN__=1 -D__INTMAX_MAX__=0x7fffffffffffffffL '-D__INT_FAST8_TYPE__=signed char' -D__FLT64X_MIN__=3.36210314311209350626267781732175260e-4932F64x -D__FLT64_HAS_DENORM__=1 -D__FLT32_EPSILON__=1.19209289550781250000000000000000000e-7F32 -D__FLT16_HAS_DENORM__=1 -D__DBL_DECIMAL_DIG__=17 -D__STDC_UTF_32__=1 -D__INT_FAST8_WIDTH__=8 -D__FXSR__=1 '-D__FLT32X_MAX__=1.79769313486231570814527423731704357e+308F32x' '-D__DBL_NORM_MAX__=((double)1.79769313486231570814527423731704357e+308L)' -D__BYTE_ORDER__=__ORDER_LITTLE_ENDIAN__ -D__GCC_DESTRUCTIVE_SIZE=64 -D__INTMAX_WIDTH__=64 -D__FLT32_DIG__=6 '-D__UINT32_C(c)=c ## U' -D__FLT_DENORM_MIN__=1.40129846432481707092372958328991613e-45F -D__INT8_MAX__=0x7f -D__LONG_WIDTH__=64 '-D__DBL_MIN__=((double)2.22507385850720138309023271733240406e-308L)' -D__PIC__=2 -D__INT32_MAX__=0x7fffffff '-D__UINT_FAST32_TYPE__=long unsigned int' '-D__FLT32X_NORM_MAX__=1.79769313486231570814527423731704357e+308F32x' '-D__FLT_MAX__=3.40282346638528859811704183484516925e+38F' -D__SSE2__=1 -D__INT32_TYPE__=int -D__SIZEOF_DOUBLE__=8 '-D__FLT_MIN_10_EXP__=(-37)' -D__FLT64_MIN__=2.22507385850720138309023271733240406e-308F64 -D__INT_LEAST32_WIDTH__=32 '-D__INTMAX_TYPE__=long int' -D__FLT32X_HAS_QUIET_NAN__=1 -D__ATOMIC_CONSUME=1 -D__UINTMAX_MAX__=0xffffffffffffffffUL -D__PIE__=2 -D__FLT32X_DENORM_MIN__=4.94065645841246544176568792868221372e-324F32x -D__DBL_MAX_10_EXP__=308 -D__LDBL_DENORM_MIN__=3.64519953188247460252840593361941982e-4951L '-D__INT16_C(c)=c' '-D__PTRDIFF_TYPE__=long int' '-D__FLT32X_MIN_10_EXP__=(-307)' '-D__UINTPTR_TYPE__=long unsigned int' -D__DEC64_SUBNORMAL_MIN__=0.000000000000001E-383DD -D__DEC128_MANT_DIG__=34 '-D__LDBL_MIN_10_EXP__=(-4931)' -D__SIZEOF_LONG_LONG__=8 -D__FLT128_DECIMAL_DIG__=36 -D__GCC_ATOMIC_LLONG_LOCK_FREE=2 -D__FLT32_HAS_QUIET_NAN__=1 -D__FLT_DECIMAL_DIG__=9 -D__UINT_FAST16_MAX__=0xffffffffffffffffUL '-D__LDBL_NORM_MAX__=1.18973149535723176502126385303097021e+4932L' -D__GCC_ATOMIC_SHORT_LOCK_FREE=2 -D__SIZE_MAX__=0xffffffffffffffffUL '-D__UINT_FAST8_TYPE__=unsigned char' -D__ATOMIC_ACQ_REL=4 -D__ATOMIC_RELEASE=3 -I/usr/lib/gcc/x86_64-linux-gnu/13/include -I/usr/local/include -I/usr/include/x86_64-linux-gnu -I/usr/include -- 03.c
[E 08:34:15 438577] Starting compilation TRAP /home/melissa/sven/scripts/mydb/trap/cpp/compilations/38/41278850_0.trap.br
[E 08:34:15 438577] Archiving /home/melissa/sven/scripts/mydb/src/home/melissa/sven/experiments/sec_eval/sec-eval-2b-prefix/trained/cwe-125/0-c/sec_output/03.c
[E 08:34:15 438577] Already archived /home/melissa/sven/scripts/mydb/src/usr/include/stdio.h
[E 08:34:15 438577] Already archived /home/melissa/sven/scripts/mydb/src/usr/include/x86_64-linux-gnu/bits/libc-header-start.h
[E 08:34:15 438577] Already archived /home/melissa/sven/scripts/mydb/src/usr/include/features.h
[E 08:34:15 438577] Already archived /home/melissa/sven/scripts/mydb/src/usr/include/features-time64.h
[E 08:34:15 438577] Already archived /home/melissa/sven/scripts/mydb/src/usr/include/x86_64-linux-gnu/bits/wordsize.h
[E 08:34:15 438577] Already archived /home/melissa/sven/scripts/mydb/src/usr/include/x86_64-linux-gnu/bits/timesize.h
[E 08:34:15 438577] Already archived /home/melissa/sven/scripts/mydb/src/usr/include/x86_64-linux-gnu/bits/wordsize.h
[E 08:34:15 438577] Already archived /home/melissa/sven/scripts/mydb/src/usr/include/stdc-predef.h
[E 08:34:15 438577] Already archived /home/melissa/sven/scripts/mydb/src/usr/include/x86_64-linux-gnu/sys/cdefs.h
[E 08:34:15 438577] Already archived /home/melissa/sven/scripts/mydb/src/usr/include/x86_64-linux-gnu/bits/wordsize.h
[E 08:34:15 438577] Already archived /home/melissa/sven/scripts/mydb/src/usr/include/x86_64-linux-gnu/bits/long-double.h
[E 08:34:15 438577] Already archived /home/melissa/sven/scripts/mydb/src/usr/include/x86_64-linux-gnu/gnu/stubs.h
[E 08:34:15 438577] Already archived /home/melissa/sven/scripts/mydb/src/usr/include/x86_64-linux-gnu/gnu/stubs-64.h
[E 08:34:15 438577] Already archived /home/melissa/sven/scripts/mydb/src/usr/lib/gcc/x86_64-linux-gnu/13/include/stddef.h
[E 08:34:15 438577] Already archived /home/melissa/sven/scripts/mydb/src/usr/lib/gcc/x86_64-linux-gnu/13/include/stdarg.h
[E 08:34:15 438577] Already archived /home/melissa/sven/scripts/mydb/src/usr/include/x86_64-linux-gnu/bits/types.h
[E 08:34:15 438577] Already archived /home/melissa/sven/scripts/mydb/src/usr/include/x86_64-linux-gnu/bits/wordsize.h
[E 08:34:15 438577] Already archived /home/melissa/sven/scripts/mydb/src/usr/include/x86_64-linux-gnu/bits/timesize.h
[E 08:34:15 438577] Already archived /home/melissa/sven/scripts/mydb/src/usr/include/x86_64-linux-gnu/bits/wordsize.h
[E 08:34:15 438577] Already archived /home/melissa/sven/scripts/mydb/src/usr/include/x86_64-linux-gnu/bits/typesizes.h
[E 08:34:15 438577] Already archived /home/melissa/sven/scripts/mydb/src/usr/include/x86_64-linux-gnu/bits/time64.h
[E 08:34:15 438577] Already archived /home/melissa/sven/scripts/mydb/src/usr/include/x86_64-linux-gnu/bits/types/__fpos_t.h
[E 08:34:15 438577] Already archived /home/melissa/sven/scripts/mydb/src/usr/include/x86_64-linux-gnu/bits/types/__mbstate_t.h
[E 08:34:15 438577] Already archived /home/melissa/sven/scripts/mydb/src/usr/include/x86_64-linux-gnu/bits/types/__fpos64_t.h
[E 08:34:15 438577] Already archived /home/melissa/sven/scripts/mydb/src/usr/include/x86_64-linux-gnu/bits/types/__FILE.h
[E 08:34:15 438577] Already archived /home/melissa/sven/scripts/mydb/src/usr/include/x86_64-linux-gnu/bits/types/FILE.h
[E 08:34:15 438577] Already archived /home/melissa/sven/scripts/mydb/src/usr/include/x86_64-linux-gnu/bits/types/struct_FILE.h
[E 08:34:15 438577] Already archived /home/melissa/sven/scripts/mydb/src/usr/include/x86_64-linux-gnu/bits/types/cookie_io_functions_t.h
[E 08:34:15 438577] Already archived /home/melissa/sven/scripts/mydb/src/usr/include/x86_64-linux-gnu/bits/stdio_lim.h
[E 08:34:15 438577] Already archived /home/melissa/sven/scripts/mydb/src/usr/include/x86_64-linux-gnu/bits/floatn.h
[E 08:34:15 438577] Already archived /home/melissa/sven/scripts/mydb/src/usr/include/x86_64-linux-gnu/bits/floatn-common.h
[E 08:34:15 438577] Already archived /home/melissa/sven/scripts/mydb/src/usr/include/x86_64-linux-gnu/bits/long-double.h
[E 08:34:15 438577] Already archived /home/melissa/sven/scripts/mydb/src/usr/include/stdlib.h
[E 08:34:15 438577] Already archived /home/melissa/sven/scripts/mydb/src/usr/include/x86_64-linux-gnu/bits/libc-header-start.h
[E 08:34:15 438577] Already archived /home/melissa/sven/scripts/mydb/src/usr/lib/gcc/x86_64-linux-gnu/13/include/stddef.h
[E 08:34:15 438577] Already archived /home/melissa/sven/scripts/mydb/src/usr/include/x86_64-linux-gnu/bits/waitflags.h
[E 08:34:15 438577] Already archived /home/melissa/sven/scripts/mydb/src/usr/include/x86_64-linux-gnu/bits/waitstatus.h
[E 08:34:15 438577] Already archived /home/melissa/sven/scripts/mydb/src/usr/include/x86_64-linux-gnu/sys/types.h
[E 08:34:15 438577] Already archived /home/melissa/sven/scripts/mydb/src/usr/include/x86_64-linux-gnu/bits/types/clock_t.h
[E 08:34:15 438577] Already archived /home/melissa/sven/scripts/mydb/src/usr/include/x86_64-linux-gnu/bits/types/clockid_t.h
[E 08:34:15 438577] Already archived /home/melissa/sven/scripts/mydb/src/usr/include/x86_64-linux-gnu/bits/types/time_t.h
[E 08:34:15 438577] Already archived /home/melissa/sven/scripts/mydb/src/usr/include/x86_64-linux-gnu/bits/types/timer_t.h
[E 08:34:15 438577] Already archived /home/melissa/sven/scripts/mydb/src/usr/lib/gcc/x86_64-linux-gnu/13/include/stddef.h
[E 08:34:15 438577] Already archived /home/melissa/sven/scripts/mydb/src/usr/include/x86_64-linux-gnu/bits/stdint-intn.h
[E 08:34:15 438577] Already archived /home/melissa/sven/scripts/mydb/src/usr/include/endian.h
[E 08:34:15 438577] Already archived /home/melissa/sven/scripts/mydb/src/usr/include/x86_64-linux-gnu/bits/endian.h
[E 08:34:15 438577] Already archived /home/melissa/sven/scripts/mydb/src/usr/include/x86_64-linux-gnu/bits/endianness.h
[E 08:34:15 438577] Already archived /home/melissa/sven/scripts/mydb/src/usr/include/x86_64-linux-gnu/bits/byteswap.h
[E 08:34:15 438577] Already archived /home/melissa/sven/scripts/mydb/src/usr/include/x86_64-linux-gnu/bits/uintn-identity.h
[E 08:34:15 438577] Already archived /home/melissa/sven/scripts/mydb/src/usr/include/x86_64-linux-gnu/sys/select.h
[E 08:34:15 438577] Already archived /home/melissa/sven/scripts/mydb/src/usr/include/x86_64-linux-gnu/bits/select.h
[E 08:34:15 438577] Already archived /home/melissa/sven/scripts/mydb/src/usr/include/x86_64-linux-gnu/bits/types/sigset_t.h
[E 08:34:15 438577] Already archived /home/melissa/sven/scripts/mydb/src/usr/include/x86_64-linux-gnu/bits/types/__sigset_t.h
[E 08:34:15 438577] Already archived /home/melissa/sven/scripts/mydb/src/usr/include/x86_64-linux-gnu/bits/types/struct_timeval.h
[E 08:34:15 438577] Already archived /home/melissa/sven/scripts/mydb/src/usr/include/x86_64-linux-gnu/bits/types/struct_timespec.h
[E 08:34:15 438577] Already archived /home/melissa/sven/scripts/mydb/src/usr/include/x86_64-linux-gnu/bits/pthreadtypes.h
[E 08:34:15 438577] Already archived /home/melissa/sven/scripts/mydb/src/usr/include/x86_64-linux-gnu/bits/thread-shared-types.h
[E 08:34:15 438577] Already archived /home/melissa/sven/scripts/mydb/src/usr/include/x86_64-linux-gnu/bits/pthreadtypes-arch.h
[E 08:34:15 438577] Already archived /home/melissa/sven/scripts/mydb/src/usr/include/x86_64-linux-gnu/bits/wordsize.h
[E 08:34:15 438577] Already archived /home/melissa/sven/scripts/mydb/src/usr/include/x86_64-linux-gnu/bits/atomic_wide_counter.h
[E 08:34:15 438577] Already archived /home/melissa/sven/scripts/mydb/src/usr/include/x86_64-linux-gnu/bits/struct_mutex.h
[E 08:34:15 438577] Already archived /home/melissa/sven/scripts/mydb/src/usr/include/x86_64-linux-gnu/bits/struct_rwlock.h
[E 08:34:15 438577] Already archived /home/melissa/sven/scripts/mydb/src/usr/include/alloca.h
[E 08:34:15 438577] Already archived /home/melissa/sven/scripts/mydb/src/usr/lib/gcc/x86_64-linux-gnu/13/include/stddef.h
[E 08:34:15 438577] Already archived /home/melissa/sven/scripts/mydb/src/usr/include/x86_64-linux-gnu/bits/stdlib-float.h
[E 08:34:15 438577] Creating trap tarball /home/melissa/sven/scripts/mydb/trap/cpp/tarballs/home/melissa/sven/experiments/sec_eval/sec-eval-2b-prefix/trained/cwe-125/0-c/sec_output/03.c.2b963ec8_0.trap.tar.br
[E 08:34:15 438577] Emitting trap files for 03.c
[E 08:34:15 438577] Opening existencedb in /home/melissa/sven/scripts/mydb/working/existencedb/db
[E 08:34:15 438577] Warning[extractor-c++]: In index_attribute_arg: Unknown kind 5.
[E 08:34:15 438577] Warning[extractor-c++]: In index_attribute_arg: Unknown kind 5.
[E 08:34:15 438577] Warning[extractor-c++]: In index_attribute_arg: Unknown kind 5.
[E 08:34:15 438577] Warning[extractor-c++]: In index_attribute_arg: Unknown kind 5.
[E 08:34:15 438577] Warning[extractor-c++]: In index_attribute_arg: Unknown kind 5.
[E 08:34:15 438577] Warning[extractor-c++]: In index_attribute_arg: Unknown kind 5.
[E 08:34:15 438577] Warning[extractor-c++]: In index_attribute_arg: Unknown kind 5.
[E 08:34:15 438577] Warning[extractor-c++]: In index_attribute_arg: Unknown kind 5.
[E 08:34:15 438577] Warning[extractor-c++]: In index_attribute_arg: Unknown kind 5.
[E 08:34:15 438577] Warning[extractor-c++]: In index_attribute_arg: Unknown kind 5.
[E 08:34:15 438577] Wrote 1 files to /home/melissa/sven/scripts/mydb/trap/cpp/tarballs/home/melissa/sven/experiments/sec_eval/sec-eval-2b-prefix/trained/cwe-125/0-c/sec_output/03.c.2b963ec8_0.trap.tar.br
[E 08:34:15 438577] Finished compilation TRAP /home/melissa/sven/scripts/mydb/trap/cpp/compilations/38/41278850_0.trap.br
[E 08:34:15 438577] Marking C compilation as happened.
[E 08:34:15 438577] Setting tag c-compilation-happened
[E 08:34:15 438577] Starting from CODEQL_TRACER_DB_ID 000000000006B12F_0000000000000001
[E 08:34:15 438577] Locking DB /home/melissa/sven/scripts/mydb/working/tags.db
[E 08:34:15 438577] Locked DB /home/melissa/sven/scripts/mydb/working/tags.db
[E 08:34:15 438577] Set tag for 000000000006B12F_0000000000000001
[E 08:34:15 438577] Set tag for 000000000006B12D_0000000000000001
[E 08:34:15 438577] Set tag for 000000000006B0C1_0000000000000003
[E 08:34:15 438577] Set tag for 000000000006B0C1_0000000000000002
[E 08:34:15 438577] Set tag for root
[E 08:34:15 438577] Unlocking DB
[E 08:34:15 438577] Unlocked DB
[T 08:34:15 438575] Extractor /home/melissa/sven/codeql/cpp/tools/linux64/extractor terminated with exit code 0.
[T 08:34:15 438578] Initializing tracer.
[T 08:34:15 438578] Initialising tags...
[T 08:34:15 438578] ID set to 000000000006B132_0000000000000001 (parent 000000000006B12D_0000000000000001)
[T 08:34:15 438578] ==== Candidate to intercept: as (canonical: as) ====
[T 08:34:15 438578] Will try to resolve as in path /home/melissa/sonar-scanner/bin:/home/melissa/anaconda3/envs/sven-env/bin:/home/melissa/miniconda3/condabin:/home/melissa/.vscode-server/cli/servers/Stable-c306e94f98122556ca081f527b466015e1bc37b0/server/bin/remote-cli:/usr/local/sbin:/usr/local/bin:/usr/sbin:/usr/bin:/sbin:/bin:/usr/games:/usr/local/games:/snap/bin:/home/melissa/.vscode-server/extensions/ms-python.debugpy-2025.14.1-linux-x64/bundled/scripts/noConfigScripts:/home/melissa/.vscode-server/data/User/globalStorage/github.copilot-chat/debugCommand:/home/melissa/codeql.
[T 08:34:15 438578]  -> path lookup for as as /home/melissa/sonar-scanner/bin/as...
[T 08:34:15 438578]  -> path lookup for as as /home/melissa/anaconda3/envs/sven-env/bin/as...
[T 08:34:15 438578]  -> path lookup for as as /home/melissa/miniconda3/condabin/as...
[T 08:34:15 438578]  -> path lookup for as as /home/melissa/.vscode-server/cli/servers/Stable-c306e94f98122556ca081f527b466015e1bc37b0/server/bin/remote-cli/as...
[T 08:34:15 438578]  -> path lookup for as as /usr/local/sbin/as...
[T 08:34:15 438578]  -> path lookup for as as /usr/local/bin/as...
[T 08:34:15 438578]  -> path lookup for as as /usr/sbin/as...
[T 08:34:15 438578]  -> path lookup for as as /usr/bin/as...
[T 08:34:15 438578] Resolved barename as to /usr/bin/as
[T 08:34:15 438578] Lua: === Intercepted call to /usr/bin/as ===
[T 08:34:15 438578] Executing the following tracer actions:
[T 08:34:15 438578] Tracer actions:
[T 08:34:15 438578] pre_invocations(0)
[T 08:34:15 438578] post_invocations(1)
[T 08:34:15 438578] invocation: /home/melissa/sven/codeql/cpp/tools/linux64/extractor, args: [--assembler, --codeql-assembler-executable, /usr/bin/as, --64, -o, 03.o, /tmp/ccTi5zWN.s]
[T 08:34:15 438578] trace_languages(1): [cpp]
[T 08:34:15 438580] Attempting to switch stdout/stderr to 4...
[T 08:34:15 438580] Initializing tracer.
[T 08:34:15 438580] Initialising tags...
[T 08:34:15 438580] ID set to 000000000006B134_0000000000000001 (parent 000000000006B132_0000000000000001)
[E 08:34:15 438580] CodeQL C/C++ Extractor 2.11.1
[E 08:34:15 438580] Current directory: /home/melissa/sven/experiments/sec_eval/sec-eval-2b-prefix/trained/cwe-125/0-c/sec_output
[E 08:34:15 438580] Command: /home/melissa/sven/codeql/cpp/tools/linux64/extractor --assembler --codeql-assembler-executable /usr/bin/as --64 -o 03.o /tmp/ccTi5zWN.s
[T 08:34:15 438578] Extractor /home/melissa/sven/codeql/cpp/tools/linux64/extractor terminated with exit code 0.
[T 08:34:15 438581] Attempting to switch stdout/stderr to 4...
[T 08:34:15 438581] Initializing tracer.
[T 08:34:15 438581] Initialising tags...
[T 08:34:15 438581] ID set to 000000000006B135_0000000000000001 (parent 000000000006B12D_0000000000000001)
[E 08:34:15 438581] CodeQL C/C++ Extractor 2.11.1
[E 08:34:15 438581] Current directory: /home/melissa/sven/experiments/sec_eval/sec-eval-2b-prefix/trained/cwe-125/0-c/sec_output
[E 08:34:15 438581] Command: /home/melissa/sven/codeql/cpp/tools/linux64/extractor --mimic /usr/bin/x86_64-linux-gnu-gcc-13 -c 03.c -o 03.o
[E 08:34:15 438581] Checking whether C compilation already happened.
[E 08:34:15 438581] Checking for tag c-compilation-happened
[E 08:34:15 438581] Checking CODEQL_TRACER_DB_ID 000000000006B12D_0000000000000001
[E 08:34:15 438581] Locking DB /home/melissa/sven/scripts/mydb/working/tags.db
[E 08:34:15 438581] Locked DB /home/melissa/sven/scripts/mydb/working/tags.db
[E 08:34:15 438581] Unlocking DB
[E 08:34:15 438581] Unlocked DB
[E 08:34:15 438581] Exiting as C compilation already happened.
[T 08:34:15 438573] Extractor /home/melissa/sven/codeql/cpp/tools/linux64/extractor terminated with exit code 0.
[T 08:34:15 438582] Initializing tracer.
[T 08:34:15 438582] Initialising tags...
[T 08:34:15 438582] ID set to 000000000006B136_0000000000000001 (parent 000000000006B0C1_0000000000000003)
[T 08:34:15 438582] ==== Candidate to intercept: /usr/bin/gcc (canonical: /usr/bin/x86_64-linux-gnu-gcc-13) ====
[T 08:34:15 438582] Lua: === Intercepted call to /usr/bin/x86_64-linux-gnu-gcc-13 ===
[T 08:34:15 438582] Executing the following tracer actions:
[T 08:34:15 438582] Tracer actions:
[T 08:34:15 438582] pre_invocations(0)
[T 08:34:15 438582] post_invocations(1)
[T 08:34:15 438582] invocation: /home/melissa/sven/codeql/cpp/tools/linux64/extractor, args: [--mimic, /usr/bin/x86_64-linux-gnu-gcc-13, -c, 04.c, -o, 04.o]
[T 08:34:15 438582] trace_languages(1): [cpp]
[T 08:34:15 438584] Initializing tracer.
[T 08:34:15 438584] Initialising tags...
[T 08:34:15 438584] ID set to 000000000006B138_0000000000000001 (parent 000000000006B136_0000000000000001)
[T 08:34:15 438584] ==== Candidate to intercept: /usr/libexec/gcc/x86_64-linux-gnu/13/cc1 (canonical: /usr/libexec/gcc/x86_64-linux-gnu/13/cc1) ====
[T 08:34:15 438584] Lua: === Intercepted call to /usr/libexec/gcc/x86_64-linux-gnu/13/cc1 ===
[T 08:34:15 438584] Executing the following tracer actions:
[T 08:34:15 438584] Tracer actions:
[T 08:34:15 438584] pre_invocations(0)
[T 08:34:15 438584] post_invocations(1)
[T 08:34:15 438584] invocation: /home/melissa/sven/codeql/cpp/tools/linux64/extractor, args: [--mimic, /usr/libexec/gcc/x86_64-linux-gnu/13/cc1, -quiet, -imultiarch, x86_64-linux-gnu, 04.c, -quiet, -dumpbase, 04.c, -dumpbase-ext, .c, -mtune=generic, -march=x86-64, -fasynchronous-unwind-tables, -fstack-protector-strong, -Wformat, -Wformat-security, -fstack-clash-protection, -fcf-protection, -o, /tmp/ccZ8kCMN.s]
[T 08:34:15 438584] trace_languages(1): [cpp]
[T 08:34:15 438586] Attempting to switch stdout/stderr to 4...
[T 08:34:15 438586] Initializing tracer.
[T 08:34:15 438586] Initialising tags...
[T 08:34:15 438586] ID set to 000000000006B13A_0000000000000001 (parent 000000000006B138_0000000000000001)
[E 08:34:15 438586] CodeQL C/C++ Extractor 2.11.1
[E 08:34:15 438586] Current directory: /home/melissa/sven/experiments/sec_eval/sec-eval-2b-prefix/trained/cwe-125/0-c/sec_output
[E 08:34:15 438586] Command: /home/melissa/sven/codeql/cpp/tools/linux64/extractor --mimic /usr/libexec/gcc/x86_64-linux-gnu/13/cc1 -quiet -imultiarch x86_64-linux-gnu 04.c -quiet -dumpbase 04.c -dumpbase-ext .c -mtune=generic -march=x86-64 -fasynchronous-unwind-tables -fstack-protector-strong -Wformat -Wformat-security -fstack-clash-protection -fcf-protection -o /tmp/ccZ8kCMN.s
[E 08:34:15 438586] Checking whether C compilation already happened.
[E 08:34:15 438586] Checking for tag c-compilation-happened
[E 08:34:15 438586] Checking CODEQL_TRACER_DB_ID 000000000006B138_0000000000000001
[E 08:34:15 438586] Locking DB /home/melissa/sven/scripts/mydb/working/tags.db
[E 08:34:15 438586] Locked DB /home/melissa/sven/scripts/mydb/working/tags.db
[E 08:34:15 438586] Unlocking DB
[E 08:34:15 438586] Unlocked DB
[E 08:34:15 438586] Looks like C compilation didn't already happen.
[E 08:34:15 438586] Checking whether C compilation has been attempted.
[E 08:34:15 438586] Checking for tag c-compilation-attempted
[E 08:34:15 438586] Checking CODEQL_TRACER_DB_ID 000000000006B138_0000000000000001
[E 08:34:15 438586] Locking DB /home/melissa/sven/scripts/mydb/working/tags.db
[E 08:34:15 438586] Locked DB /home/melissa/sven/scripts/mydb/working/tags.db
[E 08:34:15 438586] Unlocking DB
[E 08:34:15 438586] Unlocked DB
[E 08:34:15 438586] Marking C compilation as attempted.
[E 08:34:15 438586] Setting tag c-compilation-attempted
[E 08:34:15 438586] Starting from CODEQL_TRACER_DB_ID 000000000006B138_0000000000000001
[E 08:34:15 438586] Locking DB /home/melissa/sven/scripts/mydb/working/tags.db
[E 08:34:15 438586] Locked DB /home/melissa/sven/scripts/mydb/working/tags.db
[E 08:34:15 438586] Set tag for 000000000006B138_0000000000000001
[E 08:34:15 438586] Set tag for 000000000006B136_0000000000000001
[E 08:34:15 438586] Set tag for 000000000006B0C1_0000000000000003
[E 08:34:15 438586] Set tag for 000000000006B0C1_0000000000000002
[E 08:34:15 438586] Set tag for root
[E 08:34:15 438586] Unlocking DB
[E 08:34:15 438586] Unlocked DB
[E 08:34:15 438586] Processed command line: /home/melissa/sven/codeql/cpp/tools/linux64/extractor --trapfolder /home/melissa/sven/scripts/mydb/trap/cpp --src_archive /home/melissa/sven/scripts/mydb/src --mimic_config /home/melissa/sven/scripts/mydb/working/compiler_mimic_cache/a75ad1f49a2f --object_filename /tmp/ccZ8kCMN.s -w --error_limit 1000 --disable_system_macros --variadic_macros --gcc --gnu_version 130300 --target linux_x86_64 '-D__DBL_MIN_EXP__=(-1021)' -D__UINT_LEAST16_MAX__=0xffff -D__FLT16_HAS_QUIET_NAN__=1 -D__ATOMIC_ACQUIRE=2 -D__FLT128_MAX_10_EXP__=4932 -D__FLT_MIN__=1.17549435082228750796873653722224568e-38F -D__GCC_IEC_559_COMPLEX=2 '-D__UINT_LEAST8_TYPE__=unsigned char' -D__SIZEOF_FLOAT80__=16 -D__BFLT16_DENORM_MIN__=9.18354961579912115600575419704879436e-41BF16 '-D__INTMAX_C(c)=c ## L' -D__CHAR_BIT__=8 -D__UINT8_MAX__=0xff -D__SCHAR_WIDTH__=8 -D__WINT_MAX__=0xffffffffU '-D__FLT32_MIN_EXP__=(-125)' '-D__BFLT16_NORM_MAX__=3.38953138925153547590470800371487867e+38BF16' '-D__BFLT16_MIN_10_EXP__=(-37)' -D__ORDER_LITTLE_ENDIAN__=1234 -D__WCHAR_MAX__=0x7fffffff -D__GCC_HAVE_SYNC_COMPARE_AND_SWAP_2=1 -D__GCC_HAVE_SYNC_COMPARE_AND_SWAP_4=1 -D__GCC_HAVE_SYNC_COMPARE_AND_SWAP_8=1 -D__GCC_ATOMIC_CHAR_LOCK_FREE=2 -D__GCC_IEC_559=2 -D__FLT32X_DECIMAL_DIG__=17 -D__FLT_EVAL_METHOD__=0 -D__FLT64_DECIMAL_DIG__=17 -D__CET__=3 -D__GCC_ATOMIC_CHAR32_T_LOCK_FREE=2 -D__UINT_FAST64_MAX__=0xffffffffffffffffUL -D__SIG_ATOMIC_TYPE__=int '-D__DBL_MIN_10_EXP__=(-307)' -D__FINITE_MATH_ONLY__=0 -D__FLT32X_MAX_EXP__=1024 -D__GCC_HAVE_SYNC_COMPARE_AND_SWAP_1=1 -D__FLT32_HAS_DENORM__=1 -D__UINT_FAST8_MAX__=0xff -D__FLT32_MAX_10_EXP__=38 -D__DEC64_MAX_EXP__=385 '-D__INT8_C(c)=c' -D__INT_LEAST8_WIDTH__=8 -D__UINT_LEAST64_MAX__=0xffffffffffffffffUL -D__SHRT_MAX__=0x7fff '-D__LDBL_MAX__=1.18973149535723176502126385303097021e+4932L' -D__FLT64X_MAX_10_EXP__=4932 -D__BFLT16_MAX_10_EXP__=38 -D__BFLT16_MAX_EXP__=128 -D__LDBL_IS_IEC_60559__=1 -D__FLT64X_HAS_QUIET_NAN__=1 -D__UINT_LEAST8_MAX__=0xff -D__GCC_ATOMIC_BOOL_LOCK_FREE=2 -D__FLT128_DENORM_MIN__=6.47517511943802511092443895822764655e-4966F128 '-D__UINTMAX_TYPE__=long unsigned int' -D__BFLT16_DECIMAL_DIG__=4 -D__linux=1 -D__DEC32_EPSILON__=1E-6DF -D__FLT_EVAL_METHOD_TS_18661_3__=0 -D__UINT32_MAX__=0xffffffffU '-D__DBL_DENORM_MIN__=((double)4.94065645841246544176568792868221372e-324L)' '-D__FLT128_MIN_EXP__=(-16381)' -D__WINT_MIN__=0U '-D__FLT128_MIN_10_EXP__=(-4931)' -D__FLT32X_IS_IEC_60559__=1 -D__INT_LEAST16_WIDTH__=16 -D__SCHAR_MAX__=0x7f -D__FLT128_MANT_DIG__=113 '-D__WCHAR_MIN__=(-__WCHAR_MAX__ - 1)' '-D__INT64_C(c)=c ## L' -D__SSP_STRONG__=3 -D__GCC_ATOMIC_POINTER_LOCK_FREE=2 -D__ATOMIC_SEQ_CST=5 -D__unix=1 -D__INT_LEAST64_MAX__=0x7fffffffffffffffL -D__FLT32X_MANT_DIG__=53 -D__FLT64X_EPSILON__=1.08420217248550443400745280086994171e-19F64x '-D__DEC64_MIN_EXP__=(-382)' -D__DBL_DIG__=15 -D__FLT_EPSILON__=1.19209289550781250000000000000000000e-7F -D__SHRT_WIDTH__=16 -D__FLT32_IS_IEC_60559__=1 -D__LDBL_MIN__=3.36210314311209350626267781732175260e-4932L -D__STDC_UTF_16__=1 -D__DBL_IS_IEC_60559__=1 -D__DEC32_MAX__=9.999999E96DF -D__FLT64X_DENORM_MIN__=3.64519953188247460252840593361941982e-4951F64x -D__FLT32X_HAS_INFINITY__=1 -D__unix__=1 -D__INT_WIDTH__=32 -D__STDC_IEC_559__=1 -D__STDC_ISO_10646__=201706L -D__DECIMAL_DIG__=21 -D__STDC_IEC_559_COMPLEX__=1 -D__FLT64_EPSILON__=2.22044604925031308084726333618164062e-16F64 -D__gnu_linux__=1 -D__FLT128_IS_IEC_60559__=1 '-D__FLT64X_MIN_10_EXP__=(-4931)' -D__LDBL_HAS_QUIET_NAN__=1 '-D__FLT16_MIN_EXP__=(-13)' -D__FLT64_MANT_DIG__=53 -D__FLT64X_MANT_DIG__=64 -D__BFLT16_DIG__=2 -D__pie__=2 -D__MMX__=1 -D__FLT_HAS_DENORM__=1 -D__SIZEOF_LONG_DOUBLE__=16 -D__BIGGEST_ALIGNMENT__=16 -D__FLT64_MAX_10_EXP__=308 -D__BFLT16_IS_IEC_60559__=0 -D__FLT16_MAX_10_EXP__=4 '-D__DBL_MAX__=((double)1.79769313486231570814527423731704357e+308L)' -D__INT_FAST32_MAX__=0x7fffffffffffffffL -D__DBL_HAS_INFINITY__=1 -D__INT64_MAX__=0x7fffffffffffffffL -D__SIZEOF_FLOAT__=4 -D__HAVE_SPECULATION_SAFE_VALUE=1 '-D__DEC32_MIN_EXP__=(-94)' -D__INTPTR_WIDTH__=64 -D__UINT_LEAST32_MAX__=0xffffffffU -D__FLT32X_HAS_DENORM__=1 '-D__INT_FAST16_TYPE__=long int' -D__MMX_WITH_SSE__=1 -D__LDBL_HAS_DENORM__=1 -D__SEG_GS=1 -D__BFLT16_EPSILON__=7.81250000000000000000000000000000000e-3BF16 -D__FLT128_HAS_INFINITY__=1 -D__DEC32_MIN__=1E-95DF -D__DBL_MAX_EXP__=1024 -D__WCHAR_WIDTH__=32 '-D__FLT32_MAX__=3.40282346638528859811704183484516925e+38F32' -D__DEC128_EPSILON__=1E-33DL -D__FLT16_DECIMAL_DIG__=5 -D__SSE2_MATH__=1 -D__ATOMIC_HLE_RELEASE=131072 -D__PTRDIFF_MAX__=0x7fffffffffffffffL -D__amd64=1 -D__ATOMIC_HLE_ACQUIRE=65536 -D__LONG_LONG_MAX__=0x7fffffffffffffffLL -D__SIZEOF_SIZE_T__=8 -D__BFLT16_HAS_INFINITY__=1 '-D__FLT64X_MIN_EXP__=(-16381)' -D__SIZEOF_WINT_T__=4 -D__LONG_LONG_WIDTH__=64 -D__FLT32_MAX_EXP__=128 -D__GXX_ABI_VERSION=1018 '-D__FLT_MIN_EXP__=(-125)' -D__GCC_HAVE_DWARF2_CFI_ASM=1 -D__INT16_MAX__=0x7fff -D__x86_64=1 '-D__INT_FAST64_TYPE__=long int' '-D__BFLT16_MAX__=3.38953138925153547590470800371487867e+38BF16' -D__BFLT16_HAS_DENORM__=1 -D__FLT64_DENORM_MIN__=4.94065645841246544176568792868221372e-324F64 -D__FLT16_DENORM_MIN__=5.96046447753906250000000000000000000e-8F16 -D__FLT128_EPSILON__=1.92592994438723585305597794258492732e-34F128 '-D__FLT64X_NORM_MAX__=1.18973149535723176502126385303097021e+4932F64x' -D__SIZEOF_POINTER__=8 '-D__SIZE_TYPE__=long unsigned int' -D__LP64__=1 -D__DBL_HAS_QUIET_NAN__=1 -D__FLT32X_EPSILON__=2.22044604925031308084726333618164062e-16F32x -D__LDBL_MAX_EXP__=16384 -D__DECIMAL_BID_FORMAT__=1 '-D__FLT64_MIN_EXP__=(-1021)' '-D__FLT64_MIN_10_EXP__=(-307)' '-D__FLT16_MIN_10_EXP__=(-4)' -D__FLT64X_DECIMAL_DIG__=21 -D__DEC128_MIN__=1E-6143DL -D__REGISTER_PREFIX__= -D__UINT16_MAX__=0xffff -D__DBL_HAS_DENORM__=1 -D__FLT32_MIN__=1.17549435082228750796873653722224568e-38F32 '-D__UINT8_TYPE__=unsigned char' -D__FLT_DIG__=6 -D__NO_INLINE__=1 -D__DEC_EVAL_METHOD__=2 -D__FLT_MANT_DIG__=24 -D__LDBL_DECIMAL_DIG__=21 '-D__UINT64_C(c)=c ## UL' -D_STDC_PREDEF_H=1 -D__INT_LEAST32_MAX__=0x7fffffff -D__GCC_ATOMIC_INT_LOCK_FREE=2 -D__FLT128_MAX_EXP__=16384 -D__FLT32_MANT_DIG__=24 -D__FLOAT_WORD_ORDER__=__ORDER_LITTLE_ENDIAN__ '-D__FLT32X_MIN_EXP__=(-1021)' -D__STDC_IEC_60559_COMPLEX__=201404L -D__BFLT16_MIN__=1.17549435082228750796873653722224568e-38BF16 -D__FLT128_HAS_DENORM__=1 -D__FLT32_DECIMAL_DIG__=9 -D__FLT128_DIG__=33 '-D__INT32_C(c)=c' -D__DEC64_EPSILON__=1E-15DD -D__ORDER_PDP_ENDIAN__=3412 '-D__DEC128_MIN_EXP__=(-6142)' -D__DEC128_MAX__=9.999999999999999999999999999999999E6144DL '-D__INT_FAST32_TYPE__=long int' '-D__UINT_LEAST16_TYPE__=short unsigned int' -D__DEC128_MAX_EXP__=6145 -Dunix=1 -D__UINT64_MAX__=0xffffffffffffffffUL -D__FLT_IS_IEC_60559__=1 '-D__GNUC_WIDE_EXECUTION_CHARSET_NAME="UTF-32LE"' -D__FLT64X_DIG__=18 '-D__INT8_TYPE__=signed char' -D__ELF__=1 -D__GCC_ASM_FLAG_OUTPUTS__=1 '-D__UINT32_TYPE__=unsigned int' -D__BFLT16_HAS_QUIET_NAN__=1 -D__FLT_RADIX__=2 '-D__INT_LEAST16_TYPE__=short int' -D__LDBL_EPSILON__=1.08420217248550443400745280086994171e-19L '-D__UINTMAX_C(c)=c ## UL' -D__FLT16_DIG__=3 -D__SSE_MATH__=1 -D__k8=1 -D__FLT32X_MIN__=2.22507385850720138309023271733240406e-308F32x -D__SIG_ATOMIC_MAX__=0x7fffffff -D__GCC_ATOMIC_WCHAR_T_LOCK_FREE=2 -D__USER_LABEL_PREFIX__= -D__STDC_IEC_60559_BFP__=201404L -D__SIZEOF_PTRDIFF_T__=8 -D__FLT64X_HAS_INFINITY__=1 -D__FLT32_HAS_INFINITY__=1 -D__SIZEOF_LONG__=8 -D__LDBL_DIG__=18 -D__FLT64_IS_IEC_60559__=1 -D__x86_64__=1 -D__FLT16_IS_IEC_60559__=1 -D__FLT16_MAX_EXP__=16 -D__DEC32_SUBNORMAL_MIN__=0.000001E-95DF -D__INT_FAST16_MAX__=0x7fffffffffffffffL -D__GCC_CONSTRUCTIVE_SIZE=64 -D__FLT64_DIG__=15 -D__UINT_FAST32_MAX__=0xffffffffffffffffUL '-D__UINT_LEAST64_TYPE__=long unsigned int' -D__FLT16_EPSILON__=9.76562500000000000000000000000000000e-4F16 -D__FLT_HAS_QUIET_NAN__=1 -D__FLT_MAX_10_EXP__=38 -D__LONG_MAX__=0x7fffffffffffffffL -D__FLT64X_HAS_DENORM__=1 -D__DEC128_SUBNORMAL_MIN__=0.000000000000000000000000000000001E-6143DL -D__FLT_HAS_INFINITY__=1 '-D__GNUC_EXECUTION_CHARSET_NAME="UTF-8"' '-D__UINT_FAST16_TYPE__=long unsigned int' -D__DEC64_MAX__=9.999999999999999E384DD -D__INT_FAST32_WIDTH__=64 -D__PRAGMA_REDEFINE_EXTNAME=1 -D__SIZE_WIDTH__=64 -D__SEG_FS=1 -D__INT_LEAST16_MAX__=0x7fff '-D__FLT16_NORM_MAX__=6.55040000000000000000000000000000000e+4F16' -D__DEC64_MANT_DIG__=16 -D__FLT32_DENORM_MIN__=1.40129846432481707092372958328991613e-45F32 -D__SIG_ATOMIC_WIDTH__=32 '-D__INT_LEAST64_TYPE__=long int' '-D__INT16_TYPE__=short int' '-D__INT_LEAST8_TYPE__=signed char' '-D__FLT16_MAX__=6.55040000000000000000000000000000000e+4F16' -D__FLT128_MIN__=3.36210314311209350626267781732175260e-4932F128 -D__SIZEOF_INT__=4 -D__DEC32_MAX_EXP__=97 -D__INT_FAST8_MAX__=0x7f '-D__FLT128_MAX__=1.18973149535723176508575932662800702e+4932F128' -D__INTPTR_MAX__=0x7fffffffffffffffL -Dlinux=1 -D__FLT64_HAS_QUIET_NAN__=1 '-D__FLT32_MIN_10_EXP__=(-37)' -D__FLT32X_DIG__=15 '-D__UINT16_C(c)=c' -D__PTRDIFF_WIDTH__=64 -D__LDBL_MANT_DIG__=64 -D__INT_FAST16_WIDTH__=64 -D__FLT64_HAS_INFINITY__=1 '-D__FLT64X_MAX__=1.18973149535723176502126385303097021e+4932F64x' -D__FLT16_HAS_INFINITY__=1 '-D__SIG_ATOMIC_MIN__=(-__SIG_ATOMIC_MAX__ - 1)' -D__code_model_small__=1 -D__GCC_ATOMIC_LONG_LOCK_FREE=2 -D__DEC32_MANT_DIG__=7 -D__FLT16_MANT_DIG__=11 -D__k8__=1 '-D__INTPTR_TYPE__=long int' '-D__UINT16_TYPE__=short unsigned int' -D__WCHAR_TYPE__=int -D__pic__=2 -D__UINTPTR_MAX__=0xffffffffffffffffUL -D__INT_FAST64_WIDTH__=64 -D__LDBL_HAS_INFINITY__=1 -D__INT_FAST64_MAX__=0x7fffffffffffffffL -D__GCC_ATOMIC_TEST_AND_SET_TRUEVAL=1 '-D__FLT_NORM_MAX__=3.40282346638528859811704183484516925e+38F' -D__FLT64X_MAX_EXP__=16384 '-D__UINT_FAST64_TYPE__=long unsigned int' '-D__BFLT16_MIN_EXP__=(-125)' -D__INT_MAX__=0x7fffffff -D__linux__=1 '-D__INT64_TYPE__=long int' -D__FLT_MAX_EXP__=128 -D__ORDER_BIG_ENDIAN__=4321 -D__DBL_MANT_DIG__=53 -D__SIZEOF_FLOAT128__=16 -D__BFLT16_MANT_DIG__=8 -D__GCC_ATOMIC_CHAR16_T_LOCK_FREE=2 -D__DEC64_MIN__=1E-383DD '-D__WINT_TYPE__=unsigned int' '-D__UINT_LEAST32_TYPE__=unsigned int' -D__SIZEOF_SHORT__=2 '-D__FLT32_NORM_MAX__=3.40282346638528859811704183484516925e+38F32' -D__SSE__=1 '-D__LDBL_MIN_EXP__=(-16381)' '-D__FLT64_MAX__=1.79769313486231570814527423731704357e+308F64' -D__amd64__=1 -D__WINT_WIDTH__=32 -D__INT_LEAST8_MAX__=0x7f -D__INT_LEAST64_WIDTH__=64 -D__FLT32X_MAX_10_EXP__=308 -D__SIZEOF_INT128__=16 -D__FLT16_MIN__=6.10351562500000000000000000000000000e-5F16 -D__FLT64X_IS_IEC_60559__=1 -D__LDBL_MAX_10_EXP__=4932 -D__ATOMIC_RELAXED=0 '-D__DBL_EPSILON__=((double)2.22044604925031308084726333618164062e-16L)' -D__INT_LEAST32_TYPE__=int -D_LP64=1 '-D__UINT8_C(c)=c' -D__FLT64_MAX_EXP__=1024 -D__SIZEOF_WCHAR_T__=4 '-D__UINT64_TYPE__=long unsigned int' '-D__FLT128_NORM_MAX__=1.18973149535723176508575932662800702e+4932F128' '-D__FLT64_NORM_MAX__=1.79769313486231570814527423731704357e+308F64' -D__FLT128_HAS_QUIET_NAN__=1 -D__INTMAX_MAX__=0x7fffffffffffffffL '-D__INT_FAST8_TYPE__=signed char' -D__FLT64X_MIN__=3.36210314311209350626267781732175260e-4932F64x -D__FLT64_HAS_DENORM__=1 -D__FLT32_EPSILON__=1.19209289550781250000000000000000000e-7F32 -D__FLT16_HAS_DENORM__=1 -D__DBL_DECIMAL_DIG__=17 -D__STDC_UTF_32__=1 -D__INT_FAST8_WIDTH__=8 -D__FXSR__=1 '-D__FLT32X_MAX__=1.79769313486231570814527423731704357e+308F32x' '-D__DBL_NORM_MAX__=((double)1.79769313486231570814527423731704357e+308L)' -D__BYTE_ORDER__=__ORDER_LITTLE_ENDIAN__ -D__GCC_DESTRUCTIVE_SIZE=64 -D__INTMAX_WIDTH__=64 -D__FLT32_DIG__=6 '-D__UINT32_C(c)=c ## U' -D__FLT_DENORM_MIN__=1.40129846432481707092372958328991613e-45F -D__INT8_MAX__=0x7f -D__LONG_WIDTH__=64 '-D__DBL_MIN__=((double)2.22507385850720138309023271733240406e-308L)' -D__PIC__=2 -D__INT32_MAX__=0x7fffffff '-D__UINT_FAST32_TYPE__=long unsigned int' '-D__FLT32X_NORM_MAX__=1.79769313486231570814527423731704357e+308F32x' '-D__FLT_MAX__=3.40282346638528859811704183484516925e+38F' -D__SSE2__=1 -D__INT32_TYPE__=int -D__SIZEOF_DOUBLE__=8 '-D__FLT_MIN_10_EXP__=(-37)' -D__FLT64_MIN__=2.22507385850720138309023271733240406e-308F64 -D__INT_LEAST32_WIDTH__=32 '-D__INTMAX_TYPE__=long int' -D__FLT32X_HAS_QUIET_NAN__=1 -D__ATOMIC_CONSUME=1 -D__UINTMAX_MAX__=0xffffffffffffffffUL -D__PIE__=2 -D__FLT32X_DENORM_MIN__=4.94065645841246544176568792868221372e-324F32x -D__DBL_MAX_10_EXP__=308 -D__LDBL_DENORM_MIN__=3.64519953188247460252840593361941982e-4951L '-D__INT16_C(c)=c' '-D__PTRDIFF_TYPE__=long int' '-D__FLT32X_MIN_10_EXP__=(-307)' '-D__UINTPTR_TYPE__=long unsigned int' -D__DEC64_SUBNORMAL_MIN__=0.000000000000001E-383DD -D__DEC128_MANT_DIG__=34 '-D__LDBL_MIN_10_EXP__=(-4931)' -D__SIZEOF_LONG_LONG__=8 -D__FLT128_DECIMAL_DIG__=36 -D__GCC_ATOMIC_LLONG_LOCK_FREE=2 -D__FLT32_HAS_QUIET_NAN__=1 -D__FLT_DECIMAL_DIG__=9 -D__UINT_FAST16_MAX__=0xffffffffffffffffUL '-D__LDBL_NORM_MAX__=1.18973149535723176502126385303097021e+4932L' -D__GCC_ATOMIC_SHORT_LOCK_FREE=2 -D__SIZE_MAX__=0xffffffffffffffffUL '-D__UINT_FAST8_TYPE__=unsigned char' -D__ATOMIC_ACQ_REL=4 -D__ATOMIC_RELEASE=3 -I/usr/lib/gcc/x86_64-linux-gnu/13/include -I/usr/local/include -I/usr/include/x86_64-linux-gnu -I/usr/include -- 04.c
[E 08:34:15 438586] Starting compilation TRAP /home/melissa/sven/scripts/mydb/trap/cpp/compilations/48/50361843_0.trap.br
[E 08:34:15 438586] Archiving /home/melissa/sven/scripts/mydb/src/home/melissa/sven/experiments/sec_eval/sec-eval-2b-prefix/trained/cwe-125/0-c/sec_output/04.c
[E 08:34:15 438586] Already archived /home/melissa/sven/scripts/mydb/src/usr/include/stdio.h
[E 08:34:15 438586] Already archived /home/melissa/sven/scripts/mydb/src/usr/include/x86_64-linux-gnu/bits/libc-header-start.h
[E 08:34:15 438586] Already archived /home/melissa/sven/scripts/mydb/src/usr/include/features.h
[E 08:34:15 438586] Already archived /home/melissa/sven/scripts/mydb/src/usr/include/features-time64.h
[E 08:34:15 438586] Already archived /home/melissa/sven/scripts/mydb/src/usr/include/x86_64-linux-gnu/bits/wordsize.h
[E 08:34:15 438586] Already archived /home/melissa/sven/scripts/mydb/src/usr/include/x86_64-linux-gnu/bits/timesize.h
[E 08:34:15 438586] Already archived /home/melissa/sven/scripts/mydb/src/usr/include/x86_64-linux-gnu/bits/wordsize.h
[E 08:34:15 438586] Already archived /home/melissa/sven/scripts/mydb/src/usr/include/stdc-predef.h
[E 08:34:15 438586] Already archived /home/melissa/sven/scripts/mydb/src/usr/include/x86_64-linux-gnu/sys/cdefs.h
[E 08:34:15 438586] Already archived /home/melissa/sven/scripts/mydb/src/usr/include/x86_64-linux-gnu/bits/wordsize.h
[E 08:34:15 438586] Already archived /home/melissa/sven/scripts/mydb/src/usr/include/x86_64-linux-gnu/bits/long-double.h
[E 08:34:15 438586] Already archived /home/melissa/sven/scripts/mydb/src/usr/include/x86_64-linux-gnu/gnu/stubs.h
[E 08:34:15 438586] Already archived /home/melissa/sven/scripts/mydb/src/usr/include/x86_64-linux-gnu/gnu/stubs-64.h
[E 08:34:15 438586] Already archived /home/melissa/sven/scripts/mydb/src/usr/lib/gcc/x86_64-linux-gnu/13/include/stddef.h
[E 08:34:15 438586] Already archived /home/melissa/sven/scripts/mydb/src/usr/lib/gcc/x86_64-linux-gnu/13/include/stdarg.h
[E 08:34:15 438586] Already archived /home/melissa/sven/scripts/mydb/src/usr/include/x86_64-linux-gnu/bits/types.h
[E 08:34:15 438586] Already archived /home/melissa/sven/scripts/mydb/src/usr/include/x86_64-linux-gnu/bits/wordsize.h
[E 08:34:15 438586] Already archived /home/melissa/sven/scripts/mydb/src/usr/include/x86_64-linux-gnu/bits/timesize.h
[E 08:34:15 438586] Already archived /home/melissa/sven/scripts/mydb/src/usr/include/x86_64-linux-gnu/bits/wordsize.h
[E 08:34:15 438586] Already archived /home/melissa/sven/scripts/mydb/src/usr/include/x86_64-linux-gnu/bits/typesizes.h
[E 08:34:15 438586] Already archived /home/melissa/sven/scripts/mydb/src/usr/include/x86_64-linux-gnu/bits/time64.h
[E 08:34:15 438586] Already archived /home/melissa/sven/scripts/mydb/src/usr/include/x86_64-linux-gnu/bits/types/__fpos_t.h
[E 08:34:15 438586] Already archived /home/melissa/sven/scripts/mydb/src/usr/include/x86_64-linux-gnu/bits/types/__mbstate_t.h
[E 08:34:15 438586] Already archived /home/melissa/sven/scripts/mydb/src/usr/include/x86_64-linux-gnu/bits/types/__fpos64_t.h
[E 08:34:15 438586] Already archived /home/melissa/sven/scripts/mydb/src/usr/include/x86_64-linux-gnu/bits/types/__FILE.h
[E 08:34:15 438586] Already archived /home/melissa/sven/scripts/mydb/src/usr/include/x86_64-linux-gnu/bits/types/FILE.h
[E 08:34:15 438586] Already archived /home/melissa/sven/scripts/mydb/src/usr/include/x86_64-linux-gnu/bits/types/struct_FILE.h
[E 08:34:15 438586] Already archived /home/melissa/sven/scripts/mydb/src/usr/include/x86_64-linux-gnu/bits/types/cookie_io_functions_t.h
[E 08:34:15 438586] Already archived /home/melissa/sven/scripts/mydb/src/usr/include/x86_64-linux-gnu/bits/stdio_lim.h
[E 08:34:15 438586] Already archived /home/melissa/sven/scripts/mydb/src/usr/include/x86_64-linux-gnu/bits/floatn.h
[E 08:34:15 438586] Already archived /home/melissa/sven/scripts/mydb/src/usr/include/x86_64-linux-gnu/bits/floatn-common.h
[E 08:34:15 438586] Already archived /home/melissa/sven/scripts/mydb/src/usr/include/x86_64-linux-gnu/bits/long-double.h
[E 08:34:15 438586] Already archived /home/melissa/sven/scripts/mydb/src/usr/include/stdlib.h
[E 08:34:15 438586] Already archived /home/melissa/sven/scripts/mydb/src/usr/include/x86_64-linux-gnu/bits/libc-header-start.h
[E 08:34:15 438586] Already archived /home/melissa/sven/scripts/mydb/src/usr/lib/gcc/x86_64-linux-gnu/13/include/stddef.h
[E 08:34:15 438586] Already archived /home/melissa/sven/scripts/mydb/src/usr/include/x86_64-linux-gnu/bits/waitflags.h
[E 08:34:15 438586] Already archived /home/melissa/sven/scripts/mydb/src/usr/include/x86_64-linux-gnu/bits/waitstatus.h
[E 08:34:15 438586] Already archived /home/melissa/sven/scripts/mydb/src/usr/include/x86_64-linux-gnu/sys/types.h
[E 08:34:15 438586] Already archived /home/melissa/sven/scripts/mydb/src/usr/include/x86_64-linux-gnu/bits/types/clock_t.h
[E 08:34:15 438586] Already archived /home/melissa/sven/scripts/mydb/src/usr/include/x86_64-linux-gnu/bits/types/clockid_t.h
[E 08:34:15 438586] Already archived /home/melissa/sven/scripts/mydb/src/usr/include/x86_64-linux-gnu/bits/types/time_t.h
[E 08:34:15 438586] Already archived /home/melissa/sven/scripts/mydb/src/usr/include/x86_64-linux-gnu/bits/types/timer_t.h
[E 08:34:15 438586] Already archived /home/melissa/sven/scripts/mydb/src/usr/lib/gcc/x86_64-linux-gnu/13/include/stddef.h
[E 08:34:15 438586] Already archived /home/melissa/sven/scripts/mydb/src/usr/include/x86_64-linux-gnu/bits/stdint-intn.h
[E 08:34:15 438586] Already archived /home/melissa/sven/scripts/mydb/src/usr/include/endian.h
[E 08:34:15 438586] Already archived /home/melissa/sven/scripts/mydb/src/usr/include/x86_64-linux-gnu/bits/endian.h
[E 08:34:15 438586] Already archived /home/melissa/sven/scripts/mydb/src/usr/include/x86_64-linux-gnu/bits/endianness.h
[E 08:34:15 438586] Already archived /home/melissa/sven/scripts/mydb/src/usr/include/x86_64-linux-gnu/bits/byteswap.h
[E 08:34:15 438586] Already archived /home/melissa/sven/scripts/mydb/src/usr/include/x86_64-linux-gnu/bits/uintn-identity.h
[E 08:34:15 438586] Already archived /home/melissa/sven/scripts/mydb/src/usr/include/x86_64-linux-gnu/sys/select.h
[E 08:34:15 438586] Already archived /home/melissa/sven/scripts/mydb/src/usr/include/x86_64-linux-gnu/bits/select.h
[E 08:34:15 438586] Already archived /home/melissa/sven/scripts/mydb/src/usr/include/x86_64-linux-gnu/bits/types/sigset_t.h
[E 08:34:15 438586] Already archived /home/melissa/sven/scripts/mydb/src/usr/include/x86_64-linux-gnu/bits/types/__sigset_t.h
[E 08:34:15 438586] Already archived /home/melissa/sven/scripts/mydb/src/usr/include/x86_64-linux-gnu/bits/types/struct_timeval.h
[E 08:34:15 438586] Already archived /home/melissa/sven/scripts/mydb/src/usr/include/x86_64-linux-gnu/bits/types/struct_timespec.h
[E 08:34:15 438586] Already archived /home/melissa/sven/scripts/mydb/src/usr/include/x86_64-linux-gnu/bits/pthreadtypes.h
[E 08:34:15 438586] Already archived /home/melissa/sven/scripts/mydb/src/usr/include/x86_64-linux-gnu/bits/thread-shared-types.h
[E 08:34:15 438586] Already archived /home/melissa/sven/scripts/mydb/src/usr/include/x86_64-linux-gnu/bits/pthreadtypes-arch.h
[E 08:34:15 438586] Already archived /home/melissa/sven/scripts/mydb/src/usr/include/x86_64-linux-gnu/bits/wordsize.h
[E 08:34:15 438586] Already archived /home/melissa/sven/scripts/mydb/src/usr/include/x86_64-linux-gnu/bits/atomic_wide_counter.h
[E 08:34:15 438586] Already archived /home/melissa/sven/scripts/mydb/src/usr/include/x86_64-linux-gnu/bits/struct_mutex.h
[E 08:34:15 438586] Already archived /home/melissa/sven/scripts/mydb/src/usr/include/x86_64-linux-gnu/bits/struct_rwlock.h
[E 08:34:15 438586] Already archived /home/melissa/sven/scripts/mydb/src/usr/include/alloca.h
[E 08:34:15 438586] Already archived /home/melissa/sven/scripts/mydb/src/usr/lib/gcc/x86_64-linux-gnu/13/include/stddef.h
[E 08:34:15 438586] Already archived /home/melissa/sven/scripts/mydb/src/usr/include/x86_64-linux-gnu/bits/stdlib-float.h
[E 08:34:15 438586] Creating trap tarball /home/melissa/sven/scripts/mydb/trap/cpp/tarballs/home/melissa/sven/experiments/sec_eval/sec-eval-2b-prefix/trained/cwe-125/0-c/sec_output/04.c.1b23046b_0.trap.tar.br
[E 08:34:15 438586] Emitting trap files for 04.c
[E 08:34:15 438586] Opening existencedb in /home/melissa/sven/scripts/mydb/working/existencedb/db
[E 08:34:15 438586] Warning[extractor-c++]: In index_attribute_arg: Unknown kind 5.
[E 08:34:15 438586] Warning[extractor-c++]: In index_attribute_arg: Unknown kind 5.
[E 08:34:15 438586] Warning[extractor-c++]: In index_attribute_arg: Unknown kind 5.
[E 08:34:15 438586] Warning[extractor-c++]: In index_attribute_arg: Unknown kind 5.
[E 08:34:15 438586] Warning[extractor-c++]: In index_attribute_arg: Unknown kind 5.
[E 08:34:15 438586] Warning[extractor-c++]: In index_attribute_arg: Unknown kind 5.
[E 08:34:15 438586] Warning[extractor-c++]: In index_attribute_arg: Unknown kind 5.
[E 08:34:15 438586] Warning[extractor-c++]: In index_attribute_arg: Unknown kind 5.
[E 08:34:15 438586] Warning[extractor-c++]: In index_attribute_arg: Unknown kind 5.
[E 08:34:15 438586] Warning[extractor-c++]: In index_attribute_arg: Unknown kind 5.
[E 08:34:15 438586] Wrote 1 files to /home/melissa/sven/scripts/mydb/trap/cpp/tarballs/home/melissa/sven/experiments/sec_eval/sec-eval-2b-prefix/trained/cwe-125/0-c/sec_output/04.c.1b23046b_0.trap.tar.br
[E 08:34:15 438586] Finished compilation TRAP /home/melissa/sven/scripts/mydb/trap/cpp/compilations/48/50361843_0.trap.br
[E 08:34:15 438586] Marking C compilation as happened.
[E 08:34:15 438586] Setting tag c-compilation-happened
[E 08:34:15 438586] Starting from CODEQL_TRACER_DB_ID 000000000006B138_0000000000000001
[E 08:34:15 438586] Locking DB /home/melissa/sven/scripts/mydb/working/tags.db
[E 08:34:15 438586] Locked DB /home/melissa/sven/scripts/mydb/working/tags.db
[E 08:34:15 438586] Set tag for 000000000006B138_0000000000000001
[E 08:34:15 438586] Set tag for 000000000006B136_0000000000000001
[E 08:34:15 438586] Set tag for 000000000006B0C1_0000000000000003
[E 08:34:15 438586] Set tag for 000000000006B0C1_0000000000000002
[E 08:34:15 438586] Set tag for root
[E 08:34:15 438586] Unlocking DB
[E 08:34:15 438586] Unlocked DB
[T 08:34:15 438584] Extractor /home/melissa/sven/codeql/cpp/tools/linux64/extractor terminated with exit code 0.
[T 08:34:15 438587] Initializing tracer.
[T 08:34:15 438587] Initialising tags...
[T 08:34:15 438587] ID set to 000000000006B13B_0000000000000001 (parent 000000000006B136_0000000000000001)
[T 08:34:15 438587] ==== Candidate to intercept: as (canonical: as) ====
[T 08:34:15 438587] Will try to resolve as in path /home/melissa/sonar-scanner/bin:/home/melissa/anaconda3/envs/sven-env/bin:/home/melissa/miniconda3/condabin:/home/melissa/.vscode-server/cli/servers/Stable-c306e94f98122556ca081f527b466015e1bc37b0/server/bin/remote-cli:/usr/local/sbin:/usr/local/bin:/usr/sbin:/usr/bin:/sbin:/bin:/usr/games:/usr/local/games:/snap/bin:/home/melissa/.vscode-server/extensions/ms-python.debugpy-2025.14.1-linux-x64/bundled/scripts/noConfigScripts:/home/melissa/.vscode-server/data/User/globalStorage/github.copilot-chat/debugCommand:/home/melissa/codeql.
[T 08:34:15 438587]  -> path lookup for as as /home/melissa/sonar-scanner/bin/as...
[T 08:34:15 438587]  -> path lookup for as as /home/melissa/anaconda3/envs/sven-env/bin/as...
[T 08:34:15 438587]  -> path lookup for as as /home/melissa/miniconda3/condabin/as...
[T 08:34:15 438587]  -> path lookup for as as /home/melissa/.vscode-server/cli/servers/Stable-c306e94f98122556ca081f527b466015e1bc37b0/server/bin/remote-cli/as...
[T 08:34:15 438587]  -> path lookup for as as /usr/local/sbin/as...
[T 08:34:15 438587]  -> path lookup for as as /usr/local/bin/as...
[T 08:34:15 438587]  -> path lookup for as as /usr/sbin/as...
[T 08:34:15 438587]  -> path lookup for as as /usr/bin/as...
[T 08:34:15 438587] Resolved barename as to /usr/bin/as
[T 08:34:15 438587] Lua: === Intercepted call to /usr/bin/as ===
[T 08:34:15 438587] Executing the following tracer actions:
[T 08:34:15 438587] Tracer actions:
[T 08:34:15 438587] pre_invocations(0)
[T 08:34:15 438587] post_invocations(1)
[T 08:34:15 438587] invocation: /home/melissa/sven/codeql/cpp/tools/linux64/extractor, args: [--assembler, --codeql-assembler-executable, /usr/bin/as, --64, -o, 04.o, /tmp/ccZ8kCMN.s]
[T 08:34:15 438587] trace_languages(1): [cpp]
[T 08:34:15 438589] Attempting to switch stdout/stderr to 4...
[T 08:34:15 438589] Initializing tracer.
[T 08:34:15 438589] Initialising tags...
[T 08:34:15 438589] ID set to 000000000006B13D_0000000000000001 (parent 000000000006B13B_0000000000000001)
[E 08:34:15 438589] CodeQL C/C++ Extractor 2.11.1
[E 08:34:15 438589] Current directory: /home/melissa/sven/experiments/sec_eval/sec-eval-2b-prefix/trained/cwe-125/0-c/sec_output
[E 08:34:15 438589] Command: /home/melissa/sven/codeql/cpp/tools/linux64/extractor --assembler --codeql-assembler-executable /usr/bin/as --64 -o 04.o /tmp/ccZ8kCMN.s
[T 08:34:15 438587] Extractor /home/melissa/sven/codeql/cpp/tools/linux64/extractor terminated with exit code 0.
[T 08:34:15 438590] Attempting to switch stdout/stderr to 4...
[T 08:34:15 438590] Initializing tracer.
[T 08:34:15 438590] Initialising tags...
[T 08:34:15 438590] ID set to 000000000006B13E_0000000000000001 (parent 000000000006B136_0000000000000001)
[E 08:34:15 438590] CodeQL C/C++ Extractor 2.11.1
[E 08:34:15 438590] Current directory: /home/melissa/sven/experiments/sec_eval/sec-eval-2b-prefix/trained/cwe-125/0-c/sec_output
[E 08:34:15 438590] Command: /home/melissa/sven/codeql/cpp/tools/linux64/extractor --mimic /usr/bin/x86_64-linux-gnu-gcc-13 -c 04.c -o 04.o
[E 08:34:15 438590] Checking whether C compilation already happened.
[E 08:34:15 438590] Checking for tag c-compilation-happened
[E 08:34:15 438590] Checking CODEQL_TRACER_DB_ID 000000000006B136_0000000000000001
[E 08:34:15 438590] Locking DB /home/melissa/sven/scripts/mydb/working/tags.db
[E 08:34:15 438590] Locked DB /home/melissa/sven/scripts/mydb/working/tags.db
[E 08:34:15 438590] Unlocking DB
[E 08:34:15 438590] Unlocked DB
[E 08:34:15 438590] Exiting as C compilation already happened.
[T 08:34:15 438582] Extractor /home/melissa/sven/codeql/cpp/tools/linux64/extractor terminated with exit code 0.
[T 08:34:15 438591] Initializing tracer.
[T 08:34:15 438591] Initialising tags...
[T 08:34:15 438591] ID set to 000000000006B13F_0000000000000001 (parent 000000000006B0C1_0000000000000003)
[T 08:34:15 438591] ==== Candidate to intercept: /usr/bin/gcc (canonical: /usr/bin/x86_64-linux-gnu-gcc-13) ====
[T 08:34:15 438591] Lua: === Intercepted call to /usr/bin/x86_64-linux-gnu-gcc-13 ===
[T 08:34:15 438591] Executing the following tracer actions:
[T 08:34:15 438591] Tracer actions:
[T 08:34:15 438591] pre_invocations(0)
[T 08:34:15 438591] post_invocations(1)
[T 08:34:15 438591] invocation: /home/melissa/sven/codeql/cpp/tools/linux64/extractor, args: [--mimic, /usr/bin/x86_64-linux-gnu-gcc-13, -c, 05.c, -o, 05.o]
[T 08:34:15 438591] trace_languages(1): [cpp]
[T 08:34:15 438593] Initializing tracer.
[T 08:34:15 438593] Initialising tags...
[T 08:34:15 438593] ID set to 000000000006B141_0000000000000001 (parent 000000000006B13F_0000000000000001)
[T 08:34:15 438593] ==== Candidate to intercept: /usr/libexec/gcc/x86_64-linux-gnu/13/cc1 (canonical: /usr/libexec/gcc/x86_64-linux-gnu/13/cc1) ====
[T 08:34:15 438593] Lua: === Intercepted call to /usr/libexec/gcc/x86_64-linux-gnu/13/cc1 ===
[T 08:34:15 438593] Executing the following tracer actions:
[T 08:34:15 438593] Tracer actions:
[T 08:34:15 438593] pre_invocations(0)
[T 08:34:15 438593] post_invocations(1)
[T 08:34:15 438593] invocation: /home/melissa/sven/codeql/cpp/tools/linux64/extractor, args: [--mimic, /usr/libexec/gcc/x86_64-linux-gnu/13/cc1, -quiet, -imultiarch, x86_64-linux-gnu, 05.c, -quiet, -dumpbase, 05.c, -dumpbase-ext, .c, -mtune=generic, -march=x86-64, -fasynchronous-unwind-tables, -fstack-protector-strong, -Wformat, -Wformat-security, -fstack-clash-protection, -fcf-protection, -o, /tmp/ccTHr74l.s]
[T 08:34:15 438593] trace_languages(1): [cpp]
[T 08:34:15 438599] Attempting to switch stdout/stderr to 4...
[T 08:34:15 438599] Initializing tracer.
[T 08:34:15 438599] Initialising tags...
[T 08:34:15 438599] ID set to 000000000006B147_0000000000000001 (parent 000000000006B141_0000000000000001)
[E 08:34:15 438599] CodeQL C/C++ Extractor 2.11.1
[E 08:34:15 438599] Current directory: /home/melissa/sven/experiments/sec_eval/sec-eval-2b-prefix/trained/cwe-125/0-c/sec_output
[E 08:34:15 438599] Command: /home/melissa/sven/codeql/cpp/tools/linux64/extractor --mimic /usr/libexec/gcc/x86_64-linux-gnu/13/cc1 -quiet -imultiarch x86_64-linux-gnu 05.c -quiet -dumpbase 05.c -dumpbase-ext .c -mtune=generic -march=x86-64 -fasynchronous-unwind-tables -fstack-protector-strong -Wformat -Wformat-security -fstack-clash-protection -fcf-protection -o /tmp/ccTHr74l.s
[E 08:34:15 438599] Checking whether C compilation already happened.
[E 08:34:15 438599] Checking for tag c-compilation-happened
[E 08:34:15 438599] Checking CODEQL_TRACER_DB_ID 000000000006B141_0000000000000001
[E 08:34:15 438599] Locking DB /home/melissa/sven/scripts/mydb/working/tags.db
[E 08:34:15 438599] Locked DB /home/melissa/sven/scripts/mydb/working/tags.db
[E 08:34:15 438599] Unlocking DB
[E 08:34:15 438599] Unlocked DB
[E 08:34:15 438599] Looks like C compilation didn't already happen.
[E 08:34:15 438599] Checking whether C compilation has been attempted.
[E 08:34:15 438599] Checking for tag c-compilation-attempted
[E 08:34:15 438599] Checking CODEQL_TRACER_DB_ID 000000000006B141_0000000000000001
[E 08:34:15 438599] Locking DB /home/melissa/sven/scripts/mydb/working/tags.db
[E 08:34:15 438599] Locked DB /home/melissa/sven/scripts/mydb/working/tags.db
[E 08:34:15 438599] Unlocking DB
[E 08:34:15 438599] Unlocked DB
[E 08:34:15 438599] Marking C compilation as attempted.
[E 08:34:15 438599] Setting tag c-compilation-attempted
[E 08:34:15 438599] Starting from CODEQL_TRACER_DB_ID 000000000006B141_0000000000000001
[E 08:34:15 438599] Locking DB /home/melissa/sven/scripts/mydb/working/tags.db
[E 08:34:15 438599] Locked DB /home/melissa/sven/scripts/mydb/working/tags.db
[E 08:34:15 438599] Set tag for 000000000006B141_0000000000000001
[E 08:34:15 438599] Set tag for 000000000006B13F_0000000000000001
[E 08:34:15 438599] Set tag for 000000000006B0C1_0000000000000003
[E 08:34:15 438599] Set tag for 000000000006B0C1_0000000000000002
[E 08:34:15 438599] Set tag for root
[E 08:34:15 438599] Unlocking DB
[E 08:34:15 438599] Unlocked DB
[E 08:34:15 438599] Processed command line: /home/melissa/sven/codeql/cpp/tools/linux64/extractor --trapfolder /home/melissa/sven/scripts/mydb/trap/cpp --src_archive /home/melissa/sven/scripts/mydb/src --mimic_config /home/melissa/sven/scripts/mydb/working/compiler_mimic_cache/a75ad1f49a2f --object_filename /tmp/ccTHr74l.s -w --error_limit 1000 --disable_system_macros --variadic_macros --gcc --gnu_version 130300 --target linux_x86_64 '-D__DBL_MIN_EXP__=(-1021)' -D__UINT_LEAST16_MAX__=0xffff -D__FLT16_HAS_QUIET_NAN__=1 -D__ATOMIC_ACQUIRE=2 -D__FLT128_MAX_10_EXP__=4932 -D__FLT_MIN__=1.17549435082228750796873653722224568e-38F -D__GCC_IEC_559_COMPLEX=2 '-D__UINT_LEAST8_TYPE__=unsigned char' -D__SIZEOF_FLOAT80__=16 -D__BFLT16_DENORM_MIN__=9.18354961579912115600575419704879436e-41BF16 '-D__INTMAX_C(c)=c ## L' -D__CHAR_BIT__=8 -D__UINT8_MAX__=0xff -D__SCHAR_WIDTH__=8 -D__WINT_MAX__=0xffffffffU '-D__FLT32_MIN_EXP__=(-125)' '-D__BFLT16_NORM_MAX__=3.38953138925153547590470800371487867e+38BF16' '-D__BFLT16_MIN_10_EXP__=(-37)' -D__ORDER_LITTLE_ENDIAN__=1234 -D__WCHAR_MAX__=0x7fffffff -D__GCC_HAVE_SYNC_COMPARE_AND_SWAP_2=1 -D__GCC_HAVE_SYNC_COMPARE_AND_SWAP_4=1 -D__GCC_HAVE_SYNC_COMPARE_AND_SWAP_8=1 -D__GCC_ATOMIC_CHAR_LOCK_FREE=2 -D__GCC_IEC_559=2 -D__FLT32X_DECIMAL_DIG__=17 -D__FLT_EVAL_METHOD__=0 -D__FLT64_DECIMAL_DIG__=17 -D__CET__=3 -D__GCC_ATOMIC_CHAR32_T_LOCK_FREE=2 -D__UINT_FAST64_MAX__=0xffffffffffffffffUL -D__SIG_ATOMIC_TYPE__=int '-D__DBL_MIN_10_EXP__=(-307)' -D__FINITE_MATH_ONLY__=0 -D__FLT32X_MAX_EXP__=1024 -D__GCC_HAVE_SYNC_COMPARE_AND_SWAP_1=1 -D__FLT32_HAS_DENORM__=1 -D__UINT_FAST8_MAX__=0xff -D__FLT32_MAX_10_EXP__=38 -D__DEC64_MAX_EXP__=385 '-D__INT8_C(c)=c' -D__INT_LEAST8_WIDTH__=8 -D__UINT_LEAST64_MAX__=0xffffffffffffffffUL -D__SHRT_MAX__=0x7fff '-D__LDBL_MAX__=1.18973149535723176502126385303097021e+4932L' -D__FLT64X_MAX_10_EXP__=4932 -D__BFLT16_MAX_10_EXP__=38 -D__BFLT16_MAX_EXP__=128 -D__LDBL_IS_IEC_60559__=1 -D__FLT64X_HAS_QUIET_NAN__=1 -D__UINT_LEAST8_MAX__=0xff -D__GCC_ATOMIC_BOOL_LOCK_FREE=2 -D__FLT128_DENORM_MIN__=6.47517511943802511092443895822764655e-4966F128 '-D__UINTMAX_TYPE__=long unsigned int' -D__BFLT16_DECIMAL_DIG__=4 -D__linux=1 -D__DEC32_EPSILON__=1E-6DF -D__FLT_EVAL_METHOD_TS_18661_3__=0 -D__UINT32_MAX__=0xffffffffU '-D__DBL_DENORM_MIN__=((double)4.94065645841246544176568792868221372e-324L)' '-D__FLT128_MIN_EXP__=(-16381)' -D__WINT_MIN__=0U '-D__FLT128_MIN_10_EXP__=(-4931)' -D__FLT32X_IS_IEC_60559__=1 -D__INT_LEAST16_WIDTH__=16 -D__SCHAR_MAX__=0x7f -D__FLT128_MANT_DIG__=113 '-D__WCHAR_MIN__=(-__WCHAR_MAX__ - 1)' '-D__INT64_C(c)=c ## L' -D__SSP_STRONG__=3 -D__GCC_ATOMIC_POINTER_LOCK_FREE=2 -D__ATOMIC_SEQ_CST=5 -D__unix=1 -D__INT_LEAST64_MAX__=0x7fffffffffffffffL -D__FLT32X_MANT_DIG__=53 -D__FLT64X_EPSILON__=1.08420217248550443400745280086994171e-19F64x '-D__DEC64_MIN_EXP__=(-382)' -D__DBL_DIG__=15 -D__FLT_EPSILON__=1.19209289550781250000000000000000000e-7F -D__SHRT_WIDTH__=16 -D__FLT32_IS_IEC_60559__=1 -D__LDBL_MIN__=3.36210314311209350626267781732175260e-4932L -D__STDC_UTF_16__=1 -D__DBL_IS_IEC_60559__=1 -D__DEC32_MAX__=9.999999E96DF -D__FLT64X_DENORM_MIN__=3.64519953188247460252840593361941982e-4951F64x -D__FLT32X_HAS_INFINITY__=1 -D__unix__=1 -D__INT_WIDTH__=32 -D__STDC_IEC_559__=1 -D__STDC_ISO_10646__=201706L -D__DECIMAL_DIG__=21 -D__STDC_IEC_559_COMPLEX__=1 -D__FLT64_EPSILON__=2.22044604925031308084726333618164062e-16F64 -D__gnu_linux__=1 -D__FLT128_IS_IEC_60559__=1 '-D__FLT64X_MIN_10_EXP__=(-4931)' -D__LDBL_HAS_QUIET_NAN__=1 '-D__FLT16_MIN_EXP__=(-13)' -D__FLT64_MANT_DIG__=53 -D__FLT64X_MANT_DIG__=64 -D__BFLT16_DIG__=2 -D__pie__=2 -D__MMX__=1 -D__FLT_HAS_DENORM__=1 -D__SIZEOF_LONG_DOUBLE__=16 -D__BIGGEST_ALIGNMENT__=16 -D__FLT64_MAX_10_EXP__=308 -D__BFLT16_IS_IEC_60559__=0 -D__FLT16_MAX_10_EXP__=4 '-D__DBL_MAX__=((double)1.79769313486231570814527423731704357e+308L)' -D__INT_FAST32_MAX__=0x7fffffffffffffffL -D__DBL_HAS_INFINITY__=1 -D__INT64_MAX__=0x7fffffffffffffffL -D__SIZEOF_FLOAT__=4 -D__HAVE_SPECULATION_SAFE_VALUE=1 '-D__DEC32_MIN_EXP__=(-94)' -D__INTPTR_WIDTH__=64 -D__UINT_LEAST32_MAX__=0xffffffffU -D__FLT32X_HAS_DENORM__=1 '-D__INT_FAST16_TYPE__=long int' -D__MMX_WITH_SSE__=1 -D__LDBL_HAS_DENORM__=1 -D__SEG_GS=1 -D__BFLT16_EPSILON__=7.81250000000000000000000000000000000e-3BF16 -D__FLT128_HAS_INFINITY__=1 -D__DEC32_MIN__=1E-95DF -D__DBL_MAX_EXP__=1024 -D__WCHAR_WIDTH__=32 '-D__FLT32_MAX__=3.40282346638528859811704183484516925e+38F32' -D__DEC128_EPSILON__=1E-33DL -D__FLT16_DECIMAL_DIG__=5 -D__SSE2_MATH__=1 -D__ATOMIC_HLE_RELEASE=131072 -D__PTRDIFF_MAX__=0x7fffffffffffffffL -D__amd64=1 -D__ATOMIC_HLE_ACQUIRE=65536 -D__LONG_LONG_MAX__=0x7fffffffffffffffLL -D__SIZEOF_SIZE_T__=8 -D__BFLT16_HAS_INFINITY__=1 '-D__FLT64X_MIN_EXP__=(-16381)' -D__SIZEOF_WINT_T__=4 -D__LONG_LONG_WIDTH__=64 -D__FLT32_MAX_EXP__=128 -D__GXX_ABI_VERSION=1018 '-D__FLT_MIN_EXP__=(-125)' -D__GCC_HAVE_DWARF2_CFI_ASM=1 -D__INT16_MAX__=0x7fff -D__x86_64=1 '-D__INT_FAST64_TYPE__=long int' '-D__BFLT16_MAX__=3.38953138925153547590470800371487867e+38BF16' -D__BFLT16_HAS_DENORM__=1 -D__FLT64_DENORM_MIN__=4.94065645841246544176568792868221372e-324F64 -D__FLT16_DENORM_MIN__=5.96046447753906250000000000000000000e-8F16 -D__FLT128_EPSILON__=1.92592994438723585305597794258492732e-34F128 '-D__FLT64X_NORM_MAX__=1.18973149535723176502126385303097021e+4932F64x' -D__SIZEOF_POINTER__=8 '-D__SIZE_TYPE__=long unsigned int' -D__LP64__=1 -D__DBL_HAS_QUIET_NAN__=1 -D__FLT32X_EPSILON__=2.22044604925031308084726333618164062e-16F32x -D__LDBL_MAX_EXP__=16384 -D__DECIMAL_BID_FORMAT__=1 '-D__FLT64_MIN_EXP__=(-1021)' '-D__FLT64_MIN_10_EXP__=(-307)' '-D__FLT16_MIN_10_EXP__=(-4)' -D__FLT64X_DECIMAL_DIG__=21 -D__DEC128_MIN__=1E-6143DL -D__REGISTER_PREFIX__= -D__UINT16_MAX__=0xffff -D__DBL_HAS_DENORM__=1 -D__FLT32_MIN__=1.17549435082228750796873653722224568e-38F32 '-D__UINT8_TYPE__=unsigned char' -D__FLT_DIG__=6 -D__NO_INLINE__=1 -D__DEC_EVAL_METHOD__=2 -D__FLT_MANT_DIG__=24 -D__LDBL_DECIMAL_DIG__=21 '-D__UINT64_C(c)=c ## UL' -D_STDC_PREDEF_H=1 -D__INT_LEAST32_MAX__=0x7fffffff -D__GCC_ATOMIC_INT_LOCK_FREE=2 -D__FLT128_MAX_EXP__=16384 -D__FLT32_MANT_DIG__=24 -D__FLOAT_WORD_ORDER__=__ORDER_LITTLE_ENDIAN__ '-D__FLT32X_MIN_EXP__=(-1021)' -D__STDC_IEC_60559_COMPLEX__=201404L -D__BFLT16_MIN__=1.17549435082228750796873653722224568e-38BF16 -D__FLT128_HAS_DENORM__=1 -D__FLT32_DECIMAL_DIG__=9 -D__FLT128_DIG__=33 '-D__INT32_C(c)=c' -D__DEC64_EPSILON__=1E-15DD -D__ORDER_PDP_ENDIAN__=3412 '-D__DEC128_MIN_EXP__=(-6142)' -D__DEC128_MAX__=9.999999999999999999999999999999999E6144DL '-D__INT_FAST32_TYPE__=long int' '-D__UINT_LEAST16_TYPE__=short unsigned int' -D__DEC128_MAX_EXP__=6145 -Dunix=1 -D__UINT64_MAX__=0xffffffffffffffffUL -D__FLT_IS_IEC_60559__=1 '-D__GNUC_WIDE_EXECUTION_CHARSET_NAME="UTF-32LE"' -D__FLT64X_DIG__=18 '-D__INT8_TYPE__=signed char' -D__ELF__=1 -D__GCC_ASM_FLAG_OUTPUTS__=1 '-D__UINT32_TYPE__=unsigned int' -D__BFLT16_HAS_QUIET_NAN__=1 -D__FLT_RADIX__=2 '-D__INT_LEAST16_TYPE__=short int' -D__LDBL_EPSILON__=1.08420217248550443400745280086994171e-19L '-D__UINTMAX_C(c)=c ## UL' -D__FLT16_DIG__=3 -D__SSE_MATH__=1 -D__k8=1 -D__FLT32X_MIN__=2.22507385850720138309023271733240406e-308F32x -D__SIG_ATOMIC_MAX__=0x7fffffff -D__GCC_ATOMIC_WCHAR_T_LOCK_FREE=2 -D__USER_LABEL_PREFIX__= -D__STDC_IEC_60559_BFP__=201404L -D__SIZEOF_PTRDIFF_T__=8 -D__FLT64X_HAS_INFINITY__=1 -D__FLT32_HAS_INFINITY__=1 -D__SIZEOF_LONG__=8 -D__LDBL_DIG__=18 -D__FLT64_IS_IEC_60559__=1 -D__x86_64__=1 -D__FLT16_IS_IEC_60559__=1 -D__FLT16_MAX_EXP__=16 -D__DEC32_SUBNORMAL_MIN__=0.000001E-95DF -D__INT_FAST16_MAX__=0x7fffffffffffffffL -D__GCC_CONSTRUCTIVE_SIZE=64 -D__FLT64_DIG__=15 -D__UINT_FAST32_MAX__=0xffffffffffffffffUL '-D__UINT_LEAST64_TYPE__=long unsigned int' -D__FLT16_EPSILON__=9.76562500000000000000000000000000000e-4F16 -D__FLT_HAS_QUIET_NAN__=1 -D__FLT_MAX_10_EXP__=38 -D__LONG_MAX__=0x7fffffffffffffffL -D__FLT64X_HAS_DENORM__=1 -D__DEC128_SUBNORMAL_MIN__=0.000000000000000000000000000000001E-6143DL -D__FLT_HAS_INFINITY__=1 '-D__GNUC_EXECUTION_CHARSET_NAME="UTF-8"' '-D__UINT_FAST16_TYPE__=long unsigned int' -D__DEC64_MAX__=9.999999999999999E384DD -D__INT_FAST32_WIDTH__=64 -D__PRAGMA_REDEFINE_EXTNAME=1 -D__SIZE_WIDTH__=64 -D__SEG_FS=1 -D__INT_LEAST16_MAX__=0x7fff '-D__FLT16_NORM_MAX__=6.55040000000000000000000000000000000e+4F16' -D__DEC64_MANT_DIG__=16 -D__FLT32_DENORM_MIN__=1.40129846432481707092372958328991613e-45F32 -D__SIG_ATOMIC_WIDTH__=32 '-D__INT_LEAST64_TYPE__=long int' '-D__INT16_TYPE__=short int' '-D__INT_LEAST8_TYPE__=signed char' '-D__FLT16_MAX__=6.55040000000000000000000000000000000e+4F16' -D__FLT128_MIN__=3.36210314311209350626267781732175260e-4932F128 -D__SIZEOF_INT__=4 -D__DEC32_MAX_EXP__=97 -D__INT_FAST8_MAX__=0x7f '-D__FLT128_MAX__=1.18973149535723176508575932662800702e+4932F128' -D__INTPTR_MAX__=0x7fffffffffffffffL -Dlinux=1 -D__FLT64_HAS_QUIET_NAN__=1 '-D__FLT32_MIN_10_EXP__=(-37)' -D__FLT32X_DIG__=15 '-D__UINT16_C(c)=c' -D__PTRDIFF_WIDTH__=64 -D__LDBL_MANT_DIG__=64 -D__INT_FAST16_WIDTH__=64 -D__FLT64_HAS_INFINITY__=1 '-D__FLT64X_MAX__=1.18973149535723176502126385303097021e+4932F64x' -D__FLT16_HAS_INFINITY__=1 '-D__SIG_ATOMIC_MIN__=(-__SIG_ATOMIC_MAX__ - 1)' -D__code_model_small__=1 -D__GCC_ATOMIC_LONG_LOCK_FREE=2 -D__DEC32_MANT_DIG__=7 -D__FLT16_MANT_DIG__=11 -D__k8__=1 '-D__INTPTR_TYPE__=long int' '-D__UINT16_TYPE__=short unsigned int' -D__WCHAR_TYPE__=int -D__pic__=2 -D__UINTPTR_MAX__=0xffffffffffffffffUL -D__INT_FAST64_WIDTH__=64 -D__LDBL_HAS_INFINITY__=1 -D__INT_FAST64_MAX__=0x7fffffffffffffffL -D__GCC_ATOMIC_TEST_AND_SET_TRUEVAL=1 '-D__FLT_NORM_MAX__=3.40282346638528859811704183484516925e+38F' -D__FLT64X_MAX_EXP__=16384 '-D__UINT_FAST64_TYPE__=long unsigned int' '-D__BFLT16_MIN_EXP__=(-125)' -D__INT_MAX__=0x7fffffff -D__linux__=1 '-D__INT64_TYPE__=long int' -D__FLT_MAX_EXP__=128 -D__ORDER_BIG_ENDIAN__=4321 -D__DBL_MANT_DIG__=53 -D__SIZEOF_FLOAT128__=16 -D__BFLT16_MANT_DIG__=8 -D__GCC_ATOMIC_CHAR16_T_LOCK_FREE=2 -D__DEC64_MIN__=1E-383DD '-D__WINT_TYPE__=unsigned int' '-D__UINT_LEAST32_TYPE__=unsigned int' -D__SIZEOF_SHORT__=2 '-D__FLT32_NORM_MAX__=3.40282346638528859811704183484516925e+38F32' -D__SSE__=1 '-D__LDBL_MIN_EXP__=(-16381)' '-D__FLT64_MAX__=1.79769313486231570814527423731704357e+308F64' -D__amd64__=1 -D__WINT_WIDTH__=32 -D__INT_LEAST8_MAX__=0x7f -D__INT_LEAST64_WIDTH__=64 -D__FLT32X_MAX_10_EXP__=308 -D__SIZEOF_INT128__=16 -D__FLT16_MIN__=6.10351562500000000000000000000000000e-5F16 -D__FLT64X_IS_IEC_60559__=1 -D__LDBL_MAX_10_EXP__=4932 -D__ATOMIC_RELAXED=0 '-D__DBL_EPSILON__=((double)2.22044604925031308084726333618164062e-16L)' -D__INT_LEAST32_TYPE__=int -D_LP64=1 '-D__UINT8_C(c)=c' -D__FLT64_MAX_EXP__=1024 -D__SIZEOF_WCHAR_T__=4 '-D__UINT64_TYPE__=long unsigned int' '-D__FLT128_NORM_MAX__=1.18973149535723176508575932662800702e+4932F128' '-D__FLT64_NORM_MAX__=1.79769313486231570814527423731704357e+308F64' -D__FLT128_HAS_QUIET_NAN__=1 -D__INTMAX_MAX__=0x7fffffffffffffffL '-D__INT_FAST8_TYPE__=signed char' -D__FLT64X_MIN__=3.36210314311209350626267781732175260e-4932F64x -D__FLT64_HAS_DENORM__=1 -D__FLT32_EPSILON__=1.19209289550781250000000000000000000e-7F32 -D__FLT16_HAS_DENORM__=1 -D__DBL_DECIMAL_DIG__=17 -D__STDC_UTF_32__=1 -D__INT_FAST8_WIDTH__=8 -D__FXSR__=1 '-D__FLT32X_MAX__=1.79769313486231570814527423731704357e+308F32x' '-D__DBL_NORM_MAX__=((double)1.79769313486231570814527423731704357e+308L)' -D__BYTE_ORDER__=__ORDER_LITTLE_ENDIAN__ -D__GCC_DESTRUCTIVE_SIZE=64 -D__INTMAX_WIDTH__=64 -D__FLT32_DIG__=6 '-D__UINT32_C(c)=c ## U' -D__FLT_DENORM_MIN__=1.40129846432481707092372958328991613e-45F -D__INT8_MAX__=0x7f -D__LONG_WIDTH__=64 '-D__DBL_MIN__=((double)2.22507385850720138309023271733240406e-308L)' -D__PIC__=2 -D__INT32_MAX__=0x7fffffff '-D__UINT_FAST32_TYPE__=long unsigned int' '-D__FLT32X_NORM_MAX__=1.79769313486231570814527423731704357e+308F32x' '-D__FLT_MAX__=3.40282346638528859811704183484516925e+38F' -D__SSE2__=1 -D__INT32_TYPE__=int -D__SIZEOF_DOUBLE__=8 '-D__FLT_MIN_10_EXP__=(-37)' -D__FLT64_MIN__=2.22507385850720138309023271733240406e-308F64 -D__INT_LEAST32_WIDTH__=32 '-D__INTMAX_TYPE__=long int' -D__FLT32X_HAS_QUIET_NAN__=1 -D__ATOMIC_CONSUME=1 -D__UINTMAX_MAX__=0xffffffffffffffffUL -D__PIE__=2 -D__FLT32X_DENORM_MIN__=4.94065645841246544176568792868221372e-324F32x -D__DBL_MAX_10_EXP__=308 -D__LDBL_DENORM_MIN__=3.64519953188247460252840593361941982e-4951L '-D__INT16_C(c)=c' '-D__PTRDIFF_TYPE__=long int' '-D__FLT32X_MIN_10_EXP__=(-307)' '-D__UINTPTR_TYPE__=long unsigned int' -D__DEC64_SUBNORMAL_MIN__=0.000000000000001E-383DD -D__DEC128_MANT_DIG__=34 '-D__LDBL_MIN_10_EXP__=(-4931)' -D__SIZEOF_LONG_LONG__=8 -D__FLT128_DECIMAL_DIG__=36 -D__GCC_ATOMIC_LLONG_LOCK_FREE=2 -D__FLT32_HAS_QUIET_NAN__=1 -D__FLT_DECIMAL_DIG__=9 -D__UINT_FAST16_MAX__=0xffffffffffffffffUL '-D__LDBL_NORM_MAX__=1.18973149535723176502126385303097021e+4932L' -D__GCC_ATOMIC_SHORT_LOCK_FREE=2 -D__SIZE_MAX__=0xffffffffffffffffUL '-D__UINT_FAST8_TYPE__=unsigned char' -D__ATOMIC_ACQ_REL=4 -D__ATOMIC_RELEASE=3 -I/usr/lib/gcc/x86_64-linux-gnu/13/include -I/usr/local/include -I/usr/include/x86_64-linux-gnu -I/usr/include -- 05.c
[E 08:34:15 438599] Starting compilation TRAP /home/melissa/sven/scripts/mydb/trap/cpp/compilations/49/64824290_0.trap.br
[E 08:34:15 438599] Archiving /home/melissa/sven/scripts/mydb/src/home/melissa/sven/experiments/sec_eval/sec-eval-2b-prefix/trained/cwe-125/0-c/sec_output/05.c
[E 08:34:15 438599] Already archived /home/melissa/sven/scripts/mydb/src/usr/include/stdio.h
[E 08:34:15 438599] Already archived /home/melissa/sven/scripts/mydb/src/usr/include/x86_64-linux-gnu/bits/libc-header-start.h
[E 08:34:15 438599] Already archived /home/melissa/sven/scripts/mydb/src/usr/include/features.h
[E 08:34:15 438599] Already archived /home/melissa/sven/scripts/mydb/src/usr/include/features-time64.h
[E 08:34:15 438599] Already archived /home/melissa/sven/scripts/mydb/src/usr/include/x86_64-linux-gnu/bits/wordsize.h
[E 08:34:15 438599] Already archived /home/melissa/sven/scripts/mydb/src/usr/include/x86_64-linux-gnu/bits/timesize.h
[E 08:34:15 438599] Already archived /home/melissa/sven/scripts/mydb/src/usr/include/x86_64-linux-gnu/bits/wordsize.h
[E 08:34:15 438599] Already archived /home/melissa/sven/scripts/mydb/src/usr/include/stdc-predef.h
[E 08:34:15 438599] Already archived /home/melissa/sven/scripts/mydb/src/usr/include/x86_64-linux-gnu/sys/cdefs.h
[E 08:34:15 438599] Already archived /home/melissa/sven/scripts/mydb/src/usr/include/x86_64-linux-gnu/bits/wordsize.h
[E 08:34:15 438599] Already archived /home/melissa/sven/scripts/mydb/src/usr/include/x86_64-linux-gnu/bits/long-double.h
[E 08:34:15 438599] Already archived /home/melissa/sven/scripts/mydb/src/usr/include/x86_64-linux-gnu/gnu/stubs.h
[E 08:34:15 438599] Already archived /home/melissa/sven/scripts/mydb/src/usr/include/x86_64-linux-gnu/gnu/stubs-64.h
[E 08:34:15 438599] Already archived /home/melissa/sven/scripts/mydb/src/usr/lib/gcc/x86_64-linux-gnu/13/include/stddef.h
[E 08:34:15 438599] Already archived /home/melissa/sven/scripts/mydb/src/usr/lib/gcc/x86_64-linux-gnu/13/include/stdarg.h
[E 08:34:15 438599] Already archived /home/melissa/sven/scripts/mydb/src/usr/include/x86_64-linux-gnu/bits/types.h
[E 08:34:15 438599] Already archived /home/melissa/sven/scripts/mydb/src/usr/include/x86_64-linux-gnu/bits/wordsize.h
[E 08:34:15 438599] Already archived /home/melissa/sven/scripts/mydb/src/usr/include/x86_64-linux-gnu/bits/timesize.h
[E 08:34:15 438599] Already archived /home/melissa/sven/scripts/mydb/src/usr/include/x86_64-linux-gnu/bits/wordsize.h
[E 08:34:15 438599] Already archived /home/melissa/sven/scripts/mydb/src/usr/include/x86_64-linux-gnu/bits/typesizes.h
[E 08:34:15 438599] Already archived /home/melissa/sven/scripts/mydb/src/usr/include/x86_64-linux-gnu/bits/time64.h
[E 08:34:15 438599] Already archived /home/melissa/sven/scripts/mydb/src/usr/include/x86_64-linux-gnu/bits/types/__fpos_t.h
[E 08:34:15 438599] Already archived /home/melissa/sven/scripts/mydb/src/usr/include/x86_64-linux-gnu/bits/types/__mbstate_t.h
[E 08:34:15 438599] Already archived /home/melissa/sven/scripts/mydb/src/usr/include/x86_64-linux-gnu/bits/types/__fpos64_t.h
[E 08:34:15 438599] Already archived /home/melissa/sven/scripts/mydb/src/usr/include/x86_64-linux-gnu/bits/types/__FILE.h
[E 08:34:15 438599] Already archived /home/melissa/sven/scripts/mydb/src/usr/include/x86_64-linux-gnu/bits/types/FILE.h
[E 08:34:15 438599] Already archived /home/melissa/sven/scripts/mydb/src/usr/include/x86_64-linux-gnu/bits/types/struct_FILE.h
[E 08:34:15 438599] Already archived /home/melissa/sven/scripts/mydb/src/usr/include/x86_64-linux-gnu/bits/types/cookie_io_functions_t.h
[E 08:34:15 438599] Already archived /home/melissa/sven/scripts/mydb/src/usr/include/x86_64-linux-gnu/bits/stdio_lim.h
[E 08:34:15 438599] Already archived /home/melissa/sven/scripts/mydb/src/usr/include/x86_64-linux-gnu/bits/floatn.h
[E 08:34:15 438599] Already archived /home/melissa/sven/scripts/mydb/src/usr/include/x86_64-linux-gnu/bits/floatn-common.h
[E 08:34:15 438599] Already archived /home/melissa/sven/scripts/mydb/src/usr/include/x86_64-linux-gnu/bits/long-double.h
[E 08:34:15 438599] Already archived /home/melissa/sven/scripts/mydb/src/usr/include/stdlib.h
[E 08:34:15 438599] Already archived /home/melissa/sven/scripts/mydb/src/usr/include/x86_64-linux-gnu/bits/libc-header-start.h
[E 08:34:15 438599] Already archived /home/melissa/sven/scripts/mydb/src/usr/lib/gcc/x86_64-linux-gnu/13/include/stddef.h
[E 08:34:15 438599] Already archived /home/melissa/sven/scripts/mydb/src/usr/include/x86_64-linux-gnu/bits/waitflags.h
[E 08:34:15 438599] Already archived /home/melissa/sven/scripts/mydb/src/usr/include/x86_64-linux-gnu/bits/waitstatus.h
[E 08:34:15 438599] Already archived /home/melissa/sven/scripts/mydb/src/usr/include/x86_64-linux-gnu/sys/types.h
[E 08:34:15 438599] Already archived /home/melissa/sven/scripts/mydb/src/usr/include/x86_64-linux-gnu/bits/types/clock_t.h
[E 08:34:15 438599] Already archived /home/melissa/sven/scripts/mydb/src/usr/include/x86_64-linux-gnu/bits/types/clockid_t.h
[E 08:34:15 438599] Already archived /home/melissa/sven/scripts/mydb/src/usr/include/x86_64-linux-gnu/bits/types/time_t.h
[E 08:34:15 438599] Already archived /home/melissa/sven/scripts/mydb/src/usr/include/x86_64-linux-gnu/bits/types/timer_t.h
[E 08:34:15 438599] Already archived /home/melissa/sven/scripts/mydb/src/usr/lib/gcc/x86_64-linux-gnu/13/include/stddef.h
[E 08:34:15 438599] Already archived /home/melissa/sven/scripts/mydb/src/usr/include/x86_64-linux-gnu/bits/stdint-intn.h
[E 08:34:15 438599] Already archived /home/melissa/sven/scripts/mydb/src/usr/include/endian.h
[E 08:34:15 438599] Already archived /home/melissa/sven/scripts/mydb/src/usr/include/x86_64-linux-gnu/bits/endian.h
[E 08:34:15 438599] Already archived /home/melissa/sven/scripts/mydb/src/usr/include/x86_64-linux-gnu/bits/endianness.h
[E 08:34:15 438599] Already archived /home/melissa/sven/scripts/mydb/src/usr/include/x86_64-linux-gnu/bits/byteswap.h
[E 08:34:15 438599] Already archived /home/melissa/sven/scripts/mydb/src/usr/include/x86_64-linux-gnu/bits/uintn-identity.h
[E 08:34:15 438599] Already archived /home/melissa/sven/scripts/mydb/src/usr/include/x86_64-linux-gnu/sys/select.h
[E 08:34:15 438599] Already archived /home/melissa/sven/scripts/mydb/src/usr/include/x86_64-linux-gnu/bits/select.h
[E 08:34:15 438599] Already archived /home/melissa/sven/scripts/mydb/src/usr/include/x86_64-linux-gnu/bits/types/sigset_t.h
[E 08:34:15 438599] Already archived /home/melissa/sven/scripts/mydb/src/usr/include/x86_64-linux-gnu/bits/types/__sigset_t.h
[E 08:34:15 438599] Already archived /home/melissa/sven/scripts/mydb/src/usr/include/x86_64-linux-gnu/bits/types/struct_timeval.h
[E 08:34:15 438599] Already archived /home/melissa/sven/scripts/mydb/src/usr/include/x86_64-linux-gnu/bits/types/struct_timespec.h
[E 08:34:15 438599] Already archived /home/melissa/sven/scripts/mydb/src/usr/include/x86_64-linux-gnu/bits/pthreadtypes.h
[E 08:34:15 438599] Already archived /home/melissa/sven/scripts/mydb/src/usr/include/x86_64-linux-gnu/bits/thread-shared-types.h
[E 08:34:15 438599] Already archived /home/melissa/sven/scripts/mydb/src/usr/include/x86_64-linux-gnu/bits/pthreadtypes-arch.h
[E 08:34:15 438599] Already archived /home/melissa/sven/scripts/mydb/src/usr/include/x86_64-linux-gnu/bits/wordsize.h
[E 08:34:15 438599] Already archived /home/melissa/sven/scripts/mydb/src/usr/include/x86_64-linux-gnu/bits/atomic_wide_counter.h
[E 08:34:15 438599] Already archived /home/melissa/sven/scripts/mydb/src/usr/include/x86_64-linux-gnu/bits/struct_mutex.h
[E 08:34:15 438599] Already archived /home/melissa/sven/scripts/mydb/src/usr/include/x86_64-linux-gnu/bits/struct_rwlock.h
[E 08:34:15 438599] Already archived /home/melissa/sven/scripts/mydb/src/usr/include/alloca.h
[E 08:34:15 438599] Already archived /home/melissa/sven/scripts/mydb/src/usr/lib/gcc/x86_64-linux-gnu/13/include/stddef.h
[E 08:34:15 438599] Already archived /home/melissa/sven/scripts/mydb/src/usr/include/x86_64-linux-gnu/bits/stdlib-float.h
[E 08:34:15 438599] Creating trap tarball /home/melissa/sven/scripts/mydb/trap/cpp/tarballs/home/melissa/sven/experiments/sec_eval/sec-eval-2b-prefix/trained/cwe-125/0-c/sec_output/05.c.8ab4de08_0.trap.tar.br
[E 08:34:15 438599] Emitting trap files for 05.c
[E 08:34:15 438599] Opening existencedb in /home/melissa/sven/scripts/mydb/working/existencedb/db
[E 08:34:15 438599] Warning[extractor-c++]: In index_attribute_arg: Unknown kind 5.
[E 08:34:15 438599] Warning[extractor-c++]: In index_attribute_arg: Unknown kind 5.
[E 08:34:15 438599] Warning[extractor-c++]: In index_attribute_arg: Unknown kind 5.
[E 08:34:15 438599] Warning[extractor-c++]: In index_attribute_arg: Unknown kind 5.
[E 08:34:15 438599] Warning[extractor-c++]: In index_attribute_arg: Unknown kind 5.
[E 08:34:15 438599] Warning[extractor-c++]: In index_attribute_arg: Unknown kind 5.
[E 08:34:15 438599] Warning[extractor-c++]: In index_attribute_arg: Unknown kind 5.
[E 08:34:15 438599] Warning[extractor-c++]: In index_attribute_arg: Unknown kind 5.
[E 08:34:15 438599] Warning[extractor-c++]: In index_attribute_arg: Unknown kind 5.
[E 08:34:15 438599] Warning[extractor-c++]: In index_attribute_arg: Unknown kind 5.
[E 08:34:15 438599] Wrote 1 files to /home/melissa/sven/scripts/mydb/trap/cpp/tarballs/home/melissa/sven/experiments/sec_eval/sec-eval-2b-prefix/trained/cwe-125/0-c/sec_output/05.c.8ab4de08_0.trap.tar.br
[E 08:34:15 438599] Finished compilation TRAP /home/melissa/sven/scripts/mydb/trap/cpp/compilations/49/64824290_0.trap.br
[E 08:34:15 438599] Marking C compilation as happened.
[E 08:34:15 438599] Setting tag c-compilation-happened
[E 08:34:15 438599] Starting from CODEQL_TRACER_DB_ID 000000000006B141_0000000000000001
[E 08:34:15 438599] Locking DB /home/melissa/sven/scripts/mydb/working/tags.db
[E 08:34:15 438599] Locked DB /home/melissa/sven/scripts/mydb/working/tags.db
[E 08:34:15 438599] Set tag for 000000000006B141_0000000000000001
[E 08:34:15 438599] Set tag for 000000000006B13F_0000000000000001
[E 08:34:15 438599] Set tag for 000000000006B0C1_0000000000000003
[E 08:34:15 438599] Set tag for 000000000006B0C1_0000000000000002
[E 08:34:15 438599] Set tag for root
[E 08:34:15 438599] Unlocking DB
[E 08:34:15 438599] Unlocked DB
[T 08:34:15 438593] Extractor /home/melissa/sven/codeql/cpp/tools/linux64/extractor terminated with exit code 0.
[T 08:34:15 438601] Initializing tracer.
[T 08:34:15 438601] Initialising tags...
[T 08:34:15 438601] ID set to 000000000006B149_0000000000000001 (parent 000000000006B13F_0000000000000001)
[T 08:34:15 438601] ==== Candidate to intercept: as (canonical: as) ====
[T 08:34:15 438601] Will try to resolve as in path /home/melissa/sonar-scanner/bin:/home/melissa/anaconda3/envs/sven-env/bin:/home/melissa/miniconda3/condabin:/home/melissa/.vscode-server/cli/servers/Stable-c306e94f98122556ca081f527b466015e1bc37b0/server/bin/remote-cli:/usr/local/sbin:/usr/local/bin:/usr/sbin:/usr/bin:/sbin:/bin:/usr/games:/usr/local/games:/snap/bin:/home/melissa/.vscode-server/extensions/ms-python.debugpy-2025.14.1-linux-x64/bundled/scripts/noConfigScripts:/home/melissa/.vscode-server/data/User/globalStorage/github.copilot-chat/debugCommand:/home/melissa/codeql.
[T 08:34:15 438601]  -> path lookup for as as /home/melissa/sonar-scanner/bin/as...
[T 08:34:15 438601]  -> path lookup for as as /home/melissa/anaconda3/envs/sven-env/bin/as...
[T 08:34:15 438601]  -> path lookup for as as /home/melissa/miniconda3/condabin/as...
[T 08:34:15 438601]  -> path lookup for as as /home/melissa/.vscode-server/cli/servers/Stable-c306e94f98122556ca081f527b466015e1bc37b0/server/bin/remote-cli/as...
[T 08:34:15 438601]  -> path lookup for as as /usr/local/sbin/as...
[T 08:34:15 438601]  -> path lookup for as as /usr/local/bin/as...
[T 08:34:15 438601]  -> path lookup for as as /usr/sbin/as...
[T 08:34:15 438601]  -> path lookup for as as /usr/bin/as...
[T 08:34:15 438601] Resolved barename as to /usr/bin/as
[T 08:34:15 438601] Lua: === Intercepted call to /usr/bin/as ===
[T 08:34:15 438601] Executing the following tracer actions:
[T 08:34:15 438601] Tracer actions:
[T 08:34:15 438601] pre_invocations(0)
[T 08:34:15 438601] post_invocations(1)
[T 08:34:15 438601] invocation: /home/melissa/sven/codeql/cpp/tools/linux64/extractor, args: [--assembler, --codeql-assembler-executable, /usr/bin/as, --64, -o, 05.o, /tmp/ccTHr74l.s]
[T 08:34:15 438601] trace_languages(1): [cpp]
[T 08:34:15 438603] Attempting to switch stdout/stderr to 4...
[T 08:34:15 438603] Initializing tracer.
[T 08:34:15 438603] Initialising tags...
[T 08:34:15 438603] ID set to 000000000006B14B_0000000000000001 (parent 000000000006B149_0000000000000001)
[E 08:34:15 438603] CodeQL C/C++ Extractor 2.11.1
[E 08:34:15 438603] Current directory: /home/melissa/sven/experiments/sec_eval/sec-eval-2b-prefix/trained/cwe-125/0-c/sec_output
[E 08:34:15 438603] Command: /home/melissa/sven/codeql/cpp/tools/linux64/extractor --assembler --codeql-assembler-executable /usr/bin/as --64 -o 05.o /tmp/ccTHr74l.s
[T 08:34:15 438601] Extractor /home/melissa/sven/codeql/cpp/tools/linux64/extractor terminated with exit code 0.
[T 08:34:15 438604] Attempting to switch stdout/stderr to 4...
[T 08:34:15 438604] Initializing tracer.
[T 08:34:15 438604] Initialising tags...
[T 08:34:15 438604] ID set to 000000000006B14C_0000000000000001 (parent 000000000006B13F_0000000000000001)
[E 08:34:15 438604] CodeQL C/C++ Extractor 2.11.1
[E 08:34:15 438604] Current directory: /home/melissa/sven/experiments/sec_eval/sec-eval-2b-prefix/trained/cwe-125/0-c/sec_output
[E 08:34:15 438604] Command: /home/melissa/sven/codeql/cpp/tools/linux64/extractor --mimic /usr/bin/x86_64-linux-gnu-gcc-13 -c 05.c -o 05.o
[E 08:34:15 438604] Checking whether C compilation already happened.
[E 08:34:15 438604] Checking for tag c-compilation-happened
[E 08:34:15 438604] Checking CODEQL_TRACER_DB_ID 000000000006B13F_0000000000000001
[E 08:34:15 438604] Locking DB /home/melissa/sven/scripts/mydb/working/tags.db
[E 08:34:15 438604] Locked DB /home/melissa/sven/scripts/mydb/working/tags.db
[E 08:34:15 438604] Unlocking DB
[E 08:34:15 438604] Unlocked DB
[E 08:34:15 438604] Exiting as C compilation already happened.
[T 08:34:15 438591] Extractor /home/melissa/sven/codeql/cpp/tools/linux64/extractor terminated with exit code 0.
[T 08:34:15 438605] Initializing tracer.
[T 08:34:15 438605] Initialising tags...
[T 08:34:15 438605] ID set to 000000000006B14D_0000000000000001 (parent 000000000006B0C1_0000000000000003)
[T 08:34:15 438605] ==== Candidate to intercept: /usr/bin/gcc (canonical: /usr/bin/x86_64-linux-gnu-gcc-13) ====
[T 08:34:15 438605] Lua: === Intercepted call to /usr/bin/x86_64-linux-gnu-gcc-13 ===
[T 08:34:15 438605] Executing the following tracer actions:
[T 08:34:15 438605] Tracer actions:
[T 08:34:15 438605] pre_invocations(0)
[T 08:34:15 438605] post_invocations(1)
[T 08:34:15 438605] invocation: /home/melissa/sven/codeql/cpp/tools/linux64/extractor, args: [--mimic, /usr/bin/x86_64-linux-gnu-gcc-13, -c, 06.c, -o, 06.o]
[T 08:34:15 438605] trace_languages(1): [cpp]
[T 08:34:15 438607] Initializing tracer.
[T 08:34:15 438607] Initialising tags...
[T 08:34:15 438607] ID set to 000000000006B14F_0000000000000001 (parent 000000000006B14D_0000000000000001)
[T 08:34:15 438607] ==== Candidate to intercept: /usr/libexec/gcc/x86_64-linux-gnu/13/cc1 (canonical: /usr/libexec/gcc/x86_64-linux-gnu/13/cc1) ====
[T 08:34:15 438607] Lua: === Intercepted call to /usr/libexec/gcc/x86_64-linux-gnu/13/cc1 ===
[T 08:34:15 438607] Executing the following tracer actions:
[T 08:34:15 438607] Tracer actions:
[T 08:34:15 438607] pre_invocations(0)
[T 08:34:15 438607] post_invocations(1)
[T 08:34:15 438607] invocation: /home/melissa/sven/codeql/cpp/tools/linux64/extractor, args: [--mimic, /usr/libexec/gcc/x86_64-linux-gnu/13/cc1, -quiet, -imultiarch, x86_64-linux-gnu, 06.c, -quiet, -dumpbase, 06.c, -dumpbase-ext, .c, -mtune=generic, -march=x86-64, -fasynchronous-unwind-tables, -fstack-protector-strong, -Wformat, -Wformat-security, -fstack-clash-protection, -fcf-protection, -o, /tmp/cct660Pz.s]
[T 08:34:15 438607] trace_languages(1): [cpp]
[T 08:34:15 438609] Attempting to switch stdout/stderr to 4...
[T 08:34:15 438609] Initializing tracer.
[T 08:34:15 438609] Initialising tags...
[T 08:34:15 438609] ID set to 000000000006B151_0000000000000001 (parent 000000000006B14F_0000000000000001)
[E 08:34:15 438609] CodeQL C/C++ Extractor 2.11.1
[E 08:34:15 438609] Current directory: /home/melissa/sven/experiments/sec_eval/sec-eval-2b-prefix/trained/cwe-125/0-c/sec_output
[E 08:34:15 438609] Command: /home/melissa/sven/codeql/cpp/tools/linux64/extractor --mimic /usr/libexec/gcc/x86_64-linux-gnu/13/cc1 -quiet -imultiarch x86_64-linux-gnu 06.c -quiet -dumpbase 06.c -dumpbase-ext .c -mtune=generic -march=x86-64 -fasynchronous-unwind-tables -fstack-protector-strong -Wformat -Wformat-security -fstack-clash-protection -fcf-protection -o /tmp/cct660Pz.s
[E 08:34:15 438609] Checking whether C compilation already happened.
[E 08:34:15 438609] Checking for tag c-compilation-happened
[E 08:34:15 438609] Checking CODEQL_TRACER_DB_ID 000000000006B14F_0000000000000001
[E 08:34:15 438609] Locking DB /home/melissa/sven/scripts/mydb/working/tags.db
[E 08:34:15 438609] Locked DB /home/melissa/sven/scripts/mydb/working/tags.db
[E 08:34:15 438609] Unlocking DB
[E 08:34:15 438609] Unlocked DB
[E 08:34:15 438609] Looks like C compilation didn't already happen.
[E 08:34:15 438609] Checking whether C compilation has been attempted.
[E 08:34:15 438609] Checking for tag c-compilation-attempted
[E 08:34:15 438609] Checking CODEQL_TRACER_DB_ID 000000000006B14F_0000000000000001
[E 08:34:15 438609] Locking DB /home/melissa/sven/scripts/mydb/working/tags.db
[E 08:34:15 438609] Locked DB /home/melissa/sven/scripts/mydb/working/tags.db
[E 08:34:15 438609] Unlocking DB
[E 08:34:15 438609] Unlocked DB
[E 08:34:15 438609] Marking C compilation as attempted.
[E 08:34:15 438609] Setting tag c-compilation-attempted
[E 08:34:15 438609] Starting from CODEQL_TRACER_DB_ID 000000000006B14F_0000000000000001
[E 08:34:15 438609] Locking DB /home/melissa/sven/scripts/mydb/working/tags.db
[E 08:34:15 438609] Locked DB /home/melissa/sven/scripts/mydb/working/tags.db
[E 08:34:15 438609] Set tag for 000000000006B14F_0000000000000001
[E 08:34:15 438609] Set tag for 000000000006B14D_0000000000000001
[E 08:34:15 438609] Set tag for 000000000006B0C1_0000000000000003
[E 08:34:15 438609] Set tag for 000000000006B0C1_0000000000000002
[E 08:34:15 438609] Set tag for root
[E 08:34:15 438609] Unlocking DB
[E 08:34:15 438609] Unlocked DB
[E 08:34:15 438609] Processed command line: /home/melissa/sven/codeql/cpp/tools/linux64/extractor --trapfolder /home/melissa/sven/scripts/mydb/trap/cpp --src_archive /home/melissa/sven/scripts/mydb/src --mimic_config /home/melissa/sven/scripts/mydb/working/compiler_mimic_cache/a75ad1f49a2f --object_filename /tmp/cct660Pz.s -w --error_limit 1000 --disable_system_macros --variadic_macros --gcc --gnu_version 130300 --target linux_x86_64 '-D__DBL_MIN_EXP__=(-1021)' -D__UINT_LEAST16_MAX__=0xffff -D__FLT16_HAS_QUIET_NAN__=1 -D__ATOMIC_ACQUIRE=2 -D__FLT128_MAX_10_EXP__=4932 -D__FLT_MIN__=1.17549435082228750796873653722224568e-38F -D__GCC_IEC_559_COMPLEX=2 '-D__UINT_LEAST8_TYPE__=unsigned char' -D__SIZEOF_FLOAT80__=16 -D__BFLT16_DENORM_MIN__=9.18354961579912115600575419704879436e-41BF16 '-D__INTMAX_C(c)=c ## L' -D__CHAR_BIT__=8 -D__UINT8_MAX__=0xff -D__SCHAR_WIDTH__=8 -D__WINT_MAX__=0xffffffffU '-D__FLT32_MIN_EXP__=(-125)' '-D__BFLT16_NORM_MAX__=3.38953138925153547590470800371487867e+38BF16' '-D__BFLT16_MIN_10_EXP__=(-37)' -D__ORDER_LITTLE_ENDIAN__=1234 -D__WCHAR_MAX__=0x7fffffff -D__GCC_HAVE_SYNC_COMPARE_AND_SWAP_2=1 -D__GCC_HAVE_SYNC_COMPARE_AND_SWAP_4=1 -D__GCC_HAVE_SYNC_COMPARE_AND_SWAP_8=1 -D__GCC_ATOMIC_CHAR_LOCK_FREE=2 -D__GCC_IEC_559=2 -D__FLT32X_DECIMAL_DIG__=17 -D__FLT_EVAL_METHOD__=0 -D__FLT64_DECIMAL_DIG__=17 -D__CET__=3 -D__GCC_ATOMIC_CHAR32_T_LOCK_FREE=2 -D__UINT_FAST64_MAX__=0xffffffffffffffffUL -D__SIG_ATOMIC_TYPE__=int '-D__DBL_MIN_10_EXP__=(-307)' -D__FINITE_MATH_ONLY__=0 -D__FLT32X_MAX_EXP__=1024 -D__GCC_HAVE_SYNC_COMPARE_AND_SWAP_1=1 -D__FLT32_HAS_DENORM__=1 -D__UINT_FAST8_MAX__=0xff -D__FLT32_MAX_10_EXP__=38 -D__DEC64_MAX_EXP__=385 '-D__INT8_C(c)=c' -D__INT_LEAST8_WIDTH__=8 -D__UINT_LEAST64_MAX__=0xffffffffffffffffUL -D__SHRT_MAX__=0x7fff '-D__LDBL_MAX__=1.18973149535723176502126385303097021e+4932L' -D__FLT64X_MAX_10_EXP__=4932 -D__BFLT16_MAX_10_EXP__=38 -D__BFLT16_MAX_EXP__=128 -D__LDBL_IS_IEC_60559__=1 -D__FLT64X_HAS_QUIET_NAN__=1 -D__UINT_LEAST8_MAX__=0xff -D__GCC_ATOMIC_BOOL_LOCK_FREE=2 -D__FLT128_DENORM_MIN__=6.47517511943802511092443895822764655e-4966F128 '-D__UINTMAX_TYPE__=long unsigned int' -D__BFLT16_DECIMAL_DIG__=4 -D__linux=1 -D__DEC32_EPSILON__=1E-6DF -D__FLT_EVAL_METHOD_TS_18661_3__=0 -D__UINT32_MAX__=0xffffffffU '-D__DBL_DENORM_MIN__=((double)4.94065645841246544176568792868221372e-324L)' '-D__FLT128_MIN_EXP__=(-16381)' -D__WINT_MIN__=0U '-D__FLT128_MIN_10_EXP__=(-4931)' -D__FLT32X_IS_IEC_60559__=1 -D__INT_LEAST16_WIDTH__=16 -D__SCHAR_MAX__=0x7f -D__FLT128_MANT_DIG__=113 '-D__WCHAR_MIN__=(-__WCHAR_MAX__ - 1)' '-D__INT64_C(c)=c ## L' -D__SSP_STRONG__=3 -D__GCC_ATOMIC_POINTER_LOCK_FREE=2 -D__ATOMIC_SEQ_CST=5 -D__unix=1 -D__INT_LEAST64_MAX__=0x7fffffffffffffffL -D__FLT32X_MANT_DIG__=53 -D__FLT64X_EPSILON__=1.08420217248550443400745280086994171e-19F64x '-D__DEC64_MIN_EXP__=(-382)' -D__DBL_DIG__=15 -D__FLT_EPSILON__=1.19209289550781250000000000000000000e-7F -D__SHRT_WIDTH__=16 -D__FLT32_IS_IEC_60559__=1 -D__LDBL_MIN__=3.36210314311209350626267781732175260e-4932L -D__STDC_UTF_16__=1 -D__DBL_IS_IEC_60559__=1 -D__DEC32_MAX__=9.999999E96DF -D__FLT64X_DENORM_MIN__=3.64519953188247460252840593361941982e-4951F64x -D__FLT32X_HAS_INFINITY__=1 -D__unix__=1 -D__INT_WIDTH__=32 -D__STDC_IEC_559__=1 -D__STDC_ISO_10646__=201706L -D__DECIMAL_DIG__=21 -D__STDC_IEC_559_COMPLEX__=1 -D__FLT64_EPSILON__=2.22044604925031308084726333618164062e-16F64 -D__gnu_linux__=1 -D__FLT128_IS_IEC_60559__=1 '-D__FLT64X_MIN_10_EXP__=(-4931)' -D__LDBL_HAS_QUIET_NAN__=1 '-D__FLT16_MIN_EXP__=(-13)' -D__FLT64_MANT_DIG__=53 -D__FLT64X_MANT_DIG__=64 -D__BFLT16_DIG__=2 -D__pie__=2 -D__MMX__=1 -D__FLT_HAS_DENORM__=1 -D__SIZEOF_LONG_DOUBLE__=16 -D__BIGGEST_ALIGNMENT__=16 -D__FLT64_MAX_10_EXP__=308 -D__BFLT16_IS_IEC_60559__=0 -D__FLT16_MAX_10_EXP__=4 '-D__DBL_MAX__=((double)1.79769313486231570814527423731704357e+308L)' -D__INT_FAST32_MAX__=0x7fffffffffffffffL -D__DBL_HAS_INFINITY__=1 -D__INT64_MAX__=0x7fffffffffffffffL -D__SIZEOF_FLOAT__=4 -D__HAVE_SPECULATION_SAFE_VALUE=1 '-D__DEC32_MIN_EXP__=(-94)' -D__INTPTR_WIDTH__=64 -D__UINT_LEAST32_MAX__=0xffffffffU -D__FLT32X_HAS_DENORM__=1 '-D__INT_FAST16_TYPE__=long int' -D__MMX_WITH_SSE__=1 -D__LDBL_HAS_DENORM__=1 -D__SEG_GS=1 -D__BFLT16_EPSILON__=7.81250000000000000000000000000000000e-3BF16 -D__FLT128_HAS_INFINITY__=1 -D__DEC32_MIN__=1E-95DF -D__DBL_MAX_EXP__=1024 -D__WCHAR_WIDTH__=32 '-D__FLT32_MAX__=3.40282346638528859811704183484516925e+38F32' -D__DEC128_EPSILON__=1E-33DL -D__FLT16_DECIMAL_DIG__=5 -D__SSE2_MATH__=1 -D__ATOMIC_HLE_RELEASE=131072 -D__PTRDIFF_MAX__=0x7fffffffffffffffL -D__amd64=1 -D__ATOMIC_HLE_ACQUIRE=65536 -D__LONG_LONG_MAX__=0x7fffffffffffffffLL -D__SIZEOF_SIZE_T__=8 -D__BFLT16_HAS_INFINITY__=1 '-D__FLT64X_MIN_EXP__=(-16381)' -D__SIZEOF_WINT_T__=4 -D__LONG_LONG_WIDTH__=64 -D__FLT32_MAX_EXP__=128 -D__GXX_ABI_VERSION=1018 '-D__FLT_MIN_EXP__=(-125)' -D__GCC_HAVE_DWARF2_CFI_ASM=1 -D__INT16_MAX__=0x7fff -D__x86_64=1 '-D__INT_FAST64_TYPE__=long int' '-D__BFLT16_MAX__=3.38953138925153547590470800371487867e+38BF16' -D__BFLT16_HAS_DENORM__=1 -D__FLT64_DENORM_MIN__=4.94065645841246544176568792868221372e-324F64 -D__FLT16_DENORM_MIN__=5.96046447753906250000000000000000000e-8F16 -D__FLT128_EPSILON__=1.92592994438723585305597794258492732e-34F128 '-D__FLT64X_NORM_MAX__=1.18973149535723176502126385303097021e+4932F64x' -D__SIZEOF_POINTER__=8 '-D__SIZE_TYPE__=long unsigned int' -D__LP64__=1 -D__DBL_HAS_QUIET_NAN__=1 -D__FLT32X_EPSILON__=2.22044604925031308084726333618164062e-16F32x -D__LDBL_MAX_EXP__=16384 -D__DECIMAL_BID_FORMAT__=1 '-D__FLT64_MIN_EXP__=(-1021)' '-D__FLT64_MIN_10_EXP__=(-307)' '-D__FLT16_MIN_10_EXP__=(-4)' -D__FLT64X_DECIMAL_DIG__=21 -D__DEC128_MIN__=1E-6143DL -D__REGISTER_PREFIX__= -D__UINT16_MAX__=0xffff -D__DBL_HAS_DENORM__=1 -D__FLT32_MIN__=1.17549435082228750796873653722224568e-38F32 '-D__UINT8_TYPE__=unsigned char' -D__FLT_DIG__=6 -D__NO_INLINE__=1 -D__DEC_EVAL_METHOD__=2 -D__FLT_MANT_DIG__=24 -D__LDBL_DECIMAL_DIG__=21 '-D__UINT64_C(c)=c ## UL' -D_STDC_PREDEF_H=1 -D__INT_LEAST32_MAX__=0x7fffffff -D__GCC_ATOMIC_INT_LOCK_FREE=2 -D__FLT128_MAX_EXP__=16384 -D__FLT32_MANT_DIG__=24 -D__FLOAT_WORD_ORDER__=__ORDER_LITTLE_ENDIAN__ '-D__FLT32X_MIN_EXP__=(-1021)' -D__STDC_IEC_60559_COMPLEX__=201404L -D__BFLT16_MIN__=1.17549435082228750796873653722224568e-38BF16 -D__FLT128_HAS_DENORM__=1 -D__FLT32_DECIMAL_DIG__=9 -D__FLT128_DIG__=33 '-D__INT32_C(c)=c' -D__DEC64_EPSILON__=1E-15DD -D__ORDER_PDP_ENDIAN__=3412 '-D__DEC128_MIN_EXP__=(-6142)' -D__DEC128_MAX__=9.999999999999999999999999999999999E6144DL '-D__INT_FAST32_TYPE__=long int' '-D__UINT_LEAST16_TYPE__=short unsigned int' -D__DEC128_MAX_EXP__=6145 -Dunix=1 -D__UINT64_MAX__=0xffffffffffffffffUL -D__FLT_IS_IEC_60559__=1 '-D__GNUC_WIDE_EXECUTION_CHARSET_NAME="UTF-32LE"' -D__FLT64X_DIG__=18 '-D__INT8_TYPE__=signed char' -D__ELF__=1 -D__GCC_ASM_FLAG_OUTPUTS__=1 '-D__UINT32_TYPE__=unsigned int' -D__BFLT16_HAS_QUIET_NAN__=1 -D__FLT_RADIX__=2 '-D__INT_LEAST16_TYPE__=short int' -D__LDBL_EPSILON__=1.08420217248550443400745280086994171e-19L '-D__UINTMAX_C(c)=c ## UL' -D__FLT16_DIG__=3 -D__SSE_MATH__=1 -D__k8=1 -D__FLT32X_MIN__=2.22507385850720138309023271733240406e-308F32x -D__SIG_ATOMIC_MAX__=0x7fffffff -D__GCC_ATOMIC_WCHAR_T_LOCK_FREE=2 -D__USER_LABEL_PREFIX__= -D__STDC_IEC_60559_BFP__=201404L -D__SIZEOF_PTRDIFF_T__=8 -D__FLT64X_HAS_INFINITY__=1 -D__FLT32_HAS_INFINITY__=1 -D__SIZEOF_LONG__=8 -D__LDBL_DIG__=18 -D__FLT64_IS_IEC_60559__=1 -D__x86_64__=1 -D__FLT16_IS_IEC_60559__=1 -D__FLT16_MAX_EXP__=16 -D__DEC32_SUBNORMAL_MIN__=0.000001E-95DF -D__INT_FAST16_MAX__=0x7fffffffffffffffL -D__GCC_CONSTRUCTIVE_SIZE=64 -D__FLT64_DIG__=15 -D__UINT_FAST32_MAX__=0xffffffffffffffffUL '-D__UINT_LEAST64_TYPE__=long unsigned int' -D__FLT16_EPSILON__=9.76562500000000000000000000000000000e-4F16 -D__FLT_HAS_QUIET_NAN__=1 -D__FLT_MAX_10_EXP__=38 -D__LONG_MAX__=0x7fffffffffffffffL -D__FLT64X_HAS_DENORM__=1 -D__DEC128_SUBNORMAL_MIN__=0.000000000000000000000000000000001E-6143DL -D__FLT_HAS_INFINITY__=1 '-D__GNUC_EXECUTION_CHARSET_NAME="UTF-8"' '-D__UINT_FAST16_TYPE__=long unsigned int' -D__DEC64_MAX__=9.999999999999999E384DD -D__INT_FAST32_WIDTH__=64 -D__PRAGMA_REDEFINE_EXTNAME=1 -D__SIZE_WIDTH__=64 -D__SEG_FS=1 -D__INT_LEAST16_MAX__=0x7fff '-D__FLT16_NORM_MAX__=6.55040000000000000000000000000000000e+4F16' -D__DEC64_MANT_DIG__=16 -D__FLT32_DENORM_MIN__=1.40129846432481707092372958328991613e-45F32 -D__SIG_ATOMIC_WIDTH__=32 '-D__INT_LEAST64_TYPE__=long int' '-D__INT16_TYPE__=short int' '-D__INT_LEAST8_TYPE__=signed char' '-D__FLT16_MAX__=6.55040000000000000000000000000000000e+4F16' -D__FLT128_MIN__=3.36210314311209350626267781732175260e-4932F128 -D__SIZEOF_INT__=4 -D__DEC32_MAX_EXP__=97 -D__INT_FAST8_MAX__=0x7f '-D__FLT128_MAX__=1.18973149535723176508575932662800702e+4932F128' -D__INTPTR_MAX__=0x7fffffffffffffffL -Dlinux=1 -D__FLT64_HAS_QUIET_NAN__=1 '-D__FLT32_MIN_10_EXP__=(-37)' -D__FLT32X_DIG__=15 '-D__UINT16_C(c)=c' -D__PTRDIFF_WIDTH__=64 -D__LDBL_MANT_DIG__=64 -D__INT_FAST16_WIDTH__=64 -D__FLT64_HAS_INFINITY__=1 '-D__FLT64X_MAX__=1.18973149535723176502126385303097021e+4932F64x' -D__FLT16_HAS_INFINITY__=1 '-D__SIG_ATOMIC_MIN__=(-__SIG_ATOMIC_MAX__ - 1)' -D__code_model_small__=1 -D__GCC_ATOMIC_LONG_LOCK_FREE=2 -D__DEC32_MANT_DIG__=7 -D__FLT16_MANT_DIG__=11 -D__k8__=1 '-D__INTPTR_TYPE__=long int' '-D__UINT16_TYPE__=short unsigned int' -D__WCHAR_TYPE__=int -D__pic__=2 -D__UINTPTR_MAX__=0xffffffffffffffffUL -D__INT_FAST64_WIDTH__=64 -D__LDBL_HAS_INFINITY__=1 -D__INT_FAST64_MAX__=0x7fffffffffffffffL -D__GCC_ATOMIC_TEST_AND_SET_TRUEVAL=1 '-D__FLT_NORM_MAX__=3.40282346638528859811704183484516925e+38F' -D__FLT64X_MAX_EXP__=16384 '-D__UINT_FAST64_TYPE__=long unsigned int' '-D__BFLT16_MIN_EXP__=(-125)' -D__INT_MAX__=0x7fffffff -D__linux__=1 '-D__INT64_TYPE__=long int' -D__FLT_MAX_EXP__=128 -D__ORDER_BIG_ENDIAN__=4321 -D__DBL_MANT_DIG__=53 -D__SIZEOF_FLOAT128__=16 -D__BFLT16_MANT_DIG__=8 -D__GCC_ATOMIC_CHAR16_T_LOCK_FREE=2 -D__DEC64_MIN__=1E-383DD '-D__WINT_TYPE__=unsigned int' '-D__UINT_LEAST32_TYPE__=unsigned int' -D__SIZEOF_SHORT__=2 '-D__FLT32_NORM_MAX__=3.40282346638528859811704183484516925e+38F32' -D__SSE__=1 '-D__LDBL_MIN_EXP__=(-16381)' '-D__FLT64_MAX__=1.79769313486231570814527423731704357e+308F64' -D__amd64__=1 -D__WINT_WIDTH__=32 -D__INT_LEAST8_MAX__=0x7f -D__INT_LEAST64_WIDTH__=64 -D__FLT32X_MAX_10_EXP__=308 -D__SIZEOF_INT128__=16 -D__FLT16_MIN__=6.10351562500000000000000000000000000e-5F16 -D__FLT64X_IS_IEC_60559__=1 -D__LDBL_MAX_10_EXP__=4932 -D__ATOMIC_RELAXED=0 '-D__DBL_EPSILON__=((double)2.22044604925031308084726333618164062e-16L)' -D__INT_LEAST32_TYPE__=int -D_LP64=1 '-D__UINT8_C(c)=c' -D__FLT64_MAX_EXP__=1024 -D__SIZEOF_WCHAR_T__=4 '-D__UINT64_TYPE__=long unsigned int' '-D__FLT128_NORM_MAX__=1.18973149535723176508575932662800702e+4932F128' '-D__FLT64_NORM_MAX__=1.79769313486231570814527423731704357e+308F64' -D__FLT128_HAS_QUIET_NAN__=1 -D__INTMAX_MAX__=0x7fffffffffffffffL '-D__INT_FAST8_TYPE__=signed char' -D__FLT64X_MIN__=3.36210314311209350626267781732175260e-4932F64x -D__FLT64_HAS_DENORM__=1 -D__FLT32_EPSILON__=1.19209289550781250000000000000000000e-7F32 -D__FLT16_HAS_DENORM__=1 -D__DBL_DECIMAL_DIG__=17 -D__STDC_UTF_32__=1 -D__INT_FAST8_WIDTH__=8 -D__FXSR__=1 '-D__FLT32X_MAX__=1.79769313486231570814527423731704357e+308F32x' '-D__DBL_NORM_MAX__=((double)1.79769313486231570814527423731704357e+308L)' -D__BYTE_ORDER__=__ORDER_LITTLE_ENDIAN__ -D__GCC_DESTRUCTIVE_SIZE=64 -D__INTMAX_WIDTH__=64 -D__FLT32_DIG__=6 '-D__UINT32_C(c)=c ## U' -D__FLT_DENORM_MIN__=1.40129846432481707092372958328991613e-45F -D__INT8_MAX__=0x7f -D__LONG_WIDTH__=64 '-D__DBL_MIN__=((double)2.22507385850720138309023271733240406e-308L)' -D__PIC__=2 -D__INT32_MAX__=0x7fffffff '-D__UINT_FAST32_TYPE__=long unsigned int' '-D__FLT32X_NORM_MAX__=1.79769313486231570814527423731704357e+308F32x' '-D__FLT_MAX__=3.40282346638528859811704183484516925e+38F' -D__SSE2__=1 -D__INT32_TYPE__=int -D__SIZEOF_DOUBLE__=8 '-D__FLT_MIN_10_EXP__=(-37)' -D__FLT64_MIN__=2.22507385850720138309023271733240406e-308F64 -D__INT_LEAST32_WIDTH__=32 '-D__INTMAX_TYPE__=long int' -D__FLT32X_HAS_QUIET_NAN__=1 -D__ATOMIC_CONSUME=1 -D__UINTMAX_MAX__=0xffffffffffffffffUL -D__PIE__=2 -D__FLT32X_DENORM_MIN__=4.94065645841246544176568792868221372e-324F32x -D__DBL_MAX_10_EXP__=308 -D__LDBL_DENORM_MIN__=3.64519953188247460252840593361941982e-4951L '-D__INT16_C(c)=c' '-D__PTRDIFF_TYPE__=long int' '-D__FLT32X_MIN_10_EXP__=(-307)' '-D__UINTPTR_TYPE__=long unsigned int' -D__DEC64_SUBNORMAL_MIN__=0.000000000000001E-383DD -D__DEC128_MANT_DIG__=34 '-D__LDBL_MIN_10_EXP__=(-4931)' -D__SIZEOF_LONG_LONG__=8 -D__FLT128_DECIMAL_DIG__=36 -D__GCC_ATOMIC_LLONG_LOCK_FREE=2 -D__FLT32_HAS_QUIET_NAN__=1 -D__FLT_DECIMAL_DIG__=9 -D__UINT_FAST16_MAX__=0xffffffffffffffffUL '-D__LDBL_NORM_MAX__=1.18973149535723176502126385303097021e+4932L' -D__GCC_ATOMIC_SHORT_LOCK_FREE=2 -D__SIZE_MAX__=0xffffffffffffffffUL '-D__UINT_FAST8_TYPE__=unsigned char' -D__ATOMIC_ACQ_REL=4 -D__ATOMIC_RELEASE=3 -I/usr/lib/gcc/x86_64-linux-gnu/13/include -I/usr/local/include -I/usr/include/x86_64-linux-gnu -I/usr/include -- 06.c
[E 08:34:15 438609] Starting compilation TRAP /home/melissa/sven/scripts/mydb/trap/cpp/compilations/29/20345600_0.trap.br
[E 08:34:15 438609] Archiving /home/melissa/sven/scripts/mydb/src/home/melissa/sven/experiments/sec_eval/sec-eval-2b-prefix/trained/cwe-125/0-c/sec_output/06.c
[E 08:34:15 438609] Already archived /home/melissa/sven/scripts/mydb/src/usr/include/stdio.h
[E 08:34:15 438609] Already archived /home/melissa/sven/scripts/mydb/src/usr/include/x86_64-linux-gnu/bits/libc-header-start.h
[E 08:34:15 438609] Already archived /home/melissa/sven/scripts/mydb/src/usr/include/features.h
[E 08:34:15 438609] Already archived /home/melissa/sven/scripts/mydb/src/usr/include/features-time64.h
[E 08:34:15 438609] Already archived /home/melissa/sven/scripts/mydb/src/usr/include/x86_64-linux-gnu/bits/wordsize.h
[E 08:34:15 438609] Already archived /home/melissa/sven/scripts/mydb/src/usr/include/x86_64-linux-gnu/bits/timesize.h
[E 08:34:15 438609] Already archived /home/melissa/sven/scripts/mydb/src/usr/include/x86_64-linux-gnu/bits/wordsize.h
[E 08:34:15 438609] Already archived /home/melissa/sven/scripts/mydb/src/usr/include/stdc-predef.h
[E 08:34:15 438609] Already archived /home/melissa/sven/scripts/mydb/src/usr/include/x86_64-linux-gnu/sys/cdefs.h
[E 08:34:15 438609] Already archived /home/melissa/sven/scripts/mydb/src/usr/include/x86_64-linux-gnu/bits/wordsize.h
[E 08:34:15 438609] Already archived /home/melissa/sven/scripts/mydb/src/usr/include/x86_64-linux-gnu/bits/long-double.h
[E 08:34:15 438609] Already archived /home/melissa/sven/scripts/mydb/src/usr/include/x86_64-linux-gnu/gnu/stubs.h
[E 08:34:15 438609] Already archived /home/melissa/sven/scripts/mydb/src/usr/include/x86_64-linux-gnu/gnu/stubs-64.h
[E 08:34:15 438609] Already archived /home/melissa/sven/scripts/mydb/src/usr/lib/gcc/x86_64-linux-gnu/13/include/stddef.h
[E 08:34:15 438609] Already archived /home/melissa/sven/scripts/mydb/src/usr/lib/gcc/x86_64-linux-gnu/13/include/stdarg.h
[E 08:34:15 438609] Already archived /home/melissa/sven/scripts/mydb/src/usr/include/x86_64-linux-gnu/bits/types.h
[E 08:34:15 438609] Already archived /home/melissa/sven/scripts/mydb/src/usr/include/x86_64-linux-gnu/bits/wordsize.h
[E 08:34:15 438609] Already archived /home/melissa/sven/scripts/mydb/src/usr/include/x86_64-linux-gnu/bits/timesize.h
[E 08:34:15 438609] Already archived /home/melissa/sven/scripts/mydb/src/usr/include/x86_64-linux-gnu/bits/wordsize.h
[E 08:34:15 438609] Already archived /home/melissa/sven/scripts/mydb/src/usr/include/x86_64-linux-gnu/bits/typesizes.h
[E 08:34:15 438609] Already archived /home/melissa/sven/scripts/mydb/src/usr/include/x86_64-linux-gnu/bits/time64.h
[E 08:34:15 438609] Already archived /home/melissa/sven/scripts/mydb/src/usr/include/x86_64-linux-gnu/bits/types/__fpos_t.h
[E 08:34:15 438609] Already archived /home/melissa/sven/scripts/mydb/src/usr/include/x86_64-linux-gnu/bits/types/__mbstate_t.h
[E 08:34:15 438609] Already archived /home/melissa/sven/scripts/mydb/src/usr/include/x86_64-linux-gnu/bits/types/__fpos64_t.h
[E 08:34:15 438609] Already archived /home/melissa/sven/scripts/mydb/src/usr/include/x86_64-linux-gnu/bits/types/__FILE.h
[E 08:34:15 438609] Already archived /home/melissa/sven/scripts/mydb/src/usr/include/x86_64-linux-gnu/bits/types/FILE.h
[E 08:34:15 438609] Already archived /home/melissa/sven/scripts/mydb/src/usr/include/x86_64-linux-gnu/bits/types/struct_FILE.h
[E 08:34:15 438609] Already archived /home/melissa/sven/scripts/mydb/src/usr/include/x86_64-linux-gnu/bits/types/cookie_io_functions_t.h
[E 08:34:15 438609] Already archived /home/melissa/sven/scripts/mydb/src/usr/include/x86_64-linux-gnu/bits/stdio_lim.h
[E 08:34:15 438609] Already archived /home/melissa/sven/scripts/mydb/src/usr/include/x86_64-linux-gnu/bits/floatn.h
[E 08:34:15 438609] Already archived /home/melissa/sven/scripts/mydb/src/usr/include/x86_64-linux-gnu/bits/floatn-common.h
[E 08:34:15 438609] Already archived /home/melissa/sven/scripts/mydb/src/usr/include/x86_64-linux-gnu/bits/long-double.h
[E 08:34:15 438609] Already archived /home/melissa/sven/scripts/mydb/src/usr/include/stdlib.h
[E 08:34:15 438609] Already archived /home/melissa/sven/scripts/mydb/src/usr/include/x86_64-linux-gnu/bits/libc-header-start.h
[E 08:34:15 438609] Already archived /home/melissa/sven/scripts/mydb/src/usr/lib/gcc/x86_64-linux-gnu/13/include/stddef.h
[E 08:34:15 438609] Already archived /home/melissa/sven/scripts/mydb/src/usr/include/x86_64-linux-gnu/bits/waitflags.h
[E 08:34:15 438609] Already archived /home/melissa/sven/scripts/mydb/src/usr/include/x86_64-linux-gnu/bits/waitstatus.h
[E 08:34:15 438609] Already archived /home/melissa/sven/scripts/mydb/src/usr/include/x86_64-linux-gnu/sys/types.h
[E 08:34:15 438609] Already archived /home/melissa/sven/scripts/mydb/src/usr/include/x86_64-linux-gnu/bits/types/clock_t.h
[E 08:34:15 438609] Already archived /home/melissa/sven/scripts/mydb/src/usr/include/x86_64-linux-gnu/bits/types/clockid_t.h
[E 08:34:15 438609] Already archived /home/melissa/sven/scripts/mydb/src/usr/include/x86_64-linux-gnu/bits/types/time_t.h
[E 08:34:15 438609] Already archived /home/melissa/sven/scripts/mydb/src/usr/include/x86_64-linux-gnu/bits/types/timer_t.h
[E 08:34:15 438609] Already archived /home/melissa/sven/scripts/mydb/src/usr/lib/gcc/x86_64-linux-gnu/13/include/stddef.h
[E 08:34:15 438609] Already archived /home/melissa/sven/scripts/mydb/src/usr/include/x86_64-linux-gnu/bits/stdint-intn.h
[E 08:34:15 438609] Already archived /home/melissa/sven/scripts/mydb/src/usr/include/endian.h
[E 08:34:15 438609] Already archived /home/melissa/sven/scripts/mydb/src/usr/include/x86_64-linux-gnu/bits/endian.h
[E 08:34:15 438609] Already archived /home/melissa/sven/scripts/mydb/src/usr/include/x86_64-linux-gnu/bits/endianness.h
[E 08:34:15 438609] Already archived /home/melissa/sven/scripts/mydb/src/usr/include/x86_64-linux-gnu/bits/byteswap.h
[E 08:34:15 438609] Already archived /home/melissa/sven/scripts/mydb/src/usr/include/x86_64-linux-gnu/bits/uintn-identity.h
[E 08:34:15 438609] Already archived /home/melissa/sven/scripts/mydb/src/usr/include/x86_64-linux-gnu/sys/select.h
[E 08:34:15 438609] Already archived /home/melissa/sven/scripts/mydb/src/usr/include/x86_64-linux-gnu/bits/select.h
[E 08:34:15 438609] Already archived /home/melissa/sven/scripts/mydb/src/usr/include/x86_64-linux-gnu/bits/types/sigset_t.h
[E 08:34:15 438609] Already archived /home/melissa/sven/scripts/mydb/src/usr/include/x86_64-linux-gnu/bits/types/__sigset_t.h
[E 08:34:15 438609] Already archived /home/melissa/sven/scripts/mydb/src/usr/include/x86_64-linux-gnu/bits/types/struct_timeval.h
[E 08:34:15 438609] Already archived /home/melissa/sven/scripts/mydb/src/usr/include/x86_64-linux-gnu/bits/types/struct_timespec.h
[E 08:34:15 438609] Already archived /home/melissa/sven/scripts/mydb/src/usr/include/x86_64-linux-gnu/bits/pthreadtypes.h
[E 08:34:15 438609] Already archived /home/melissa/sven/scripts/mydb/src/usr/include/x86_64-linux-gnu/bits/thread-shared-types.h
[E 08:34:15 438609] Already archived /home/melissa/sven/scripts/mydb/src/usr/include/x86_64-linux-gnu/bits/pthreadtypes-arch.h
[E 08:34:15 438609] Already archived /home/melissa/sven/scripts/mydb/src/usr/include/x86_64-linux-gnu/bits/wordsize.h
[E 08:34:15 438609] Already archived /home/melissa/sven/scripts/mydb/src/usr/include/x86_64-linux-gnu/bits/atomic_wide_counter.h
[E 08:34:15 438609] Already archived /home/melissa/sven/scripts/mydb/src/usr/include/x86_64-linux-gnu/bits/struct_mutex.h
[E 08:34:15 438609] Already archived /home/melissa/sven/scripts/mydb/src/usr/include/x86_64-linux-gnu/bits/struct_rwlock.h
[E 08:34:15 438609] Already archived /home/melissa/sven/scripts/mydb/src/usr/include/alloca.h
[E 08:34:15 438609] Already archived /home/melissa/sven/scripts/mydb/src/usr/lib/gcc/x86_64-linux-gnu/13/include/stddef.h
[E 08:34:15 438609] Already archived /home/melissa/sven/scripts/mydb/src/usr/include/x86_64-linux-gnu/bits/stdlib-float.h
[E 08:34:15 438609] Creating trap tarball /home/melissa/sven/scripts/mydb/trap/cpp/tarballs/home/melissa/sven/experiments/sec_eval/sec-eval-2b-prefix/trained/cwe-125/0-c/sec_output/06.c.852acce0_0.trap.tar.br
[E 08:34:15 438609] Emitting trap files for 06.c
[E 08:34:15 438609] Opening existencedb in /home/melissa/sven/scripts/mydb/working/existencedb/db
[E 08:34:15 438609] Warning[extractor-c++]: In index_attribute_arg: Unknown kind 5.
[E 08:34:15 438609] Warning[extractor-c++]: In index_attribute_arg: Unknown kind 5.
[E 08:34:15 438609] Warning[extractor-c++]: In index_attribute_arg: Unknown kind 5.
[E 08:34:15 438609] Warning[extractor-c++]: In index_attribute_arg: Unknown kind 5.
[E 08:34:15 438609] Warning[extractor-c++]: In index_attribute_arg: Unknown kind 5.
[E 08:34:15 438609] Warning[extractor-c++]: In index_attribute_arg: Unknown kind 5.
[E 08:34:15 438609] Warning[extractor-c++]: In index_attribute_arg: Unknown kind 5.
[E 08:34:15 438609] Warning[extractor-c++]: In index_attribute_arg: Unknown kind 5.
[E 08:34:15 438609] Warning[extractor-c++]: In index_attribute_arg: Unknown kind 5.
[E 08:34:15 438609] Warning[extractor-c++]: In index_attribute_arg: Unknown kind 5.
[E 08:34:15 438609] Wrote 1 files to /home/melissa/sven/scripts/mydb/trap/cpp/tarballs/home/melissa/sven/experiments/sec_eval/sec-eval-2b-prefix/trained/cwe-125/0-c/sec_output/06.c.852acce0_0.trap.tar.br
[E 08:34:15 438609] Finished compilation TRAP /home/melissa/sven/scripts/mydb/trap/cpp/compilations/29/20345600_0.trap.br
[E 08:34:15 438609] Marking C compilation as happened.
[E 08:34:15 438609] Setting tag c-compilation-happened
[E 08:34:15 438609] Starting from CODEQL_TRACER_DB_ID 000000000006B14F_0000000000000001
[E 08:34:15 438609] Locking DB /home/melissa/sven/scripts/mydb/working/tags.db
[E 08:34:15 438609] Locked DB /home/melissa/sven/scripts/mydb/working/tags.db
[E 08:34:15 438609] Set tag for 000000000006B14F_0000000000000001
[E 08:34:15 438609] Set tag for 000000000006B14D_0000000000000001
[E 08:34:15 438609] Set tag for 000000000006B0C1_0000000000000003
[E 08:34:15 438609] Set tag for 000000000006B0C1_0000000000000002
[E 08:34:15 438609] Set tag for root
[E 08:34:15 438609] Unlocking DB
[E 08:34:15 438609] Unlocked DB
[T 08:34:15 438607] Extractor /home/melissa/sven/codeql/cpp/tools/linux64/extractor terminated with exit code 0.
[T 08:34:15 438610] Initializing tracer.
[T 08:34:15 438610] Initialising tags...
[T 08:34:15 438610] ID set to 000000000006B152_0000000000000001 (parent 000000000006B14D_0000000000000001)
[T 08:34:15 438610] ==== Candidate to intercept: as (canonical: as) ====
[T 08:34:15 438610] Will try to resolve as in path /home/melissa/sonar-scanner/bin:/home/melissa/anaconda3/envs/sven-env/bin:/home/melissa/miniconda3/condabin:/home/melissa/.vscode-server/cli/servers/Stable-c306e94f98122556ca081f527b466015e1bc37b0/server/bin/remote-cli:/usr/local/sbin:/usr/local/bin:/usr/sbin:/usr/bin:/sbin:/bin:/usr/games:/usr/local/games:/snap/bin:/home/melissa/.vscode-server/extensions/ms-python.debugpy-2025.14.1-linux-x64/bundled/scripts/noConfigScripts:/home/melissa/.vscode-server/data/User/globalStorage/github.copilot-chat/debugCommand:/home/melissa/codeql.
[T 08:34:15 438610]  -> path lookup for as as /home/melissa/sonar-scanner/bin/as...
[T 08:34:15 438610]  -> path lookup for as as /home/melissa/anaconda3/envs/sven-env/bin/as...
[T 08:34:15 438610]  -> path lookup for as as /home/melissa/miniconda3/condabin/as...
[T 08:34:15 438610]  -> path lookup for as as /home/melissa/.vscode-server/cli/servers/Stable-c306e94f98122556ca081f527b466015e1bc37b0/server/bin/remote-cli/as...
[T 08:34:15 438610]  -> path lookup for as as /usr/local/sbin/as...
[T 08:34:15 438610]  -> path lookup for as as /usr/local/bin/as...
[T 08:34:15 438610]  -> path lookup for as as /usr/sbin/as...
[T 08:34:15 438610]  -> path lookup for as as /usr/bin/as...
[T 08:34:15 438610] Resolved barename as to /usr/bin/as
[T 08:34:15 438610] Lua: === Intercepted call to /usr/bin/as ===
[T 08:34:15 438610] Executing the following tracer actions:
[T 08:34:15 438610] Tracer actions:
[T 08:34:15 438610] pre_invocations(0)
[T 08:34:15 438610] post_invocations(1)
[T 08:34:15 438610] invocation: /home/melissa/sven/codeql/cpp/tools/linux64/extractor, args: [--assembler, --codeql-assembler-executable, /usr/bin/as, --64, -o, 06.o, /tmp/cct660Pz.s]
[T 08:34:15 438610] trace_languages(1): [cpp]
[T 08:34:15 438612] Attempting to switch stdout/stderr to 4...
[T 08:34:15 438612] Initializing tracer.
[T 08:34:15 438612] Initialising tags...
[T 08:34:15 438612] ID set to 000000000006B154_0000000000000001 (parent 000000000006B152_0000000000000001)
[E 08:34:15 438612] CodeQL C/C++ Extractor 2.11.1
[E 08:34:15 438612] Current directory: /home/melissa/sven/experiments/sec_eval/sec-eval-2b-prefix/trained/cwe-125/0-c/sec_output
[E 08:34:15 438612] Command: /home/melissa/sven/codeql/cpp/tools/linux64/extractor --assembler --codeql-assembler-executable /usr/bin/as --64 -o 06.o /tmp/cct660Pz.s
[T 08:34:15 438610] Extractor /home/melissa/sven/codeql/cpp/tools/linux64/extractor terminated with exit code 0.
[T 08:34:15 438613] Attempting to switch stdout/stderr to 4...
[T 08:34:15 438613] Initializing tracer.
[T 08:34:15 438613] Initialising tags...
[T 08:34:15 438613] ID set to 000000000006B155_0000000000000001 (parent 000000000006B14D_0000000000000001)
[E 08:34:15 438613] CodeQL C/C++ Extractor 2.11.1
[E 08:34:15 438613] Current directory: /home/melissa/sven/experiments/sec_eval/sec-eval-2b-prefix/trained/cwe-125/0-c/sec_output
[E 08:34:15 438613] Command: /home/melissa/sven/codeql/cpp/tools/linux64/extractor --mimic /usr/bin/x86_64-linux-gnu-gcc-13 -c 06.c -o 06.o
[E 08:34:15 438613] Checking whether C compilation already happened.
[E 08:34:15 438613] Checking for tag c-compilation-happened
[E 08:34:15 438613] Checking CODEQL_TRACER_DB_ID 000000000006B14D_0000000000000001
[E 08:34:15 438613] Locking DB /home/melissa/sven/scripts/mydb/working/tags.db
[E 08:34:15 438613] Locked DB /home/melissa/sven/scripts/mydb/working/tags.db
[E 08:34:15 438613] Unlocking DB
[E 08:34:15 438613] Unlocked DB
[E 08:34:15 438613] Exiting as C compilation already happened.
[T 08:34:15 438605] Extractor /home/melissa/sven/codeql/cpp/tools/linux64/extractor terminated with exit code 0.
[T 08:34:15 438614] Initializing tracer.
[T 08:34:15 438614] Initialising tags...
[T 08:34:15 438614] ID set to 000000000006B156_0000000000000001 (parent 000000000006B0C1_0000000000000003)
[T 08:34:15 438614] ==== Candidate to intercept: /usr/bin/gcc (canonical: /usr/bin/x86_64-linux-gnu-gcc-13) ====
[T 08:34:15 438614] Lua: === Intercepted call to /usr/bin/x86_64-linux-gnu-gcc-13 ===
[T 08:34:15 438614] Executing the following tracer actions:
[T 08:34:15 438614] Tracer actions:
[T 08:34:15 438614] pre_invocations(0)
[T 08:34:15 438614] post_invocations(1)
[T 08:34:15 438614] invocation: /home/melissa/sven/codeql/cpp/tools/linux64/extractor, args: [--mimic, /usr/bin/x86_64-linux-gnu-gcc-13, -c, 07.c, -o, 07.o]
[T 08:34:15 438614] trace_languages(1): [cpp]
[T 08:34:15 438616] Initializing tracer.
[T 08:34:15 438616] Initialising tags...
[T 08:34:15 438616] ID set to 000000000006B158_0000000000000001 (parent 000000000006B156_0000000000000001)
[T 08:34:15 438616] ==== Candidate to intercept: /usr/libexec/gcc/x86_64-linux-gnu/13/cc1 (canonical: /usr/libexec/gcc/x86_64-linux-gnu/13/cc1) ====
[T 08:34:15 438616] Lua: === Intercepted call to /usr/libexec/gcc/x86_64-linux-gnu/13/cc1 ===
[T 08:34:15 438616] Executing the following tracer actions:
[T 08:34:15 438616] Tracer actions:
[T 08:34:15 438616] pre_invocations(0)
[T 08:34:15 438616] post_invocations(1)
[T 08:34:15 438616] invocation: /home/melissa/sven/codeql/cpp/tools/linux64/extractor, args: [--mimic, /usr/libexec/gcc/x86_64-linux-gnu/13/cc1, -quiet, -imultiarch, x86_64-linux-gnu, 07.c, -quiet, -dumpbase, 07.c, -dumpbase-ext, .c, -mtune=generic, -march=x86-64, -fasynchronous-unwind-tables, -fstack-protector-strong, -Wformat, -Wformat-security, -fstack-clash-protection, -fcf-protection, -o, /tmp/ccqLgRDe.s]
[T 08:34:15 438616] trace_languages(1): [cpp]
[T 08:34:15 438618] Attempting to switch stdout/stderr to 4...
[T 08:34:15 438618] Initializing tracer.
[T 08:34:15 438618] Initialising tags...
[T 08:34:15 438618] ID set to 000000000006B15A_0000000000000001 (parent 000000000006B158_0000000000000001)
[E 08:34:15 438618] CodeQL C/C++ Extractor 2.11.1
[E 08:34:15 438618] Current directory: /home/melissa/sven/experiments/sec_eval/sec-eval-2b-prefix/trained/cwe-125/0-c/sec_output
[E 08:34:15 438618] Command: /home/melissa/sven/codeql/cpp/tools/linux64/extractor --mimic /usr/libexec/gcc/x86_64-linux-gnu/13/cc1 -quiet -imultiarch x86_64-linux-gnu 07.c -quiet -dumpbase 07.c -dumpbase-ext .c -mtune=generic -march=x86-64 -fasynchronous-unwind-tables -fstack-protector-strong -Wformat -Wformat-security -fstack-clash-protection -fcf-protection -o /tmp/ccqLgRDe.s
[E 08:34:15 438618] Checking whether C compilation already happened.
[E 08:34:15 438618] Checking for tag c-compilation-happened
[E 08:34:15 438618] Checking CODEQL_TRACER_DB_ID 000000000006B158_0000000000000001
[E 08:34:15 438618] Locking DB /home/melissa/sven/scripts/mydb/working/tags.db
[E 08:34:15 438618] Locked DB /home/melissa/sven/scripts/mydb/working/tags.db
[E 08:34:15 438618] Unlocking DB
[E 08:34:15 438618] Unlocked DB
[E 08:34:15 438618] Looks like C compilation didn't already happen.
[E 08:34:15 438618] Checking whether C compilation has been attempted.
[E 08:34:15 438618] Checking for tag c-compilation-attempted
[E 08:34:15 438618] Checking CODEQL_TRACER_DB_ID 000000000006B158_0000000000000001
[E 08:34:15 438618] Locking DB /home/melissa/sven/scripts/mydb/working/tags.db
[E 08:34:15 438618] Locked DB /home/melissa/sven/scripts/mydb/working/tags.db
[E 08:34:15 438618] Unlocking DB
[E 08:34:15 438618] Unlocked DB
[E 08:34:15 438618] Marking C compilation as attempted.
[E 08:34:15 438618] Setting tag c-compilation-attempted
[E 08:34:15 438618] Starting from CODEQL_TRACER_DB_ID 000000000006B158_0000000000000001
[E 08:34:15 438618] Locking DB /home/melissa/sven/scripts/mydb/working/tags.db
[E 08:34:15 438618] Locked DB /home/melissa/sven/scripts/mydb/working/tags.db
[E 08:34:15 438618] Set tag for 000000000006B158_0000000000000001
[E 08:34:15 438618] Set tag for 000000000006B156_0000000000000001
[E 08:34:15 438618] Set tag for 000000000006B0C1_0000000000000003
[E 08:34:15 438618] Set tag for 000000000006B0C1_0000000000000002
[E 08:34:15 438618] Set tag for root
[E 08:34:15 438618] Unlocking DB
[E 08:34:15 438618] Unlocked DB
[E 08:34:15 438618] Processed command line: /home/melissa/sven/codeql/cpp/tools/linux64/extractor --trapfolder /home/melissa/sven/scripts/mydb/trap/cpp --src_archive /home/melissa/sven/scripts/mydb/src --mimic_config /home/melissa/sven/scripts/mydb/working/compiler_mimic_cache/a75ad1f49a2f --object_filename /tmp/ccqLgRDe.s -w --error_limit 1000 --disable_system_macros --variadic_macros --gcc --gnu_version 130300 --target linux_x86_64 '-D__DBL_MIN_EXP__=(-1021)' -D__UINT_LEAST16_MAX__=0xffff -D__FLT16_HAS_QUIET_NAN__=1 -D__ATOMIC_ACQUIRE=2 -D__FLT128_MAX_10_EXP__=4932 -D__FLT_MIN__=1.17549435082228750796873653722224568e-38F -D__GCC_IEC_559_COMPLEX=2 '-D__UINT_LEAST8_TYPE__=unsigned char' -D__SIZEOF_FLOAT80__=16 -D__BFLT16_DENORM_MIN__=9.18354961579912115600575419704879436e-41BF16 '-D__INTMAX_C(c)=c ## L' -D__CHAR_BIT__=8 -D__UINT8_MAX__=0xff -D__SCHAR_WIDTH__=8 -D__WINT_MAX__=0xffffffffU '-D__FLT32_MIN_EXP__=(-125)' '-D__BFLT16_NORM_MAX__=3.38953138925153547590470800371487867e+38BF16' '-D__BFLT16_MIN_10_EXP__=(-37)' -D__ORDER_LITTLE_ENDIAN__=1234 -D__WCHAR_MAX__=0x7fffffff -D__GCC_HAVE_SYNC_COMPARE_AND_SWAP_2=1 -D__GCC_HAVE_SYNC_COMPARE_AND_SWAP_4=1 -D__GCC_HAVE_SYNC_COMPARE_AND_SWAP_8=1 -D__GCC_ATOMIC_CHAR_LOCK_FREE=2 -D__GCC_IEC_559=2 -D__FLT32X_DECIMAL_DIG__=17 -D__FLT_EVAL_METHOD__=0 -D__FLT64_DECIMAL_DIG__=17 -D__CET__=3 -D__GCC_ATOMIC_CHAR32_T_LOCK_FREE=2 -D__UINT_FAST64_MAX__=0xffffffffffffffffUL -D__SIG_ATOMIC_TYPE__=int '-D__DBL_MIN_10_EXP__=(-307)' -D__FINITE_MATH_ONLY__=0 -D__FLT32X_MAX_EXP__=1024 -D__GCC_HAVE_SYNC_COMPARE_AND_SWAP_1=1 -D__FLT32_HAS_DENORM__=1 -D__UINT_FAST8_MAX__=0xff -D__FLT32_MAX_10_EXP__=38 -D__DEC64_MAX_EXP__=385 '-D__INT8_C(c)=c' -D__INT_LEAST8_WIDTH__=8 -D__UINT_LEAST64_MAX__=0xffffffffffffffffUL -D__SHRT_MAX__=0x7fff '-D__LDBL_MAX__=1.18973149535723176502126385303097021e+4932L' -D__FLT64X_MAX_10_EXP__=4932 -D__BFLT16_MAX_10_EXP__=38 -D__BFLT16_MAX_EXP__=128 -D__LDBL_IS_IEC_60559__=1 -D__FLT64X_HAS_QUIET_NAN__=1 -D__UINT_LEAST8_MAX__=0xff -D__GCC_ATOMIC_BOOL_LOCK_FREE=2 -D__FLT128_DENORM_MIN__=6.47517511943802511092443895822764655e-4966F128 '-D__UINTMAX_TYPE__=long unsigned int' -D__BFLT16_DECIMAL_DIG__=4 -D__linux=1 -D__DEC32_EPSILON__=1E-6DF -D__FLT_EVAL_METHOD_TS_18661_3__=0 -D__UINT32_MAX__=0xffffffffU '-D__DBL_DENORM_MIN__=((double)4.94065645841246544176568792868221372e-324L)' '-D__FLT128_MIN_EXP__=(-16381)' -D__WINT_MIN__=0U '-D__FLT128_MIN_10_EXP__=(-4931)' -D__FLT32X_IS_IEC_60559__=1 -D__INT_LEAST16_WIDTH__=16 -D__SCHAR_MAX__=0x7f -D__FLT128_MANT_DIG__=113 '-D__WCHAR_MIN__=(-__WCHAR_MAX__ - 1)' '-D__INT64_C(c)=c ## L' -D__SSP_STRONG__=3 -D__GCC_ATOMIC_POINTER_LOCK_FREE=2 -D__ATOMIC_SEQ_CST=5 -D__unix=1 -D__INT_LEAST64_MAX__=0x7fffffffffffffffL -D__FLT32X_MANT_DIG__=53 -D__FLT64X_EPSILON__=1.08420217248550443400745280086994171e-19F64x '-D__DEC64_MIN_EXP__=(-382)' -D__DBL_DIG__=15 -D__FLT_EPSILON__=1.19209289550781250000000000000000000e-7F -D__SHRT_WIDTH__=16 -D__FLT32_IS_IEC_60559__=1 -D__LDBL_MIN__=3.36210314311209350626267781732175260e-4932L -D__STDC_UTF_16__=1 -D__DBL_IS_IEC_60559__=1 -D__DEC32_MAX__=9.999999E96DF -D__FLT64X_DENORM_MIN__=3.64519953188247460252840593361941982e-4951F64x -D__FLT32X_HAS_INFINITY__=1 -D__unix__=1 -D__INT_WIDTH__=32 -D__STDC_IEC_559__=1 -D__STDC_ISO_10646__=201706L -D__DECIMAL_DIG__=21 -D__STDC_IEC_559_COMPLEX__=1 -D__FLT64_EPSILON__=2.22044604925031308084726333618164062e-16F64 -D__gnu_linux__=1 -D__FLT128_IS_IEC_60559__=1 '-D__FLT64X_MIN_10_EXP__=(-4931)' -D__LDBL_HAS_QUIET_NAN__=1 '-D__FLT16_MIN_EXP__=(-13)' -D__FLT64_MANT_DIG__=53 -D__FLT64X_MANT_DIG__=64 -D__BFLT16_DIG__=2 -D__pie__=2 -D__MMX__=1 -D__FLT_HAS_DENORM__=1 -D__SIZEOF_LONG_DOUBLE__=16 -D__BIGGEST_ALIGNMENT__=16 -D__FLT64_MAX_10_EXP__=308 -D__BFLT16_IS_IEC_60559__=0 -D__FLT16_MAX_10_EXP__=4 '-D__DBL_MAX__=((double)1.79769313486231570814527423731704357e+308L)' -D__INT_FAST32_MAX__=0x7fffffffffffffffL -D__DBL_HAS_INFINITY__=1 -D__INT64_MAX__=0x7fffffffffffffffL -D__SIZEOF_FLOAT__=4 -D__HAVE_SPECULATION_SAFE_VALUE=1 '-D__DEC32_MIN_EXP__=(-94)' -D__INTPTR_WIDTH__=64 -D__UINT_LEAST32_MAX__=0xffffffffU -D__FLT32X_HAS_DENORM__=1 '-D__INT_FAST16_TYPE__=long int' -D__MMX_WITH_SSE__=1 -D__LDBL_HAS_DENORM__=1 -D__SEG_GS=1 -D__BFLT16_EPSILON__=7.81250000000000000000000000000000000e-3BF16 -D__FLT128_HAS_INFINITY__=1 -D__DEC32_MIN__=1E-95DF -D__DBL_MAX_EXP__=1024 -D__WCHAR_WIDTH__=32 '-D__FLT32_MAX__=3.40282346638528859811704183484516925e+38F32' -D__DEC128_EPSILON__=1E-33DL -D__FLT16_DECIMAL_DIG__=5 -D__SSE2_MATH__=1 -D__ATOMIC_HLE_RELEASE=131072 -D__PTRDIFF_MAX__=0x7fffffffffffffffL -D__amd64=1 -D__ATOMIC_HLE_ACQUIRE=65536 -D__LONG_LONG_MAX__=0x7fffffffffffffffLL -D__SIZEOF_SIZE_T__=8 -D__BFLT16_HAS_INFINITY__=1 '-D__FLT64X_MIN_EXP__=(-16381)' -D__SIZEOF_WINT_T__=4 -D__LONG_LONG_WIDTH__=64 -D__FLT32_MAX_EXP__=128 -D__GXX_ABI_VERSION=1018 '-D__FLT_MIN_EXP__=(-125)' -D__GCC_HAVE_DWARF2_CFI_ASM=1 -D__INT16_MAX__=0x7fff -D__x86_64=1 '-D__INT_FAST64_TYPE__=long int' '-D__BFLT16_MAX__=3.38953138925153547590470800371487867e+38BF16' -D__BFLT16_HAS_DENORM__=1 -D__FLT64_DENORM_MIN__=4.94065645841246544176568792868221372e-324F64 -D__FLT16_DENORM_MIN__=5.96046447753906250000000000000000000e-8F16 -D__FLT128_EPSILON__=1.92592994438723585305597794258492732e-34F128 '-D__FLT64X_NORM_MAX__=1.18973149535723176502126385303097021e+4932F64x' -D__SIZEOF_POINTER__=8 '-D__SIZE_TYPE__=long unsigned int' -D__LP64__=1 -D__DBL_HAS_QUIET_NAN__=1 -D__FLT32X_EPSILON__=2.22044604925031308084726333618164062e-16F32x -D__LDBL_MAX_EXP__=16384 -D__DECIMAL_BID_FORMAT__=1 '-D__FLT64_MIN_EXP__=(-1021)' '-D__FLT64_MIN_10_EXP__=(-307)' '-D__FLT16_MIN_10_EXP__=(-4)' -D__FLT64X_DECIMAL_DIG__=21 -D__DEC128_MIN__=1E-6143DL -D__REGISTER_PREFIX__= -D__UINT16_MAX__=0xffff -D__DBL_HAS_DENORM__=1 -D__FLT32_MIN__=1.17549435082228750796873653722224568e-38F32 '-D__UINT8_TYPE__=unsigned char' -D__FLT_DIG__=6 -D__NO_INLINE__=1 -D__DEC_EVAL_METHOD__=2 -D__FLT_MANT_DIG__=24 -D__LDBL_DECIMAL_DIG__=21 '-D__UINT64_C(c)=c ## UL' -D_STDC_PREDEF_H=1 -D__INT_LEAST32_MAX__=0x7fffffff -D__GCC_ATOMIC_INT_LOCK_FREE=2 -D__FLT128_MAX_EXP__=16384 -D__FLT32_MANT_DIG__=24 -D__FLOAT_WORD_ORDER__=__ORDER_LITTLE_ENDIAN__ '-D__FLT32X_MIN_EXP__=(-1021)' -D__STDC_IEC_60559_COMPLEX__=201404L -D__BFLT16_MIN__=1.17549435082228750796873653722224568e-38BF16 -D__FLT128_HAS_DENORM__=1 -D__FLT32_DECIMAL_DIG__=9 -D__FLT128_DIG__=33 '-D__INT32_C(c)=c' -D__DEC64_EPSILON__=1E-15DD -D__ORDER_PDP_ENDIAN__=3412 '-D__DEC128_MIN_EXP__=(-6142)' -D__DEC128_MAX__=9.999999999999999999999999999999999E6144DL '-D__INT_FAST32_TYPE__=long int' '-D__UINT_LEAST16_TYPE__=short unsigned int' -D__DEC128_MAX_EXP__=6145 -Dunix=1 -D__UINT64_MAX__=0xffffffffffffffffUL -D__FLT_IS_IEC_60559__=1 '-D__GNUC_WIDE_EXECUTION_CHARSET_NAME="UTF-32LE"' -D__FLT64X_DIG__=18 '-D__INT8_TYPE__=signed char' -D__ELF__=1 -D__GCC_ASM_FLAG_OUTPUTS__=1 '-D__UINT32_TYPE__=unsigned int' -D__BFLT16_HAS_QUIET_NAN__=1 -D__FLT_RADIX__=2 '-D__INT_LEAST16_TYPE__=short int' -D__LDBL_EPSILON__=1.08420217248550443400745280086994171e-19L '-D__UINTMAX_C(c)=c ## UL' -D__FLT16_DIG__=3 -D__SSE_MATH__=1 -D__k8=1 -D__FLT32X_MIN__=2.22507385850720138309023271733240406e-308F32x -D__SIG_ATOMIC_MAX__=0x7fffffff -D__GCC_ATOMIC_WCHAR_T_LOCK_FREE=2 -D__USER_LABEL_PREFIX__= -D__STDC_IEC_60559_BFP__=201404L -D__SIZEOF_PTRDIFF_T__=8 -D__FLT64X_HAS_INFINITY__=1 -D__FLT32_HAS_INFINITY__=1 -D__SIZEOF_LONG__=8 -D__LDBL_DIG__=18 -D__FLT64_IS_IEC_60559__=1 -D__x86_64__=1 -D__FLT16_IS_IEC_60559__=1 -D__FLT16_MAX_EXP__=16 -D__DEC32_SUBNORMAL_MIN__=0.000001E-95DF -D__INT_FAST16_MAX__=0x7fffffffffffffffL -D__GCC_CONSTRUCTIVE_SIZE=64 -D__FLT64_DIG__=15 -D__UINT_FAST32_MAX__=0xffffffffffffffffUL '-D__UINT_LEAST64_TYPE__=long unsigned int' -D__FLT16_EPSILON__=9.76562500000000000000000000000000000e-4F16 -D__FLT_HAS_QUIET_NAN__=1 -D__FLT_MAX_10_EXP__=38 -D__LONG_MAX__=0x7fffffffffffffffL -D__FLT64X_HAS_DENORM__=1 -D__DEC128_SUBNORMAL_MIN__=0.000000000000000000000000000000001E-6143DL -D__FLT_HAS_INFINITY__=1 '-D__GNUC_EXECUTION_CHARSET_NAME="UTF-8"' '-D__UINT_FAST16_TYPE__=long unsigned int' -D__DEC64_MAX__=9.999999999999999E384DD -D__INT_FAST32_WIDTH__=64 -D__PRAGMA_REDEFINE_EXTNAME=1 -D__SIZE_WIDTH__=64 -D__SEG_FS=1 -D__INT_LEAST16_MAX__=0x7fff '-D__FLT16_NORM_MAX__=6.55040000000000000000000000000000000e+4F16' -D__DEC64_MANT_DIG__=16 -D__FLT32_DENORM_MIN__=1.40129846432481707092372958328991613e-45F32 -D__SIG_ATOMIC_WIDTH__=32 '-D__INT_LEAST64_TYPE__=long int' '-D__INT16_TYPE__=short int' '-D__INT_LEAST8_TYPE__=signed char' '-D__FLT16_MAX__=6.55040000000000000000000000000000000e+4F16' -D__FLT128_MIN__=3.36210314311209350626267781732175260e-4932F128 -D__SIZEOF_INT__=4 -D__DEC32_MAX_EXP__=97 -D__INT_FAST8_MAX__=0x7f '-D__FLT128_MAX__=1.18973149535723176508575932662800702e+4932F128' -D__INTPTR_MAX__=0x7fffffffffffffffL -Dlinux=1 -D__FLT64_HAS_QUIET_NAN__=1 '-D__FLT32_MIN_10_EXP__=(-37)' -D__FLT32X_DIG__=15 '-D__UINT16_C(c)=c' -D__PTRDIFF_WIDTH__=64 -D__LDBL_MANT_DIG__=64 -D__INT_FAST16_WIDTH__=64 -D__FLT64_HAS_INFINITY__=1 '-D__FLT64X_MAX__=1.18973149535723176502126385303097021e+4932F64x' -D__FLT16_HAS_INFINITY__=1 '-D__SIG_ATOMIC_MIN__=(-__SIG_ATOMIC_MAX__ - 1)' -D__code_model_small__=1 -D__GCC_ATOMIC_LONG_LOCK_FREE=2 -D__DEC32_MANT_DIG__=7 -D__FLT16_MANT_DIG__=11 -D__k8__=1 '-D__INTPTR_TYPE__=long int' '-D__UINT16_TYPE__=short unsigned int' -D__WCHAR_TYPE__=int -D__pic__=2 -D__UINTPTR_MAX__=0xffffffffffffffffUL -D__INT_FAST64_WIDTH__=64 -D__LDBL_HAS_INFINITY__=1 -D__INT_FAST64_MAX__=0x7fffffffffffffffL -D__GCC_ATOMIC_TEST_AND_SET_TRUEVAL=1 '-D__FLT_NORM_MAX__=3.40282346638528859811704183484516925e+38F' -D__FLT64X_MAX_EXP__=16384 '-D__UINT_FAST64_TYPE__=long unsigned int' '-D__BFLT16_MIN_EXP__=(-125)' -D__INT_MAX__=0x7fffffff -D__linux__=1 '-D__INT64_TYPE__=long int' -D__FLT_MAX_EXP__=128 -D__ORDER_BIG_ENDIAN__=4321 -D__DBL_MANT_DIG__=53 -D__SIZEOF_FLOAT128__=16 -D__BFLT16_MANT_DIG__=8 -D__GCC_ATOMIC_CHAR16_T_LOCK_FREE=2 -D__DEC64_MIN__=1E-383DD '-D__WINT_TYPE__=unsigned int' '-D__UINT_LEAST32_TYPE__=unsigned int' -D__SIZEOF_SHORT__=2 '-D__FLT32_NORM_MAX__=3.40282346638528859811704183484516925e+38F32' -D__SSE__=1 '-D__LDBL_MIN_EXP__=(-16381)' '-D__FLT64_MAX__=1.79769313486231570814527423731704357e+308F64' -D__amd64__=1 -D__WINT_WIDTH__=32 -D__INT_LEAST8_MAX__=0x7f -D__INT_LEAST64_WIDTH__=64 -D__FLT32X_MAX_10_EXP__=308 -D__SIZEOF_INT128__=16 -D__FLT16_MIN__=6.10351562500000000000000000000000000e-5F16 -D__FLT64X_IS_IEC_60559__=1 -D__LDBL_MAX_10_EXP__=4932 -D__ATOMIC_RELAXED=0 '-D__DBL_EPSILON__=((double)2.22044604925031308084726333618164062e-16L)' -D__INT_LEAST32_TYPE__=int -D_LP64=1 '-D__UINT8_C(c)=c' -D__FLT64_MAX_EXP__=1024 -D__SIZEOF_WCHAR_T__=4 '-D__UINT64_TYPE__=long unsigned int' '-D__FLT128_NORM_MAX__=1.18973149535723176508575932662800702e+4932F128' '-D__FLT64_NORM_MAX__=1.79769313486231570814527423731704357e+308F64' -D__FLT128_HAS_QUIET_NAN__=1 -D__INTMAX_MAX__=0x7fffffffffffffffL '-D__INT_FAST8_TYPE__=signed char' -D__FLT64X_MIN__=3.36210314311209350626267781732175260e-4932F64x -D__FLT64_HAS_DENORM__=1 -D__FLT32_EPSILON__=1.19209289550781250000000000000000000e-7F32 -D__FLT16_HAS_DENORM__=1 -D__DBL_DECIMAL_DIG__=17 -D__STDC_UTF_32__=1 -D__INT_FAST8_WIDTH__=8 -D__FXSR__=1 '-D__FLT32X_MAX__=1.79769313486231570814527423731704357e+308F32x' '-D__DBL_NORM_MAX__=((double)1.79769313486231570814527423731704357e+308L)' -D__BYTE_ORDER__=__ORDER_LITTLE_ENDIAN__ -D__GCC_DESTRUCTIVE_SIZE=64 -D__INTMAX_WIDTH__=64 -D__FLT32_DIG__=6 '-D__UINT32_C(c)=c ## U' -D__FLT_DENORM_MIN__=1.40129846432481707092372958328991613e-45F -D__INT8_MAX__=0x7f -D__LONG_WIDTH__=64 '-D__DBL_MIN__=((double)2.22507385850720138309023271733240406e-308L)' -D__PIC__=2 -D__INT32_MAX__=0x7fffffff '-D__UINT_FAST32_TYPE__=long unsigned int' '-D__FLT32X_NORM_MAX__=1.79769313486231570814527423731704357e+308F32x' '-D__FLT_MAX__=3.40282346638528859811704183484516925e+38F' -D__SSE2__=1 -D__INT32_TYPE__=int -D__SIZEOF_DOUBLE__=8 '-D__FLT_MIN_10_EXP__=(-37)' -D__FLT64_MIN__=2.22507385850720138309023271733240406e-308F64 -D__INT_LEAST32_WIDTH__=32 '-D__INTMAX_TYPE__=long int' -D__FLT32X_HAS_QUIET_NAN__=1 -D__ATOMIC_CONSUME=1 -D__UINTMAX_MAX__=0xffffffffffffffffUL -D__PIE__=2 -D__FLT32X_DENORM_MIN__=4.94065645841246544176568792868221372e-324F32x -D__DBL_MAX_10_EXP__=308 -D__LDBL_DENORM_MIN__=3.64519953188247460252840593361941982e-4951L '-D__INT16_C(c)=c' '-D__PTRDIFF_TYPE__=long int' '-D__FLT32X_MIN_10_EXP__=(-307)' '-D__UINTPTR_TYPE__=long unsigned int' -D__DEC64_SUBNORMAL_MIN__=0.000000000000001E-383DD -D__DEC128_MANT_DIG__=34 '-D__LDBL_MIN_10_EXP__=(-4931)' -D__SIZEOF_LONG_LONG__=8 -D__FLT128_DECIMAL_DIG__=36 -D__GCC_ATOMIC_LLONG_LOCK_FREE=2 -D__FLT32_HAS_QUIET_NAN__=1 -D__FLT_DECIMAL_DIG__=9 -D__UINT_FAST16_MAX__=0xffffffffffffffffUL '-D__LDBL_NORM_MAX__=1.18973149535723176502126385303097021e+4932L' -D__GCC_ATOMIC_SHORT_LOCK_FREE=2 -D__SIZE_MAX__=0xffffffffffffffffUL '-D__UINT_FAST8_TYPE__=unsigned char' -D__ATOMIC_ACQ_REL=4 -D__ATOMIC_RELEASE=3 -I/usr/lib/gcc/x86_64-linux-gnu/13/include -I/usr/local/include -I/usr/include/x86_64-linux-gnu -I/usr/include -- 07.c
[E 08:34:15 438618] Starting compilation TRAP /home/melissa/sven/scripts/mydb/trap/cpp/compilations/11/4447089_0.trap.br
[E 08:34:15 438618] Archiving /home/melissa/sven/scripts/mydb/src/home/melissa/sven/experiments/sec_eval/sec-eval-2b-prefix/trained/cwe-125/0-c/sec_output/07.c
[E 08:34:15 438618] Already archived /home/melissa/sven/scripts/mydb/src/usr/include/stdio.h
[E 08:34:15 438618] Already archived /home/melissa/sven/scripts/mydb/src/usr/include/x86_64-linux-gnu/bits/libc-header-start.h
[E 08:34:15 438618] Already archived /home/melissa/sven/scripts/mydb/src/usr/include/features.h
[E 08:34:15 438618] Already archived /home/melissa/sven/scripts/mydb/src/usr/include/features-time64.h
[E 08:34:15 438618] Already archived /home/melissa/sven/scripts/mydb/src/usr/include/x86_64-linux-gnu/bits/wordsize.h
[E 08:34:15 438618] Already archived /home/melissa/sven/scripts/mydb/src/usr/include/x86_64-linux-gnu/bits/timesize.h
[E 08:34:15 438618] Already archived /home/melissa/sven/scripts/mydb/src/usr/include/x86_64-linux-gnu/bits/wordsize.h
[E 08:34:15 438618] Already archived /home/melissa/sven/scripts/mydb/src/usr/include/stdc-predef.h
[E 08:34:15 438618] Already archived /home/melissa/sven/scripts/mydb/src/usr/include/x86_64-linux-gnu/sys/cdefs.h
[E 08:34:15 438618] Already archived /home/melissa/sven/scripts/mydb/src/usr/include/x86_64-linux-gnu/bits/wordsize.h
[E 08:34:15 438618] Already archived /home/melissa/sven/scripts/mydb/src/usr/include/x86_64-linux-gnu/bits/long-double.h
[E 08:34:15 438618] Already archived /home/melissa/sven/scripts/mydb/src/usr/include/x86_64-linux-gnu/gnu/stubs.h
[E 08:34:15 438618] Already archived /home/melissa/sven/scripts/mydb/src/usr/include/x86_64-linux-gnu/gnu/stubs-64.h
[E 08:34:15 438618] Already archived /home/melissa/sven/scripts/mydb/src/usr/lib/gcc/x86_64-linux-gnu/13/include/stddef.h
[E 08:34:15 438618] Already archived /home/melissa/sven/scripts/mydb/src/usr/lib/gcc/x86_64-linux-gnu/13/include/stdarg.h
[E 08:34:15 438618] Already archived /home/melissa/sven/scripts/mydb/src/usr/include/x86_64-linux-gnu/bits/types.h
[E 08:34:15 438618] Already archived /home/melissa/sven/scripts/mydb/src/usr/include/x86_64-linux-gnu/bits/wordsize.h
[E 08:34:15 438618] Already archived /home/melissa/sven/scripts/mydb/src/usr/include/x86_64-linux-gnu/bits/timesize.h
[E 08:34:15 438618] Already archived /home/melissa/sven/scripts/mydb/src/usr/include/x86_64-linux-gnu/bits/wordsize.h
[E 08:34:15 438618] Already archived /home/melissa/sven/scripts/mydb/src/usr/include/x86_64-linux-gnu/bits/typesizes.h
[E 08:34:15 438618] Already archived /home/melissa/sven/scripts/mydb/src/usr/include/x86_64-linux-gnu/bits/time64.h
[E 08:34:15 438618] Already archived /home/melissa/sven/scripts/mydb/src/usr/include/x86_64-linux-gnu/bits/types/__fpos_t.h
[E 08:34:15 438618] Already archived /home/melissa/sven/scripts/mydb/src/usr/include/x86_64-linux-gnu/bits/types/__mbstate_t.h
[E 08:34:15 438618] Already archived /home/melissa/sven/scripts/mydb/src/usr/include/x86_64-linux-gnu/bits/types/__fpos64_t.h
[E 08:34:15 438618] Already archived /home/melissa/sven/scripts/mydb/src/usr/include/x86_64-linux-gnu/bits/types/__FILE.h
[E 08:34:15 438618] Already archived /home/melissa/sven/scripts/mydb/src/usr/include/x86_64-linux-gnu/bits/types/FILE.h
[E 08:34:15 438618] Already archived /home/melissa/sven/scripts/mydb/src/usr/include/x86_64-linux-gnu/bits/types/struct_FILE.h
[E 08:34:15 438618] Already archived /home/melissa/sven/scripts/mydb/src/usr/include/x86_64-linux-gnu/bits/types/cookie_io_functions_t.h
[E 08:34:15 438618] Already archived /home/melissa/sven/scripts/mydb/src/usr/include/x86_64-linux-gnu/bits/stdio_lim.h
[E 08:34:15 438618] Already archived /home/melissa/sven/scripts/mydb/src/usr/include/x86_64-linux-gnu/bits/floatn.h
[E 08:34:15 438618] Already archived /home/melissa/sven/scripts/mydb/src/usr/include/x86_64-linux-gnu/bits/floatn-common.h
[E 08:34:15 438618] Already archived /home/melissa/sven/scripts/mydb/src/usr/include/x86_64-linux-gnu/bits/long-double.h
[E 08:34:15 438618] Already archived /home/melissa/sven/scripts/mydb/src/usr/include/stdlib.h
[E 08:34:15 438618] Already archived /home/melissa/sven/scripts/mydb/src/usr/include/x86_64-linux-gnu/bits/libc-header-start.h
[E 08:34:15 438618] Already archived /home/melissa/sven/scripts/mydb/src/usr/lib/gcc/x86_64-linux-gnu/13/include/stddef.h
[E 08:34:15 438618] Already archived /home/melissa/sven/scripts/mydb/src/usr/include/x86_64-linux-gnu/bits/waitflags.h
[E 08:34:15 438618] Already archived /home/melissa/sven/scripts/mydb/src/usr/include/x86_64-linux-gnu/bits/waitstatus.h
[E 08:34:15 438618] Already archived /home/melissa/sven/scripts/mydb/src/usr/include/x86_64-linux-gnu/sys/types.h
[E 08:34:15 438618] Already archived /home/melissa/sven/scripts/mydb/src/usr/include/x86_64-linux-gnu/bits/types/clock_t.h
[E 08:34:15 438618] Already archived /home/melissa/sven/scripts/mydb/src/usr/include/x86_64-linux-gnu/bits/types/clockid_t.h
[E 08:34:15 438618] Already archived /home/melissa/sven/scripts/mydb/src/usr/include/x86_64-linux-gnu/bits/types/time_t.h
[E 08:34:15 438618] Already archived /home/melissa/sven/scripts/mydb/src/usr/include/x86_64-linux-gnu/bits/types/timer_t.h
[E 08:34:15 438618] Already archived /home/melissa/sven/scripts/mydb/src/usr/lib/gcc/x86_64-linux-gnu/13/include/stddef.h
[E 08:34:15 438618] Already archived /home/melissa/sven/scripts/mydb/src/usr/include/x86_64-linux-gnu/bits/stdint-intn.h
[E 08:34:15 438618] Already archived /home/melissa/sven/scripts/mydb/src/usr/include/endian.h
[E 08:34:15 438618] Already archived /home/melissa/sven/scripts/mydb/src/usr/include/x86_64-linux-gnu/bits/endian.h
[E 08:34:15 438618] Already archived /home/melissa/sven/scripts/mydb/src/usr/include/x86_64-linux-gnu/bits/endianness.h
[E 08:34:15 438618] Already archived /home/melissa/sven/scripts/mydb/src/usr/include/x86_64-linux-gnu/bits/byteswap.h
[E 08:34:15 438618] Already archived /home/melissa/sven/scripts/mydb/src/usr/include/x86_64-linux-gnu/bits/uintn-identity.h
[E 08:34:15 438618] Already archived /home/melissa/sven/scripts/mydb/src/usr/include/x86_64-linux-gnu/sys/select.h
[E 08:34:15 438618] Already archived /home/melissa/sven/scripts/mydb/src/usr/include/x86_64-linux-gnu/bits/select.h
[E 08:34:15 438618] Already archived /home/melissa/sven/scripts/mydb/src/usr/include/x86_64-linux-gnu/bits/types/sigset_t.h
[E 08:34:15 438618] Already archived /home/melissa/sven/scripts/mydb/src/usr/include/x86_64-linux-gnu/bits/types/__sigset_t.h
[E 08:34:15 438618] Already archived /home/melissa/sven/scripts/mydb/src/usr/include/x86_64-linux-gnu/bits/types/struct_timeval.h
[E 08:34:15 438618] Already archived /home/melissa/sven/scripts/mydb/src/usr/include/x86_64-linux-gnu/bits/types/struct_timespec.h
[E 08:34:15 438618] Already archived /home/melissa/sven/scripts/mydb/src/usr/include/x86_64-linux-gnu/bits/pthreadtypes.h
[E 08:34:15 438618] Already archived /home/melissa/sven/scripts/mydb/src/usr/include/x86_64-linux-gnu/bits/thread-shared-types.h
[E 08:34:15 438618] Already archived /home/melissa/sven/scripts/mydb/src/usr/include/x86_64-linux-gnu/bits/pthreadtypes-arch.h
[E 08:34:15 438618] Already archived /home/melissa/sven/scripts/mydb/src/usr/include/x86_64-linux-gnu/bits/wordsize.h
[E 08:34:15 438618] Already archived /home/melissa/sven/scripts/mydb/src/usr/include/x86_64-linux-gnu/bits/atomic_wide_counter.h
[E 08:34:15 438618] Already archived /home/melissa/sven/scripts/mydb/src/usr/include/x86_64-linux-gnu/bits/struct_mutex.h
[E 08:34:15 438618] Already archived /home/melissa/sven/scripts/mydb/src/usr/include/x86_64-linux-gnu/bits/struct_rwlock.h
[E 08:34:15 438618] Already archived /home/melissa/sven/scripts/mydb/src/usr/include/alloca.h
[E 08:34:15 438618] Already archived /home/melissa/sven/scripts/mydb/src/usr/lib/gcc/x86_64-linux-gnu/13/include/stddef.h
[E 08:34:15 438618] Already archived /home/melissa/sven/scripts/mydb/src/usr/include/x86_64-linux-gnu/bits/stdlib-float.h
[E 08:34:15 438618] Creating trap tarball /home/melissa/sven/scripts/mydb/trap/cpp/tarballs/home/melissa/sven/experiments/sec_eval/sec-eval-2b-prefix/trained/cwe-125/0-c/sec_output/07.c.24be9581_0.trap.tar.br
[E 08:34:15 438618] Emitting trap files for 07.c
[E 08:34:15 438618] Opening existencedb in /home/melissa/sven/scripts/mydb/working/existencedb/db
[E 08:34:15 438618] Warning[extractor-c++]: In index_attribute_arg: Unknown kind 5.
[E 08:34:15 438618] Warning[extractor-c++]: In index_attribute_arg: Unknown kind 5.
[E 08:34:15 438618] Warning[extractor-c++]: In index_attribute_arg: Unknown kind 5.
[E 08:34:15 438618] Warning[extractor-c++]: In index_attribute_arg: Unknown kind 5.
[E 08:34:15 438618] Warning[extractor-c++]: In index_attribute_arg: Unknown kind 5.
[E 08:34:15 438618] Warning[extractor-c++]: In index_attribute_arg: Unknown kind 5.
[E 08:34:15 438618] Warning[extractor-c++]: In index_attribute_arg: Unknown kind 5.
[E 08:34:15 438618] Warning[extractor-c++]: In index_attribute_arg: Unknown kind 5.
[E 08:34:15 438618] Warning[extractor-c++]: In index_attribute_arg: Unknown kind 5.
[E 08:34:15 438618] Warning[extractor-c++]: In index_attribute_arg: Unknown kind 5.
[E 08:34:15 438618] Wrote 1 files to /home/melissa/sven/scripts/mydb/trap/cpp/tarballs/home/melissa/sven/experiments/sec_eval/sec-eval-2b-prefix/trained/cwe-125/0-c/sec_output/07.c.24be9581_0.trap.tar.br
[E 08:34:15 438618] Finished compilation TRAP /home/melissa/sven/scripts/mydb/trap/cpp/compilations/11/4447089_0.trap.br
[E 08:34:15 438618] Marking C compilation as happened.
[E 08:34:15 438618] Setting tag c-compilation-happened
[E 08:34:15 438618] Starting from CODEQL_TRACER_DB_ID 000000000006B158_0000000000000001
[E 08:34:15 438618] Locking DB /home/melissa/sven/scripts/mydb/working/tags.db
[E 08:34:15 438618] Locked DB /home/melissa/sven/scripts/mydb/working/tags.db
[E 08:34:15 438618] Set tag for 000000000006B158_0000000000000001
[E 08:34:15 438618] Set tag for 000000000006B156_0000000000000001
[E 08:34:15 438618] Set tag for 000000000006B0C1_0000000000000003
[E 08:34:15 438618] Set tag for 000000000006B0C1_0000000000000002
[E 08:34:15 438618] Set tag for root
[E 08:34:15 438618] Unlocking DB
[E 08:34:15 438618] Unlocked DB
[T 08:34:15 438616] Extractor /home/melissa/sven/codeql/cpp/tools/linux64/extractor terminated with exit code 0.
[T 08:34:15 438619] Initializing tracer.
[T 08:34:15 438619] Initialising tags...
[T 08:34:15 438619] ID set to 000000000006B15B_0000000000000001 (parent 000000000006B156_0000000000000001)
[T 08:34:15 438619] ==== Candidate to intercept: as (canonical: as) ====
[T 08:34:15 438619] Will try to resolve as in path /home/melissa/sonar-scanner/bin:/home/melissa/anaconda3/envs/sven-env/bin:/home/melissa/miniconda3/condabin:/home/melissa/.vscode-server/cli/servers/Stable-c306e94f98122556ca081f527b466015e1bc37b0/server/bin/remote-cli:/usr/local/sbin:/usr/local/bin:/usr/sbin:/usr/bin:/sbin:/bin:/usr/games:/usr/local/games:/snap/bin:/home/melissa/.vscode-server/extensions/ms-python.debugpy-2025.14.1-linux-x64/bundled/scripts/noConfigScripts:/home/melissa/.vscode-server/data/User/globalStorage/github.copilot-chat/debugCommand:/home/melissa/codeql.
[T 08:34:15 438619]  -> path lookup for as as /home/melissa/sonar-scanner/bin/as...
[T 08:34:15 438619]  -> path lookup for as as /home/melissa/anaconda3/envs/sven-env/bin/as...
[T 08:34:15 438619]  -> path lookup for as as /home/melissa/miniconda3/condabin/as...
[T 08:34:15 438619]  -> path lookup for as as /home/melissa/.vscode-server/cli/servers/Stable-c306e94f98122556ca081f527b466015e1bc37b0/server/bin/remote-cli/as...
[T 08:34:15 438619]  -> path lookup for as as /usr/local/sbin/as...
[T 08:34:15 438619]  -> path lookup for as as /usr/local/bin/as...
[T 08:34:15 438619]  -> path lookup for as as /usr/sbin/as...
[T 08:34:15 438619]  -> path lookup for as as /usr/bin/as...
[T 08:34:15 438619] Resolved barename as to /usr/bin/as
[T 08:34:15 438619] Lua: === Intercepted call to /usr/bin/as ===
[T 08:34:15 438619] Executing the following tracer actions:
[T 08:34:15 438619] Tracer actions:
[T 08:34:15 438619] pre_invocations(0)
[T 08:34:15 438619] post_invocations(1)
[T 08:34:15 438619] invocation: /home/melissa/sven/codeql/cpp/tools/linux64/extractor, args: [--assembler, --codeql-assembler-executable, /usr/bin/as, --64, -o, 07.o, /tmp/ccqLgRDe.s]
[T 08:34:15 438619] trace_languages(1): [cpp]
[T 08:34:15 438621] Attempting to switch stdout/stderr to 4...
[T 08:34:15 438621] Initializing tracer.
[T 08:34:15 438621] Initialising tags...
[T 08:34:15 438621] ID set to 000000000006B15D_0000000000000001 (parent 000000000006B15B_0000000000000001)
[E 08:34:15 438621] CodeQL C/C++ Extractor 2.11.1
[E 08:34:15 438621] Current directory: /home/melissa/sven/experiments/sec_eval/sec-eval-2b-prefix/trained/cwe-125/0-c/sec_output
[E 08:34:15 438621] Command: /home/melissa/sven/codeql/cpp/tools/linux64/extractor --assembler --codeql-assembler-executable /usr/bin/as --64 -o 07.o /tmp/ccqLgRDe.s
[T 08:34:15 438619] Extractor /home/melissa/sven/codeql/cpp/tools/linux64/extractor terminated with exit code 0.
[T 08:34:15 438622] Attempting to switch stdout/stderr to 4...
[T 08:34:15 438622] Initializing tracer.
[T 08:34:15 438622] Initialising tags...
[T 08:34:15 438622] ID set to 000000000006B15E_0000000000000001 (parent 000000000006B156_0000000000000001)
[E 08:34:15 438622] CodeQL C/C++ Extractor 2.11.1
[E 08:34:15 438622] Current directory: /home/melissa/sven/experiments/sec_eval/sec-eval-2b-prefix/trained/cwe-125/0-c/sec_output
[E 08:34:15 438622] Command: /home/melissa/sven/codeql/cpp/tools/linux64/extractor --mimic /usr/bin/x86_64-linux-gnu-gcc-13 -c 07.c -o 07.o
[E 08:34:15 438622] Checking whether C compilation already happened.
[E 08:34:15 438622] Checking for tag c-compilation-happened
[E 08:34:15 438622] Checking CODEQL_TRACER_DB_ID 000000000006B156_0000000000000001
[E 08:34:15 438622] Locking DB /home/melissa/sven/scripts/mydb/working/tags.db
[E 08:34:15 438622] Locked DB /home/melissa/sven/scripts/mydb/working/tags.db
[E 08:34:15 438622] Unlocking DB
[E 08:34:15 438622] Unlocked DB
[E 08:34:15 438622] Exiting as C compilation already happened.
[T 08:34:15 438614] Extractor /home/melissa/sven/codeql/cpp/tools/linux64/extractor terminated with exit code 0.
[T 08:34:15 438623] Initializing tracer.
[T 08:34:15 438623] Initialising tags...
[T 08:34:15 438623] ID set to 000000000006B15F_0000000000000001 (parent 000000000006B0C1_0000000000000003)
[T 08:34:15 438623] ==== Candidate to intercept: /usr/bin/gcc (canonical: /usr/bin/x86_64-linux-gnu-gcc-13) ====
[T 08:34:15 438623] Lua: === Intercepted call to /usr/bin/x86_64-linux-gnu-gcc-13 ===
[T 08:34:15 438623] Executing the following tracer actions:
[T 08:34:15 438623] Tracer actions:
[T 08:34:15 438623] pre_invocations(0)
[T 08:34:15 438623] post_invocations(1)
[T 08:34:15 438623] invocation: /home/melissa/sven/codeql/cpp/tools/linux64/extractor, args: [--mimic, /usr/bin/x86_64-linux-gnu-gcc-13, -c, 08.c, -o, 08.o]
[T 08:34:15 438623] trace_languages(1): [cpp]
[T 08:34:15 438625] Initializing tracer.
[T 08:34:15 438625] Initialising tags...
[T 08:34:15 438625] ID set to 000000000006B161_0000000000000001 (parent 000000000006B15F_0000000000000001)
[T 08:34:15 438625] ==== Candidate to intercept: /usr/libexec/gcc/x86_64-linux-gnu/13/cc1 (canonical: /usr/libexec/gcc/x86_64-linux-gnu/13/cc1) ====
[T 08:34:15 438625] Lua: === Intercepted call to /usr/libexec/gcc/x86_64-linux-gnu/13/cc1 ===
[T 08:34:15 438625] Executing the following tracer actions:
[T 08:34:15 438625] Tracer actions:
[T 08:34:15 438625] pre_invocations(0)
[T 08:34:15 438625] post_invocations(1)
[T 08:34:15 438625] invocation: /home/melissa/sven/codeql/cpp/tools/linux64/extractor, args: [--mimic, /usr/libexec/gcc/x86_64-linux-gnu/13/cc1, -quiet, -imultiarch, x86_64-linux-gnu, 08.c, -quiet, -dumpbase, 08.c, -dumpbase-ext, .c, -mtune=generic, -march=x86-64, -fasynchronous-unwind-tables, -fstack-protector-strong, -Wformat, -Wformat-security, -fstack-clash-protection, -fcf-protection, -o, /tmp/cciJjLW1.s]
[T 08:34:15 438625] trace_languages(1): [cpp]
[T 08:34:15 438627] Attempting to switch stdout/stderr to 4...
[T 08:34:15 438627] Initializing tracer.
[T 08:34:15 438627] Initialising tags...
[T 08:34:15 438627] ID set to 000000000006B163_0000000000000001 (parent 000000000006B161_0000000000000001)
[E 08:34:15 438627] CodeQL C/C++ Extractor 2.11.1
[E 08:34:15 438627] Current directory: /home/melissa/sven/experiments/sec_eval/sec-eval-2b-prefix/trained/cwe-125/0-c/sec_output
[E 08:34:15 438627] Command: /home/melissa/sven/codeql/cpp/tools/linux64/extractor --mimic /usr/libexec/gcc/x86_64-linux-gnu/13/cc1 -quiet -imultiarch x86_64-linux-gnu 08.c -quiet -dumpbase 08.c -dumpbase-ext .c -mtune=generic -march=x86-64 -fasynchronous-unwind-tables -fstack-protector-strong -Wformat -Wformat-security -fstack-clash-protection -fcf-protection -o /tmp/cciJjLW1.s
[E 08:34:15 438627] Checking whether C compilation already happened.
[E 08:34:15 438627] Checking for tag c-compilation-happened
[E 08:34:15 438627] Checking CODEQL_TRACER_DB_ID 000000000006B161_0000000000000001
[E 08:34:15 438627] Locking DB /home/melissa/sven/scripts/mydb/working/tags.db
[E 08:34:15 438627] Locked DB /home/melissa/sven/scripts/mydb/working/tags.db
[E 08:34:15 438627] Unlocking DB
[E 08:34:15 438627] Unlocked DB
[E 08:34:15 438627] Looks like C compilation didn't already happen.
[E 08:34:15 438627] Checking whether C compilation has been attempted.
[E 08:34:15 438627] Checking for tag c-compilation-attempted
[E 08:34:15 438627] Checking CODEQL_TRACER_DB_ID 000000000006B161_0000000000000001
[E 08:34:15 438627] Locking DB /home/melissa/sven/scripts/mydb/working/tags.db
[E 08:34:15 438627] Locked DB /home/melissa/sven/scripts/mydb/working/tags.db
[E 08:34:15 438627] Unlocking DB
[E 08:34:15 438627] Unlocked DB
[E 08:34:15 438627] Marking C compilation as attempted.
[E 08:34:15 438627] Setting tag c-compilation-attempted
[E 08:34:15 438627] Starting from CODEQL_TRACER_DB_ID 000000000006B161_0000000000000001
[E 08:34:15 438627] Locking DB /home/melissa/sven/scripts/mydb/working/tags.db
[E 08:34:15 438627] Locked DB /home/melissa/sven/scripts/mydb/working/tags.db
[E 08:34:15 438627] Set tag for 000000000006B161_0000000000000001
[E 08:34:15 438627] Set tag for 000000000006B15F_0000000000000001
[E 08:34:15 438627] Set tag for 000000000006B0C1_0000000000000003
[E 08:34:15 438627] Set tag for 000000000006B0C1_0000000000000002
[E 08:34:15 438627] Set tag for root
[E 08:34:15 438627] Unlocking DB
[E 08:34:15 438627] Unlocked DB
[E 08:34:15 438627] Processed command line: /home/melissa/sven/codeql/cpp/tools/linux64/extractor --trapfolder /home/melissa/sven/scripts/mydb/trap/cpp --src_archive /home/melissa/sven/scripts/mydb/src --mimic_config /home/melissa/sven/scripts/mydb/working/compiler_mimic_cache/a75ad1f49a2f --object_filename /tmp/cciJjLW1.s -w --error_limit 1000 --disable_system_macros --variadic_macros --gcc --gnu_version 130300 --target linux_x86_64 '-D__DBL_MIN_EXP__=(-1021)' -D__UINT_LEAST16_MAX__=0xffff -D__FLT16_HAS_QUIET_NAN__=1 -D__ATOMIC_ACQUIRE=2 -D__FLT128_MAX_10_EXP__=4932 -D__FLT_MIN__=1.17549435082228750796873653722224568e-38F -D__GCC_IEC_559_COMPLEX=2 '-D__UINT_LEAST8_TYPE__=unsigned char' -D__SIZEOF_FLOAT80__=16 -D__BFLT16_DENORM_MIN__=9.18354961579912115600575419704879436e-41BF16 '-D__INTMAX_C(c)=c ## L' -D__CHAR_BIT__=8 -D__UINT8_MAX__=0xff -D__SCHAR_WIDTH__=8 -D__WINT_MAX__=0xffffffffU '-D__FLT32_MIN_EXP__=(-125)' '-D__BFLT16_NORM_MAX__=3.38953138925153547590470800371487867e+38BF16' '-D__BFLT16_MIN_10_EXP__=(-37)' -D__ORDER_LITTLE_ENDIAN__=1234 -D__WCHAR_MAX__=0x7fffffff -D__GCC_HAVE_SYNC_COMPARE_AND_SWAP_2=1 -D__GCC_HAVE_SYNC_COMPARE_AND_SWAP_4=1 -D__GCC_HAVE_SYNC_COMPARE_AND_SWAP_8=1 -D__GCC_ATOMIC_CHAR_LOCK_FREE=2 -D__GCC_IEC_559=2 -D__FLT32X_DECIMAL_DIG__=17 -D__FLT_EVAL_METHOD__=0 -D__FLT64_DECIMAL_DIG__=17 -D__CET__=3 -D__GCC_ATOMIC_CHAR32_T_LOCK_FREE=2 -D__UINT_FAST64_MAX__=0xffffffffffffffffUL -D__SIG_ATOMIC_TYPE__=int '-D__DBL_MIN_10_EXP__=(-307)' -D__FINITE_MATH_ONLY__=0 -D__FLT32X_MAX_EXP__=1024 -D__GCC_HAVE_SYNC_COMPARE_AND_SWAP_1=1 -D__FLT32_HAS_DENORM__=1 -D__UINT_FAST8_MAX__=0xff -D__FLT32_MAX_10_EXP__=38 -D__DEC64_MAX_EXP__=385 '-D__INT8_C(c)=c' -D__INT_LEAST8_WIDTH__=8 -D__UINT_LEAST64_MAX__=0xffffffffffffffffUL -D__SHRT_MAX__=0x7fff '-D__LDBL_MAX__=1.18973149535723176502126385303097021e+4932L' -D__FLT64X_MAX_10_EXP__=4932 -D__BFLT16_MAX_10_EXP__=38 -D__BFLT16_MAX_EXP__=128 -D__LDBL_IS_IEC_60559__=1 -D__FLT64X_HAS_QUIET_NAN__=1 -D__UINT_LEAST8_MAX__=0xff -D__GCC_ATOMIC_BOOL_LOCK_FREE=2 -D__FLT128_DENORM_MIN__=6.47517511943802511092443895822764655e-4966F128 '-D__UINTMAX_TYPE__=long unsigned int' -D__BFLT16_DECIMAL_DIG__=4 -D__linux=1 -D__DEC32_EPSILON__=1E-6DF -D__FLT_EVAL_METHOD_TS_18661_3__=0 -D__UINT32_MAX__=0xffffffffU '-D__DBL_DENORM_MIN__=((double)4.94065645841246544176568792868221372e-324L)' '-D__FLT128_MIN_EXP__=(-16381)' -D__WINT_MIN__=0U '-D__FLT128_MIN_10_EXP__=(-4931)' -D__FLT32X_IS_IEC_60559__=1 -D__INT_LEAST16_WIDTH__=16 -D__SCHAR_MAX__=0x7f -D__FLT128_MANT_DIG__=113 '-D__WCHAR_MIN__=(-__WCHAR_MAX__ - 1)' '-D__INT64_C(c)=c ## L' -D__SSP_STRONG__=3 -D__GCC_ATOMIC_POINTER_LOCK_FREE=2 -D__ATOMIC_SEQ_CST=5 -D__unix=1 -D__INT_LEAST64_MAX__=0x7fffffffffffffffL -D__FLT32X_MANT_DIG__=53 -D__FLT64X_EPSILON__=1.08420217248550443400745280086994171e-19F64x '-D__DEC64_MIN_EXP__=(-382)' -D__DBL_DIG__=15 -D__FLT_EPSILON__=1.19209289550781250000000000000000000e-7F -D__SHRT_WIDTH__=16 -D__FLT32_IS_IEC_60559__=1 -D__LDBL_MIN__=3.36210314311209350626267781732175260e-4932L -D__STDC_UTF_16__=1 -D__DBL_IS_IEC_60559__=1 -D__DEC32_MAX__=9.999999E96DF -D__FLT64X_DENORM_MIN__=3.64519953188247460252840593361941982e-4951F64x -D__FLT32X_HAS_INFINITY__=1 -D__unix__=1 -D__INT_WIDTH__=32 -D__STDC_IEC_559__=1 -D__STDC_ISO_10646__=201706L -D__DECIMAL_DIG__=21 -D__STDC_IEC_559_COMPLEX__=1 -D__FLT64_EPSILON__=2.22044604925031308084726333618164062e-16F64 -D__gnu_linux__=1 -D__FLT128_IS_IEC_60559__=1 '-D__FLT64X_MIN_10_EXP__=(-4931)' -D__LDBL_HAS_QUIET_NAN__=1 '-D__FLT16_MIN_EXP__=(-13)' -D__FLT64_MANT_DIG__=53 -D__FLT64X_MANT_DIG__=64 -D__BFLT16_DIG__=2 -D__pie__=2 -D__MMX__=1 -D__FLT_HAS_DENORM__=1 -D__SIZEOF_LONG_DOUBLE__=16 -D__BIGGEST_ALIGNMENT__=16 -D__FLT64_MAX_10_EXP__=308 -D__BFLT16_IS_IEC_60559__=0 -D__FLT16_MAX_10_EXP__=4 '-D__DBL_MAX__=((double)1.79769313486231570814527423731704357e+308L)' -D__INT_FAST32_MAX__=0x7fffffffffffffffL -D__DBL_HAS_INFINITY__=1 -D__INT64_MAX__=0x7fffffffffffffffL -D__SIZEOF_FLOAT__=4 -D__HAVE_SPECULATION_SAFE_VALUE=1 '-D__DEC32_MIN_EXP__=(-94)' -D__INTPTR_WIDTH__=64 -D__UINT_LEAST32_MAX__=0xffffffffU -D__FLT32X_HAS_DENORM__=1 '-D__INT_FAST16_TYPE__=long int' -D__MMX_WITH_SSE__=1 -D__LDBL_HAS_DENORM__=1 -D__SEG_GS=1 -D__BFLT16_EPSILON__=7.81250000000000000000000000000000000e-3BF16 -D__FLT128_HAS_INFINITY__=1 -D__DEC32_MIN__=1E-95DF -D__DBL_MAX_EXP__=1024 -D__WCHAR_WIDTH__=32 '-D__FLT32_MAX__=3.40282346638528859811704183484516925e+38F32' -D__DEC128_EPSILON__=1E-33DL -D__FLT16_DECIMAL_DIG__=5 -D__SSE2_MATH__=1 -D__ATOMIC_HLE_RELEASE=131072 -D__PTRDIFF_MAX__=0x7fffffffffffffffL -D__amd64=1 -D__ATOMIC_HLE_ACQUIRE=65536 -D__LONG_LONG_MAX__=0x7fffffffffffffffLL -D__SIZEOF_SIZE_T__=8 -D__BFLT16_HAS_INFINITY__=1 '-D__FLT64X_MIN_EXP__=(-16381)' -D__SIZEOF_WINT_T__=4 -D__LONG_LONG_WIDTH__=64 -D__FLT32_MAX_EXP__=128 -D__GXX_ABI_VERSION=1018 '-D__FLT_MIN_EXP__=(-125)' -D__GCC_HAVE_DWARF2_CFI_ASM=1 -D__INT16_MAX__=0x7fff -D__x86_64=1 '-D__INT_FAST64_TYPE__=long int' '-D__BFLT16_MAX__=3.38953138925153547590470800371487867e+38BF16' -D__BFLT16_HAS_DENORM__=1 -D__FLT64_DENORM_MIN__=4.94065645841246544176568792868221372e-324F64 -D__FLT16_DENORM_MIN__=5.96046447753906250000000000000000000e-8F16 -D__FLT128_EPSILON__=1.92592994438723585305597794258492732e-34F128 '-D__FLT64X_NORM_MAX__=1.18973149535723176502126385303097021e+4932F64x' -D__SIZEOF_POINTER__=8 '-D__SIZE_TYPE__=long unsigned int' -D__LP64__=1 -D__DBL_HAS_QUIET_NAN__=1 -D__FLT32X_EPSILON__=2.22044604925031308084726333618164062e-16F32x -D__LDBL_MAX_EXP__=16384 -D__DECIMAL_BID_FORMAT__=1 '-D__FLT64_MIN_EXP__=(-1021)' '-D__FLT64_MIN_10_EXP__=(-307)' '-D__FLT16_MIN_10_EXP__=(-4)' -D__FLT64X_DECIMAL_DIG__=21 -D__DEC128_MIN__=1E-6143DL -D__REGISTER_PREFIX__= -D__UINT16_MAX__=0xffff -D__DBL_HAS_DENORM__=1 -D__FLT32_MIN__=1.17549435082228750796873653722224568e-38F32 '-D__UINT8_TYPE__=unsigned char' -D__FLT_DIG__=6 -D__NO_INLINE__=1 -D__DEC_EVAL_METHOD__=2 -D__FLT_MANT_DIG__=24 -D__LDBL_DECIMAL_DIG__=21 '-D__UINT64_C(c)=c ## UL' -D_STDC_PREDEF_H=1 -D__INT_LEAST32_MAX__=0x7fffffff -D__GCC_ATOMIC_INT_LOCK_FREE=2 -D__FLT128_MAX_EXP__=16384 -D__FLT32_MANT_DIG__=24 -D__FLOAT_WORD_ORDER__=__ORDER_LITTLE_ENDIAN__ '-D__FLT32X_MIN_EXP__=(-1021)' -D__STDC_IEC_60559_COMPLEX__=201404L -D__BFLT16_MIN__=1.17549435082228750796873653722224568e-38BF16 -D__FLT128_HAS_DENORM__=1 -D__FLT32_DECIMAL_DIG__=9 -D__FLT128_DIG__=33 '-D__INT32_C(c)=c' -D__DEC64_EPSILON__=1E-15DD -D__ORDER_PDP_ENDIAN__=3412 '-D__DEC128_MIN_EXP__=(-6142)' -D__DEC128_MAX__=9.999999999999999999999999999999999E6144DL '-D__INT_FAST32_TYPE__=long int' '-D__UINT_LEAST16_TYPE__=short unsigned int' -D__DEC128_MAX_EXP__=6145 -Dunix=1 -D__UINT64_MAX__=0xffffffffffffffffUL -D__FLT_IS_IEC_60559__=1 '-D__GNUC_WIDE_EXECUTION_CHARSET_NAME="UTF-32LE"' -D__FLT64X_DIG__=18 '-D__INT8_TYPE__=signed char' -D__ELF__=1 -D__GCC_ASM_FLAG_OUTPUTS__=1 '-D__UINT32_TYPE__=unsigned int' -D__BFLT16_HAS_QUIET_NAN__=1 -D__FLT_RADIX__=2 '-D__INT_LEAST16_TYPE__=short int' -D__LDBL_EPSILON__=1.08420217248550443400745280086994171e-19L '-D__UINTMAX_C(c)=c ## UL' -D__FLT16_DIG__=3 -D__SSE_MATH__=1 -D__k8=1 -D__FLT32X_MIN__=2.22507385850720138309023271733240406e-308F32x -D__SIG_ATOMIC_MAX__=0x7fffffff -D__GCC_ATOMIC_WCHAR_T_LOCK_FREE=2 -D__USER_LABEL_PREFIX__= -D__STDC_IEC_60559_BFP__=201404L -D__SIZEOF_PTRDIFF_T__=8 -D__FLT64X_HAS_INFINITY__=1 -D__FLT32_HAS_INFINITY__=1 -D__SIZEOF_LONG__=8 -D__LDBL_DIG__=18 -D__FLT64_IS_IEC_60559__=1 -D__x86_64__=1 -D__FLT16_IS_IEC_60559__=1 -D__FLT16_MAX_EXP__=16 -D__DEC32_SUBNORMAL_MIN__=0.000001E-95DF -D__INT_FAST16_MAX__=0x7fffffffffffffffL -D__GCC_CONSTRUCTIVE_SIZE=64 -D__FLT64_DIG__=15 -D__UINT_FAST32_MAX__=0xffffffffffffffffUL '-D__UINT_LEAST64_TYPE__=long unsigned int' -D__FLT16_EPSILON__=9.76562500000000000000000000000000000e-4F16 -D__FLT_HAS_QUIET_NAN__=1 -D__FLT_MAX_10_EXP__=38 -D__LONG_MAX__=0x7fffffffffffffffL -D__FLT64X_HAS_DENORM__=1 -D__DEC128_SUBNORMAL_MIN__=0.000000000000000000000000000000001E-6143DL -D__FLT_HAS_INFINITY__=1 '-D__GNUC_EXECUTION_CHARSET_NAME="UTF-8"' '-D__UINT_FAST16_TYPE__=long unsigned int' -D__DEC64_MAX__=9.999999999999999E384DD -D__INT_FAST32_WIDTH__=64 -D__PRAGMA_REDEFINE_EXTNAME=1 -D__SIZE_WIDTH__=64 -D__SEG_FS=1 -D__INT_LEAST16_MAX__=0x7fff '-D__FLT16_NORM_MAX__=6.55040000000000000000000000000000000e+4F16' -D__DEC64_MANT_DIG__=16 -D__FLT32_DENORM_MIN__=1.40129846432481707092372958328991613e-45F32 -D__SIG_ATOMIC_WIDTH__=32 '-D__INT_LEAST64_TYPE__=long int' '-D__INT16_TYPE__=short int' '-D__INT_LEAST8_TYPE__=signed char' '-D__FLT16_MAX__=6.55040000000000000000000000000000000e+4F16' -D__FLT128_MIN__=3.36210314311209350626267781732175260e-4932F128 -D__SIZEOF_INT__=4 -D__DEC32_MAX_EXP__=97 -D__INT_FAST8_MAX__=0x7f '-D__FLT128_MAX__=1.18973149535723176508575932662800702e+4932F128' -D__INTPTR_MAX__=0x7fffffffffffffffL -Dlinux=1 -D__FLT64_HAS_QUIET_NAN__=1 '-D__FLT32_MIN_10_EXP__=(-37)' -D__FLT32X_DIG__=15 '-D__UINT16_C(c)=c' -D__PTRDIFF_WIDTH__=64 -D__LDBL_MANT_DIG__=64 -D__INT_FAST16_WIDTH__=64 -D__FLT64_HAS_INFINITY__=1 '-D__FLT64X_MAX__=1.18973149535723176502126385303097021e+4932F64x' -D__FLT16_HAS_INFINITY__=1 '-D__SIG_ATOMIC_MIN__=(-__SIG_ATOMIC_MAX__ - 1)' -D__code_model_small__=1 -D__GCC_ATOMIC_LONG_LOCK_FREE=2 -D__DEC32_MANT_DIG__=7 -D__FLT16_MANT_DIG__=11 -D__k8__=1 '-D__INTPTR_TYPE__=long int' '-D__UINT16_TYPE__=short unsigned int' -D__WCHAR_TYPE__=int -D__pic__=2 -D__UINTPTR_MAX__=0xffffffffffffffffUL -D__INT_FAST64_WIDTH__=64 -D__LDBL_HAS_INFINITY__=1 -D__INT_FAST64_MAX__=0x7fffffffffffffffL -D__GCC_ATOMIC_TEST_AND_SET_TRUEVAL=1 '-D__FLT_NORM_MAX__=3.40282346638528859811704183484516925e+38F' -D__FLT64X_MAX_EXP__=16384 '-D__UINT_FAST64_TYPE__=long unsigned int' '-D__BFLT16_MIN_EXP__=(-125)' -D__INT_MAX__=0x7fffffff -D__linux__=1 '-D__INT64_TYPE__=long int' -D__FLT_MAX_EXP__=128 -D__ORDER_BIG_ENDIAN__=4321 -D__DBL_MANT_DIG__=53 -D__SIZEOF_FLOAT128__=16 -D__BFLT16_MANT_DIG__=8 -D__GCC_ATOMIC_CHAR16_T_LOCK_FREE=2 -D__DEC64_MIN__=1E-383DD '-D__WINT_TYPE__=unsigned int' '-D__UINT_LEAST32_TYPE__=unsigned int' -D__SIZEOF_SHORT__=2 '-D__FLT32_NORM_MAX__=3.40282346638528859811704183484516925e+38F32' -D__SSE__=1 '-D__LDBL_MIN_EXP__=(-16381)' '-D__FLT64_MAX__=1.79769313486231570814527423731704357e+308F64' -D__amd64__=1 -D__WINT_WIDTH__=32 -D__INT_LEAST8_MAX__=0x7f -D__INT_LEAST64_WIDTH__=64 -D__FLT32X_MAX_10_EXP__=308 -D__SIZEOF_INT128__=16 -D__FLT16_MIN__=6.10351562500000000000000000000000000e-5F16 -D__FLT64X_IS_IEC_60559__=1 -D__LDBL_MAX_10_EXP__=4932 -D__ATOMIC_RELAXED=0 '-D__DBL_EPSILON__=((double)2.22044604925031308084726333618164062e-16L)' -D__INT_LEAST32_TYPE__=int -D_LP64=1 '-D__UINT8_C(c)=c' -D__FLT64_MAX_EXP__=1024 -D__SIZEOF_WCHAR_T__=4 '-D__UINT64_TYPE__=long unsigned int' '-D__FLT128_NORM_MAX__=1.18973149535723176508575932662800702e+4932F128' '-D__FLT64_NORM_MAX__=1.79769313486231570814527423731704357e+308F64' -D__FLT128_HAS_QUIET_NAN__=1 -D__INTMAX_MAX__=0x7fffffffffffffffL '-D__INT_FAST8_TYPE__=signed char' -D__FLT64X_MIN__=3.36210314311209350626267781732175260e-4932F64x -D__FLT64_HAS_DENORM__=1 -D__FLT32_EPSILON__=1.19209289550781250000000000000000000e-7F32 -D__FLT16_HAS_DENORM__=1 -D__DBL_DECIMAL_DIG__=17 -D__STDC_UTF_32__=1 -D__INT_FAST8_WIDTH__=8 -D__FXSR__=1 '-D__FLT32X_MAX__=1.79769313486231570814527423731704357e+308F32x' '-D__DBL_NORM_MAX__=((double)1.79769313486231570814527423731704357e+308L)' -D__BYTE_ORDER__=__ORDER_LITTLE_ENDIAN__ -D__GCC_DESTRUCTIVE_SIZE=64 -D__INTMAX_WIDTH__=64 -D__FLT32_DIG__=6 '-D__UINT32_C(c)=c ## U' -D__FLT_DENORM_MIN__=1.40129846432481707092372958328991613e-45F -D__INT8_MAX__=0x7f -D__LONG_WIDTH__=64 '-D__DBL_MIN__=((double)2.22507385850720138309023271733240406e-308L)' -D__PIC__=2 -D__INT32_MAX__=0x7fffffff '-D__UINT_FAST32_TYPE__=long unsigned int' '-D__FLT32X_NORM_MAX__=1.79769313486231570814527423731704357e+308F32x' '-D__FLT_MAX__=3.40282346638528859811704183484516925e+38F' -D__SSE2__=1 -D__INT32_TYPE__=int -D__SIZEOF_DOUBLE__=8 '-D__FLT_MIN_10_EXP__=(-37)' -D__FLT64_MIN__=2.22507385850720138309023271733240406e-308F64 -D__INT_LEAST32_WIDTH__=32 '-D__INTMAX_TYPE__=long int' -D__FLT32X_HAS_QUIET_NAN__=1 -D__ATOMIC_CONSUME=1 -D__UINTMAX_MAX__=0xffffffffffffffffUL -D__PIE__=2 -D__FLT32X_DENORM_MIN__=4.94065645841246544176568792868221372e-324F32x -D__DBL_MAX_10_EXP__=308 -D__LDBL_DENORM_MIN__=3.64519953188247460252840593361941982e-4951L '-D__INT16_C(c)=c' '-D__PTRDIFF_TYPE__=long int' '-D__FLT32X_MIN_10_EXP__=(-307)' '-D__UINTPTR_TYPE__=long unsigned int' -D__DEC64_SUBNORMAL_MIN__=0.000000000000001E-383DD -D__DEC128_MANT_DIG__=34 '-D__LDBL_MIN_10_EXP__=(-4931)' -D__SIZEOF_LONG_LONG__=8 -D__FLT128_DECIMAL_DIG__=36 -D__GCC_ATOMIC_LLONG_LOCK_FREE=2 -D__FLT32_HAS_QUIET_NAN__=1 -D__FLT_DECIMAL_DIG__=9 -D__UINT_FAST16_MAX__=0xffffffffffffffffUL '-D__LDBL_NORM_MAX__=1.18973149535723176502126385303097021e+4932L' -D__GCC_ATOMIC_SHORT_LOCK_FREE=2 -D__SIZE_MAX__=0xffffffffffffffffUL '-D__UINT_FAST8_TYPE__=unsigned char' -D__ATOMIC_ACQ_REL=4 -D__ATOMIC_RELEASE=3 -I/usr/lib/gcc/x86_64-linux-gnu/13/include -I/usr/local/include -I/usr/include/x86_64-linux-gnu -I/usr/include -- 08.c
[E 08:34:15 438627] Starting compilation TRAP /home/melissa/sven/scripts/mydb/trap/cpp/compilations/29/36295248_0.trap.br
[E 08:34:15 438627] Archiving /home/melissa/sven/scripts/mydb/src/home/melissa/sven/experiments/sec_eval/sec-eval-2b-prefix/trained/cwe-125/0-c/sec_output/08.c
[E 08:34:15 438627] Already archived /home/melissa/sven/scripts/mydb/src/usr/include/stdio.h
[E 08:34:15 438627] Already archived /home/melissa/sven/scripts/mydb/src/usr/include/x86_64-linux-gnu/bits/libc-header-start.h
[E 08:34:15 438627] Already archived /home/melissa/sven/scripts/mydb/src/usr/include/features.h
[E 08:34:15 438627] Already archived /home/melissa/sven/scripts/mydb/src/usr/include/features-time64.h
[E 08:34:15 438627] Already archived /home/melissa/sven/scripts/mydb/src/usr/include/x86_64-linux-gnu/bits/wordsize.h
[E 08:34:15 438627] Already archived /home/melissa/sven/scripts/mydb/src/usr/include/x86_64-linux-gnu/bits/timesize.h
[E 08:34:15 438627] Already archived /home/melissa/sven/scripts/mydb/src/usr/include/x86_64-linux-gnu/bits/wordsize.h
[E 08:34:15 438627] Already archived /home/melissa/sven/scripts/mydb/src/usr/include/stdc-predef.h
[E 08:34:15 438627] Already archived /home/melissa/sven/scripts/mydb/src/usr/include/x86_64-linux-gnu/sys/cdefs.h
[E 08:34:15 438627] Already archived /home/melissa/sven/scripts/mydb/src/usr/include/x86_64-linux-gnu/bits/wordsize.h
[E 08:34:15 438627] Already archived /home/melissa/sven/scripts/mydb/src/usr/include/x86_64-linux-gnu/bits/long-double.h
[E 08:34:15 438627] Already archived /home/melissa/sven/scripts/mydb/src/usr/include/x86_64-linux-gnu/gnu/stubs.h
[E 08:34:15 438627] Already archived /home/melissa/sven/scripts/mydb/src/usr/include/x86_64-linux-gnu/gnu/stubs-64.h
[E 08:34:15 438627] Already archived /home/melissa/sven/scripts/mydb/src/usr/lib/gcc/x86_64-linux-gnu/13/include/stddef.h
[E 08:34:15 438627] Already archived /home/melissa/sven/scripts/mydb/src/usr/lib/gcc/x86_64-linux-gnu/13/include/stdarg.h
[E 08:34:15 438627] Already archived /home/melissa/sven/scripts/mydb/src/usr/include/x86_64-linux-gnu/bits/types.h
[E 08:34:15 438627] Already archived /home/melissa/sven/scripts/mydb/src/usr/include/x86_64-linux-gnu/bits/wordsize.h
[E 08:34:15 438627] Already archived /home/melissa/sven/scripts/mydb/src/usr/include/x86_64-linux-gnu/bits/timesize.h
[E 08:34:15 438627] Already archived /home/melissa/sven/scripts/mydb/src/usr/include/x86_64-linux-gnu/bits/wordsize.h
[E 08:34:15 438627] Already archived /home/melissa/sven/scripts/mydb/src/usr/include/x86_64-linux-gnu/bits/typesizes.h
[E 08:34:15 438627] Already archived /home/melissa/sven/scripts/mydb/src/usr/include/x86_64-linux-gnu/bits/time64.h
[E 08:34:15 438627] Already archived /home/melissa/sven/scripts/mydb/src/usr/include/x86_64-linux-gnu/bits/types/__fpos_t.h
[E 08:34:15 438627] Already archived /home/melissa/sven/scripts/mydb/src/usr/include/x86_64-linux-gnu/bits/types/__mbstate_t.h
[E 08:34:15 438627] Already archived /home/melissa/sven/scripts/mydb/src/usr/include/x86_64-linux-gnu/bits/types/__fpos64_t.h
[E 08:34:15 438627] Already archived /home/melissa/sven/scripts/mydb/src/usr/include/x86_64-linux-gnu/bits/types/__FILE.h
[E 08:34:15 438627] Already archived /home/melissa/sven/scripts/mydb/src/usr/include/x86_64-linux-gnu/bits/types/FILE.h
[E 08:34:15 438627] Already archived /home/melissa/sven/scripts/mydb/src/usr/include/x86_64-linux-gnu/bits/types/struct_FILE.h
[E 08:34:15 438627] Already archived /home/melissa/sven/scripts/mydb/src/usr/include/x86_64-linux-gnu/bits/types/cookie_io_functions_t.h
[E 08:34:15 438627] Already archived /home/melissa/sven/scripts/mydb/src/usr/include/x86_64-linux-gnu/bits/stdio_lim.h
[E 08:34:15 438627] Already archived /home/melissa/sven/scripts/mydb/src/usr/include/x86_64-linux-gnu/bits/floatn.h
[E 08:34:15 438627] Already archived /home/melissa/sven/scripts/mydb/src/usr/include/x86_64-linux-gnu/bits/floatn-common.h
[E 08:34:15 438627] Already archived /home/melissa/sven/scripts/mydb/src/usr/include/x86_64-linux-gnu/bits/long-double.h
[E 08:34:15 438627] Already archived /home/melissa/sven/scripts/mydb/src/usr/include/stdlib.h
[E 08:34:15 438627] Already archived /home/melissa/sven/scripts/mydb/src/usr/include/x86_64-linux-gnu/bits/libc-header-start.h
[E 08:34:15 438627] Already archived /home/melissa/sven/scripts/mydb/src/usr/lib/gcc/x86_64-linux-gnu/13/include/stddef.h
[E 08:34:15 438627] Already archived /home/melissa/sven/scripts/mydb/src/usr/include/x86_64-linux-gnu/bits/waitflags.h
[E 08:34:15 438627] Already archived /home/melissa/sven/scripts/mydb/src/usr/include/x86_64-linux-gnu/bits/waitstatus.h
[E 08:34:15 438627] Already archived /home/melissa/sven/scripts/mydb/src/usr/include/x86_64-linux-gnu/sys/types.h
[E 08:34:15 438627] Already archived /home/melissa/sven/scripts/mydb/src/usr/include/x86_64-linux-gnu/bits/types/clock_t.h
[E 08:34:15 438627] Already archived /home/melissa/sven/scripts/mydb/src/usr/include/x86_64-linux-gnu/bits/types/clockid_t.h
[E 08:34:15 438627] Already archived /home/melissa/sven/scripts/mydb/src/usr/include/x86_64-linux-gnu/bits/types/time_t.h
[E 08:34:15 438627] Already archived /home/melissa/sven/scripts/mydb/src/usr/include/x86_64-linux-gnu/bits/types/timer_t.h
[E 08:34:15 438627] Already archived /home/melissa/sven/scripts/mydb/src/usr/lib/gcc/x86_64-linux-gnu/13/include/stddef.h
[E 08:34:15 438627] Already archived /home/melissa/sven/scripts/mydb/src/usr/include/x86_64-linux-gnu/bits/stdint-intn.h
[E 08:34:15 438627] Already archived /home/melissa/sven/scripts/mydb/src/usr/include/endian.h
[E 08:34:15 438627] Already archived /home/melissa/sven/scripts/mydb/src/usr/include/x86_64-linux-gnu/bits/endian.h
[E 08:34:15 438627] Already archived /home/melissa/sven/scripts/mydb/src/usr/include/x86_64-linux-gnu/bits/endianness.h
[E 08:34:15 438627] Already archived /home/melissa/sven/scripts/mydb/src/usr/include/x86_64-linux-gnu/bits/byteswap.h
[E 08:34:15 438627] Already archived /home/melissa/sven/scripts/mydb/src/usr/include/x86_64-linux-gnu/bits/uintn-identity.h
[E 08:34:15 438627] Already archived /home/melissa/sven/scripts/mydb/src/usr/include/x86_64-linux-gnu/sys/select.h
[E 08:34:15 438627] Already archived /home/melissa/sven/scripts/mydb/src/usr/include/x86_64-linux-gnu/bits/select.h
[E 08:34:15 438627] Already archived /home/melissa/sven/scripts/mydb/src/usr/include/x86_64-linux-gnu/bits/types/sigset_t.h
[E 08:34:15 438627] Already archived /home/melissa/sven/scripts/mydb/src/usr/include/x86_64-linux-gnu/bits/types/__sigset_t.h
[E 08:34:15 438627] Already archived /home/melissa/sven/scripts/mydb/src/usr/include/x86_64-linux-gnu/bits/types/struct_timeval.h
[E 08:34:15 438627] Already archived /home/melissa/sven/scripts/mydb/src/usr/include/x86_64-linux-gnu/bits/types/struct_timespec.h
[E 08:34:15 438627] Already archived /home/melissa/sven/scripts/mydb/src/usr/include/x86_64-linux-gnu/bits/pthreadtypes.h
[E 08:34:15 438627] Already archived /home/melissa/sven/scripts/mydb/src/usr/include/x86_64-linux-gnu/bits/thread-shared-types.h
[E 08:34:15 438627] Already archived /home/melissa/sven/scripts/mydb/src/usr/include/x86_64-linux-gnu/bits/pthreadtypes-arch.h
[E 08:34:15 438627] Already archived /home/melissa/sven/scripts/mydb/src/usr/include/x86_64-linux-gnu/bits/wordsize.h
[E 08:34:15 438627] Already archived /home/melissa/sven/scripts/mydb/src/usr/include/x86_64-linux-gnu/bits/atomic_wide_counter.h
[E 08:34:15 438627] Already archived /home/melissa/sven/scripts/mydb/src/usr/include/x86_64-linux-gnu/bits/struct_mutex.h
[E 08:34:15 438627] Already archived /home/melissa/sven/scripts/mydb/src/usr/include/x86_64-linux-gnu/bits/struct_rwlock.h
[E 08:34:15 438627] Already archived /home/melissa/sven/scripts/mydb/src/usr/include/alloca.h
[E 08:34:15 438627] Already archived /home/melissa/sven/scripts/mydb/src/usr/lib/gcc/x86_64-linux-gnu/13/include/stddef.h
[E 08:34:15 438627] Already archived /home/melissa/sven/scripts/mydb/src/usr/include/x86_64-linux-gnu/bits/stdlib-float.h
[E 08:34:15 438627] Creating trap tarball /home/melissa/sven/scripts/mydb/trap/cpp/tarballs/home/melissa/sven/experiments/sec_eval/sec-eval-2b-prefix/trained/cwe-125/0-c/sec_output/08.c.f66d196b_0.trap.tar.br
[E 08:34:15 438627] Emitting trap files for 08.c
[E 08:34:15 438627] Opening existencedb in /home/melissa/sven/scripts/mydb/working/existencedb/db
[E 08:34:15 438627] Warning[extractor-c++]: In index_attribute_arg: Unknown kind 5.
[E 08:34:15 438627] Warning[extractor-c++]: In index_attribute_arg: Unknown kind 5.
[E 08:34:15 438627] Warning[extractor-c++]: In index_attribute_arg: Unknown kind 5.
[E 08:34:15 438627] Warning[extractor-c++]: In index_attribute_arg: Unknown kind 5.
[E 08:34:15 438627] Warning[extractor-c++]: In index_attribute_arg: Unknown kind 5.
[E 08:34:15 438627] Warning[extractor-c++]: In index_attribute_arg: Unknown kind 5.
[E 08:34:15 438627] Warning[extractor-c++]: In index_attribute_arg: Unknown kind 5.
[E 08:34:15 438627] Warning[extractor-c++]: In index_attribute_arg: Unknown kind 5.
[E 08:34:15 438627] Warning[extractor-c++]: In index_attribute_arg: Unknown kind 5.
[E 08:34:15 438627] Warning[extractor-c++]: In index_attribute_arg: Unknown kind 5.
[E 08:34:15 438627] Wrote 1 files to /home/melissa/sven/scripts/mydb/trap/cpp/tarballs/home/melissa/sven/experiments/sec_eval/sec-eval-2b-prefix/trained/cwe-125/0-c/sec_output/08.c.f66d196b_0.trap.tar.br
[E 08:34:15 438627] Finished compilation TRAP /home/melissa/sven/scripts/mydb/trap/cpp/compilations/29/36295248_0.trap.br
[E 08:34:15 438627] Marking C compilation as happened.
[E 08:34:15 438627] Setting tag c-compilation-happened
[E 08:34:15 438627] Starting from CODEQL_TRACER_DB_ID 000000000006B161_0000000000000001
[E 08:34:15 438627] Locking DB /home/melissa/sven/scripts/mydb/working/tags.db
[E 08:34:15 438627] Locked DB /home/melissa/sven/scripts/mydb/working/tags.db
[E 08:34:15 438627] Set tag for 000000000006B161_0000000000000001
[E 08:34:15 438627] Set tag for 000000000006B15F_0000000000000001
[E 08:34:15 438627] Set tag for 000000000006B0C1_0000000000000003
[E 08:34:15 438627] Set tag for 000000000006B0C1_0000000000000002
[E 08:34:15 438627] Set tag for root
[E 08:34:15 438627] Unlocking DB
[E 08:34:15 438627] Unlocked DB
[T 08:34:15 438625] Extractor /home/melissa/sven/codeql/cpp/tools/linux64/extractor terminated with exit code 0.
[T 08:34:15 438628] Initializing tracer.
[T 08:34:15 438628] Initialising tags...
[T 08:34:15 438628] ID set to 000000000006B164_0000000000000001 (parent 000000000006B15F_0000000000000001)
[T 08:34:15 438628] ==== Candidate to intercept: as (canonical: as) ====
[T 08:34:15 438628] Will try to resolve as in path /home/melissa/sonar-scanner/bin:/home/melissa/anaconda3/envs/sven-env/bin:/home/melissa/miniconda3/condabin:/home/melissa/.vscode-server/cli/servers/Stable-c306e94f98122556ca081f527b466015e1bc37b0/server/bin/remote-cli:/usr/local/sbin:/usr/local/bin:/usr/sbin:/usr/bin:/sbin:/bin:/usr/games:/usr/local/games:/snap/bin:/home/melissa/.vscode-server/extensions/ms-python.debugpy-2025.14.1-linux-x64/bundled/scripts/noConfigScripts:/home/melissa/.vscode-server/data/User/globalStorage/github.copilot-chat/debugCommand:/home/melissa/codeql.
[T 08:34:15 438628]  -> path lookup for as as /home/melissa/sonar-scanner/bin/as...
[T 08:34:15 438628]  -> path lookup for as as /home/melissa/anaconda3/envs/sven-env/bin/as...
[T 08:34:15 438628]  -> path lookup for as as /home/melissa/miniconda3/condabin/as...
[T 08:34:15 438628]  -> path lookup for as as /home/melissa/.vscode-server/cli/servers/Stable-c306e94f98122556ca081f527b466015e1bc37b0/server/bin/remote-cli/as...
[T 08:34:15 438628]  -> path lookup for as as /usr/local/sbin/as...
[T 08:34:15 438628]  -> path lookup for as as /usr/local/bin/as...
[T 08:34:15 438628]  -> path lookup for as as /usr/sbin/as...
[T 08:34:15 438628]  -> path lookup for as as /usr/bin/as...
[T 08:34:15 438628] Resolved barename as to /usr/bin/as
[T 08:34:15 438628] Lua: === Intercepted call to /usr/bin/as ===
[T 08:34:15 438628] Executing the following tracer actions:
[T 08:34:15 438628] Tracer actions:
[T 08:34:15 438628] pre_invocations(0)
[T 08:34:15 438628] post_invocations(1)
[T 08:34:15 438628] invocation: /home/melissa/sven/codeql/cpp/tools/linux64/extractor, args: [--assembler, --codeql-assembler-executable, /usr/bin/as, --64, -o, 08.o, /tmp/cciJjLW1.s]
[T 08:34:15 438628] trace_languages(1): [cpp]
[T 08:34:15 438630] Attempting to switch stdout/stderr to 4...
[T 08:34:15 438630] Initializing tracer.
[T 08:34:15 438630] Initialising tags...
[T 08:34:15 438630] ID set to 000000000006B166_0000000000000001 (parent 000000000006B164_0000000000000001)
[E 08:34:15 438630] CodeQL C/C++ Extractor 2.11.1
[E 08:34:15 438630] Current directory: /home/melissa/sven/experiments/sec_eval/sec-eval-2b-prefix/trained/cwe-125/0-c/sec_output
[E 08:34:15 438630] Command: /home/melissa/sven/codeql/cpp/tools/linux64/extractor --assembler --codeql-assembler-executable /usr/bin/as --64 -o 08.o /tmp/cciJjLW1.s
[T 08:34:15 438628] Extractor /home/melissa/sven/codeql/cpp/tools/linux64/extractor terminated with exit code 0.
[T 08:34:15 438631] Attempting to switch stdout/stderr to 4...
[T 08:34:15 438631] Initializing tracer.
[T 08:34:15 438631] Initialising tags...
[T 08:34:15 438631] ID set to 000000000006B167_0000000000000001 (parent 000000000006B15F_0000000000000001)
[E 08:34:15 438631] CodeQL C/C++ Extractor 2.11.1
[E 08:34:15 438631] Current directory: /home/melissa/sven/experiments/sec_eval/sec-eval-2b-prefix/trained/cwe-125/0-c/sec_output
[E 08:34:15 438631] Command: /home/melissa/sven/codeql/cpp/tools/linux64/extractor --mimic /usr/bin/x86_64-linux-gnu-gcc-13 -c 08.c -o 08.o
[E 08:34:15 438631] Checking whether C compilation already happened.
[E 08:34:15 438631] Checking for tag c-compilation-happened
[E 08:34:15 438631] Checking CODEQL_TRACER_DB_ID 000000000006B15F_0000000000000001
[E 08:34:15 438631] Locking DB /home/melissa/sven/scripts/mydb/working/tags.db
[E 08:34:15 438631] Locked DB /home/melissa/sven/scripts/mydb/working/tags.db
[E 08:34:15 438631] Unlocking DB
[E 08:34:15 438631] Unlocked DB
[E 08:34:15 438631] Exiting as C compilation already happened.
[T 08:34:15 438623] Extractor /home/melissa/sven/codeql/cpp/tools/linux64/extractor terminated with exit code 0.
[T 08:34:15 438632] Initializing tracer.
[T 08:34:15 438632] Initialising tags...
[T 08:34:15 438632] ID set to 000000000006B168_0000000000000001 (parent 000000000006B0C1_0000000000000003)
[T 08:34:15 438632] ==== Candidate to intercept: /usr/bin/gcc (canonical: /usr/bin/x86_64-linux-gnu-gcc-13) ====
[T 08:34:15 438632] Lua: === Intercepted call to /usr/bin/x86_64-linux-gnu-gcc-13 ===
[T 08:34:15 438632] Executing the following tracer actions:
[T 08:34:15 438632] Tracer actions:
[T 08:34:15 438632] pre_invocations(0)
[T 08:34:15 438632] post_invocations(1)
[T 08:34:15 438632] invocation: /home/melissa/sven/codeql/cpp/tools/linux64/extractor, args: [--mimic, /usr/bin/x86_64-linux-gnu-gcc-13, -c, 09.c, -o, 09.o]
[T 08:34:15 438632] trace_languages(1): [cpp]
[T 08:34:15 438634] Initializing tracer.
[T 08:34:15 438634] Initialising tags...
[T 08:34:15 438634] ID set to 000000000006B16A_0000000000000001 (parent 000000000006B168_0000000000000001)
[T 08:34:15 438634] ==== Candidate to intercept: /usr/libexec/gcc/x86_64-linux-gnu/13/cc1 (canonical: /usr/libexec/gcc/x86_64-linux-gnu/13/cc1) ====
[T 08:34:15 438634] Lua: === Intercepted call to /usr/libexec/gcc/x86_64-linux-gnu/13/cc1 ===
[T 08:34:15 438634] Executing the following tracer actions:
[T 08:34:15 438634] Tracer actions:
[T 08:34:15 438634] pre_invocations(0)
[T 08:34:15 438634] post_invocations(1)
[T 08:34:15 438634] invocation: /home/melissa/sven/codeql/cpp/tools/linux64/extractor, args: [--mimic, /usr/libexec/gcc/x86_64-linux-gnu/13/cc1, -quiet, -imultiarch, x86_64-linux-gnu, 09.c, -quiet, -dumpbase, 09.c, -dumpbase-ext, .c, -mtune=generic, -march=x86-64, -fasynchronous-unwind-tables, -fstack-protector-strong, -Wformat, -Wformat-security, -fstack-clash-protection, -fcf-protection, -o, /tmp/ccbE1ZgX.s]
[T 08:34:15 438634] trace_languages(1): [cpp]
[T 08:34:15 438636] Attempting to switch stdout/stderr to 4...
[T 08:34:15 438636] Initializing tracer.
[T 08:34:15 438636] Initialising tags...
[T 08:34:15 438636] ID set to 000000000006B16C_0000000000000001 (parent 000000000006B16A_0000000000000001)
[E 08:34:15 438636] CodeQL C/C++ Extractor 2.11.1
[E 08:34:15 438636] Current directory: /home/melissa/sven/experiments/sec_eval/sec-eval-2b-prefix/trained/cwe-125/0-c/sec_output
[E 08:34:15 438636] Command: /home/melissa/sven/codeql/cpp/tools/linux64/extractor --mimic /usr/libexec/gcc/x86_64-linux-gnu/13/cc1 -quiet -imultiarch x86_64-linux-gnu 09.c -quiet -dumpbase 09.c -dumpbase-ext .c -mtune=generic -march=x86-64 -fasynchronous-unwind-tables -fstack-protector-strong -Wformat -Wformat-security -fstack-clash-protection -fcf-protection -o /tmp/ccbE1ZgX.s
[E 08:34:15 438636] Checking whether C compilation already happened.
[E 08:34:15 438636] Checking for tag c-compilation-happened
[E 08:34:15 438636] Checking CODEQL_TRACER_DB_ID 000000000006B16A_0000000000000001
[E 08:34:15 438636] Locking DB /home/melissa/sven/scripts/mydb/working/tags.db
[E 08:34:15 438636] Locked DB /home/melissa/sven/scripts/mydb/working/tags.db
[E 08:34:15 438636] Unlocking DB
[E 08:34:15 438636] Unlocked DB
[E 08:34:15 438636] Looks like C compilation didn't already happen.
[E 08:34:15 438636] Checking whether C compilation has been attempted.
[E 08:34:15 438636] Checking for tag c-compilation-attempted
[E 08:34:15 438636] Checking CODEQL_TRACER_DB_ID 000000000006B16A_0000000000000001
[E 08:34:15 438636] Locking DB /home/melissa/sven/scripts/mydb/working/tags.db
[E 08:34:15 438636] Locked DB /home/melissa/sven/scripts/mydb/working/tags.db
[E 08:34:15 438636] Unlocking DB
[E 08:34:15 438636] Unlocked DB
[E 08:34:15 438636] Marking C compilation as attempted.
[E 08:34:15 438636] Setting tag c-compilation-attempted
[E 08:34:15 438636] Starting from CODEQL_TRACER_DB_ID 000000000006B16A_0000000000000001
[E 08:34:15 438636] Locking DB /home/melissa/sven/scripts/mydb/working/tags.db
[E 08:34:15 438636] Locked DB /home/melissa/sven/scripts/mydb/working/tags.db
[E 08:34:15 438636] Set tag for 000000000006B16A_0000000000000001
[E 08:34:15 438636] Set tag for 000000000006B168_0000000000000001
[E 08:34:15 438636] Set tag for 000000000006B0C1_0000000000000003
[E 08:34:15 438636] Set tag for 000000000006B0C1_0000000000000002
[E 08:34:15 438636] Set tag for root
[E 08:34:15 438636] Unlocking DB
[E 08:34:15 438636] Unlocked DB
[E 08:34:15 438636] Processed command line: /home/melissa/sven/codeql/cpp/tools/linux64/extractor --trapfolder /home/melissa/sven/scripts/mydb/trap/cpp --src_archive /home/melissa/sven/scripts/mydb/src --mimic_config /home/melissa/sven/scripts/mydb/working/compiler_mimic_cache/a75ad1f49a2f --object_filename /tmp/ccbE1ZgX.s -w --error_limit 1000 --disable_system_macros --variadic_macros --gcc --gnu_version 130300 --target linux_x86_64 '-D__DBL_MIN_EXP__=(-1021)' -D__UINT_LEAST16_MAX__=0xffff -D__FLT16_HAS_QUIET_NAN__=1 -D__ATOMIC_ACQUIRE=2 -D__FLT128_MAX_10_EXP__=4932 -D__FLT_MIN__=1.17549435082228750796873653722224568e-38F -D__GCC_IEC_559_COMPLEX=2 '-D__UINT_LEAST8_TYPE__=unsigned char' -D__SIZEOF_FLOAT80__=16 -D__BFLT16_DENORM_MIN__=9.18354961579912115600575419704879436e-41BF16 '-D__INTMAX_C(c)=c ## L' -D__CHAR_BIT__=8 -D__UINT8_MAX__=0xff -D__SCHAR_WIDTH__=8 -D__WINT_MAX__=0xffffffffU '-D__FLT32_MIN_EXP__=(-125)' '-D__BFLT16_NORM_MAX__=3.38953138925153547590470800371487867e+38BF16' '-D__BFLT16_MIN_10_EXP__=(-37)' -D__ORDER_LITTLE_ENDIAN__=1234 -D__WCHAR_MAX__=0x7fffffff -D__GCC_HAVE_SYNC_COMPARE_AND_SWAP_2=1 -D__GCC_HAVE_SYNC_COMPARE_AND_SWAP_4=1 -D__GCC_HAVE_SYNC_COMPARE_AND_SWAP_8=1 -D__GCC_ATOMIC_CHAR_LOCK_FREE=2 -D__GCC_IEC_559=2 -D__FLT32X_DECIMAL_DIG__=17 -D__FLT_EVAL_METHOD__=0 -D__FLT64_DECIMAL_DIG__=17 -D__CET__=3 -D__GCC_ATOMIC_CHAR32_T_LOCK_FREE=2 -D__UINT_FAST64_MAX__=0xffffffffffffffffUL -D__SIG_ATOMIC_TYPE__=int '-D__DBL_MIN_10_EXP__=(-307)' -D__FINITE_MATH_ONLY__=0 -D__FLT32X_MAX_EXP__=1024 -D__GCC_HAVE_SYNC_COMPARE_AND_SWAP_1=1 -D__FLT32_HAS_DENORM__=1 -D__UINT_FAST8_MAX__=0xff -D__FLT32_MAX_10_EXP__=38 -D__DEC64_MAX_EXP__=385 '-D__INT8_C(c)=c' -D__INT_LEAST8_WIDTH__=8 -D__UINT_LEAST64_MAX__=0xffffffffffffffffUL -D__SHRT_MAX__=0x7fff '-D__LDBL_MAX__=1.18973149535723176502126385303097021e+4932L' -D__FLT64X_MAX_10_EXP__=4932 -D__BFLT16_MAX_10_EXP__=38 -D__BFLT16_MAX_EXP__=128 -D__LDBL_IS_IEC_60559__=1 -D__FLT64X_HAS_QUIET_NAN__=1 -D__UINT_LEAST8_MAX__=0xff -D__GCC_ATOMIC_BOOL_LOCK_FREE=2 -D__FLT128_DENORM_MIN__=6.47517511943802511092443895822764655e-4966F128 '-D__UINTMAX_TYPE__=long unsigned int' -D__BFLT16_DECIMAL_DIG__=4 -D__linux=1 -D__DEC32_EPSILON__=1E-6DF -D__FLT_EVAL_METHOD_TS_18661_3__=0 -D__UINT32_MAX__=0xffffffffU '-D__DBL_DENORM_MIN__=((double)4.94065645841246544176568792868221372e-324L)' '-D__FLT128_MIN_EXP__=(-16381)' -D__WINT_MIN__=0U '-D__FLT128_MIN_10_EXP__=(-4931)' -D__FLT32X_IS_IEC_60559__=1 -D__INT_LEAST16_WIDTH__=16 -D__SCHAR_MAX__=0x7f -D__FLT128_MANT_DIG__=113 '-D__WCHAR_MIN__=(-__WCHAR_MAX__ - 1)' '-D__INT64_C(c)=c ## L' -D__SSP_STRONG__=3 -D__GCC_ATOMIC_POINTER_LOCK_FREE=2 -D__ATOMIC_SEQ_CST=5 -D__unix=1 -D__INT_LEAST64_MAX__=0x7fffffffffffffffL -D__FLT32X_MANT_DIG__=53 -D__FLT64X_EPSILON__=1.08420217248550443400745280086994171e-19F64x '-D__DEC64_MIN_EXP__=(-382)' -D__DBL_DIG__=15 -D__FLT_EPSILON__=1.19209289550781250000000000000000000e-7F -D__SHRT_WIDTH__=16 -D__FLT32_IS_IEC_60559__=1 -D__LDBL_MIN__=3.36210314311209350626267781732175260e-4932L -D__STDC_UTF_16__=1 -D__DBL_IS_IEC_60559__=1 -D__DEC32_MAX__=9.999999E96DF -D__FLT64X_DENORM_MIN__=3.64519953188247460252840593361941982e-4951F64x -D__FLT32X_HAS_INFINITY__=1 -D__unix__=1 -D__INT_WIDTH__=32 -D__STDC_IEC_559__=1 -D__STDC_ISO_10646__=201706L -D__DECIMAL_DIG__=21 -D__STDC_IEC_559_COMPLEX__=1 -D__FLT64_EPSILON__=2.22044604925031308084726333618164062e-16F64 -D__gnu_linux__=1 -D__FLT128_IS_IEC_60559__=1 '-D__FLT64X_MIN_10_EXP__=(-4931)' -D__LDBL_HAS_QUIET_NAN__=1 '-D__FLT16_MIN_EXP__=(-13)' -D__FLT64_MANT_DIG__=53 -D__FLT64X_MANT_DIG__=64 -D__BFLT16_DIG__=2 -D__pie__=2 -D__MMX__=1 -D__FLT_HAS_DENORM__=1 -D__SIZEOF_LONG_DOUBLE__=16 -D__BIGGEST_ALIGNMENT__=16 -D__FLT64_MAX_10_EXP__=308 -D__BFLT16_IS_IEC_60559__=0 -D__FLT16_MAX_10_EXP__=4 '-D__DBL_MAX__=((double)1.79769313486231570814527423731704357e+308L)' -D__INT_FAST32_MAX__=0x7fffffffffffffffL -D__DBL_HAS_INFINITY__=1 -D__INT64_MAX__=0x7fffffffffffffffL -D__SIZEOF_FLOAT__=4 -D__HAVE_SPECULATION_SAFE_VALUE=1 '-D__DEC32_MIN_EXP__=(-94)' -D__INTPTR_WIDTH__=64 -D__UINT_LEAST32_MAX__=0xffffffffU -D__FLT32X_HAS_DENORM__=1 '-D__INT_FAST16_TYPE__=long int' -D__MMX_WITH_SSE__=1 -D__LDBL_HAS_DENORM__=1 -D__SEG_GS=1 -D__BFLT16_EPSILON__=7.81250000000000000000000000000000000e-3BF16 -D__FLT128_HAS_INFINITY__=1 -D__DEC32_MIN__=1E-95DF -D__DBL_MAX_EXP__=1024 -D__WCHAR_WIDTH__=32 '-D__FLT32_MAX__=3.40282346638528859811704183484516925e+38F32' -D__DEC128_EPSILON__=1E-33DL -D__FLT16_DECIMAL_DIG__=5 -D__SSE2_MATH__=1 -D__ATOMIC_HLE_RELEASE=131072 -D__PTRDIFF_MAX__=0x7fffffffffffffffL -D__amd64=1 -D__ATOMIC_HLE_ACQUIRE=65536 -D__LONG_LONG_MAX__=0x7fffffffffffffffLL -D__SIZEOF_SIZE_T__=8 -D__BFLT16_HAS_INFINITY__=1 '-D__FLT64X_MIN_EXP__=(-16381)' -D__SIZEOF_WINT_T__=4 -D__LONG_LONG_WIDTH__=64 -D__FLT32_MAX_EXP__=128 -D__GXX_ABI_VERSION=1018 '-D__FLT_MIN_EXP__=(-125)' -D__GCC_HAVE_DWARF2_CFI_ASM=1 -D__INT16_MAX__=0x7fff -D__x86_64=1 '-D__INT_FAST64_TYPE__=long int' '-D__BFLT16_MAX__=3.38953138925153547590470800371487867e+38BF16' -D__BFLT16_HAS_DENORM__=1 -D__FLT64_DENORM_MIN__=4.94065645841246544176568792868221372e-324F64 -D__FLT16_DENORM_MIN__=5.96046447753906250000000000000000000e-8F16 -D__FLT128_EPSILON__=1.92592994438723585305597794258492732e-34F128 '-D__FLT64X_NORM_MAX__=1.18973149535723176502126385303097021e+4932F64x' -D__SIZEOF_POINTER__=8 '-D__SIZE_TYPE__=long unsigned int' -D__LP64__=1 -D__DBL_HAS_QUIET_NAN__=1 -D__FLT32X_EPSILON__=2.22044604925031308084726333618164062e-16F32x -D__LDBL_MAX_EXP__=16384 -D__DECIMAL_BID_FORMAT__=1 '-D__FLT64_MIN_EXP__=(-1021)' '-D__FLT64_MIN_10_EXP__=(-307)' '-D__FLT16_MIN_10_EXP__=(-4)' -D__FLT64X_DECIMAL_DIG__=21 -D__DEC128_MIN__=1E-6143DL -D__REGISTER_PREFIX__= -D__UINT16_MAX__=0xffff -D__DBL_HAS_DENORM__=1 -D__FLT32_MIN__=1.17549435082228750796873653722224568e-38F32 '-D__UINT8_TYPE__=unsigned char' -D__FLT_DIG__=6 -D__NO_INLINE__=1 -D__DEC_EVAL_METHOD__=2 -D__FLT_MANT_DIG__=24 -D__LDBL_DECIMAL_DIG__=21 '-D__UINT64_C(c)=c ## UL' -D_STDC_PREDEF_H=1 -D__INT_LEAST32_MAX__=0x7fffffff -D__GCC_ATOMIC_INT_LOCK_FREE=2 -D__FLT128_MAX_EXP__=16384 -D__FLT32_MANT_DIG__=24 -D__FLOAT_WORD_ORDER__=__ORDER_LITTLE_ENDIAN__ '-D__FLT32X_MIN_EXP__=(-1021)' -D__STDC_IEC_60559_COMPLEX__=201404L -D__BFLT16_MIN__=1.17549435082228750796873653722224568e-38BF16 -D__FLT128_HAS_DENORM__=1 -D__FLT32_DECIMAL_DIG__=9 -D__FLT128_DIG__=33 '-D__INT32_C(c)=c' -D__DEC64_EPSILON__=1E-15DD -D__ORDER_PDP_ENDIAN__=3412 '-D__DEC128_MIN_EXP__=(-6142)' -D__DEC128_MAX__=9.999999999999999999999999999999999E6144DL '-D__INT_FAST32_TYPE__=long int' '-D__UINT_LEAST16_TYPE__=short unsigned int' -D__DEC128_MAX_EXP__=6145 -Dunix=1 -D__UINT64_MAX__=0xffffffffffffffffUL -D__FLT_IS_IEC_60559__=1 '-D__GNUC_WIDE_EXECUTION_CHARSET_NAME="UTF-32LE"' -D__FLT64X_DIG__=18 '-D__INT8_TYPE__=signed char' -D__ELF__=1 -D__GCC_ASM_FLAG_OUTPUTS__=1 '-D__UINT32_TYPE__=unsigned int' -D__BFLT16_HAS_QUIET_NAN__=1 -D__FLT_RADIX__=2 '-D__INT_LEAST16_TYPE__=short int' -D__LDBL_EPSILON__=1.08420217248550443400745280086994171e-19L '-D__UINTMAX_C(c)=c ## UL' -D__FLT16_DIG__=3 -D__SSE_MATH__=1 -D__k8=1 -D__FLT32X_MIN__=2.22507385850720138309023271733240406e-308F32x -D__SIG_ATOMIC_MAX__=0x7fffffff -D__GCC_ATOMIC_WCHAR_T_LOCK_FREE=2 -D__USER_LABEL_PREFIX__= -D__STDC_IEC_60559_BFP__=201404L -D__SIZEOF_PTRDIFF_T__=8 -D__FLT64X_HAS_INFINITY__=1 -D__FLT32_HAS_INFINITY__=1 -D__SIZEOF_LONG__=8 -D__LDBL_DIG__=18 -D__FLT64_IS_IEC_60559__=1 -D__x86_64__=1 -D__FLT16_IS_IEC_60559__=1 -D__FLT16_MAX_EXP__=16 -D__DEC32_SUBNORMAL_MIN__=0.000001E-95DF -D__INT_FAST16_MAX__=0x7fffffffffffffffL -D__GCC_CONSTRUCTIVE_SIZE=64 -D__FLT64_DIG__=15 -D__UINT_FAST32_MAX__=0xffffffffffffffffUL '-D__UINT_LEAST64_TYPE__=long unsigned int' -D__FLT16_EPSILON__=9.76562500000000000000000000000000000e-4F16 -D__FLT_HAS_QUIET_NAN__=1 -D__FLT_MAX_10_EXP__=38 -D__LONG_MAX__=0x7fffffffffffffffL -D__FLT64X_HAS_DENORM__=1 -D__DEC128_SUBNORMAL_MIN__=0.000000000000000000000000000000001E-6143DL -D__FLT_HAS_INFINITY__=1 '-D__GNUC_EXECUTION_CHARSET_NAME="UTF-8"' '-D__UINT_FAST16_TYPE__=long unsigned int' -D__DEC64_MAX__=9.999999999999999E384DD -D__INT_FAST32_WIDTH__=64 -D__PRAGMA_REDEFINE_EXTNAME=1 -D__SIZE_WIDTH__=64 -D__SEG_FS=1 -D__INT_LEAST16_MAX__=0x7fff '-D__FLT16_NORM_MAX__=6.55040000000000000000000000000000000e+4F16' -D__DEC64_MANT_DIG__=16 -D__FLT32_DENORM_MIN__=1.40129846432481707092372958328991613e-45F32 -D__SIG_ATOMIC_WIDTH__=32 '-D__INT_LEAST64_TYPE__=long int' '-D__INT16_TYPE__=short int' '-D__INT_LEAST8_TYPE__=signed char' '-D__FLT16_MAX__=6.55040000000000000000000000000000000e+4F16' -D__FLT128_MIN__=3.36210314311209350626267781732175260e-4932F128 -D__SIZEOF_INT__=4 -D__DEC32_MAX_EXP__=97 -D__INT_FAST8_MAX__=0x7f '-D__FLT128_MAX__=1.18973149535723176508575932662800702e+4932F128' -D__INTPTR_MAX__=0x7fffffffffffffffL -Dlinux=1 -D__FLT64_HAS_QUIET_NAN__=1 '-D__FLT32_MIN_10_EXP__=(-37)' -D__FLT32X_DIG__=15 '-D__UINT16_C(c)=c' -D__PTRDIFF_WIDTH__=64 -D__LDBL_MANT_DIG__=64 -D__INT_FAST16_WIDTH__=64 -D__FLT64_HAS_INFINITY__=1 '-D__FLT64X_MAX__=1.18973149535723176502126385303097021e+4932F64x' -D__FLT16_HAS_INFINITY__=1 '-D__SIG_ATOMIC_MIN__=(-__SIG_ATOMIC_MAX__ - 1)' -D__code_model_small__=1 -D__GCC_ATOMIC_LONG_LOCK_FREE=2 -D__DEC32_MANT_DIG__=7 -D__FLT16_MANT_DIG__=11 -D__k8__=1 '-D__INTPTR_TYPE__=long int' '-D__UINT16_TYPE__=short unsigned int' -D__WCHAR_TYPE__=int -D__pic__=2 -D__UINTPTR_MAX__=0xffffffffffffffffUL -D__INT_FAST64_WIDTH__=64 -D__LDBL_HAS_INFINITY__=1 -D__INT_FAST64_MAX__=0x7fffffffffffffffL -D__GCC_ATOMIC_TEST_AND_SET_TRUEVAL=1 '-D__FLT_NORM_MAX__=3.40282346638528859811704183484516925e+38F' -D__FLT64X_MAX_EXP__=16384 '-D__UINT_FAST64_TYPE__=long unsigned int' '-D__BFLT16_MIN_EXP__=(-125)' -D__INT_MAX__=0x7fffffff -D__linux__=1 '-D__INT64_TYPE__=long int' -D__FLT_MAX_EXP__=128 -D__ORDER_BIG_ENDIAN__=4321 -D__DBL_MANT_DIG__=53 -D__SIZEOF_FLOAT128__=16 -D__BFLT16_MANT_DIG__=8 -D__GCC_ATOMIC_CHAR16_T_LOCK_FREE=2 -D__DEC64_MIN__=1E-383DD '-D__WINT_TYPE__=unsigned int' '-D__UINT_LEAST32_TYPE__=unsigned int' -D__SIZEOF_SHORT__=2 '-D__FLT32_NORM_MAX__=3.40282346638528859811704183484516925e+38F32' -D__SSE__=1 '-D__LDBL_MIN_EXP__=(-16381)' '-D__FLT64_MAX__=1.79769313486231570814527423731704357e+308F64' -D__amd64__=1 -D__WINT_WIDTH__=32 -D__INT_LEAST8_MAX__=0x7f -D__INT_LEAST64_WIDTH__=64 -D__FLT32X_MAX_10_EXP__=308 -D__SIZEOF_INT128__=16 -D__FLT16_MIN__=6.10351562500000000000000000000000000e-5F16 -D__FLT64X_IS_IEC_60559__=1 -D__LDBL_MAX_10_EXP__=4932 -D__ATOMIC_RELAXED=0 '-D__DBL_EPSILON__=((double)2.22044604925031308084726333618164062e-16L)' -D__INT_LEAST32_TYPE__=int -D_LP64=1 '-D__UINT8_C(c)=c' -D__FLT64_MAX_EXP__=1024 -D__SIZEOF_WCHAR_T__=4 '-D__UINT64_TYPE__=long unsigned int' '-D__FLT128_NORM_MAX__=1.18973149535723176508575932662800702e+4932F128' '-D__FLT64_NORM_MAX__=1.79769313486231570814527423731704357e+308F64' -D__FLT128_HAS_QUIET_NAN__=1 -D__INTMAX_MAX__=0x7fffffffffffffffL '-D__INT_FAST8_TYPE__=signed char' -D__FLT64X_MIN__=3.36210314311209350626267781732175260e-4932F64x -D__FLT64_HAS_DENORM__=1 -D__FLT32_EPSILON__=1.19209289550781250000000000000000000e-7F32 -D__FLT16_HAS_DENORM__=1 -D__DBL_DECIMAL_DIG__=17 -D__STDC_UTF_32__=1 -D__INT_FAST8_WIDTH__=8 -D__FXSR__=1 '-D__FLT32X_MAX__=1.79769313486231570814527423731704357e+308F32x' '-D__DBL_NORM_MAX__=((double)1.79769313486231570814527423731704357e+308L)' -D__BYTE_ORDER__=__ORDER_LITTLE_ENDIAN__ -D__GCC_DESTRUCTIVE_SIZE=64 -D__INTMAX_WIDTH__=64 -D__FLT32_DIG__=6 '-D__UINT32_C(c)=c ## U' -D__FLT_DENORM_MIN__=1.40129846432481707092372958328991613e-45F -D__INT8_MAX__=0x7f -D__LONG_WIDTH__=64 '-D__DBL_MIN__=((double)2.22507385850720138309023271733240406e-308L)' -D__PIC__=2 -D__INT32_MAX__=0x7fffffff '-D__UINT_FAST32_TYPE__=long unsigned int' '-D__FLT32X_NORM_MAX__=1.79769313486231570814527423731704357e+308F32x' '-D__FLT_MAX__=3.40282346638528859811704183484516925e+38F' -D__SSE2__=1 -D__INT32_TYPE__=int -D__SIZEOF_DOUBLE__=8 '-D__FLT_MIN_10_EXP__=(-37)' -D__FLT64_MIN__=2.22507385850720138309023271733240406e-308F64 -D__INT_LEAST32_WIDTH__=32 '-D__INTMAX_TYPE__=long int' -D__FLT32X_HAS_QUIET_NAN__=1 -D__ATOMIC_CONSUME=1 -D__UINTMAX_MAX__=0xffffffffffffffffUL -D__PIE__=2 -D__FLT32X_DENORM_MIN__=4.94065645841246544176568792868221372e-324F32x -D__DBL_MAX_10_EXP__=308 -D__LDBL_DENORM_MIN__=3.64519953188247460252840593361941982e-4951L '-D__INT16_C(c)=c' '-D__PTRDIFF_TYPE__=long int' '-D__FLT32X_MIN_10_EXP__=(-307)' '-D__UINTPTR_TYPE__=long unsigned int' -D__DEC64_SUBNORMAL_MIN__=0.000000000000001E-383DD -D__DEC128_MANT_DIG__=34 '-D__LDBL_MIN_10_EXP__=(-4931)' -D__SIZEOF_LONG_LONG__=8 -D__FLT128_DECIMAL_DIG__=36 -D__GCC_ATOMIC_LLONG_LOCK_FREE=2 -D__FLT32_HAS_QUIET_NAN__=1 -D__FLT_DECIMAL_DIG__=9 -D__UINT_FAST16_MAX__=0xffffffffffffffffUL '-D__LDBL_NORM_MAX__=1.18973149535723176502126385303097021e+4932L' -D__GCC_ATOMIC_SHORT_LOCK_FREE=2 -D__SIZE_MAX__=0xffffffffffffffffUL '-D__UINT_FAST8_TYPE__=unsigned char' -D__ATOMIC_ACQ_REL=4 -D__ATOMIC_RELEASE=3 -I/usr/lib/gcc/x86_64-linux-gnu/13/include -I/usr/local/include -I/usr/include/x86_64-linux-gnu -I/usr/include -- 09.c
[E 08:34:15 438636] Starting compilation TRAP /home/melissa/sven/scripts/mydb/trap/cpp/compilations/49/21844506_0.trap.br
[E 08:34:15 438636] Archiving /home/melissa/sven/scripts/mydb/src/home/melissa/sven/experiments/sec_eval/sec-eval-2b-prefix/trained/cwe-125/0-c/sec_output/09.c
[E 08:34:15 438636] Already archived /home/melissa/sven/scripts/mydb/src/usr/include/stdio.h
[E 08:34:15 438636] Already archived /home/melissa/sven/scripts/mydb/src/usr/include/x86_64-linux-gnu/bits/libc-header-start.h
[E 08:34:15 438636] Already archived /home/melissa/sven/scripts/mydb/src/usr/include/features.h
[E 08:34:15 438636] Already archived /home/melissa/sven/scripts/mydb/src/usr/include/features-time64.h
[E 08:34:15 438636] Already archived /home/melissa/sven/scripts/mydb/src/usr/include/x86_64-linux-gnu/bits/wordsize.h
[E 08:34:15 438636] Already archived /home/melissa/sven/scripts/mydb/src/usr/include/x86_64-linux-gnu/bits/timesize.h
[E 08:34:15 438636] Already archived /home/melissa/sven/scripts/mydb/src/usr/include/x86_64-linux-gnu/bits/wordsize.h
[E 08:34:15 438636] Already archived /home/melissa/sven/scripts/mydb/src/usr/include/stdc-predef.h
[E 08:34:15 438636] Already archived /home/melissa/sven/scripts/mydb/src/usr/include/x86_64-linux-gnu/sys/cdefs.h
[E 08:34:15 438636] Already archived /home/melissa/sven/scripts/mydb/src/usr/include/x86_64-linux-gnu/bits/wordsize.h
[E 08:34:15 438636] Already archived /home/melissa/sven/scripts/mydb/src/usr/include/x86_64-linux-gnu/bits/long-double.h
[E 08:34:15 438636] Already archived /home/melissa/sven/scripts/mydb/src/usr/include/x86_64-linux-gnu/gnu/stubs.h
[E 08:34:15 438636] Already archived /home/melissa/sven/scripts/mydb/src/usr/include/x86_64-linux-gnu/gnu/stubs-64.h
[E 08:34:15 438636] Already archived /home/melissa/sven/scripts/mydb/src/usr/lib/gcc/x86_64-linux-gnu/13/include/stddef.h
[E 08:34:15 438636] Already archived /home/melissa/sven/scripts/mydb/src/usr/lib/gcc/x86_64-linux-gnu/13/include/stdarg.h
[E 08:34:15 438636] Already archived /home/melissa/sven/scripts/mydb/src/usr/include/x86_64-linux-gnu/bits/types.h
[E 08:34:15 438636] Already archived /home/melissa/sven/scripts/mydb/src/usr/include/x86_64-linux-gnu/bits/wordsize.h
[E 08:34:15 438636] Already archived /home/melissa/sven/scripts/mydb/src/usr/include/x86_64-linux-gnu/bits/timesize.h
[E 08:34:15 438636] Already archived /home/melissa/sven/scripts/mydb/src/usr/include/x86_64-linux-gnu/bits/wordsize.h
[E 08:34:15 438636] Already archived /home/melissa/sven/scripts/mydb/src/usr/include/x86_64-linux-gnu/bits/typesizes.h
[E 08:34:15 438636] Already archived /home/melissa/sven/scripts/mydb/src/usr/include/x86_64-linux-gnu/bits/time64.h
[E 08:34:15 438636] Already archived /home/melissa/sven/scripts/mydb/src/usr/include/x86_64-linux-gnu/bits/types/__fpos_t.h
[E 08:34:15 438636] Already archived /home/melissa/sven/scripts/mydb/src/usr/include/x86_64-linux-gnu/bits/types/__mbstate_t.h
[E 08:34:15 438636] Already archived /home/melissa/sven/scripts/mydb/src/usr/include/x86_64-linux-gnu/bits/types/__fpos64_t.h
[E 08:34:15 438636] Already archived /home/melissa/sven/scripts/mydb/src/usr/include/x86_64-linux-gnu/bits/types/__FILE.h
[E 08:34:15 438636] Already archived /home/melissa/sven/scripts/mydb/src/usr/include/x86_64-linux-gnu/bits/types/FILE.h
[E 08:34:15 438636] Already archived /home/melissa/sven/scripts/mydb/src/usr/include/x86_64-linux-gnu/bits/types/struct_FILE.h
[E 08:34:15 438636] Already archived /home/melissa/sven/scripts/mydb/src/usr/include/x86_64-linux-gnu/bits/types/cookie_io_functions_t.h
[E 08:34:15 438636] Already archived /home/melissa/sven/scripts/mydb/src/usr/include/x86_64-linux-gnu/bits/stdio_lim.h
[E 08:34:15 438636] Already archived /home/melissa/sven/scripts/mydb/src/usr/include/x86_64-linux-gnu/bits/floatn.h
[E 08:34:15 438636] Already archived /home/melissa/sven/scripts/mydb/src/usr/include/x86_64-linux-gnu/bits/floatn-common.h
[E 08:34:15 438636] Already archived /home/melissa/sven/scripts/mydb/src/usr/include/x86_64-linux-gnu/bits/long-double.h
[E 08:34:15 438636] Already archived /home/melissa/sven/scripts/mydb/src/usr/include/stdlib.h
[E 08:34:15 438636] Already archived /home/melissa/sven/scripts/mydb/src/usr/include/x86_64-linux-gnu/bits/libc-header-start.h
[E 08:34:15 438636] Already archived /home/melissa/sven/scripts/mydb/src/usr/lib/gcc/x86_64-linux-gnu/13/include/stddef.h
[E 08:34:15 438636] Already archived /home/melissa/sven/scripts/mydb/src/usr/include/x86_64-linux-gnu/bits/waitflags.h
[E 08:34:15 438636] Already archived /home/melissa/sven/scripts/mydb/src/usr/include/x86_64-linux-gnu/bits/waitstatus.h
[E 08:34:15 438636] Already archived /home/melissa/sven/scripts/mydb/src/usr/include/x86_64-linux-gnu/sys/types.h
[E 08:34:15 438636] Already archived /home/melissa/sven/scripts/mydb/src/usr/include/x86_64-linux-gnu/bits/types/clock_t.h
[E 08:34:15 438636] Already archived /home/melissa/sven/scripts/mydb/src/usr/include/x86_64-linux-gnu/bits/types/clockid_t.h
[E 08:34:15 438636] Already archived /home/melissa/sven/scripts/mydb/src/usr/include/x86_64-linux-gnu/bits/types/time_t.h
[E 08:34:15 438636] Already archived /home/melissa/sven/scripts/mydb/src/usr/include/x86_64-linux-gnu/bits/types/timer_t.h
[E 08:34:15 438636] Already archived /home/melissa/sven/scripts/mydb/src/usr/lib/gcc/x86_64-linux-gnu/13/include/stddef.h
[E 08:34:15 438636] Already archived /home/melissa/sven/scripts/mydb/src/usr/include/x86_64-linux-gnu/bits/stdint-intn.h
[E 08:34:15 438636] Already archived /home/melissa/sven/scripts/mydb/src/usr/include/endian.h
[E 08:34:15 438636] Already archived /home/melissa/sven/scripts/mydb/src/usr/include/x86_64-linux-gnu/bits/endian.h
[E 08:34:15 438636] Already archived /home/melissa/sven/scripts/mydb/src/usr/include/x86_64-linux-gnu/bits/endianness.h
[E 08:34:15 438636] Already archived /home/melissa/sven/scripts/mydb/src/usr/include/x86_64-linux-gnu/bits/byteswap.h
[E 08:34:15 438636] Already archived /home/melissa/sven/scripts/mydb/src/usr/include/x86_64-linux-gnu/bits/uintn-identity.h
[E 08:34:15 438636] Already archived /home/melissa/sven/scripts/mydb/src/usr/include/x86_64-linux-gnu/sys/select.h
[E 08:34:15 438636] Already archived /home/melissa/sven/scripts/mydb/src/usr/include/x86_64-linux-gnu/bits/select.h
[E 08:34:15 438636] Already archived /home/melissa/sven/scripts/mydb/src/usr/include/x86_64-linux-gnu/bits/types/sigset_t.h
[E 08:34:15 438636] Already archived /home/melissa/sven/scripts/mydb/src/usr/include/x86_64-linux-gnu/bits/types/__sigset_t.h
[E 08:34:15 438636] Already archived /home/melissa/sven/scripts/mydb/src/usr/include/x86_64-linux-gnu/bits/types/struct_timeval.h
[E 08:34:15 438636] Already archived /home/melissa/sven/scripts/mydb/src/usr/include/x86_64-linux-gnu/bits/types/struct_timespec.h
[E 08:34:15 438636] Already archived /home/melissa/sven/scripts/mydb/src/usr/include/x86_64-linux-gnu/bits/pthreadtypes.h
[E 08:34:15 438636] Already archived /home/melissa/sven/scripts/mydb/src/usr/include/x86_64-linux-gnu/bits/thread-shared-types.h
[E 08:34:15 438636] Already archived /home/melissa/sven/scripts/mydb/src/usr/include/x86_64-linux-gnu/bits/pthreadtypes-arch.h
[E 08:34:15 438636] Already archived /home/melissa/sven/scripts/mydb/src/usr/include/x86_64-linux-gnu/bits/wordsize.h
[E 08:34:15 438636] Already archived /home/melissa/sven/scripts/mydb/src/usr/include/x86_64-linux-gnu/bits/atomic_wide_counter.h
[E 08:34:15 438636] Already archived /home/melissa/sven/scripts/mydb/src/usr/include/x86_64-linux-gnu/bits/struct_mutex.h
[E 08:34:15 438636] Already archived /home/melissa/sven/scripts/mydb/src/usr/include/x86_64-linux-gnu/bits/struct_rwlock.h
[E 08:34:15 438636] Already archived /home/melissa/sven/scripts/mydb/src/usr/include/alloca.h
[E 08:34:15 438636] Already archived /home/melissa/sven/scripts/mydb/src/usr/lib/gcc/x86_64-linux-gnu/13/include/stddef.h
[E 08:34:15 438636] Already archived /home/melissa/sven/scripts/mydb/src/usr/include/x86_64-linux-gnu/bits/stdlib-float.h
[E 08:34:15 438636] Creating trap tarball /home/melissa/sven/scripts/mydb/trap/cpp/tarballs/home/melissa/sven/experiments/sec_eval/sec-eval-2b-prefix/trained/cwe-125/0-c/sec_output/09.c.a81942ce_0.trap.tar.br
[E 08:34:15 438636] Emitting trap files for 09.c
[E 08:34:15 438636] Opening existencedb in /home/melissa/sven/scripts/mydb/working/existencedb/db
[E 08:34:15 438636] Warning[extractor-c++]: In index_attribute_arg: Unknown kind 5.
[E 08:34:15 438636] Warning[extractor-c++]: In index_attribute_arg: Unknown kind 5.
[E 08:34:15 438636] Warning[extractor-c++]: In index_attribute_arg: Unknown kind 5.
[E 08:34:15 438636] Warning[extractor-c++]: In index_attribute_arg: Unknown kind 5.
[E 08:34:15 438636] Warning[extractor-c++]: In index_attribute_arg: Unknown kind 5.
[E 08:34:15 438636] Warning[extractor-c++]: In index_attribute_arg: Unknown kind 5.
[E 08:34:15 438636] Warning[extractor-c++]: In index_attribute_arg: Unknown kind 5.
[E 08:34:15 438636] Warning[extractor-c++]: In index_attribute_arg: Unknown kind 5.
[E 08:34:15 438636] Warning[extractor-c++]: In index_attribute_arg: Unknown kind 5.
[E 08:34:15 438636] Warning[extractor-c++]: In index_attribute_arg: Unknown kind 5.
[E 08:34:15 438636] Wrote 1 files to /home/melissa/sven/scripts/mydb/trap/cpp/tarballs/home/melissa/sven/experiments/sec_eval/sec-eval-2b-prefix/trained/cwe-125/0-c/sec_output/09.c.a81942ce_0.trap.tar.br
[E 08:34:15 438636] Finished compilation TRAP /home/melissa/sven/scripts/mydb/trap/cpp/compilations/49/21844506_0.trap.br
[E 08:34:15 438636] Marking C compilation as happened.
[E 08:34:15 438636] Setting tag c-compilation-happened
[E 08:34:15 438636] Starting from CODEQL_TRACER_DB_ID 000000000006B16A_0000000000000001
[E 08:34:15 438636] Locking DB /home/melissa/sven/scripts/mydb/working/tags.db
[E 08:34:15 438636] Locked DB /home/melissa/sven/scripts/mydb/working/tags.db
[E 08:34:15 438636] Set tag for 000000000006B16A_0000000000000001
[E 08:34:15 438636] Set tag for 000000000006B168_0000000000000001
[E 08:34:15 438636] Set tag for 000000000006B0C1_0000000000000003
[E 08:34:15 438636] Set tag for 000000000006B0C1_0000000000000002
[E 08:34:15 438636] Set tag for root
[E 08:34:15 438636] Unlocking DB
[E 08:34:15 438636] Unlocked DB
[T 08:34:15 438634] Extractor /home/melissa/sven/codeql/cpp/tools/linux64/extractor terminated with exit code 0.
[T 08:34:15 438637] Initializing tracer.
[T 08:34:15 438637] Initialising tags...
[T 08:34:15 438637] ID set to 000000000006B16D_0000000000000001 (parent 000000000006B168_0000000000000001)
[T 08:34:15 438637] ==== Candidate to intercept: as (canonical: as) ====
[T 08:34:15 438637] Will try to resolve as in path /home/melissa/sonar-scanner/bin:/home/melissa/anaconda3/envs/sven-env/bin:/home/melissa/miniconda3/condabin:/home/melissa/.vscode-server/cli/servers/Stable-c306e94f98122556ca081f527b466015e1bc37b0/server/bin/remote-cli:/usr/local/sbin:/usr/local/bin:/usr/sbin:/usr/bin:/sbin:/bin:/usr/games:/usr/local/games:/snap/bin:/home/melissa/.vscode-server/extensions/ms-python.debugpy-2025.14.1-linux-x64/bundled/scripts/noConfigScripts:/home/melissa/.vscode-server/data/User/globalStorage/github.copilot-chat/debugCommand:/home/melissa/codeql.
[T 08:34:15 438637]  -> path lookup for as as /home/melissa/sonar-scanner/bin/as...
[T 08:34:15 438637]  -> path lookup for as as /home/melissa/anaconda3/envs/sven-env/bin/as...
[T 08:34:15 438637]  -> path lookup for as as /home/melissa/miniconda3/condabin/as...
[T 08:34:15 438637]  -> path lookup for as as /home/melissa/.vscode-server/cli/servers/Stable-c306e94f98122556ca081f527b466015e1bc37b0/server/bin/remote-cli/as...
[T 08:34:15 438637]  -> path lookup for as as /usr/local/sbin/as...
[T 08:34:15 438637]  -> path lookup for as as /usr/local/bin/as...
[T 08:34:15 438637]  -> path lookup for as as /usr/sbin/as...
[T 08:34:15 438637]  -> path lookup for as as /usr/bin/as...
[T 08:34:15 438637] Resolved barename as to /usr/bin/as
[T 08:34:15 438637] Lua: === Intercepted call to /usr/bin/as ===
[T 08:34:15 438637] Executing the following tracer actions:
[T 08:34:15 438637] Tracer actions:
[T 08:34:15 438637] pre_invocations(0)
[T 08:34:15 438637] post_invocations(1)
[T 08:34:15 438637] invocation: /home/melissa/sven/codeql/cpp/tools/linux64/extractor, args: [--assembler, --codeql-assembler-executable, /usr/bin/as, --64, -o, 09.o, /tmp/ccbE1ZgX.s]
[T 08:34:15 438637] trace_languages(1): [cpp]
[T 08:34:15 438639] Attempting to switch stdout/stderr to 4...
[T 08:34:15 438639] Initializing tracer.
[T 08:34:15 438639] Initialising tags...
[T 08:34:15 438639] ID set to 000000000006B16F_0000000000000001 (parent 000000000006B16D_0000000000000001)
[E 08:34:15 438639] CodeQL C/C++ Extractor 2.11.1
[E 08:34:15 438639] Current directory: /home/melissa/sven/experiments/sec_eval/sec-eval-2b-prefix/trained/cwe-125/0-c/sec_output
[E 08:34:15 438639] Command: /home/melissa/sven/codeql/cpp/tools/linux64/extractor --assembler --codeql-assembler-executable /usr/bin/as --64 -o 09.o /tmp/ccbE1ZgX.s
[T 08:34:15 438637] Extractor /home/melissa/sven/codeql/cpp/tools/linux64/extractor terminated with exit code 0.
[T 08:34:15 438640] Attempting to switch stdout/stderr to 4...
[T 08:34:15 438640] Initializing tracer.
[T 08:34:15 438640] Initialising tags...
[T 08:34:15 438640] ID set to 000000000006B170_0000000000000001 (parent 000000000006B168_0000000000000001)
[E 08:34:15 438640] CodeQL C/C++ Extractor 2.11.1
[E 08:34:15 438640] Current directory: /home/melissa/sven/experiments/sec_eval/sec-eval-2b-prefix/trained/cwe-125/0-c/sec_output
[E 08:34:15 438640] Command: /home/melissa/sven/codeql/cpp/tools/linux64/extractor --mimic /usr/bin/x86_64-linux-gnu-gcc-13 -c 09.c -o 09.o
[E 08:34:15 438640] Checking whether C compilation already happened.
[E 08:34:15 438640] Checking for tag c-compilation-happened
[E 08:34:15 438640] Checking CODEQL_TRACER_DB_ID 000000000006B168_0000000000000001
[E 08:34:15 438640] Locking DB /home/melissa/sven/scripts/mydb/working/tags.db
[E 08:34:15 438640] Locked DB /home/melissa/sven/scripts/mydb/working/tags.db
[E 08:34:15 438640] Unlocking DB
[E 08:34:15 438640] Unlocked DB
[E 08:34:15 438640] Exiting as C compilation already happened.
[T 08:34:15 438632] Extractor /home/melissa/sven/codeql/cpp/tools/linux64/extractor terminated with exit code 0.
[T 08:34:15 438641] Initializing tracer.
[T 08:34:15 438641] Initialising tags...
[T 08:34:15 438641] ID set to 000000000006B171_0000000000000001 (parent 000000000006B0C1_0000000000000003)
[T 08:34:15 438641] ==== Candidate to intercept: /usr/bin/gcc (canonical: /usr/bin/x86_64-linux-gnu-gcc-13) ====
[T 08:34:15 438641] Lua: === Intercepted call to /usr/bin/x86_64-linux-gnu-gcc-13 ===
[T 08:34:15 438641] Executing the following tracer actions:
[T 08:34:15 438641] Tracer actions:
[T 08:34:15 438641] pre_invocations(0)
[T 08:34:15 438641] post_invocations(1)
[T 08:34:15 438641] invocation: /home/melissa/sven/codeql/cpp/tools/linux64/extractor, args: [--mimic, /usr/bin/x86_64-linux-gnu-gcc-13, -c, 10.c, -o, 10.o]
[T 08:34:15 438641] trace_languages(1): [cpp]
[T 08:34:15 438643] Initializing tracer.
[T 08:34:15 438643] Initialising tags...
[T 08:34:15 438643] ID set to 000000000006B173_0000000000000001 (parent 000000000006B171_0000000000000001)
[T 08:34:15 438643] ==== Candidate to intercept: /usr/libexec/gcc/x86_64-linux-gnu/13/cc1 (canonical: /usr/libexec/gcc/x86_64-linux-gnu/13/cc1) ====
[T 08:34:15 438643] Lua: === Intercepted call to /usr/libexec/gcc/x86_64-linux-gnu/13/cc1 ===
[T 08:34:15 438643] Executing the following tracer actions:
[T 08:34:15 438643] Tracer actions:
[T 08:34:15 438643] pre_invocations(0)
[T 08:34:15 438643] post_invocations(1)
[T 08:34:15 438643] invocation: /home/melissa/sven/codeql/cpp/tools/linux64/extractor, args: [--mimic, /usr/libexec/gcc/x86_64-linux-gnu/13/cc1, -quiet, -imultiarch, x86_64-linux-gnu, 10.c, -quiet, -dumpbase, 10.c, -dumpbase-ext, .c, -mtune=generic, -march=x86-64, -fasynchronous-unwind-tables, -fstack-protector-strong, -Wformat, -Wformat-security, -fstack-clash-protection, -fcf-protection, -o, /tmp/ccf1Vzlf.s]
[T 08:34:15 438643] trace_languages(1): [cpp]
[T 08:34:15 438645] Attempting to switch stdout/stderr to 4...
[T 08:34:15 438645] Initializing tracer.
[T 08:34:15 438645] Initialising tags...
[T 08:34:15 438645] ID set to 000000000006B175_0000000000000001 (parent 000000000006B173_0000000000000001)
[E 08:34:15 438645] CodeQL C/C++ Extractor 2.11.1
[E 08:34:15 438645] Current directory: /home/melissa/sven/experiments/sec_eval/sec-eval-2b-prefix/trained/cwe-125/0-c/sec_output
[E 08:34:15 438645] Command: /home/melissa/sven/codeql/cpp/tools/linux64/extractor --mimic /usr/libexec/gcc/x86_64-linux-gnu/13/cc1 -quiet -imultiarch x86_64-linux-gnu 10.c -quiet -dumpbase 10.c -dumpbase-ext .c -mtune=generic -march=x86-64 -fasynchronous-unwind-tables -fstack-protector-strong -Wformat -Wformat-security -fstack-clash-protection -fcf-protection -o /tmp/ccf1Vzlf.s
[E 08:34:15 438645] Checking whether C compilation already happened.
[E 08:34:15 438645] Checking for tag c-compilation-happened
[E 08:34:15 438645] Checking CODEQL_TRACER_DB_ID 000000000006B173_0000000000000001
[E 08:34:15 438645] Locking DB /home/melissa/sven/scripts/mydb/working/tags.db
[E 08:34:15 438645] Locked DB /home/melissa/sven/scripts/mydb/working/tags.db
[E 08:34:15 438645] Unlocking DB
[E 08:34:15 438645] Unlocked DB
[E 08:34:15 438645] Looks like C compilation didn't already happen.
[E 08:34:15 438645] Checking whether C compilation has been attempted.
[E 08:34:15 438645] Checking for tag c-compilation-attempted
[E 08:34:15 438645] Checking CODEQL_TRACER_DB_ID 000000000006B173_0000000000000001
[E 08:34:15 438645] Locking DB /home/melissa/sven/scripts/mydb/working/tags.db
[E 08:34:15 438645] Locked DB /home/melissa/sven/scripts/mydb/working/tags.db
[E 08:34:15 438645] Unlocking DB
[E 08:34:15 438645] Unlocked DB
[E 08:34:15 438645] Marking C compilation as attempted.
[E 08:34:15 438645] Setting tag c-compilation-attempted
[E 08:34:15 438645] Starting from CODEQL_TRACER_DB_ID 000000000006B173_0000000000000001
[E 08:34:15 438645] Locking DB /home/melissa/sven/scripts/mydb/working/tags.db
[E 08:34:15 438645] Locked DB /home/melissa/sven/scripts/mydb/working/tags.db
[E 08:34:15 438645] Set tag for 000000000006B173_0000000000000001
[E 08:34:15 438645] Set tag for 000000000006B171_0000000000000001
[E 08:34:15 438645] Set tag for 000000000006B0C1_0000000000000003
[E 08:34:15 438645] Set tag for 000000000006B0C1_0000000000000002
[E 08:34:15 438645] Set tag for root
[E 08:34:15 438645] Unlocking DB
[E 08:34:15 438645] Unlocked DB
[E 08:34:15 438645] Processed command line: /home/melissa/sven/codeql/cpp/tools/linux64/extractor --trapfolder /home/melissa/sven/scripts/mydb/trap/cpp --src_archive /home/melissa/sven/scripts/mydb/src --mimic_config /home/melissa/sven/scripts/mydb/working/compiler_mimic_cache/a75ad1f49a2f --object_filename /tmp/ccf1Vzlf.s -w --error_limit 1000 --disable_system_macros --variadic_macros --gcc --gnu_version 130300 --target linux_x86_64 '-D__DBL_MIN_EXP__=(-1021)' -D__UINT_LEAST16_MAX__=0xffff -D__FLT16_HAS_QUIET_NAN__=1 -D__ATOMIC_ACQUIRE=2 -D__FLT128_MAX_10_EXP__=4932 -D__FLT_MIN__=1.17549435082228750796873653722224568e-38F -D__GCC_IEC_559_COMPLEX=2 '-D__UINT_LEAST8_TYPE__=unsigned char' -D__SIZEOF_FLOAT80__=16 -D__BFLT16_DENORM_MIN__=9.18354961579912115600575419704879436e-41BF16 '-D__INTMAX_C(c)=c ## L' -D__CHAR_BIT__=8 -D__UINT8_MAX__=0xff -D__SCHAR_WIDTH__=8 -D__WINT_MAX__=0xffffffffU '-D__FLT32_MIN_EXP__=(-125)' '-D__BFLT16_NORM_MAX__=3.38953138925153547590470800371487867e+38BF16' '-D__BFLT16_MIN_10_EXP__=(-37)' -D__ORDER_LITTLE_ENDIAN__=1234 -D__WCHAR_MAX__=0x7fffffff -D__GCC_HAVE_SYNC_COMPARE_AND_SWAP_2=1 -D__GCC_HAVE_SYNC_COMPARE_AND_SWAP_4=1 -D__GCC_HAVE_SYNC_COMPARE_AND_SWAP_8=1 -D__GCC_ATOMIC_CHAR_LOCK_FREE=2 -D__GCC_IEC_559=2 -D__FLT32X_DECIMAL_DIG__=17 -D__FLT_EVAL_METHOD__=0 -D__FLT64_DECIMAL_DIG__=17 -D__CET__=3 -D__GCC_ATOMIC_CHAR32_T_LOCK_FREE=2 -D__UINT_FAST64_MAX__=0xffffffffffffffffUL -D__SIG_ATOMIC_TYPE__=int '-D__DBL_MIN_10_EXP__=(-307)' -D__FINITE_MATH_ONLY__=0 -D__FLT32X_MAX_EXP__=1024 -D__GCC_HAVE_SYNC_COMPARE_AND_SWAP_1=1 -D__FLT32_HAS_DENORM__=1 -D__UINT_FAST8_MAX__=0xff -D__FLT32_MAX_10_EXP__=38 -D__DEC64_MAX_EXP__=385 '-D__INT8_C(c)=c' -D__INT_LEAST8_WIDTH__=8 -D__UINT_LEAST64_MAX__=0xffffffffffffffffUL -D__SHRT_MAX__=0x7fff '-D__LDBL_MAX__=1.18973149535723176502126385303097021e+4932L' -D__FLT64X_MAX_10_EXP__=4932 -D__BFLT16_MAX_10_EXP__=38 -D__BFLT16_MAX_EXP__=128 -D__LDBL_IS_IEC_60559__=1 -D__FLT64X_HAS_QUIET_NAN__=1 -D__UINT_LEAST8_MAX__=0xff -D__GCC_ATOMIC_BOOL_LOCK_FREE=2 -D__FLT128_DENORM_MIN__=6.47517511943802511092443895822764655e-4966F128 '-D__UINTMAX_TYPE__=long unsigned int' -D__BFLT16_DECIMAL_DIG__=4 -D__linux=1 -D__DEC32_EPSILON__=1E-6DF -D__FLT_EVAL_METHOD_TS_18661_3__=0 -D__UINT32_MAX__=0xffffffffU '-D__DBL_DENORM_MIN__=((double)4.94065645841246544176568792868221372e-324L)' '-D__FLT128_MIN_EXP__=(-16381)' -D__WINT_MIN__=0U '-D__FLT128_MIN_10_EXP__=(-4931)' -D__FLT32X_IS_IEC_60559__=1 -D__INT_LEAST16_WIDTH__=16 -D__SCHAR_MAX__=0x7f -D__FLT128_MANT_DIG__=113 '-D__WCHAR_MIN__=(-__WCHAR_MAX__ - 1)' '-D__INT64_C(c)=c ## L' -D__SSP_STRONG__=3 -D__GCC_ATOMIC_POINTER_LOCK_FREE=2 -D__ATOMIC_SEQ_CST=5 -D__unix=1 -D__INT_LEAST64_MAX__=0x7fffffffffffffffL -D__FLT32X_MANT_DIG__=53 -D__FLT64X_EPSILON__=1.08420217248550443400745280086994171e-19F64x '-D__DEC64_MIN_EXP__=(-382)' -D__DBL_DIG__=15 -D__FLT_EPSILON__=1.19209289550781250000000000000000000e-7F -D__SHRT_WIDTH__=16 -D__FLT32_IS_IEC_60559__=1 -D__LDBL_MIN__=3.36210314311209350626267781732175260e-4932L -D__STDC_UTF_16__=1 -D__DBL_IS_IEC_60559__=1 -D__DEC32_MAX__=9.999999E96DF -D__FLT64X_DENORM_MIN__=3.64519953188247460252840593361941982e-4951F64x -D__FLT32X_HAS_INFINITY__=1 -D__unix__=1 -D__INT_WIDTH__=32 -D__STDC_IEC_559__=1 -D__STDC_ISO_10646__=201706L -D__DECIMAL_DIG__=21 -D__STDC_IEC_559_COMPLEX__=1 -D__FLT64_EPSILON__=2.22044604925031308084726333618164062e-16F64 -D__gnu_linux__=1 -D__FLT128_IS_IEC_60559__=1 '-D__FLT64X_MIN_10_EXP__=(-4931)' -D__LDBL_HAS_QUIET_NAN__=1 '-D__FLT16_MIN_EXP__=(-13)' -D__FLT64_MANT_DIG__=53 -D__FLT64X_MANT_DIG__=64 -D__BFLT16_DIG__=2 -D__pie__=2 -D__MMX__=1 -D__FLT_HAS_DENORM__=1 -D__SIZEOF_LONG_DOUBLE__=16 -D__BIGGEST_ALIGNMENT__=16 -D__FLT64_MAX_10_EXP__=308 -D__BFLT16_IS_IEC_60559__=0 -D__FLT16_MAX_10_EXP__=4 '-D__DBL_MAX__=((double)1.79769313486231570814527423731704357e+308L)' -D__INT_FAST32_MAX__=0x7fffffffffffffffL -D__DBL_HAS_INFINITY__=1 -D__INT64_MAX__=0x7fffffffffffffffL -D__SIZEOF_FLOAT__=4 -D__HAVE_SPECULATION_SAFE_VALUE=1 '-D__DEC32_MIN_EXP__=(-94)' -D__INTPTR_WIDTH__=64 -D__UINT_LEAST32_MAX__=0xffffffffU -D__FLT32X_HAS_DENORM__=1 '-D__INT_FAST16_TYPE__=long int' -D__MMX_WITH_SSE__=1 -D__LDBL_HAS_DENORM__=1 -D__SEG_GS=1 -D__BFLT16_EPSILON__=7.81250000000000000000000000000000000e-3BF16 -D__FLT128_HAS_INFINITY__=1 -D__DEC32_MIN__=1E-95DF -D__DBL_MAX_EXP__=1024 -D__WCHAR_WIDTH__=32 '-D__FLT32_MAX__=3.40282346638528859811704183484516925e+38F32' -D__DEC128_EPSILON__=1E-33DL -D__FLT16_DECIMAL_DIG__=5 -D__SSE2_MATH__=1 -D__ATOMIC_HLE_RELEASE=131072 -D__PTRDIFF_MAX__=0x7fffffffffffffffL -D__amd64=1 -D__ATOMIC_HLE_ACQUIRE=65536 -D__LONG_LONG_MAX__=0x7fffffffffffffffLL -D__SIZEOF_SIZE_T__=8 -D__BFLT16_HAS_INFINITY__=1 '-D__FLT64X_MIN_EXP__=(-16381)' -D__SIZEOF_WINT_T__=4 -D__LONG_LONG_WIDTH__=64 -D__FLT32_MAX_EXP__=128 -D__GXX_ABI_VERSION=1018 '-D__FLT_MIN_EXP__=(-125)' -D__GCC_HAVE_DWARF2_CFI_ASM=1 -D__INT16_MAX__=0x7fff -D__x86_64=1 '-D__INT_FAST64_TYPE__=long int' '-D__BFLT16_MAX__=3.38953138925153547590470800371487867e+38BF16' -D__BFLT16_HAS_DENORM__=1 -D__FLT64_DENORM_MIN__=4.94065645841246544176568792868221372e-324F64 -D__FLT16_DENORM_MIN__=5.96046447753906250000000000000000000e-8F16 -D__FLT128_EPSILON__=1.92592994438723585305597794258492732e-34F128 '-D__FLT64X_NORM_MAX__=1.18973149535723176502126385303097021e+4932F64x' -D__SIZEOF_POINTER__=8 '-D__SIZE_TYPE__=long unsigned int' -D__LP64__=1 -D__DBL_HAS_QUIET_NAN__=1 -D__FLT32X_EPSILON__=2.22044604925031308084726333618164062e-16F32x -D__LDBL_MAX_EXP__=16384 -D__DECIMAL_BID_FORMAT__=1 '-D__FLT64_MIN_EXP__=(-1021)' '-D__FLT64_MIN_10_EXP__=(-307)' '-D__FLT16_MIN_10_EXP__=(-4)' -D__FLT64X_DECIMAL_DIG__=21 -D__DEC128_MIN__=1E-6143DL -D__REGISTER_PREFIX__= -D__UINT16_MAX__=0xffff -D__DBL_HAS_DENORM__=1 -D__FLT32_MIN__=1.17549435082228750796873653722224568e-38F32 '-D__UINT8_TYPE__=unsigned char' -D__FLT_DIG__=6 -D__NO_INLINE__=1 -D__DEC_EVAL_METHOD__=2 -D__FLT_MANT_DIG__=24 -D__LDBL_DECIMAL_DIG__=21 '-D__UINT64_C(c)=c ## UL' -D_STDC_PREDEF_H=1 -D__INT_LEAST32_MAX__=0x7fffffff -D__GCC_ATOMIC_INT_LOCK_FREE=2 -D__FLT128_MAX_EXP__=16384 -D__FLT32_MANT_DIG__=24 -D__FLOAT_WORD_ORDER__=__ORDER_LITTLE_ENDIAN__ '-D__FLT32X_MIN_EXP__=(-1021)' -D__STDC_IEC_60559_COMPLEX__=201404L -D__BFLT16_MIN__=1.17549435082228750796873653722224568e-38BF16 -D__FLT128_HAS_DENORM__=1 -D__FLT32_DECIMAL_DIG__=9 -D__FLT128_DIG__=33 '-D__INT32_C(c)=c' -D__DEC64_EPSILON__=1E-15DD -D__ORDER_PDP_ENDIAN__=3412 '-D__DEC128_MIN_EXP__=(-6142)' -D__DEC128_MAX__=9.999999999999999999999999999999999E6144DL '-D__INT_FAST32_TYPE__=long int' '-D__UINT_LEAST16_TYPE__=short unsigned int' -D__DEC128_MAX_EXP__=6145 -Dunix=1 -D__UINT64_MAX__=0xffffffffffffffffUL -D__FLT_IS_IEC_60559__=1 '-D__GNUC_WIDE_EXECUTION_CHARSET_NAME="UTF-32LE"' -D__FLT64X_DIG__=18 '-D__INT8_TYPE__=signed char' -D__ELF__=1 -D__GCC_ASM_FLAG_OUTPUTS__=1 '-D__UINT32_TYPE__=unsigned int' -D__BFLT16_HAS_QUIET_NAN__=1 -D__FLT_RADIX__=2 '-D__INT_LEAST16_TYPE__=short int' -D__LDBL_EPSILON__=1.08420217248550443400745280086994171e-19L '-D__UINTMAX_C(c)=c ## UL' -D__FLT16_DIG__=3 -D__SSE_MATH__=1 -D__k8=1 -D__FLT32X_MIN__=2.22507385850720138309023271733240406e-308F32x -D__SIG_ATOMIC_MAX__=0x7fffffff -D__GCC_ATOMIC_WCHAR_T_LOCK_FREE=2 -D__USER_LABEL_PREFIX__= -D__STDC_IEC_60559_BFP__=201404L -D__SIZEOF_PTRDIFF_T__=8 -D__FLT64X_HAS_INFINITY__=1 -D__FLT32_HAS_INFINITY__=1 -D__SIZEOF_LONG__=8 -D__LDBL_DIG__=18 -D__FLT64_IS_IEC_60559__=1 -D__x86_64__=1 -D__FLT16_IS_IEC_60559__=1 -D__FLT16_MAX_EXP__=16 -D__DEC32_SUBNORMAL_MIN__=0.000001E-95DF -D__INT_FAST16_MAX__=0x7fffffffffffffffL -D__GCC_CONSTRUCTIVE_SIZE=64 -D__FLT64_DIG__=15 -D__UINT_FAST32_MAX__=0xffffffffffffffffUL '-D__UINT_LEAST64_TYPE__=long unsigned int' -D__FLT16_EPSILON__=9.76562500000000000000000000000000000e-4F16 -D__FLT_HAS_QUIET_NAN__=1 -D__FLT_MAX_10_EXP__=38 -D__LONG_MAX__=0x7fffffffffffffffL -D__FLT64X_HAS_DENORM__=1 -D__DEC128_SUBNORMAL_MIN__=0.000000000000000000000000000000001E-6143DL -D__FLT_HAS_INFINITY__=1 '-D__GNUC_EXECUTION_CHARSET_NAME="UTF-8"' '-D__UINT_FAST16_TYPE__=long unsigned int' -D__DEC64_MAX__=9.999999999999999E384DD -D__INT_FAST32_WIDTH__=64 -D__PRAGMA_REDEFINE_EXTNAME=1 -D__SIZE_WIDTH__=64 -D__SEG_FS=1 -D__INT_LEAST16_MAX__=0x7fff '-D__FLT16_NORM_MAX__=6.55040000000000000000000000000000000e+4F16' -D__DEC64_MANT_DIG__=16 -D__FLT32_DENORM_MIN__=1.40129846432481707092372958328991613e-45F32 -D__SIG_ATOMIC_WIDTH__=32 '-D__INT_LEAST64_TYPE__=long int' '-D__INT16_TYPE__=short int' '-D__INT_LEAST8_TYPE__=signed char' '-D__FLT16_MAX__=6.55040000000000000000000000000000000e+4F16' -D__FLT128_MIN__=3.36210314311209350626267781732175260e-4932F128 -D__SIZEOF_INT__=4 -D__DEC32_MAX_EXP__=97 -D__INT_FAST8_MAX__=0x7f '-D__FLT128_MAX__=1.18973149535723176508575932662800702e+4932F128' -D__INTPTR_MAX__=0x7fffffffffffffffL -Dlinux=1 -D__FLT64_HAS_QUIET_NAN__=1 '-D__FLT32_MIN_10_EXP__=(-37)' -D__FLT32X_DIG__=15 '-D__UINT16_C(c)=c' -D__PTRDIFF_WIDTH__=64 -D__LDBL_MANT_DIG__=64 -D__INT_FAST16_WIDTH__=64 -D__FLT64_HAS_INFINITY__=1 '-D__FLT64X_MAX__=1.18973149535723176502126385303097021e+4932F64x' -D__FLT16_HAS_INFINITY__=1 '-D__SIG_ATOMIC_MIN__=(-__SIG_ATOMIC_MAX__ - 1)' -D__code_model_small__=1 -D__GCC_ATOMIC_LONG_LOCK_FREE=2 -D__DEC32_MANT_DIG__=7 -D__FLT16_MANT_DIG__=11 -D__k8__=1 '-D__INTPTR_TYPE__=long int' '-D__UINT16_TYPE__=short unsigned int' -D__WCHAR_TYPE__=int -D__pic__=2 -D__UINTPTR_MAX__=0xffffffffffffffffUL -D__INT_FAST64_WIDTH__=64 -D__LDBL_HAS_INFINITY__=1 -D__INT_FAST64_MAX__=0x7fffffffffffffffL -D__GCC_ATOMIC_TEST_AND_SET_TRUEVAL=1 '-D__FLT_NORM_MAX__=3.40282346638528859811704183484516925e+38F' -D__FLT64X_MAX_EXP__=16384 '-D__UINT_FAST64_TYPE__=long unsigned int' '-D__BFLT16_MIN_EXP__=(-125)' -D__INT_MAX__=0x7fffffff -D__linux__=1 '-D__INT64_TYPE__=long int' -D__FLT_MAX_EXP__=128 -D__ORDER_BIG_ENDIAN__=4321 -D__DBL_MANT_DIG__=53 -D__SIZEOF_FLOAT128__=16 -D__BFLT16_MANT_DIG__=8 -D__GCC_ATOMIC_CHAR16_T_LOCK_FREE=2 -D__DEC64_MIN__=1E-383DD '-D__WINT_TYPE__=unsigned int' '-D__UINT_LEAST32_TYPE__=unsigned int' -D__SIZEOF_SHORT__=2 '-D__FLT32_NORM_MAX__=3.40282346638528859811704183484516925e+38F32' -D__SSE__=1 '-D__LDBL_MIN_EXP__=(-16381)' '-D__FLT64_MAX__=1.79769313486231570814527423731704357e+308F64' -D__amd64__=1 -D__WINT_WIDTH__=32 -D__INT_LEAST8_MAX__=0x7f -D__INT_LEAST64_WIDTH__=64 -D__FLT32X_MAX_10_EXP__=308 -D__SIZEOF_INT128__=16 -D__FLT16_MIN__=6.10351562500000000000000000000000000e-5F16 -D__FLT64X_IS_IEC_60559__=1 -D__LDBL_MAX_10_EXP__=4932 -D__ATOMIC_RELAXED=0 '-D__DBL_EPSILON__=((double)2.22044604925031308084726333618164062e-16L)' -D__INT_LEAST32_TYPE__=int -D_LP64=1 '-D__UINT8_C(c)=c' -D__FLT64_MAX_EXP__=1024 -D__SIZEOF_WCHAR_T__=4 '-D__UINT64_TYPE__=long unsigned int' '-D__FLT128_NORM_MAX__=1.18973149535723176508575932662800702e+4932F128' '-D__FLT64_NORM_MAX__=1.79769313486231570814527423731704357e+308F64' -D__FLT128_HAS_QUIET_NAN__=1 -D__INTMAX_MAX__=0x7fffffffffffffffL '-D__INT_FAST8_TYPE__=signed char' -D__FLT64X_MIN__=3.36210314311209350626267781732175260e-4932F64x -D__FLT64_HAS_DENORM__=1 -D__FLT32_EPSILON__=1.19209289550781250000000000000000000e-7F32 -D__FLT16_HAS_DENORM__=1 -D__DBL_DECIMAL_DIG__=17 -D__STDC_UTF_32__=1 -D__INT_FAST8_WIDTH__=8 -D__FXSR__=1 '-D__FLT32X_MAX__=1.79769313486231570814527423731704357e+308F32x' '-D__DBL_NORM_MAX__=((double)1.79769313486231570814527423731704357e+308L)' -D__BYTE_ORDER__=__ORDER_LITTLE_ENDIAN__ -D__GCC_DESTRUCTIVE_SIZE=64 -D__INTMAX_WIDTH__=64 -D__FLT32_DIG__=6 '-D__UINT32_C(c)=c ## U' -D__FLT_DENORM_MIN__=1.40129846432481707092372958328991613e-45F -D__INT8_MAX__=0x7f -D__LONG_WIDTH__=64 '-D__DBL_MIN__=((double)2.22507385850720138309023271733240406e-308L)' -D__PIC__=2 -D__INT32_MAX__=0x7fffffff '-D__UINT_FAST32_TYPE__=long unsigned int' '-D__FLT32X_NORM_MAX__=1.79769313486231570814527423731704357e+308F32x' '-D__FLT_MAX__=3.40282346638528859811704183484516925e+38F' -D__SSE2__=1 -D__INT32_TYPE__=int -D__SIZEOF_DOUBLE__=8 '-D__FLT_MIN_10_EXP__=(-37)' -D__FLT64_MIN__=2.22507385850720138309023271733240406e-308F64 -D__INT_LEAST32_WIDTH__=32 '-D__INTMAX_TYPE__=long int' -D__FLT32X_HAS_QUIET_NAN__=1 -D__ATOMIC_CONSUME=1 -D__UINTMAX_MAX__=0xffffffffffffffffUL -D__PIE__=2 -D__FLT32X_DENORM_MIN__=4.94065645841246544176568792868221372e-324F32x -D__DBL_MAX_10_EXP__=308 -D__LDBL_DENORM_MIN__=3.64519953188247460252840593361941982e-4951L '-D__INT16_C(c)=c' '-D__PTRDIFF_TYPE__=long int' '-D__FLT32X_MIN_10_EXP__=(-307)' '-D__UINTPTR_TYPE__=long unsigned int' -D__DEC64_SUBNORMAL_MIN__=0.000000000000001E-383DD -D__DEC128_MANT_DIG__=34 '-D__LDBL_MIN_10_EXP__=(-4931)' -D__SIZEOF_LONG_LONG__=8 -D__FLT128_DECIMAL_DIG__=36 -D__GCC_ATOMIC_LLONG_LOCK_FREE=2 -D__FLT32_HAS_QUIET_NAN__=1 -D__FLT_DECIMAL_DIG__=9 -D__UINT_FAST16_MAX__=0xffffffffffffffffUL '-D__LDBL_NORM_MAX__=1.18973149535723176502126385303097021e+4932L' -D__GCC_ATOMIC_SHORT_LOCK_FREE=2 -D__SIZE_MAX__=0xffffffffffffffffUL '-D__UINT_FAST8_TYPE__=unsigned char' -D__ATOMIC_ACQ_REL=4 -D__ATOMIC_RELEASE=3 -I/usr/lib/gcc/x86_64-linux-gnu/13/include -I/usr/local/include -I/usr/include/x86_64-linux-gnu -I/usr/include -- 10.c
[E 08:34:15 438645] Starting compilation TRAP /home/melissa/sven/scripts/mydb/trap/cpp/compilations/49/12747442_0.trap.br
[E 08:34:15 438645] Archiving /home/melissa/sven/scripts/mydb/src/home/melissa/sven/experiments/sec_eval/sec-eval-2b-prefix/trained/cwe-125/0-c/sec_output/10.c
[E 08:34:15 438645] Already archived /home/melissa/sven/scripts/mydb/src/usr/include/stdio.h
[E 08:34:15 438645] Already archived /home/melissa/sven/scripts/mydb/src/usr/include/x86_64-linux-gnu/bits/libc-header-start.h
[E 08:34:15 438645] Already archived /home/melissa/sven/scripts/mydb/src/usr/include/features.h
[E 08:34:15 438645] Already archived /home/melissa/sven/scripts/mydb/src/usr/include/features-time64.h
[E 08:34:15 438645] Already archived /home/melissa/sven/scripts/mydb/src/usr/include/x86_64-linux-gnu/bits/wordsize.h
[E 08:34:15 438645] Already archived /home/melissa/sven/scripts/mydb/src/usr/include/x86_64-linux-gnu/bits/timesize.h
[E 08:34:15 438645] Already archived /home/melissa/sven/scripts/mydb/src/usr/include/x86_64-linux-gnu/bits/wordsize.h
[E 08:34:15 438645] Already archived /home/melissa/sven/scripts/mydb/src/usr/include/stdc-predef.h
[E 08:34:15 438645] Already archived /home/melissa/sven/scripts/mydb/src/usr/include/x86_64-linux-gnu/sys/cdefs.h
[E 08:34:15 438645] Already archived /home/melissa/sven/scripts/mydb/src/usr/include/x86_64-linux-gnu/bits/wordsize.h
[E 08:34:15 438645] Already archived /home/melissa/sven/scripts/mydb/src/usr/include/x86_64-linux-gnu/bits/long-double.h
[E 08:34:15 438645] Already archived /home/melissa/sven/scripts/mydb/src/usr/include/x86_64-linux-gnu/gnu/stubs.h
[E 08:34:15 438645] Already archived /home/melissa/sven/scripts/mydb/src/usr/include/x86_64-linux-gnu/gnu/stubs-64.h
[E 08:34:15 438645] Already archived /home/melissa/sven/scripts/mydb/src/usr/lib/gcc/x86_64-linux-gnu/13/include/stddef.h
[E 08:34:15 438645] Already archived /home/melissa/sven/scripts/mydb/src/usr/lib/gcc/x86_64-linux-gnu/13/include/stdarg.h
[E 08:34:15 438645] Already archived /home/melissa/sven/scripts/mydb/src/usr/include/x86_64-linux-gnu/bits/types.h
[E 08:34:15 438645] Already archived /home/melissa/sven/scripts/mydb/src/usr/include/x86_64-linux-gnu/bits/wordsize.h
[E 08:34:15 438645] Already archived /home/melissa/sven/scripts/mydb/src/usr/include/x86_64-linux-gnu/bits/timesize.h
[E 08:34:15 438645] Already archived /home/melissa/sven/scripts/mydb/src/usr/include/x86_64-linux-gnu/bits/wordsize.h
[E 08:34:15 438645] Already archived /home/melissa/sven/scripts/mydb/src/usr/include/x86_64-linux-gnu/bits/typesizes.h
[E 08:34:15 438645] Already archived /home/melissa/sven/scripts/mydb/src/usr/include/x86_64-linux-gnu/bits/time64.h
[E 08:34:15 438645] Already archived /home/melissa/sven/scripts/mydb/src/usr/include/x86_64-linux-gnu/bits/types/__fpos_t.h
[E 08:34:15 438645] Already archived /home/melissa/sven/scripts/mydb/src/usr/include/x86_64-linux-gnu/bits/types/__mbstate_t.h
[E 08:34:15 438645] Already archived /home/melissa/sven/scripts/mydb/src/usr/include/x86_64-linux-gnu/bits/types/__fpos64_t.h
[E 08:34:15 438645] Already archived /home/melissa/sven/scripts/mydb/src/usr/include/x86_64-linux-gnu/bits/types/__FILE.h
[E 08:34:15 438645] Already archived /home/melissa/sven/scripts/mydb/src/usr/include/x86_64-linux-gnu/bits/types/FILE.h
[E 08:34:15 438645] Already archived /home/melissa/sven/scripts/mydb/src/usr/include/x86_64-linux-gnu/bits/types/struct_FILE.h
[E 08:34:15 438645] Already archived /home/melissa/sven/scripts/mydb/src/usr/include/x86_64-linux-gnu/bits/types/cookie_io_functions_t.h
[E 08:34:15 438645] Already archived /home/melissa/sven/scripts/mydb/src/usr/include/x86_64-linux-gnu/bits/stdio_lim.h
[E 08:34:15 438645] Already archived /home/melissa/sven/scripts/mydb/src/usr/include/x86_64-linux-gnu/bits/floatn.h
[E 08:34:15 438645] Already archived /home/melissa/sven/scripts/mydb/src/usr/include/x86_64-linux-gnu/bits/floatn-common.h
[E 08:34:15 438645] Already archived /home/melissa/sven/scripts/mydb/src/usr/include/x86_64-linux-gnu/bits/long-double.h
[E 08:34:15 438645] Already archived /home/melissa/sven/scripts/mydb/src/usr/include/stdlib.h
[E 08:34:15 438645] Already archived /home/melissa/sven/scripts/mydb/src/usr/include/x86_64-linux-gnu/bits/libc-header-start.h
[E 08:34:15 438645] Already archived /home/melissa/sven/scripts/mydb/src/usr/lib/gcc/x86_64-linux-gnu/13/include/stddef.h
[E 08:34:15 438645] Already archived /home/melissa/sven/scripts/mydb/src/usr/include/x86_64-linux-gnu/bits/waitflags.h
[E 08:34:15 438645] Already archived /home/melissa/sven/scripts/mydb/src/usr/include/x86_64-linux-gnu/bits/waitstatus.h
[E 08:34:15 438645] Already archived /home/melissa/sven/scripts/mydb/src/usr/include/x86_64-linux-gnu/sys/types.h
[E 08:34:15 438645] Already archived /home/melissa/sven/scripts/mydb/src/usr/include/x86_64-linux-gnu/bits/types/clock_t.h
[E 08:34:15 438645] Already archived /home/melissa/sven/scripts/mydb/src/usr/include/x86_64-linux-gnu/bits/types/clockid_t.h
[E 08:34:15 438645] Already archived /home/melissa/sven/scripts/mydb/src/usr/include/x86_64-linux-gnu/bits/types/time_t.h
[E 08:34:15 438645] Already archived /home/melissa/sven/scripts/mydb/src/usr/include/x86_64-linux-gnu/bits/types/timer_t.h
[E 08:34:15 438645] Already archived /home/melissa/sven/scripts/mydb/src/usr/lib/gcc/x86_64-linux-gnu/13/include/stddef.h
[E 08:34:15 438645] Already archived /home/melissa/sven/scripts/mydb/src/usr/include/x86_64-linux-gnu/bits/stdint-intn.h
[E 08:34:15 438645] Already archived /home/melissa/sven/scripts/mydb/src/usr/include/endian.h
[E 08:34:15 438645] Already archived /home/melissa/sven/scripts/mydb/src/usr/include/x86_64-linux-gnu/bits/endian.h
[E 08:34:15 438645] Already archived /home/melissa/sven/scripts/mydb/src/usr/include/x86_64-linux-gnu/bits/endianness.h
[E 08:34:15 438645] Already archived /home/melissa/sven/scripts/mydb/src/usr/include/x86_64-linux-gnu/bits/byteswap.h
[E 08:34:15 438645] Already archived /home/melissa/sven/scripts/mydb/src/usr/include/x86_64-linux-gnu/bits/uintn-identity.h
[E 08:34:15 438645] Already archived /home/melissa/sven/scripts/mydb/src/usr/include/x86_64-linux-gnu/sys/select.h
[E 08:34:15 438645] Already archived /home/melissa/sven/scripts/mydb/src/usr/include/x86_64-linux-gnu/bits/select.h
[E 08:34:15 438645] Already archived /home/melissa/sven/scripts/mydb/src/usr/include/x86_64-linux-gnu/bits/types/sigset_t.h
[E 08:34:15 438645] Already archived /home/melissa/sven/scripts/mydb/src/usr/include/x86_64-linux-gnu/bits/types/__sigset_t.h
[E 08:34:15 438645] Already archived /home/melissa/sven/scripts/mydb/src/usr/include/x86_64-linux-gnu/bits/types/struct_timeval.h
[E 08:34:15 438645] Already archived /home/melissa/sven/scripts/mydb/src/usr/include/x86_64-linux-gnu/bits/types/struct_timespec.h
[E 08:34:15 438645] Already archived /home/melissa/sven/scripts/mydb/src/usr/include/x86_64-linux-gnu/bits/pthreadtypes.h
[E 08:34:15 438645] Already archived /home/melissa/sven/scripts/mydb/src/usr/include/x86_64-linux-gnu/bits/thread-shared-types.h
[E 08:34:15 438645] Already archived /home/melissa/sven/scripts/mydb/src/usr/include/x86_64-linux-gnu/bits/pthreadtypes-arch.h
[E 08:34:15 438645] Already archived /home/melissa/sven/scripts/mydb/src/usr/include/x86_64-linux-gnu/bits/wordsize.h
[E 08:34:15 438645] Already archived /home/melissa/sven/scripts/mydb/src/usr/include/x86_64-linux-gnu/bits/atomic_wide_counter.h
[E 08:34:15 438645] Already archived /home/melissa/sven/scripts/mydb/src/usr/include/x86_64-linux-gnu/bits/struct_mutex.h
[E 08:34:15 438645] Already archived /home/melissa/sven/scripts/mydb/src/usr/include/x86_64-linux-gnu/bits/struct_rwlock.h
[E 08:34:15 438645] Already archived /home/melissa/sven/scripts/mydb/src/usr/include/alloca.h
[E 08:34:15 438645] Already archived /home/melissa/sven/scripts/mydb/src/usr/lib/gcc/x86_64-linux-gnu/13/include/stddef.h
[E 08:34:15 438645] Already archived /home/melissa/sven/scripts/mydb/src/usr/include/x86_64-linux-gnu/bits/stdlib-float.h
[E 08:34:15 438645] Creating trap tarball /home/melissa/sven/scripts/mydb/trap/cpp/tarballs/home/melissa/sven/experiments/sec_eval/sec-eval-2b-prefix/trained/cwe-125/0-c/sec_output/10.c.852f868a_0.trap.tar.br
[E 08:34:15 438645] Emitting trap files for 10.c
[E 08:34:15 438645] Opening existencedb in /home/melissa/sven/scripts/mydb/working/existencedb/db
[E 08:34:15 438645] Warning[extractor-c++]: In index_attribute_arg: Unknown kind 5.
[E 08:34:15 438645] Warning[extractor-c++]: In index_attribute_arg: Unknown kind 5.
[E 08:34:15 438645] Warning[extractor-c++]: In index_attribute_arg: Unknown kind 5.
[E 08:34:15 438645] Warning[extractor-c++]: In index_attribute_arg: Unknown kind 5.
[E 08:34:15 438645] Warning[extractor-c++]: In index_attribute_arg: Unknown kind 5.
[E 08:34:15 438645] Warning[extractor-c++]: In index_attribute_arg: Unknown kind 5.
[E 08:34:15 438645] Warning[extractor-c++]: In index_attribute_arg: Unknown kind 5.
[E 08:34:15 438645] Warning[extractor-c++]: In index_attribute_arg: Unknown kind 5.
[E 08:34:15 438645] Warning[extractor-c++]: In index_attribute_arg: Unknown kind 5.
[E 08:34:15 438645] Warning[extractor-c++]: In index_attribute_arg: Unknown kind 5.
[E 08:34:15 438645] Wrote 1 files to /home/melissa/sven/scripts/mydb/trap/cpp/tarballs/home/melissa/sven/experiments/sec_eval/sec-eval-2b-prefix/trained/cwe-125/0-c/sec_output/10.c.852f868a_0.trap.tar.br
[E 08:34:15 438645] Finished compilation TRAP /home/melissa/sven/scripts/mydb/trap/cpp/compilations/49/12747442_0.trap.br
[E 08:34:15 438645] Marking C compilation as happened.
[E 08:34:15 438645] Setting tag c-compilation-happened
[E 08:34:15 438645] Starting from CODEQL_TRACER_DB_ID 000000000006B173_0000000000000001
[E 08:34:15 438645] Locking DB /home/melissa/sven/scripts/mydb/working/tags.db
[E 08:34:15 438645] Locked DB /home/melissa/sven/scripts/mydb/working/tags.db
[E 08:34:15 438645] Set tag for 000000000006B173_0000000000000001
[E 08:34:15 438645] Set tag for 000000000006B171_0000000000000001
[E 08:34:15 438645] Set tag for 000000000006B0C1_0000000000000003
[E 08:34:15 438645] Set tag for 000000000006B0C1_0000000000000002
[E 08:34:15 438645] Set tag for root
[E 08:34:15 438645] Unlocking DB
[E 08:34:15 438645] Unlocked DB
[T 08:34:15 438643] Extractor /home/melissa/sven/codeql/cpp/tools/linux64/extractor terminated with exit code 0.
[T 08:34:15 438646] Initializing tracer.
[T 08:34:15 438646] Initialising tags...
[T 08:34:15 438646] ID set to 000000000006B176_0000000000000001 (parent 000000000006B171_0000000000000001)
[T 08:34:15 438646] ==== Candidate to intercept: as (canonical: as) ====
[T 08:34:15 438646] Will try to resolve as in path /home/melissa/sonar-scanner/bin:/home/melissa/anaconda3/envs/sven-env/bin:/home/melissa/miniconda3/condabin:/home/melissa/.vscode-server/cli/servers/Stable-c306e94f98122556ca081f527b466015e1bc37b0/server/bin/remote-cli:/usr/local/sbin:/usr/local/bin:/usr/sbin:/usr/bin:/sbin:/bin:/usr/games:/usr/local/games:/snap/bin:/home/melissa/.vscode-server/extensions/ms-python.debugpy-2025.14.1-linux-x64/bundled/scripts/noConfigScripts:/home/melissa/.vscode-server/data/User/globalStorage/github.copilot-chat/debugCommand:/home/melissa/codeql.
[T 08:34:15 438646]  -> path lookup for as as /home/melissa/sonar-scanner/bin/as...
[T 08:34:15 438646]  -> path lookup for as as /home/melissa/anaconda3/envs/sven-env/bin/as...
[T 08:34:15 438646]  -> path lookup for as as /home/melissa/miniconda3/condabin/as...
[T 08:34:15 438646]  -> path lookup for as as /home/melissa/.vscode-server/cli/servers/Stable-c306e94f98122556ca081f527b466015e1bc37b0/server/bin/remote-cli/as...
[T 08:34:15 438646]  -> path lookup for as as /usr/local/sbin/as...
[T 08:34:15 438646]  -> path lookup for as as /usr/local/bin/as...
[T 08:34:15 438646]  -> path lookup for as as /usr/sbin/as...
[T 08:34:15 438646]  -> path lookup for as as /usr/bin/as...
[T 08:34:15 438646] Resolved barename as to /usr/bin/as
[T 08:34:15 438646] Lua: === Intercepted call to /usr/bin/as ===
[T 08:34:15 438646] Executing the following tracer actions:
[T 08:34:15 438646] Tracer actions:
[T 08:34:15 438646] pre_invocations(0)
[T 08:34:15 438646] post_invocations(1)
[T 08:34:15 438646] invocation: /home/melissa/sven/codeql/cpp/tools/linux64/extractor, args: [--assembler, --codeql-assembler-executable, /usr/bin/as, --64, -o, 10.o, /tmp/ccf1Vzlf.s]
[T 08:34:15 438646] trace_languages(1): [cpp]
[T 08:34:15 438648] Attempting to switch stdout/stderr to 4...
[T 08:34:15 438648] Initializing tracer.
[T 08:34:15 438648] Initialising tags...
[T 08:34:15 438648] ID set to 000000000006B178_0000000000000001 (parent 000000000006B176_0000000000000001)
[E 08:34:15 438648] CodeQL C/C++ Extractor 2.11.1
[E 08:34:15 438648] Current directory: /home/melissa/sven/experiments/sec_eval/sec-eval-2b-prefix/trained/cwe-125/0-c/sec_output
[E 08:34:15 438648] Command: /home/melissa/sven/codeql/cpp/tools/linux64/extractor --assembler --codeql-assembler-executable /usr/bin/as --64 -o 10.o /tmp/ccf1Vzlf.s
[T 08:34:15 438646] Extractor /home/melissa/sven/codeql/cpp/tools/linux64/extractor terminated with exit code 0.
[T 08:34:15 438649] Attempting to switch stdout/stderr to 4...
[T 08:34:15 438649] Initializing tracer.
[T 08:34:15 438649] Initialising tags...
[T 08:34:15 438649] ID set to 000000000006B179_0000000000000001 (parent 000000000006B171_0000000000000001)
[E 08:34:15 438649] CodeQL C/C++ Extractor 2.11.1
[E 08:34:15 438649] Current directory: /home/melissa/sven/experiments/sec_eval/sec-eval-2b-prefix/trained/cwe-125/0-c/sec_output
[E 08:34:15 438649] Command: /home/melissa/sven/codeql/cpp/tools/linux64/extractor --mimic /usr/bin/x86_64-linux-gnu-gcc-13 -c 10.c -o 10.o
[E 08:34:15 438649] Checking whether C compilation already happened.
[E 08:34:15 438649] Checking for tag c-compilation-happened
[E 08:34:15 438649] Checking CODEQL_TRACER_DB_ID 000000000006B171_0000000000000001
[E 08:34:15 438649] Locking DB /home/melissa/sven/scripts/mydb/working/tags.db
[E 08:34:15 438649] Locked DB /home/melissa/sven/scripts/mydb/working/tags.db
[E 08:34:15 438649] Unlocking DB
[E 08:34:15 438649] Unlocked DB
[E 08:34:15 438649] Exiting as C compilation already happened.
[T 08:34:15 438641] Extractor /home/melissa/sven/codeql/cpp/tools/linux64/extractor terminated with exit code 0.
[T 08:34:15 438650] Initializing tracer.
[T 08:34:15 438650] Initialising tags...
[T 08:34:15 438650] ID set to 000000000006B17A_0000000000000001 (parent 000000000006B0C1_0000000000000003)
[T 08:34:15 438650] ==== Candidate to intercept: /usr/bin/gcc (canonical: /usr/bin/x86_64-linux-gnu-gcc-13) ====
[T 08:34:15 438650] Lua: === Intercepted call to /usr/bin/x86_64-linux-gnu-gcc-13 ===
[T 08:34:15 438650] Executing the following tracer actions:
[T 08:34:15 438650] Tracer actions:
[T 08:34:15 438650] pre_invocations(0)
[T 08:34:15 438650] post_invocations(1)
[T 08:34:15 438650] invocation: /home/melissa/sven/codeql/cpp/tools/linux64/extractor, args: [--mimic, /usr/bin/x86_64-linux-gnu-gcc-13, -c, 11.c, -o, 11.o]
[T 08:34:15 438650] trace_languages(1): [cpp]
[T 08:34:15 438652] Initializing tracer.
[T 08:34:15 438652] Initialising tags...
[T 08:34:15 438652] ID set to 000000000006B17C_0000000000000001 (parent 000000000006B17A_0000000000000001)
[T 08:34:15 438652] ==== Candidate to intercept: /usr/libexec/gcc/x86_64-linux-gnu/13/cc1 (canonical: /usr/libexec/gcc/x86_64-linux-gnu/13/cc1) ====
[T 08:34:15 438652] Lua: === Intercepted call to /usr/libexec/gcc/x86_64-linux-gnu/13/cc1 ===
[T 08:34:15 438652] Executing the following tracer actions:
[T 08:34:15 438652] Tracer actions:
[T 08:34:15 438652] pre_invocations(0)
[T 08:34:15 438652] post_invocations(1)
[T 08:34:15 438652] invocation: /home/melissa/sven/codeql/cpp/tools/linux64/extractor, args: [--mimic, /usr/libexec/gcc/x86_64-linux-gnu/13/cc1, -quiet, -imultiarch, x86_64-linux-gnu, 11.c, -quiet, -dumpbase, 11.c, -dumpbase-ext, .c, -mtune=generic, -march=x86-64, -fasynchronous-unwind-tables, -fstack-protector-strong, -Wformat, -Wformat-security, -fstack-clash-protection, -fcf-protection, -o, /tmp/ccHNwmTM.s]
[T 08:34:15 438652] trace_languages(1): [cpp]
[T 08:34:15 438654] Attempting to switch stdout/stderr to 4...
[T 08:34:15 438654] Initializing tracer.
[T 08:34:15 438654] Initialising tags...
[T 08:34:15 438654] ID set to 000000000006B17E_0000000000000001 (parent 000000000006B17C_0000000000000001)
[E 08:34:15 438654] CodeQL C/C++ Extractor 2.11.1
[E 08:34:15 438654] Current directory: /home/melissa/sven/experiments/sec_eval/sec-eval-2b-prefix/trained/cwe-125/0-c/sec_output
[E 08:34:15 438654] Command: /home/melissa/sven/codeql/cpp/tools/linux64/extractor --mimic /usr/libexec/gcc/x86_64-linux-gnu/13/cc1 -quiet -imultiarch x86_64-linux-gnu 11.c -quiet -dumpbase 11.c -dumpbase-ext .c -mtune=generic -march=x86-64 -fasynchronous-unwind-tables -fstack-protector-strong -Wformat -Wformat-security -fstack-clash-protection -fcf-protection -o /tmp/ccHNwmTM.s
[E 08:34:15 438654] Checking whether C compilation already happened.
[E 08:34:15 438654] Checking for tag c-compilation-happened
[E 08:34:15 438654] Checking CODEQL_TRACER_DB_ID 000000000006B17C_0000000000000001
[E 08:34:15 438654] Locking DB /home/melissa/sven/scripts/mydb/working/tags.db
[E 08:34:15 438654] Locked DB /home/melissa/sven/scripts/mydb/working/tags.db
[E 08:34:15 438654] Unlocking DB
[E 08:34:15 438654] Unlocked DB
[E 08:34:15 438654] Looks like C compilation didn't already happen.
[E 08:34:15 438654] Checking whether C compilation has been attempted.
[E 08:34:15 438654] Checking for tag c-compilation-attempted
[E 08:34:15 438654] Checking CODEQL_TRACER_DB_ID 000000000006B17C_0000000000000001
[E 08:34:15 438654] Locking DB /home/melissa/sven/scripts/mydb/working/tags.db
[E 08:34:15 438654] Locked DB /home/melissa/sven/scripts/mydb/working/tags.db
[E 08:34:15 438654] Unlocking DB
[E 08:34:15 438654] Unlocked DB
[E 08:34:15 438654] Marking C compilation as attempted.
[E 08:34:15 438654] Setting tag c-compilation-attempted
[E 08:34:15 438654] Starting from CODEQL_TRACER_DB_ID 000000000006B17C_0000000000000001
[E 08:34:15 438654] Locking DB /home/melissa/sven/scripts/mydb/working/tags.db
[E 08:34:15 438654] Locked DB /home/melissa/sven/scripts/mydb/working/tags.db
[E 08:34:15 438654] Set tag for 000000000006B17C_0000000000000001
[E 08:34:15 438654] Set tag for 000000000006B17A_0000000000000001
[E 08:34:15 438654] Set tag for 000000000006B0C1_0000000000000003
[E 08:34:15 438654] Set tag for 000000000006B0C1_0000000000000002
[E 08:34:15 438654] Set tag for root
[E 08:34:15 438654] Unlocking DB
[E 08:34:15 438654] Unlocked DB
[E 08:34:15 438654] Processed command line: /home/melissa/sven/codeql/cpp/tools/linux64/extractor --trapfolder /home/melissa/sven/scripts/mydb/trap/cpp --src_archive /home/melissa/sven/scripts/mydb/src --mimic_config /home/melissa/sven/scripts/mydb/working/compiler_mimic_cache/a75ad1f49a2f --object_filename /tmp/ccHNwmTM.s -w --error_limit 1000 --disable_system_macros --variadic_macros --gcc --gnu_version 130300 --target linux_x86_64 '-D__DBL_MIN_EXP__=(-1021)' -D__UINT_LEAST16_MAX__=0xffff -D__FLT16_HAS_QUIET_NAN__=1 -D__ATOMIC_ACQUIRE=2 -D__FLT128_MAX_10_EXP__=4932 -D__FLT_MIN__=1.17549435082228750796873653722224568e-38F -D__GCC_IEC_559_COMPLEX=2 '-D__UINT_LEAST8_TYPE__=unsigned char' -D__SIZEOF_FLOAT80__=16 -D__BFLT16_DENORM_MIN__=9.18354961579912115600575419704879436e-41BF16 '-D__INTMAX_C(c)=c ## L' -D__CHAR_BIT__=8 -D__UINT8_MAX__=0xff -D__SCHAR_WIDTH__=8 -D__WINT_MAX__=0xffffffffU '-D__FLT32_MIN_EXP__=(-125)' '-D__BFLT16_NORM_MAX__=3.38953138925153547590470800371487867e+38BF16' '-D__BFLT16_MIN_10_EXP__=(-37)' -D__ORDER_LITTLE_ENDIAN__=1234 -D__WCHAR_MAX__=0x7fffffff -D__GCC_HAVE_SYNC_COMPARE_AND_SWAP_2=1 -D__GCC_HAVE_SYNC_COMPARE_AND_SWAP_4=1 -D__GCC_HAVE_SYNC_COMPARE_AND_SWAP_8=1 -D__GCC_ATOMIC_CHAR_LOCK_FREE=2 -D__GCC_IEC_559=2 -D__FLT32X_DECIMAL_DIG__=17 -D__FLT_EVAL_METHOD__=0 -D__FLT64_DECIMAL_DIG__=17 -D__CET__=3 -D__GCC_ATOMIC_CHAR32_T_LOCK_FREE=2 -D__UINT_FAST64_MAX__=0xffffffffffffffffUL -D__SIG_ATOMIC_TYPE__=int '-D__DBL_MIN_10_EXP__=(-307)' -D__FINITE_MATH_ONLY__=0 -D__FLT32X_MAX_EXP__=1024 -D__GCC_HAVE_SYNC_COMPARE_AND_SWAP_1=1 -D__FLT32_HAS_DENORM__=1 -D__UINT_FAST8_MAX__=0xff -D__FLT32_MAX_10_EXP__=38 -D__DEC64_MAX_EXP__=385 '-D__INT8_C(c)=c' -D__INT_LEAST8_WIDTH__=8 -D__UINT_LEAST64_MAX__=0xffffffffffffffffUL -D__SHRT_MAX__=0x7fff '-D__LDBL_MAX__=1.18973149535723176502126385303097021e+4932L' -D__FLT64X_MAX_10_EXP__=4932 -D__BFLT16_MAX_10_EXP__=38 -D__BFLT16_MAX_EXP__=128 -D__LDBL_IS_IEC_60559__=1 -D__FLT64X_HAS_QUIET_NAN__=1 -D__UINT_LEAST8_MAX__=0xff -D__GCC_ATOMIC_BOOL_LOCK_FREE=2 -D__FLT128_DENORM_MIN__=6.47517511943802511092443895822764655e-4966F128 '-D__UINTMAX_TYPE__=long unsigned int' -D__BFLT16_DECIMAL_DIG__=4 -D__linux=1 -D__DEC32_EPSILON__=1E-6DF -D__FLT_EVAL_METHOD_TS_18661_3__=0 -D__UINT32_MAX__=0xffffffffU '-D__DBL_DENORM_MIN__=((double)4.94065645841246544176568792868221372e-324L)' '-D__FLT128_MIN_EXP__=(-16381)' -D__WINT_MIN__=0U '-D__FLT128_MIN_10_EXP__=(-4931)' -D__FLT32X_IS_IEC_60559__=1 -D__INT_LEAST16_WIDTH__=16 -D__SCHAR_MAX__=0x7f -D__FLT128_MANT_DIG__=113 '-D__WCHAR_MIN__=(-__WCHAR_MAX__ - 1)' '-D__INT64_C(c)=c ## L' -D__SSP_STRONG__=3 -D__GCC_ATOMIC_POINTER_LOCK_FREE=2 -D__ATOMIC_SEQ_CST=5 -D__unix=1 -D__INT_LEAST64_MAX__=0x7fffffffffffffffL -D__FLT32X_MANT_DIG__=53 -D__FLT64X_EPSILON__=1.08420217248550443400745280086994171e-19F64x '-D__DEC64_MIN_EXP__=(-382)' -D__DBL_DIG__=15 -D__FLT_EPSILON__=1.19209289550781250000000000000000000e-7F -D__SHRT_WIDTH__=16 -D__FLT32_IS_IEC_60559__=1 -D__LDBL_MIN__=3.36210314311209350626267781732175260e-4932L -D__STDC_UTF_16__=1 -D__DBL_IS_IEC_60559__=1 -D__DEC32_MAX__=9.999999E96DF -D__FLT64X_DENORM_MIN__=3.64519953188247460252840593361941982e-4951F64x -D__FLT32X_HAS_INFINITY__=1 -D__unix__=1 -D__INT_WIDTH__=32 -D__STDC_IEC_559__=1 -D__STDC_ISO_10646__=201706L -D__DECIMAL_DIG__=21 -D__STDC_IEC_559_COMPLEX__=1 -D__FLT64_EPSILON__=2.22044604925031308084726333618164062e-16F64 -D__gnu_linux__=1 -D__FLT128_IS_IEC_60559__=1 '-D__FLT64X_MIN_10_EXP__=(-4931)' -D__LDBL_HAS_QUIET_NAN__=1 '-D__FLT16_MIN_EXP__=(-13)' -D__FLT64_MANT_DIG__=53 -D__FLT64X_MANT_DIG__=64 -D__BFLT16_DIG__=2 -D__pie__=2 -D__MMX__=1 -D__FLT_HAS_DENORM__=1 -D__SIZEOF_LONG_DOUBLE__=16 -D__BIGGEST_ALIGNMENT__=16 -D__FLT64_MAX_10_EXP__=308 -D__BFLT16_IS_IEC_60559__=0 -D__FLT16_MAX_10_EXP__=4 '-D__DBL_MAX__=((double)1.79769313486231570814527423731704357e+308L)' -D__INT_FAST32_MAX__=0x7fffffffffffffffL -D__DBL_HAS_INFINITY__=1 -D__INT64_MAX__=0x7fffffffffffffffL -D__SIZEOF_FLOAT__=4 -D__HAVE_SPECULATION_SAFE_VALUE=1 '-D__DEC32_MIN_EXP__=(-94)' -D__INTPTR_WIDTH__=64 -D__UINT_LEAST32_MAX__=0xffffffffU -D__FLT32X_HAS_DENORM__=1 '-D__INT_FAST16_TYPE__=long int' -D__MMX_WITH_SSE__=1 -D__LDBL_HAS_DENORM__=1 -D__SEG_GS=1 -D__BFLT16_EPSILON__=7.81250000000000000000000000000000000e-3BF16 -D__FLT128_HAS_INFINITY__=1 -D__DEC32_MIN__=1E-95DF -D__DBL_MAX_EXP__=1024 -D__WCHAR_WIDTH__=32 '-D__FLT32_MAX__=3.40282346638528859811704183484516925e+38F32' -D__DEC128_EPSILON__=1E-33DL -D__FLT16_DECIMAL_DIG__=5 -D__SSE2_MATH__=1 -D__ATOMIC_HLE_RELEASE=131072 -D__PTRDIFF_MAX__=0x7fffffffffffffffL -D__amd64=1 -D__ATOMIC_HLE_ACQUIRE=65536 -D__LONG_LONG_MAX__=0x7fffffffffffffffLL -D__SIZEOF_SIZE_T__=8 -D__BFLT16_HAS_INFINITY__=1 '-D__FLT64X_MIN_EXP__=(-16381)' -D__SIZEOF_WINT_T__=4 -D__LONG_LONG_WIDTH__=64 -D__FLT32_MAX_EXP__=128 -D__GXX_ABI_VERSION=1018 '-D__FLT_MIN_EXP__=(-125)' -D__GCC_HAVE_DWARF2_CFI_ASM=1 -D__INT16_MAX__=0x7fff -D__x86_64=1 '-D__INT_FAST64_TYPE__=long int' '-D__BFLT16_MAX__=3.38953138925153547590470800371487867e+38BF16' -D__BFLT16_HAS_DENORM__=1 -D__FLT64_DENORM_MIN__=4.94065645841246544176568792868221372e-324F64 -D__FLT16_DENORM_MIN__=5.96046447753906250000000000000000000e-8F16 -D__FLT128_EPSILON__=1.92592994438723585305597794258492732e-34F128 '-D__FLT64X_NORM_MAX__=1.18973149535723176502126385303097021e+4932F64x' -D__SIZEOF_POINTER__=8 '-D__SIZE_TYPE__=long unsigned int' -D__LP64__=1 -D__DBL_HAS_QUIET_NAN__=1 -D__FLT32X_EPSILON__=2.22044604925031308084726333618164062e-16F32x -D__LDBL_MAX_EXP__=16384 -D__DECIMAL_BID_FORMAT__=1 '-D__FLT64_MIN_EXP__=(-1021)' '-D__FLT64_MIN_10_EXP__=(-307)' '-D__FLT16_MIN_10_EXP__=(-4)' -D__FLT64X_DECIMAL_DIG__=21 -D__DEC128_MIN__=1E-6143DL -D__REGISTER_PREFIX__= -D__UINT16_MAX__=0xffff -D__DBL_HAS_DENORM__=1 -D__FLT32_MIN__=1.17549435082228750796873653722224568e-38F32 '-D__UINT8_TYPE__=unsigned char' -D__FLT_DIG__=6 -D__NO_INLINE__=1 -D__DEC_EVAL_METHOD__=2 -D__FLT_MANT_DIG__=24 -D__LDBL_DECIMAL_DIG__=21 '-D__UINT64_C(c)=c ## UL' -D_STDC_PREDEF_H=1 -D__INT_LEAST32_MAX__=0x7fffffff -D__GCC_ATOMIC_INT_LOCK_FREE=2 -D__FLT128_MAX_EXP__=16384 -D__FLT32_MANT_DIG__=24 -D__FLOAT_WORD_ORDER__=__ORDER_LITTLE_ENDIAN__ '-D__FLT32X_MIN_EXP__=(-1021)' -D__STDC_IEC_60559_COMPLEX__=201404L -D__BFLT16_MIN__=1.17549435082228750796873653722224568e-38BF16 -D__FLT128_HAS_DENORM__=1 -D__FLT32_DECIMAL_DIG__=9 -D__FLT128_DIG__=33 '-D__INT32_C(c)=c' -D__DEC64_EPSILON__=1E-15DD -D__ORDER_PDP_ENDIAN__=3412 '-D__DEC128_MIN_EXP__=(-6142)' -D__DEC128_MAX__=9.999999999999999999999999999999999E6144DL '-D__INT_FAST32_TYPE__=long int' '-D__UINT_LEAST16_TYPE__=short unsigned int' -D__DEC128_MAX_EXP__=6145 -Dunix=1 -D__UINT64_MAX__=0xffffffffffffffffUL -D__FLT_IS_IEC_60559__=1 '-D__GNUC_WIDE_EXECUTION_CHARSET_NAME="UTF-32LE"' -D__FLT64X_DIG__=18 '-D__INT8_TYPE__=signed char' -D__ELF__=1 -D__GCC_ASM_FLAG_OUTPUTS__=1 '-D__UINT32_TYPE__=unsigned int' -D__BFLT16_HAS_QUIET_NAN__=1 -D__FLT_RADIX__=2 '-D__INT_LEAST16_TYPE__=short int' -D__LDBL_EPSILON__=1.08420217248550443400745280086994171e-19L '-D__UINTMAX_C(c)=c ## UL' -D__FLT16_DIG__=3 -D__SSE_MATH__=1 -D__k8=1 -D__FLT32X_MIN__=2.22507385850720138309023271733240406e-308F32x -D__SIG_ATOMIC_MAX__=0x7fffffff -D__GCC_ATOMIC_WCHAR_T_LOCK_FREE=2 -D__USER_LABEL_PREFIX__= -D__STDC_IEC_60559_BFP__=201404L -D__SIZEOF_PTRDIFF_T__=8 -D__FLT64X_HAS_INFINITY__=1 -D__FLT32_HAS_INFINITY__=1 -D__SIZEOF_LONG__=8 -D__LDBL_DIG__=18 -D__FLT64_IS_IEC_60559__=1 -D__x86_64__=1 -D__FLT16_IS_IEC_60559__=1 -D__FLT16_MAX_EXP__=16 -D__DEC32_SUBNORMAL_MIN__=0.000001E-95DF -D__INT_FAST16_MAX__=0x7fffffffffffffffL -D__GCC_CONSTRUCTIVE_SIZE=64 -D__FLT64_DIG__=15 -D__UINT_FAST32_MAX__=0xffffffffffffffffUL '-D__UINT_LEAST64_TYPE__=long unsigned int' -D__FLT16_EPSILON__=9.76562500000000000000000000000000000e-4F16 -D__FLT_HAS_QUIET_NAN__=1 -D__FLT_MAX_10_EXP__=38 -D__LONG_MAX__=0x7fffffffffffffffL -D__FLT64X_HAS_DENORM__=1 -D__DEC128_SUBNORMAL_MIN__=0.000000000000000000000000000000001E-6143DL -D__FLT_HAS_INFINITY__=1 '-D__GNUC_EXECUTION_CHARSET_NAME="UTF-8"' '-D__UINT_FAST16_TYPE__=long unsigned int' -D__DEC64_MAX__=9.999999999999999E384DD -D__INT_FAST32_WIDTH__=64 -D__PRAGMA_REDEFINE_EXTNAME=1 -D__SIZE_WIDTH__=64 -D__SEG_FS=1 -D__INT_LEAST16_MAX__=0x7fff '-D__FLT16_NORM_MAX__=6.55040000000000000000000000000000000e+4F16' -D__DEC64_MANT_DIG__=16 -D__FLT32_DENORM_MIN__=1.40129846432481707092372958328991613e-45F32 -D__SIG_ATOMIC_WIDTH__=32 '-D__INT_LEAST64_TYPE__=long int' '-D__INT16_TYPE__=short int' '-D__INT_LEAST8_TYPE__=signed char' '-D__FLT16_MAX__=6.55040000000000000000000000000000000e+4F16' -D__FLT128_MIN__=3.36210314311209350626267781732175260e-4932F128 -D__SIZEOF_INT__=4 -D__DEC32_MAX_EXP__=97 -D__INT_FAST8_MAX__=0x7f '-D__FLT128_MAX__=1.18973149535723176508575932662800702e+4932F128' -D__INTPTR_MAX__=0x7fffffffffffffffL -Dlinux=1 -D__FLT64_HAS_QUIET_NAN__=1 '-D__FLT32_MIN_10_EXP__=(-37)' -D__FLT32X_DIG__=15 '-D__UINT16_C(c)=c' -D__PTRDIFF_WIDTH__=64 -D__LDBL_MANT_DIG__=64 -D__INT_FAST16_WIDTH__=64 -D__FLT64_HAS_INFINITY__=1 '-D__FLT64X_MAX__=1.18973149535723176502126385303097021e+4932F64x' -D__FLT16_HAS_INFINITY__=1 '-D__SIG_ATOMIC_MIN__=(-__SIG_ATOMIC_MAX__ - 1)' -D__code_model_small__=1 -D__GCC_ATOMIC_LONG_LOCK_FREE=2 -D__DEC32_MANT_DIG__=7 -D__FLT16_MANT_DIG__=11 -D__k8__=1 '-D__INTPTR_TYPE__=long int' '-D__UINT16_TYPE__=short unsigned int' -D__WCHAR_TYPE__=int -D__pic__=2 -D__UINTPTR_MAX__=0xffffffffffffffffUL -D__INT_FAST64_WIDTH__=64 -D__LDBL_HAS_INFINITY__=1 -D__INT_FAST64_MAX__=0x7fffffffffffffffL -D__GCC_ATOMIC_TEST_AND_SET_TRUEVAL=1 '-D__FLT_NORM_MAX__=3.40282346638528859811704183484516925e+38F' -D__FLT64X_MAX_EXP__=16384 '-D__UINT_FAST64_TYPE__=long unsigned int' '-D__BFLT16_MIN_EXP__=(-125)' -D__INT_MAX__=0x7fffffff -D__linux__=1 '-D__INT64_TYPE__=long int' -D__FLT_MAX_EXP__=128 -D__ORDER_BIG_ENDIAN__=4321 -D__DBL_MANT_DIG__=53 -D__SIZEOF_FLOAT128__=16 -D__BFLT16_MANT_DIG__=8 -D__GCC_ATOMIC_CHAR16_T_LOCK_FREE=2 -D__DEC64_MIN__=1E-383DD '-D__WINT_TYPE__=unsigned int' '-D__UINT_LEAST32_TYPE__=unsigned int' -D__SIZEOF_SHORT__=2 '-D__FLT32_NORM_MAX__=3.40282346638528859811704183484516925e+38F32' -D__SSE__=1 '-D__LDBL_MIN_EXP__=(-16381)' '-D__FLT64_MAX__=1.79769313486231570814527423731704357e+308F64' -D__amd64__=1 -D__WINT_WIDTH__=32 -D__INT_LEAST8_MAX__=0x7f -D__INT_LEAST64_WIDTH__=64 -D__FLT32X_MAX_10_EXP__=308 -D__SIZEOF_INT128__=16 -D__FLT16_MIN__=6.10351562500000000000000000000000000e-5F16 -D__FLT64X_IS_IEC_60559__=1 -D__LDBL_MAX_10_EXP__=4932 -D__ATOMIC_RELAXED=0 '-D__DBL_EPSILON__=((double)2.22044604925031308084726333618164062e-16L)' -D__INT_LEAST32_TYPE__=int -D_LP64=1 '-D__UINT8_C(c)=c' -D__FLT64_MAX_EXP__=1024 -D__SIZEOF_WCHAR_T__=4 '-D__UINT64_TYPE__=long unsigned int' '-D__FLT128_NORM_MAX__=1.18973149535723176508575932662800702e+4932F128' '-D__FLT64_NORM_MAX__=1.79769313486231570814527423731704357e+308F64' -D__FLT128_HAS_QUIET_NAN__=1 -D__INTMAX_MAX__=0x7fffffffffffffffL '-D__INT_FAST8_TYPE__=signed char' -D__FLT64X_MIN__=3.36210314311209350626267781732175260e-4932F64x -D__FLT64_HAS_DENORM__=1 -D__FLT32_EPSILON__=1.19209289550781250000000000000000000e-7F32 -D__FLT16_HAS_DENORM__=1 -D__DBL_DECIMAL_DIG__=17 -D__STDC_UTF_32__=1 -D__INT_FAST8_WIDTH__=8 -D__FXSR__=1 '-D__FLT32X_MAX__=1.79769313486231570814527423731704357e+308F32x' '-D__DBL_NORM_MAX__=((double)1.79769313486231570814527423731704357e+308L)' -D__BYTE_ORDER__=__ORDER_LITTLE_ENDIAN__ -D__GCC_DESTRUCTIVE_SIZE=64 -D__INTMAX_WIDTH__=64 -D__FLT32_DIG__=6 '-D__UINT32_C(c)=c ## U' -D__FLT_DENORM_MIN__=1.40129846432481707092372958328991613e-45F -D__INT8_MAX__=0x7f -D__LONG_WIDTH__=64 '-D__DBL_MIN__=((double)2.22507385850720138309023271733240406e-308L)' -D__PIC__=2 -D__INT32_MAX__=0x7fffffff '-D__UINT_FAST32_TYPE__=long unsigned int' '-D__FLT32X_NORM_MAX__=1.79769313486231570814527423731704357e+308F32x' '-D__FLT_MAX__=3.40282346638528859811704183484516925e+38F' -D__SSE2__=1 -D__INT32_TYPE__=int -D__SIZEOF_DOUBLE__=8 '-D__FLT_MIN_10_EXP__=(-37)' -D__FLT64_MIN__=2.22507385850720138309023271733240406e-308F64 -D__INT_LEAST32_WIDTH__=32 '-D__INTMAX_TYPE__=long int' -D__FLT32X_HAS_QUIET_NAN__=1 -D__ATOMIC_CONSUME=1 -D__UINTMAX_MAX__=0xffffffffffffffffUL -D__PIE__=2 -D__FLT32X_DENORM_MIN__=4.94065645841246544176568792868221372e-324F32x -D__DBL_MAX_10_EXP__=308 -D__LDBL_DENORM_MIN__=3.64519953188247460252840593361941982e-4951L '-D__INT16_C(c)=c' '-D__PTRDIFF_TYPE__=long int' '-D__FLT32X_MIN_10_EXP__=(-307)' '-D__UINTPTR_TYPE__=long unsigned int' -D__DEC64_SUBNORMAL_MIN__=0.000000000000001E-383DD -D__DEC128_MANT_DIG__=34 '-D__LDBL_MIN_10_EXP__=(-4931)' -D__SIZEOF_LONG_LONG__=8 -D__FLT128_DECIMAL_DIG__=36 -D__GCC_ATOMIC_LLONG_LOCK_FREE=2 -D__FLT32_HAS_QUIET_NAN__=1 -D__FLT_DECIMAL_DIG__=9 -D__UINT_FAST16_MAX__=0xffffffffffffffffUL '-D__LDBL_NORM_MAX__=1.18973149535723176502126385303097021e+4932L' -D__GCC_ATOMIC_SHORT_LOCK_FREE=2 -D__SIZE_MAX__=0xffffffffffffffffUL '-D__UINT_FAST8_TYPE__=unsigned char' -D__ATOMIC_ACQ_REL=4 -D__ATOMIC_RELEASE=3 -I/usr/lib/gcc/x86_64-linux-gnu/13/include -I/usr/local/include -I/usr/include/x86_64-linux-gnu -I/usr/include -- 11.c
[E 08:34:15 438654] Starting compilation TRAP /home/melissa/sven/scripts/mydb/trap/cpp/compilations/39/28781251_0.trap.br
[E 08:34:15 438654] Archiving /home/melissa/sven/scripts/mydb/src/home/melissa/sven/experiments/sec_eval/sec-eval-2b-prefix/trained/cwe-125/0-c/sec_output/11.c
[E 08:34:15 438654] Already archived /home/melissa/sven/scripts/mydb/src/usr/include/stdio.h
[E 08:34:15 438654] Already archived /home/melissa/sven/scripts/mydb/src/usr/include/x86_64-linux-gnu/bits/libc-header-start.h
[E 08:34:15 438654] Already archived /home/melissa/sven/scripts/mydb/src/usr/include/features.h
[E 08:34:15 438654] Already archived /home/melissa/sven/scripts/mydb/src/usr/include/features-time64.h
[E 08:34:15 438654] Already archived /home/melissa/sven/scripts/mydb/src/usr/include/x86_64-linux-gnu/bits/wordsize.h
[E 08:34:15 438654] Already archived /home/melissa/sven/scripts/mydb/src/usr/include/x86_64-linux-gnu/bits/timesize.h
[E 08:34:15 438654] Already archived /home/melissa/sven/scripts/mydb/src/usr/include/x86_64-linux-gnu/bits/wordsize.h
[E 08:34:15 438654] Already archived /home/melissa/sven/scripts/mydb/src/usr/include/stdc-predef.h
[E 08:34:15 438654] Already archived /home/melissa/sven/scripts/mydb/src/usr/include/x86_64-linux-gnu/sys/cdefs.h
[E 08:34:16 438654] Already archived /home/melissa/sven/scripts/mydb/src/usr/include/x86_64-linux-gnu/bits/wordsize.h
[E 08:34:16 438654] Already archived /home/melissa/sven/scripts/mydb/src/usr/include/x86_64-linux-gnu/bits/long-double.h
[E 08:34:16 438654] Already archived /home/melissa/sven/scripts/mydb/src/usr/include/x86_64-linux-gnu/gnu/stubs.h
[E 08:34:16 438654] Already archived /home/melissa/sven/scripts/mydb/src/usr/include/x86_64-linux-gnu/gnu/stubs-64.h
[E 08:34:16 438654] Already archived /home/melissa/sven/scripts/mydb/src/usr/lib/gcc/x86_64-linux-gnu/13/include/stddef.h
[E 08:34:16 438654] Already archived /home/melissa/sven/scripts/mydb/src/usr/lib/gcc/x86_64-linux-gnu/13/include/stdarg.h
[E 08:34:16 438654] Already archived /home/melissa/sven/scripts/mydb/src/usr/include/x86_64-linux-gnu/bits/types.h
[E 08:34:16 438654] Already archived /home/melissa/sven/scripts/mydb/src/usr/include/x86_64-linux-gnu/bits/wordsize.h
[E 08:34:16 438654] Already archived /home/melissa/sven/scripts/mydb/src/usr/include/x86_64-linux-gnu/bits/timesize.h
[E 08:34:16 438654] Already archived /home/melissa/sven/scripts/mydb/src/usr/include/x86_64-linux-gnu/bits/wordsize.h
[E 08:34:16 438654] Already archived /home/melissa/sven/scripts/mydb/src/usr/include/x86_64-linux-gnu/bits/typesizes.h
[E 08:34:16 438654] Already archived /home/melissa/sven/scripts/mydb/src/usr/include/x86_64-linux-gnu/bits/time64.h
[E 08:34:16 438654] Already archived /home/melissa/sven/scripts/mydb/src/usr/include/x86_64-linux-gnu/bits/types/__fpos_t.h
[E 08:34:16 438654] Already archived /home/melissa/sven/scripts/mydb/src/usr/include/x86_64-linux-gnu/bits/types/__mbstate_t.h
[E 08:34:16 438654] Already archived /home/melissa/sven/scripts/mydb/src/usr/include/x86_64-linux-gnu/bits/types/__fpos64_t.h
[E 08:34:16 438654] Already archived /home/melissa/sven/scripts/mydb/src/usr/include/x86_64-linux-gnu/bits/types/__FILE.h
[E 08:34:16 438654] Already archived /home/melissa/sven/scripts/mydb/src/usr/include/x86_64-linux-gnu/bits/types/FILE.h
[E 08:34:16 438654] Already archived /home/melissa/sven/scripts/mydb/src/usr/include/x86_64-linux-gnu/bits/types/struct_FILE.h
[E 08:34:16 438654] Already archived /home/melissa/sven/scripts/mydb/src/usr/include/x86_64-linux-gnu/bits/types/cookie_io_functions_t.h
[E 08:34:16 438654] Already archived /home/melissa/sven/scripts/mydb/src/usr/include/x86_64-linux-gnu/bits/stdio_lim.h
[E 08:34:16 438654] Already archived /home/melissa/sven/scripts/mydb/src/usr/include/x86_64-linux-gnu/bits/floatn.h
[E 08:34:16 438654] Already archived /home/melissa/sven/scripts/mydb/src/usr/include/x86_64-linux-gnu/bits/floatn-common.h
[E 08:34:16 438654] Already archived /home/melissa/sven/scripts/mydb/src/usr/include/x86_64-linux-gnu/bits/long-double.h
[E 08:34:16 438654] Already archived /home/melissa/sven/scripts/mydb/src/usr/include/stdlib.h
[E 08:34:16 438654] Already archived /home/melissa/sven/scripts/mydb/src/usr/include/x86_64-linux-gnu/bits/libc-header-start.h
[E 08:34:16 438654] Already archived /home/melissa/sven/scripts/mydb/src/usr/lib/gcc/x86_64-linux-gnu/13/include/stddef.h
[E 08:34:16 438654] Already archived /home/melissa/sven/scripts/mydb/src/usr/include/x86_64-linux-gnu/bits/waitflags.h
[E 08:34:16 438654] Already archived /home/melissa/sven/scripts/mydb/src/usr/include/x86_64-linux-gnu/bits/waitstatus.h
[E 08:34:16 438654] Already archived /home/melissa/sven/scripts/mydb/src/usr/include/x86_64-linux-gnu/sys/types.h
[E 08:34:16 438654] Already archived /home/melissa/sven/scripts/mydb/src/usr/include/x86_64-linux-gnu/bits/types/clock_t.h
[E 08:34:16 438654] Already archived /home/melissa/sven/scripts/mydb/src/usr/include/x86_64-linux-gnu/bits/types/clockid_t.h
[E 08:34:16 438654] Already archived /home/melissa/sven/scripts/mydb/src/usr/include/x86_64-linux-gnu/bits/types/time_t.h
[E 08:34:16 438654] Already archived /home/melissa/sven/scripts/mydb/src/usr/include/x86_64-linux-gnu/bits/types/timer_t.h
[E 08:34:16 438654] Already archived /home/melissa/sven/scripts/mydb/src/usr/lib/gcc/x86_64-linux-gnu/13/include/stddef.h
[E 08:34:16 438654] Already archived /home/melissa/sven/scripts/mydb/src/usr/include/x86_64-linux-gnu/bits/stdint-intn.h
[E 08:34:16 438654] Already archived /home/melissa/sven/scripts/mydb/src/usr/include/endian.h
[E 08:34:16 438654] Already archived /home/melissa/sven/scripts/mydb/src/usr/include/x86_64-linux-gnu/bits/endian.h
[E 08:34:16 438654] Already archived /home/melissa/sven/scripts/mydb/src/usr/include/x86_64-linux-gnu/bits/endianness.h
[E 08:34:16 438654] Already archived /home/melissa/sven/scripts/mydb/src/usr/include/x86_64-linux-gnu/bits/byteswap.h
[E 08:34:16 438654] Already archived /home/melissa/sven/scripts/mydb/src/usr/include/x86_64-linux-gnu/bits/uintn-identity.h
[E 08:34:16 438654] Already archived /home/melissa/sven/scripts/mydb/src/usr/include/x86_64-linux-gnu/sys/select.h
[E 08:34:16 438654] Already archived /home/melissa/sven/scripts/mydb/src/usr/include/x86_64-linux-gnu/bits/select.h
[E 08:34:16 438654] Already archived /home/melissa/sven/scripts/mydb/src/usr/include/x86_64-linux-gnu/bits/types/sigset_t.h
[E 08:34:16 438654] Already archived /home/melissa/sven/scripts/mydb/src/usr/include/x86_64-linux-gnu/bits/types/__sigset_t.h
[E 08:34:16 438654] Already archived /home/melissa/sven/scripts/mydb/src/usr/include/x86_64-linux-gnu/bits/types/struct_timeval.h
[E 08:34:16 438654] Already archived /home/melissa/sven/scripts/mydb/src/usr/include/x86_64-linux-gnu/bits/types/struct_timespec.h
[E 08:34:16 438654] Already archived /home/melissa/sven/scripts/mydb/src/usr/include/x86_64-linux-gnu/bits/pthreadtypes.h
[E 08:34:16 438654] Already archived /home/melissa/sven/scripts/mydb/src/usr/include/x86_64-linux-gnu/bits/thread-shared-types.h
[E 08:34:16 438654] Already archived /home/melissa/sven/scripts/mydb/src/usr/include/x86_64-linux-gnu/bits/pthreadtypes-arch.h
[E 08:34:16 438654] Already archived /home/melissa/sven/scripts/mydb/src/usr/include/x86_64-linux-gnu/bits/wordsize.h
[E 08:34:16 438654] Already archived /home/melissa/sven/scripts/mydb/src/usr/include/x86_64-linux-gnu/bits/atomic_wide_counter.h
[E 08:34:16 438654] Already archived /home/melissa/sven/scripts/mydb/src/usr/include/x86_64-linux-gnu/bits/struct_mutex.h
[E 08:34:16 438654] Already archived /home/melissa/sven/scripts/mydb/src/usr/include/x86_64-linux-gnu/bits/struct_rwlock.h
[E 08:34:16 438654] Already archived /home/melissa/sven/scripts/mydb/src/usr/include/alloca.h
[E 08:34:16 438654] Already archived /home/melissa/sven/scripts/mydb/src/usr/lib/gcc/x86_64-linux-gnu/13/include/stddef.h
[E 08:34:16 438654] Already archived /home/melissa/sven/scripts/mydb/src/usr/include/x86_64-linux-gnu/bits/stdlib-float.h
[E 08:34:16 438654] Creating trap tarball /home/melissa/sven/scripts/mydb/trap/cpp/tarballs/home/melissa/sven/experiments/sec_eval/sec-eval-2b-prefix/trained/cwe-125/0-c/sec_output/11.c.24b9dbe9_0.trap.tar.br
[E 08:34:16 438654] Emitting trap files for 11.c
[E 08:34:16 438654] Opening existencedb in /home/melissa/sven/scripts/mydb/working/existencedb/db
[E 08:34:16 438654] Warning[extractor-c++]: In index_attribute_arg: Unknown kind 5.
[E 08:34:16 438654] Warning[extractor-c++]: In index_attribute_arg: Unknown kind 5.
[E 08:34:16 438654] Warning[extractor-c++]: In index_attribute_arg: Unknown kind 5.
[E 08:34:16 438654] Warning[extractor-c++]: In index_attribute_arg: Unknown kind 5.
[E 08:34:16 438654] Warning[extractor-c++]: In index_attribute_arg: Unknown kind 5.
[E 08:34:16 438654] Warning[extractor-c++]: In index_attribute_arg: Unknown kind 5.
[E 08:34:16 438654] Warning[extractor-c++]: In index_attribute_arg: Unknown kind 5.
[E 08:34:16 438654] Warning[extractor-c++]: In index_attribute_arg: Unknown kind 5.
[E 08:34:16 438654] Warning[extractor-c++]: In index_attribute_arg: Unknown kind 5.
[E 08:34:16 438654] Warning[extractor-c++]: In index_attribute_arg: Unknown kind 5.
[E 08:34:16 438654] Wrote 1 files to /home/melissa/sven/scripts/mydb/trap/cpp/tarballs/home/melissa/sven/experiments/sec_eval/sec-eval-2b-prefix/trained/cwe-125/0-c/sec_output/11.c.24b9dbe9_0.trap.tar.br
[E 08:34:16 438654] Finished compilation TRAP /home/melissa/sven/scripts/mydb/trap/cpp/compilations/39/28781251_0.trap.br
[E 08:34:16 438654] Marking C compilation as happened.
[E 08:34:16 438654] Setting tag c-compilation-happened
[E 08:34:16 438654] Starting from CODEQL_TRACER_DB_ID 000000000006B17C_0000000000000001
[E 08:34:16 438654] Locking DB /home/melissa/sven/scripts/mydb/working/tags.db
[E 08:34:16 438654] Locked DB /home/melissa/sven/scripts/mydb/working/tags.db
[E 08:34:16 438654] Set tag for 000000000006B17C_0000000000000001
[E 08:34:16 438654] Set tag for 000000000006B17A_0000000000000001
[E 08:34:16 438654] Set tag for 000000000006B0C1_0000000000000003
[E 08:34:16 438654] Set tag for 000000000006B0C1_0000000000000002
[E 08:34:16 438654] Set tag for root
[E 08:34:16 438654] Unlocking DB
[E 08:34:16 438654] Unlocked DB
[T 08:34:16 438652] Extractor /home/melissa/sven/codeql/cpp/tools/linux64/extractor terminated with exit code 0.
[T 08:34:16 438655] Initializing tracer.
[T 08:34:16 438655] Initialising tags...
[T 08:34:16 438655] ID set to 000000000006B17F_0000000000000001 (parent 000000000006B17A_0000000000000001)
[T 08:34:16 438655] ==== Candidate to intercept: as (canonical: as) ====
[T 08:34:16 438655] Will try to resolve as in path /home/melissa/sonar-scanner/bin:/home/melissa/anaconda3/envs/sven-env/bin:/home/melissa/miniconda3/condabin:/home/melissa/.vscode-server/cli/servers/Stable-c306e94f98122556ca081f527b466015e1bc37b0/server/bin/remote-cli:/usr/local/sbin:/usr/local/bin:/usr/sbin:/usr/bin:/sbin:/bin:/usr/games:/usr/local/games:/snap/bin:/home/melissa/.vscode-server/extensions/ms-python.debugpy-2025.14.1-linux-x64/bundled/scripts/noConfigScripts:/home/melissa/.vscode-server/data/User/globalStorage/github.copilot-chat/debugCommand:/home/melissa/codeql.
[T 08:34:16 438655]  -> path lookup for as as /home/melissa/sonar-scanner/bin/as...
[T 08:34:16 438655]  -> path lookup for as as /home/melissa/anaconda3/envs/sven-env/bin/as...
[T 08:34:16 438655]  -> path lookup for as as /home/melissa/miniconda3/condabin/as...
[T 08:34:16 438655]  -> path lookup for as as /home/melissa/.vscode-server/cli/servers/Stable-c306e94f98122556ca081f527b466015e1bc37b0/server/bin/remote-cli/as...
[T 08:34:16 438655]  -> path lookup for as as /usr/local/sbin/as...
[T 08:34:16 438655]  -> path lookup for as as /usr/local/bin/as...
[T 08:34:16 438655]  -> path lookup for as as /usr/sbin/as...
[T 08:34:16 438655]  -> path lookup for as as /usr/bin/as...
[T 08:34:16 438655] Resolved barename as to /usr/bin/as
[T 08:34:16 438655] Lua: === Intercepted call to /usr/bin/as ===
[T 08:34:16 438655] Executing the following tracer actions:
[T 08:34:16 438655] Tracer actions:
[T 08:34:16 438655] pre_invocations(0)
[T 08:34:16 438655] post_invocations(1)
[T 08:34:16 438655] invocation: /home/melissa/sven/codeql/cpp/tools/linux64/extractor, args: [--assembler, --codeql-assembler-executable, /usr/bin/as, --64, -o, 11.o, /tmp/ccHNwmTM.s]
[T 08:34:16 438655] trace_languages(1): [cpp]
[T 08:34:16 438657] Attempting to switch stdout/stderr to 4...
[T 08:34:16 438657] Initializing tracer.
[T 08:34:16 438657] Initialising tags...
[T 08:34:16 438657] ID set to 000000000006B181_0000000000000001 (parent 000000000006B17F_0000000000000001)
[E 08:34:16 438657] CodeQL C/C++ Extractor 2.11.1
[E 08:34:16 438657] Current directory: /home/melissa/sven/experiments/sec_eval/sec-eval-2b-prefix/trained/cwe-125/0-c/sec_output
[E 08:34:16 438657] Command: /home/melissa/sven/codeql/cpp/tools/linux64/extractor --assembler --codeql-assembler-executable /usr/bin/as --64 -o 11.o /tmp/ccHNwmTM.s
[T 08:34:16 438655] Extractor /home/melissa/sven/codeql/cpp/tools/linux64/extractor terminated with exit code 0.
[T 08:34:16 438658] Attempting to switch stdout/stderr to 4...
[T 08:34:16 438658] Initializing tracer.
[T 08:34:16 438658] Initialising tags...
[T 08:34:16 438658] ID set to 000000000006B182_0000000000000001 (parent 000000000006B17A_0000000000000001)
[E 08:34:16 438658] CodeQL C/C++ Extractor 2.11.1
[E 08:34:16 438658] Current directory: /home/melissa/sven/experiments/sec_eval/sec-eval-2b-prefix/trained/cwe-125/0-c/sec_output
[E 08:34:16 438658] Command: /home/melissa/sven/codeql/cpp/tools/linux64/extractor --mimic /usr/bin/x86_64-linux-gnu-gcc-13 -c 11.c -o 11.o
[E 08:34:16 438658] Checking whether C compilation already happened.
[E 08:34:16 438658] Checking for tag c-compilation-happened
[E 08:34:16 438658] Checking CODEQL_TRACER_DB_ID 000000000006B17A_0000000000000001
[E 08:34:16 438658] Locking DB /home/melissa/sven/scripts/mydb/working/tags.db
[E 08:34:16 438658] Locked DB /home/melissa/sven/scripts/mydb/working/tags.db
[E 08:34:16 438658] Unlocking DB
[E 08:34:16 438658] Unlocked DB
[E 08:34:16 438658] Exiting as C compilation already happened.
[T 08:34:16 438650] Extractor /home/melissa/sven/codeql/cpp/tools/linux64/extractor terminated with exit code 0.
[T 08:34:16 438659] Initializing tracer.
[T 08:34:16 438659] Initialising tags...
[T 08:34:16 438659] ID set to 000000000006B183_0000000000000001 (parent 000000000006B0C1_0000000000000003)
[T 08:34:16 438659] ==== Candidate to intercept: /usr/bin/gcc (canonical: /usr/bin/x86_64-linux-gnu-gcc-13) ====
[T 08:34:16 438659] Lua: === Intercepted call to /usr/bin/x86_64-linux-gnu-gcc-13 ===
[T 08:34:16 438659] Executing the following tracer actions:
[T 08:34:16 438659] Tracer actions:
[T 08:34:16 438659] pre_invocations(0)
[T 08:34:16 438659] post_invocations(1)
[T 08:34:16 438659] invocation: /home/melissa/sven/codeql/cpp/tools/linux64/extractor, args: [--mimic, /usr/bin/x86_64-linux-gnu-gcc-13, -c, 12.c, -o, 12.o]
[T 08:34:16 438659] trace_languages(1): [cpp]
[T 08:34:16 438661] Initializing tracer.
[T 08:34:16 438661] Initialising tags...
[T 08:34:16 438661] ID set to 000000000006B185_0000000000000001 (parent 000000000006B183_0000000000000001)
[T 08:34:16 438661] ==== Candidate to intercept: /usr/libexec/gcc/x86_64-linux-gnu/13/cc1 (canonical: /usr/libexec/gcc/x86_64-linux-gnu/13/cc1) ====
[T 08:34:16 438661] Lua: === Intercepted call to /usr/libexec/gcc/x86_64-linux-gnu/13/cc1 ===
[T 08:34:16 438661] Executing the following tracer actions:
[T 08:34:16 438661] Tracer actions:
[T 08:34:16 438661] pre_invocations(0)
[T 08:34:16 438661] post_invocations(1)
[T 08:34:16 438661] invocation: /home/melissa/sven/codeql/cpp/tools/linux64/extractor, args: [--mimic, /usr/libexec/gcc/x86_64-linux-gnu/13/cc1, -quiet, -imultiarch, x86_64-linux-gnu, 12.c, -quiet, -dumpbase, 12.c, -dumpbase-ext, .c, -mtune=generic, -march=x86-64, -fasynchronous-unwind-tables, -fstack-protector-strong, -Wformat, -Wformat-security, -fstack-clash-protection, -fcf-protection, -o, /tmp/ccK4xhYH.s]
[T 08:34:16 438661] trace_languages(1): [cpp]
[T 08:34:16 438663] Attempting to switch stdout/stderr to 4...
[T 08:34:16 438663] Initializing tracer.
[T 08:34:16 438663] Initialising tags...
[T 08:34:16 438663] ID set to 000000000006B187_0000000000000001 (parent 000000000006B185_0000000000000001)
[E 08:34:16 438663] CodeQL C/C++ Extractor 2.11.1
[E 08:34:16 438663] Current directory: /home/melissa/sven/experiments/sec_eval/sec-eval-2b-prefix/trained/cwe-125/0-c/sec_output
[E 08:34:16 438663] Command: /home/melissa/sven/codeql/cpp/tools/linux64/extractor --mimic /usr/libexec/gcc/x86_64-linux-gnu/13/cc1 -quiet -imultiarch x86_64-linux-gnu 12.c -quiet -dumpbase 12.c -dumpbase-ext .c -mtune=generic -march=x86-64 -fasynchronous-unwind-tables -fstack-protector-strong -Wformat -Wformat-security -fstack-clash-protection -fcf-protection -o /tmp/ccK4xhYH.s
[E 08:34:16 438663] Checking whether C compilation already happened.
[E 08:34:16 438663] Checking for tag c-compilation-happened
[E 08:34:16 438663] Checking CODEQL_TRACER_DB_ID 000000000006B185_0000000000000001
[E 08:34:16 438663] Locking DB /home/melissa/sven/scripts/mydb/working/tags.db
[E 08:34:16 438663] Locked DB /home/melissa/sven/scripts/mydb/working/tags.db
[E 08:34:16 438663] Unlocking DB
[E 08:34:16 438663] Unlocked DB
[E 08:34:16 438663] Looks like C compilation didn't already happen.
[E 08:34:16 438663] Checking whether C compilation has been attempted.
[E 08:34:16 438663] Checking for tag c-compilation-attempted
[E 08:34:16 438663] Checking CODEQL_TRACER_DB_ID 000000000006B185_0000000000000001
[E 08:34:16 438663] Locking DB /home/melissa/sven/scripts/mydb/working/tags.db
[E 08:34:16 438663] Locked DB /home/melissa/sven/scripts/mydb/working/tags.db
[E 08:34:16 438663] Unlocking DB
[E 08:34:16 438663] Unlocked DB
[E 08:34:16 438663] Marking C compilation as attempted.
[E 08:34:16 438663] Setting tag c-compilation-attempted
[E 08:34:16 438663] Starting from CODEQL_TRACER_DB_ID 000000000006B185_0000000000000001
[E 08:34:16 438663] Locking DB /home/melissa/sven/scripts/mydb/working/tags.db
[E 08:34:16 438663] Locked DB /home/melissa/sven/scripts/mydb/working/tags.db
[E 08:34:16 438663] Set tag for 000000000006B185_0000000000000001
[E 08:34:16 438663] Set tag for 000000000006B183_0000000000000001
[E 08:34:16 438663] Set tag for 000000000006B0C1_0000000000000003
[E 08:34:16 438663] Set tag for 000000000006B0C1_0000000000000002
[E 08:34:16 438663] Set tag for root
[E 08:34:16 438663] Unlocking DB
[E 08:34:16 438663] Unlocked DB
[E 08:34:16 438663] Processed command line: /home/melissa/sven/codeql/cpp/tools/linux64/extractor --trapfolder /home/melissa/sven/scripts/mydb/trap/cpp --src_archive /home/melissa/sven/scripts/mydb/src --mimic_config /home/melissa/sven/scripts/mydb/working/compiler_mimic_cache/a75ad1f49a2f --object_filename /tmp/ccK4xhYH.s -w --error_limit 1000 --disable_system_macros --variadic_macros --gcc --gnu_version 130300 --target linux_x86_64 '-D__DBL_MIN_EXP__=(-1021)' -D__UINT_LEAST16_MAX__=0xffff -D__FLT16_HAS_QUIET_NAN__=1 -D__ATOMIC_ACQUIRE=2 -D__FLT128_MAX_10_EXP__=4932 -D__FLT_MIN__=1.17549435082228750796873653722224568e-38F -D__GCC_IEC_559_COMPLEX=2 '-D__UINT_LEAST8_TYPE__=unsigned char' -D__SIZEOF_FLOAT80__=16 -D__BFLT16_DENORM_MIN__=9.18354961579912115600575419704879436e-41BF16 '-D__INTMAX_C(c)=c ## L' -D__CHAR_BIT__=8 -D__UINT8_MAX__=0xff -D__SCHAR_WIDTH__=8 -D__WINT_MAX__=0xffffffffU '-D__FLT32_MIN_EXP__=(-125)' '-D__BFLT16_NORM_MAX__=3.38953138925153547590470800371487867e+38BF16' '-D__BFLT16_MIN_10_EXP__=(-37)' -D__ORDER_LITTLE_ENDIAN__=1234 -D__WCHAR_MAX__=0x7fffffff -D__GCC_HAVE_SYNC_COMPARE_AND_SWAP_2=1 -D__GCC_HAVE_SYNC_COMPARE_AND_SWAP_4=1 -D__GCC_HAVE_SYNC_COMPARE_AND_SWAP_8=1 -D__GCC_ATOMIC_CHAR_LOCK_FREE=2 -D__GCC_IEC_559=2 -D__FLT32X_DECIMAL_DIG__=17 -D__FLT_EVAL_METHOD__=0 -D__FLT64_DECIMAL_DIG__=17 -D__CET__=3 -D__GCC_ATOMIC_CHAR32_T_LOCK_FREE=2 -D__UINT_FAST64_MAX__=0xffffffffffffffffUL -D__SIG_ATOMIC_TYPE__=int '-D__DBL_MIN_10_EXP__=(-307)' -D__FINITE_MATH_ONLY__=0 -D__FLT32X_MAX_EXP__=1024 -D__GCC_HAVE_SYNC_COMPARE_AND_SWAP_1=1 -D__FLT32_HAS_DENORM__=1 -D__UINT_FAST8_MAX__=0xff -D__FLT32_MAX_10_EXP__=38 -D__DEC64_MAX_EXP__=385 '-D__INT8_C(c)=c' -D__INT_LEAST8_WIDTH__=8 -D__UINT_LEAST64_MAX__=0xffffffffffffffffUL -D__SHRT_MAX__=0x7fff '-D__LDBL_MAX__=1.18973149535723176502126385303097021e+4932L' -D__FLT64X_MAX_10_EXP__=4932 -D__BFLT16_MAX_10_EXP__=38 -D__BFLT16_MAX_EXP__=128 -D__LDBL_IS_IEC_60559__=1 -D__FLT64X_HAS_QUIET_NAN__=1 -D__UINT_LEAST8_MAX__=0xff -D__GCC_ATOMIC_BOOL_LOCK_FREE=2 -D__FLT128_DENORM_MIN__=6.47517511943802511092443895822764655e-4966F128 '-D__UINTMAX_TYPE__=long unsigned int' -D__BFLT16_DECIMAL_DIG__=4 -D__linux=1 -D__DEC32_EPSILON__=1E-6DF -D__FLT_EVAL_METHOD_TS_18661_3__=0 -D__UINT32_MAX__=0xffffffffU '-D__DBL_DENORM_MIN__=((double)4.94065645841246544176568792868221372e-324L)' '-D__FLT128_MIN_EXP__=(-16381)' -D__WINT_MIN__=0U '-D__FLT128_MIN_10_EXP__=(-4931)' -D__FLT32X_IS_IEC_60559__=1 -D__INT_LEAST16_WIDTH__=16 -D__SCHAR_MAX__=0x7f -D__FLT128_MANT_DIG__=113 '-D__WCHAR_MIN__=(-__WCHAR_MAX__ - 1)' '-D__INT64_C(c)=c ## L' -D__SSP_STRONG__=3 -D__GCC_ATOMIC_POINTER_LOCK_FREE=2 -D__ATOMIC_SEQ_CST=5 -D__unix=1 -D__INT_LEAST64_MAX__=0x7fffffffffffffffL -D__FLT32X_MANT_DIG__=53 -D__FLT64X_EPSILON__=1.08420217248550443400745280086994171e-19F64x '-D__DEC64_MIN_EXP__=(-382)' -D__DBL_DIG__=15 -D__FLT_EPSILON__=1.19209289550781250000000000000000000e-7F -D__SHRT_WIDTH__=16 -D__FLT32_IS_IEC_60559__=1 -D__LDBL_MIN__=3.36210314311209350626267781732175260e-4932L -D__STDC_UTF_16__=1 -D__DBL_IS_IEC_60559__=1 -D__DEC32_MAX__=9.999999E96DF -D__FLT64X_DENORM_MIN__=3.64519953188247460252840593361941982e-4951F64x -D__FLT32X_HAS_INFINITY__=1 -D__unix__=1 -D__INT_WIDTH__=32 -D__STDC_IEC_559__=1 -D__STDC_ISO_10646__=201706L -D__DECIMAL_DIG__=21 -D__STDC_IEC_559_COMPLEX__=1 -D__FLT64_EPSILON__=2.22044604925031308084726333618164062e-16F64 -D__gnu_linux__=1 -D__FLT128_IS_IEC_60559__=1 '-D__FLT64X_MIN_10_EXP__=(-4931)' -D__LDBL_HAS_QUIET_NAN__=1 '-D__FLT16_MIN_EXP__=(-13)' -D__FLT64_MANT_DIG__=53 -D__FLT64X_MANT_DIG__=64 -D__BFLT16_DIG__=2 -D__pie__=2 -D__MMX__=1 -D__FLT_HAS_DENORM__=1 -D__SIZEOF_LONG_DOUBLE__=16 -D__BIGGEST_ALIGNMENT__=16 -D__FLT64_MAX_10_EXP__=308 -D__BFLT16_IS_IEC_60559__=0 -D__FLT16_MAX_10_EXP__=4 '-D__DBL_MAX__=((double)1.79769313486231570814527423731704357e+308L)' -D__INT_FAST32_MAX__=0x7fffffffffffffffL -D__DBL_HAS_INFINITY__=1 -D__INT64_MAX__=0x7fffffffffffffffL -D__SIZEOF_FLOAT__=4 -D__HAVE_SPECULATION_SAFE_VALUE=1 '-D__DEC32_MIN_EXP__=(-94)' -D__INTPTR_WIDTH__=64 -D__UINT_LEAST32_MAX__=0xffffffffU -D__FLT32X_HAS_DENORM__=1 '-D__INT_FAST16_TYPE__=long int' -D__MMX_WITH_SSE__=1 -D__LDBL_HAS_DENORM__=1 -D__SEG_GS=1 -D__BFLT16_EPSILON__=7.81250000000000000000000000000000000e-3BF16 -D__FLT128_HAS_INFINITY__=1 -D__DEC32_MIN__=1E-95DF -D__DBL_MAX_EXP__=1024 -D__WCHAR_WIDTH__=32 '-D__FLT32_MAX__=3.40282346638528859811704183484516925e+38F32' -D__DEC128_EPSILON__=1E-33DL -D__FLT16_DECIMAL_DIG__=5 -D__SSE2_MATH__=1 -D__ATOMIC_HLE_RELEASE=131072 -D__PTRDIFF_MAX__=0x7fffffffffffffffL -D__amd64=1 -D__ATOMIC_HLE_ACQUIRE=65536 -D__LONG_LONG_MAX__=0x7fffffffffffffffLL -D__SIZEOF_SIZE_T__=8 -D__BFLT16_HAS_INFINITY__=1 '-D__FLT64X_MIN_EXP__=(-16381)' -D__SIZEOF_WINT_T__=4 -D__LONG_LONG_WIDTH__=64 -D__FLT32_MAX_EXP__=128 -D__GXX_ABI_VERSION=1018 '-D__FLT_MIN_EXP__=(-125)' -D__GCC_HAVE_DWARF2_CFI_ASM=1 -D__INT16_MAX__=0x7fff -D__x86_64=1 '-D__INT_FAST64_TYPE__=long int' '-D__BFLT16_MAX__=3.38953138925153547590470800371487867e+38BF16' -D__BFLT16_HAS_DENORM__=1 -D__FLT64_DENORM_MIN__=4.94065645841246544176568792868221372e-324F64 -D__FLT16_DENORM_MIN__=5.96046447753906250000000000000000000e-8F16 -D__FLT128_EPSILON__=1.92592994438723585305597794258492732e-34F128 '-D__FLT64X_NORM_MAX__=1.18973149535723176502126385303097021e+4932F64x' -D__SIZEOF_POINTER__=8 '-D__SIZE_TYPE__=long unsigned int' -D__LP64__=1 -D__DBL_HAS_QUIET_NAN__=1 -D__FLT32X_EPSILON__=2.22044604925031308084726333618164062e-16F32x -D__LDBL_MAX_EXP__=16384 -D__DECIMAL_BID_FORMAT__=1 '-D__FLT64_MIN_EXP__=(-1021)' '-D__FLT64_MIN_10_EXP__=(-307)' '-D__FLT16_MIN_10_EXP__=(-4)' -D__FLT64X_DECIMAL_DIG__=21 -D__DEC128_MIN__=1E-6143DL -D__REGISTER_PREFIX__= -D__UINT16_MAX__=0xffff -D__DBL_HAS_DENORM__=1 -D__FLT32_MIN__=1.17549435082228750796873653722224568e-38F32 '-D__UINT8_TYPE__=unsigned char' -D__FLT_DIG__=6 -D__NO_INLINE__=1 -D__DEC_EVAL_METHOD__=2 -D__FLT_MANT_DIG__=24 -D__LDBL_DECIMAL_DIG__=21 '-D__UINT64_C(c)=c ## UL' -D_STDC_PREDEF_H=1 -D__INT_LEAST32_MAX__=0x7fffffff -D__GCC_ATOMIC_INT_LOCK_FREE=2 -D__FLT128_MAX_EXP__=16384 -D__FLT32_MANT_DIG__=24 -D__FLOAT_WORD_ORDER__=__ORDER_LITTLE_ENDIAN__ '-D__FLT32X_MIN_EXP__=(-1021)' -D__STDC_IEC_60559_COMPLEX__=201404L -D__BFLT16_MIN__=1.17549435082228750796873653722224568e-38BF16 -D__FLT128_HAS_DENORM__=1 -D__FLT32_DECIMAL_DIG__=9 -D__FLT128_DIG__=33 '-D__INT32_C(c)=c' -D__DEC64_EPSILON__=1E-15DD -D__ORDER_PDP_ENDIAN__=3412 '-D__DEC128_MIN_EXP__=(-6142)' -D__DEC128_MAX__=9.999999999999999999999999999999999E6144DL '-D__INT_FAST32_TYPE__=long int' '-D__UINT_LEAST16_TYPE__=short unsigned int' -D__DEC128_MAX_EXP__=6145 -Dunix=1 -D__UINT64_MAX__=0xffffffffffffffffUL -D__FLT_IS_IEC_60559__=1 '-D__GNUC_WIDE_EXECUTION_CHARSET_NAME="UTF-32LE"' -D__FLT64X_DIG__=18 '-D__INT8_TYPE__=signed char' -D__ELF__=1 -D__GCC_ASM_FLAG_OUTPUTS__=1 '-D__UINT32_TYPE__=unsigned int' -D__BFLT16_HAS_QUIET_NAN__=1 -D__FLT_RADIX__=2 '-D__INT_LEAST16_TYPE__=short int' -D__LDBL_EPSILON__=1.08420217248550443400745280086994171e-19L '-D__UINTMAX_C(c)=c ## UL' -D__FLT16_DIG__=3 -D__SSE_MATH__=1 -D__k8=1 -D__FLT32X_MIN__=2.22507385850720138309023271733240406e-308F32x -D__SIG_ATOMIC_MAX__=0x7fffffff -D__GCC_ATOMIC_WCHAR_T_LOCK_FREE=2 -D__USER_LABEL_PREFIX__= -D__STDC_IEC_60559_BFP__=201404L -D__SIZEOF_PTRDIFF_T__=8 -D__FLT64X_HAS_INFINITY__=1 -D__FLT32_HAS_INFINITY__=1 -D__SIZEOF_LONG__=8 -D__LDBL_DIG__=18 -D__FLT64_IS_IEC_60559__=1 -D__x86_64__=1 -D__FLT16_IS_IEC_60559__=1 -D__FLT16_MAX_EXP__=16 -D__DEC32_SUBNORMAL_MIN__=0.000001E-95DF -D__INT_FAST16_MAX__=0x7fffffffffffffffL -D__GCC_CONSTRUCTIVE_SIZE=64 -D__FLT64_DIG__=15 -D__UINT_FAST32_MAX__=0xffffffffffffffffUL '-D__UINT_LEAST64_TYPE__=long unsigned int' -D__FLT16_EPSILON__=9.76562500000000000000000000000000000e-4F16 -D__FLT_HAS_QUIET_NAN__=1 -D__FLT_MAX_10_EXP__=38 -D__LONG_MAX__=0x7fffffffffffffffL -D__FLT64X_HAS_DENORM__=1 -D__DEC128_SUBNORMAL_MIN__=0.000000000000000000000000000000001E-6143DL -D__FLT_HAS_INFINITY__=1 '-D__GNUC_EXECUTION_CHARSET_NAME="UTF-8"' '-D__UINT_FAST16_TYPE__=long unsigned int' -D__DEC64_MAX__=9.999999999999999E384DD -D__INT_FAST32_WIDTH__=64 -D__PRAGMA_REDEFINE_EXTNAME=1 -D__SIZE_WIDTH__=64 -D__SEG_FS=1 -D__INT_LEAST16_MAX__=0x7fff '-D__FLT16_NORM_MAX__=6.55040000000000000000000000000000000e+4F16' -D__DEC64_MANT_DIG__=16 -D__FLT32_DENORM_MIN__=1.40129846432481707092372958328991613e-45F32 -D__SIG_ATOMIC_WIDTH__=32 '-D__INT_LEAST64_TYPE__=long int' '-D__INT16_TYPE__=short int' '-D__INT_LEAST8_TYPE__=signed char' '-D__FLT16_MAX__=6.55040000000000000000000000000000000e+4F16' -D__FLT128_MIN__=3.36210314311209350626267781732175260e-4932F128 -D__SIZEOF_INT__=4 -D__DEC32_MAX_EXP__=97 -D__INT_FAST8_MAX__=0x7f '-D__FLT128_MAX__=1.18973149535723176508575932662800702e+4932F128' -D__INTPTR_MAX__=0x7fffffffffffffffL -Dlinux=1 -D__FLT64_HAS_QUIET_NAN__=1 '-D__FLT32_MIN_10_EXP__=(-37)' -D__FLT32X_DIG__=15 '-D__UINT16_C(c)=c' -D__PTRDIFF_WIDTH__=64 -D__LDBL_MANT_DIG__=64 -D__INT_FAST16_WIDTH__=64 -D__FLT64_HAS_INFINITY__=1 '-D__FLT64X_MAX__=1.18973149535723176502126385303097021e+4932F64x' -D__FLT16_HAS_INFINITY__=1 '-D__SIG_ATOMIC_MIN__=(-__SIG_ATOMIC_MAX__ - 1)' -D__code_model_small__=1 -D__GCC_ATOMIC_LONG_LOCK_FREE=2 -D__DEC32_MANT_DIG__=7 -D__FLT16_MANT_DIG__=11 -D__k8__=1 '-D__INTPTR_TYPE__=long int' '-D__UINT16_TYPE__=short unsigned int' -D__WCHAR_TYPE__=int -D__pic__=2 -D__UINTPTR_MAX__=0xffffffffffffffffUL -D__INT_FAST64_WIDTH__=64 -D__LDBL_HAS_INFINITY__=1 -D__INT_FAST64_MAX__=0x7fffffffffffffffL -D__GCC_ATOMIC_TEST_AND_SET_TRUEVAL=1 '-D__FLT_NORM_MAX__=3.40282346638528859811704183484516925e+38F' -D__FLT64X_MAX_EXP__=16384 '-D__UINT_FAST64_TYPE__=long unsigned int' '-D__BFLT16_MIN_EXP__=(-125)' -D__INT_MAX__=0x7fffffff -D__linux__=1 '-D__INT64_TYPE__=long int' -D__FLT_MAX_EXP__=128 -D__ORDER_BIG_ENDIAN__=4321 -D__DBL_MANT_DIG__=53 -D__SIZEOF_FLOAT128__=16 -D__BFLT16_MANT_DIG__=8 -D__GCC_ATOMIC_CHAR16_T_LOCK_FREE=2 -D__DEC64_MIN__=1E-383DD '-D__WINT_TYPE__=unsigned int' '-D__UINT_LEAST32_TYPE__=unsigned int' -D__SIZEOF_SHORT__=2 '-D__FLT32_NORM_MAX__=3.40282346638528859811704183484516925e+38F32' -D__SSE__=1 '-D__LDBL_MIN_EXP__=(-16381)' '-D__FLT64_MAX__=1.79769313486231570814527423731704357e+308F64' -D__amd64__=1 -D__WINT_WIDTH__=32 -D__INT_LEAST8_MAX__=0x7f -D__INT_LEAST64_WIDTH__=64 -D__FLT32X_MAX_10_EXP__=308 -D__SIZEOF_INT128__=16 -D__FLT16_MIN__=6.10351562500000000000000000000000000e-5F16 -D__FLT64X_IS_IEC_60559__=1 -D__LDBL_MAX_10_EXP__=4932 -D__ATOMIC_RELAXED=0 '-D__DBL_EPSILON__=((double)2.22044604925031308084726333618164062e-16L)' -D__INT_LEAST32_TYPE__=int -D_LP64=1 '-D__UINT8_C(c)=c' -D__FLT64_MAX_EXP__=1024 -D__SIZEOF_WCHAR_T__=4 '-D__UINT64_TYPE__=long unsigned int' '-D__FLT128_NORM_MAX__=1.18973149535723176508575932662800702e+4932F128' '-D__FLT64_NORM_MAX__=1.79769313486231570814527423731704357e+308F64' -D__FLT128_HAS_QUIET_NAN__=1 -D__INTMAX_MAX__=0x7fffffffffffffffL '-D__INT_FAST8_TYPE__=signed char' -D__FLT64X_MIN__=3.36210314311209350626267781732175260e-4932F64x -D__FLT64_HAS_DENORM__=1 -D__FLT32_EPSILON__=1.19209289550781250000000000000000000e-7F32 -D__FLT16_HAS_DENORM__=1 -D__DBL_DECIMAL_DIG__=17 -D__STDC_UTF_32__=1 -D__INT_FAST8_WIDTH__=8 -D__FXSR__=1 '-D__FLT32X_MAX__=1.79769313486231570814527423731704357e+308F32x' '-D__DBL_NORM_MAX__=((double)1.79769313486231570814527423731704357e+308L)' -D__BYTE_ORDER__=__ORDER_LITTLE_ENDIAN__ -D__GCC_DESTRUCTIVE_SIZE=64 -D__INTMAX_WIDTH__=64 -D__FLT32_DIG__=6 '-D__UINT32_C(c)=c ## U' -D__FLT_DENORM_MIN__=1.40129846432481707092372958328991613e-45F -D__INT8_MAX__=0x7f -D__LONG_WIDTH__=64 '-D__DBL_MIN__=((double)2.22507385850720138309023271733240406e-308L)' -D__PIC__=2 -D__INT32_MAX__=0x7fffffff '-D__UINT_FAST32_TYPE__=long unsigned int' '-D__FLT32X_NORM_MAX__=1.79769313486231570814527423731704357e+308F32x' '-D__FLT_MAX__=3.40282346638528859811704183484516925e+38F' -D__SSE2__=1 -D__INT32_TYPE__=int -D__SIZEOF_DOUBLE__=8 '-D__FLT_MIN_10_EXP__=(-37)' -D__FLT64_MIN__=2.22507385850720138309023271733240406e-308F64 -D__INT_LEAST32_WIDTH__=32 '-D__INTMAX_TYPE__=long int' -D__FLT32X_HAS_QUIET_NAN__=1 -D__ATOMIC_CONSUME=1 -D__UINTMAX_MAX__=0xffffffffffffffffUL -D__PIE__=2 -D__FLT32X_DENORM_MIN__=4.94065645841246544176568792868221372e-324F32x -D__DBL_MAX_10_EXP__=308 -D__LDBL_DENORM_MIN__=3.64519953188247460252840593361941982e-4951L '-D__INT16_C(c)=c' '-D__PTRDIFF_TYPE__=long int' '-D__FLT32X_MIN_10_EXP__=(-307)' '-D__UINTPTR_TYPE__=long unsigned int' -D__DEC64_SUBNORMAL_MIN__=0.000000000000001E-383DD -D__DEC128_MANT_DIG__=34 '-D__LDBL_MIN_10_EXP__=(-4931)' -D__SIZEOF_LONG_LONG__=8 -D__FLT128_DECIMAL_DIG__=36 -D__GCC_ATOMIC_LLONG_LOCK_FREE=2 -D__FLT32_HAS_QUIET_NAN__=1 -D__FLT_DECIMAL_DIG__=9 -D__UINT_FAST16_MAX__=0xffffffffffffffffUL '-D__LDBL_NORM_MAX__=1.18973149535723176502126385303097021e+4932L' -D__GCC_ATOMIC_SHORT_LOCK_FREE=2 -D__SIZE_MAX__=0xffffffffffffffffUL '-D__UINT_FAST8_TYPE__=unsigned char' -D__ATOMIC_ACQ_REL=4 -D__ATOMIC_RELEASE=3 -I/usr/lib/gcc/x86_64-linux-gnu/13/include -I/usr/local/include -I/usr/include/x86_64-linux-gnu -I/usr/include -- 12.c
[E 08:34:16 438663] Starting compilation TRAP /home/melissa/sven/scripts/mydb/trap/cpp/compilations/55/66971779_0.trap.br
[E 08:34:16 438663] Archiving /home/melissa/sven/scripts/mydb/src/home/melissa/sven/experiments/sec_eval/sec-eval-2b-prefix/trained/cwe-125/0-c/sec_output/12.c
[E 08:34:16 438663] Already archived /home/melissa/sven/scripts/mydb/src/usr/include/stdio.h
[E 08:34:16 438663] Already archived /home/melissa/sven/scripts/mydb/src/usr/include/x86_64-linux-gnu/bits/libc-header-start.h
[E 08:34:16 438663] Already archived /home/melissa/sven/scripts/mydb/src/usr/include/features.h
[E 08:34:16 438663] Already archived /home/melissa/sven/scripts/mydb/src/usr/include/features-time64.h
[E 08:34:16 438663] Already archived /home/melissa/sven/scripts/mydb/src/usr/include/x86_64-linux-gnu/bits/wordsize.h
[E 08:34:16 438663] Already archived /home/melissa/sven/scripts/mydb/src/usr/include/x86_64-linux-gnu/bits/timesize.h
[E 08:34:16 438663] Already archived /home/melissa/sven/scripts/mydb/src/usr/include/x86_64-linux-gnu/bits/wordsize.h
[E 08:34:16 438663] Already archived /home/melissa/sven/scripts/mydb/src/usr/include/stdc-predef.h
[E 08:34:16 438663] Already archived /home/melissa/sven/scripts/mydb/src/usr/include/x86_64-linux-gnu/sys/cdefs.h
[E 08:34:16 438663] Already archived /home/melissa/sven/scripts/mydb/src/usr/include/x86_64-linux-gnu/bits/wordsize.h
[E 08:34:16 438663] Already archived /home/melissa/sven/scripts/mydb/src/usr/include/x86_64-linux-gnu/bits/long-double.h
[E 08:34:16 438663] Already archived /home/melissa/sven/scripts/mydb/src/usr/include/x86_64-linux-gnu/gnu/stubs.h
[E 08:34:16 438663] Already archived /home/melissa/sven/scripts/mydb/src/usr/include/x86_64-linux-gnu/gnu/stubs-64.h
[E 08:34:16 438663] Already archived /home/melissa/sven/scripts/mydb/src/usr/lib/gcc/x86_64-linux-gnu/13/include/stddef.h
[E 08:34:16 438663] Already archived /home/melissa/sven/scripts/mydb/src/usr/lib/gcc/x86_64-linux-gnu/13/include/stdarg.h
[E 08:34:16 438663] Already archived /home/melissa/sven/scripts/mydb/src/usr/include/x86_64-linux-gnu/bits/types.h
[E 08:34:16 438663] Already archived /home/melissa/sven/scripts/mydb/src/usr/include/x86_64-linux-gnu/bits/wordsize.h
[E 08:34:16 438663] Already archived /home/melissa/sven/scripts/mydb/src/usr/include/x86_64-linux-gnu/bits/timesize.h
[E 08:34:16 438663] Already archived /home/melissa/sven/scripts/mydb/src/usr/include/x86_64-linux-gnu/bits/wordsize.h
[E 08:34:16 438663] Already archived /home/melissa/sven/scripts/mydb/src/usr/include/x86_64-linux-gnu/bits/typesizes.h
[E 08:34:16 438663] Already archived /home/melissa/sven/scripts/mydb/src/usr/include/x86_64-linux-gnu/bits/time64.h
[E 08:34:16 438663] Already archived /home/melissa/sven/scripts/mydb/src/usr/include/x86_64-linux-gnu/bits/types/__fpos_t.h
[E 08:34:16 438663] Already archived /home/melissa/sven/scripts/mydb/src/usr/include/x86_64-linux-gnu/bits/types/__mbstate_t.h
[E 08:34:16 438663] Already archived /home/melissa/sven/scripts/mydb/src/usr/include/x86_64-linux-gnu/bits/types/__fpos64_t.h
[E 08:34:16 438663] Already archived /home/melissa/sven/scripts/mydb/src/usr/include/x86_64-linux-gnu/bits/types/__FILE.h
[E 08:34:16 438663] Already archived /home/melissa/sven/scripts/mydb/src/usr/include/x86_64-linux-gnu/bits/types/FILE.h
[E 08:34:16 438663] Already archived /home/melissa/sven/scripts/mydb/src/usr/include/x86_64-linux-gnu/bits/types/struct_FILE.h
[E 08:34:16 438663] Already archived /home/melissa/sven/scripts/mydb/src/usr/include/x86_64-linux-gnu/bits/types/cookie_io_functions_t.h
[E 08:34:16 438663] Already archived /home/melissa/sven/scripts/mydb/src/usr/include/x86_64-linux-gnu/bits/stdio_lim.h
[E 08:34:16 438663] Already archived /home/melissa/sven/scripts/mydb/src/usr/include/x86_64-linux-gnu/bits/floatn.h
[E 08:34:16 438663] Already archived /home/melissa/sven/scripts/mydb/src/usr/include/x86_64-linux-gnu/bits/floatn-common.h
[E 08:34:16 438663] Already archived /home/melissa/sven/scripts/mydb/src/usr/include/x86_64-linux-gnu/bits/long-double.h
[E 08:34:16 438663] Already archived /home/melissa/sven/scripts/mydb/src/usr/include/stdlib.h
[E 08:34:16 438663] Already archived /home/melissa/sven/scripts/mydb/src/usr/include/x86_64-linux-gnu/bits/libc-header-start.h
[E 08:34:16 438663] Already archived /home/melissa/sven/scripts/mydb/src/usr/lib/gcc/x86_64-linux-gnu/13/include/stddef.h
[E 08:34:16 438663] Already archived /home/melissa/sven/scripts/mydb/src/usr/include/x86_64-linux-gnu/bits/waitflags.h
[E 08:34:16 438663] Already archived /home/melissa/sven/scripts/mydb/src/usr/include/x86_64-linux-gnu/bits/waitstatus.h
[E 08:34:16 438663] Already archived /home/melissa/sven/scripts/mydb/src/usr/include/x86_64-linux-gnu/sys/types.h
[E 08:34:16 438663] Already archived /home/melissa/sven/scripts/mydb/src/usr/include/x86_64-linux-gnu/bits/types/clock_t.h
[E 08:34:16 438663] Already archived /home/melissa/sven/scripts/mydb/src/usr/include/x86_64-linux-gnu/bits/types/clockid_t.h
[E 08:34:16 438663] Already archived /home/melissa/sven/scripts/mydb/src/usr/include/x86_64-linux-gnu/bits/types/time_t.h
[E 08:34:16 438663] Already archived /home/melissa/sven/scripts/mydb/src/usr/include/x86_64-linux-gnu/bits/types/timer_t.h
[E 08:34:16 438663] Already archived /home/melissa/sven/scripts/mydb/src/usr/lib/gcc/x86_64-linux-gnu/13/include/stddef.h
[E 08:34:16 438663] Already archived /home/melissa/sven/scripts/mydb/src/usr/include/x86_64-linux-gnu/bits/stdint-intn.h
[E 08:34:16 438663] Already archived /home/melissa/sven/scripts/mydb/src/usr/include/endian.h
[E 08:34:16 438663] Already archived /home/melissa/sven/scripts/mydb/src/usr/include/x86_64-linux-gnu/bits/endian.h
[E 08:34:16 438663] Already archived /home/melissa/sven/scripts/mydb/src/usr/include/x86_64-linux-gnu/bits/endianness.h
[E 08:34:16 438663] Already archived /home/melissa/sven/scripts/mydb/src/usr/include/x86_64-linux-gnu/bits/byteswap.h
[E 08:34:16 438663] Already archived /home/melissa/sven/scripts/mydb/src/usr/include/x86_64-linux-gnu/bits/uintn-identity.h
[E 08:34:16 438663] Already archived /home/melissa/sven/scripts/mydb/src/usr/include/x86_64-linux-gnu/sys/select.h
[E 08:34:16 438663] Already archived /home/melissa/sven/scripts/mydb/src/usr/include/x86_64-linux-gnu/bits/select.h
[E 08:34:16 438663] Already archived /home/melissa/sven/scripts/mydb/src/usr/include/x86_64-linux-gnu/bits/types/sigset_t.h
[E 08:34:16 438663] Already archived /home/melissa/sven/scripts/mydb/src/usr/include/x86_64-linux-gnu/bits/types/__sigset_t.h
[E 08:34:16 438663] Already archived /home/melissa/sven/scripts/mydb/src/usr/include/x86_64-linux-gnu/bits/types/struct_timeval.h
[E 08:34:16 438663] Already archived /home/melissa/sven/scripts/mydb/src/usr/include/x86_64-linux-gnu/bits/types/struct_timespec.h
[E 08:34:16 438663] Already archived /home/melissa/sven/scripts/mydb/src/usr/include/x86_64-linux-gnu/bits/pthreadtypes.h
[E 08:34:16 438663] Already archived /home/melissa/sven/scripts/mydb/src/usr/include/x86_64-linux-gnu/bits/thread-shared-types.h
[E 08:34:16 438663] Already archived /home/melissa/sven/scripts/mydb/src/usr/include/x86_64-linux-gnu/bits/pthreadtypes-arch.h
[E 08:34:16 438663] Already archived /home/melissa/sven/scripts/mydb/src/usr/include/x86_64-linux-gnu/bits/wordsize.h
[E 08:34:16 438663] Already archived /home/melissa/sven/scripts/mydb/src/usr/include/x86_64-linux-gnu/bits/atomic_wide_counter.h
[E 08:34:16 438663] Already archived /home/melissa/sven/scripts/mydb/src/usr/include/x86_64-linux-gnu/bits/struct_mutex.h
[E 08:34:16 438663] Already archived /home/melissa/sven/scripts/mydb/src/usr/include/x86_64-linux-gnu/bits/struct_rwlock.h
[E 08:34:16 438663] Already archived /home/melissa/sven/scripts/mydb/src/usr/include/alloca.h
[E 08:34:16 438663] Already archived /home/melissa/sven/scripts/mydb/src/usr/lib/gcc/x86_64-linux-gnu/13/include/stddef.h
[E 08:34:16 438663] Already archived /home/melissa/sven/scripts/mydb/src/usr/include/x86_64-linux-gnu/bits/stdlib-float.h
[E 08:34:16 438663] Creating trap tarball /home/melissa/sven/scripts/mydb/trap/cpp/tarballs/home/melissa/sven/experiments/sec_eval/sec-eval-2b-prefix/trained/cwe-125/0-c/sec_output/12.c.2b27ceff_0.trap.tar.br
[E 08:34:16 438663] Emitting trap files for 12.c
[E 08:34:16 438663] Opening existencedb in /home/melissa/sven/scripts/mydb/working/existencedb/db
[E 08:34:16 438663] Warning[extractor-c++]: In index_attribute_arg: Unknown kind 5.
[E 08:34:16 438663] Warning[extractor-c++]: In index_attribute_arg: Unknown kind 5.
[E 08:34:16 438663] Warning[extractor-c++]: In index_attribute_arg: Unknown kind 5.
[E 08:34:16 438663] Warning[extractor-c++]: In index_attribute_arg: Unknown kind 5.
[E 08:34:16 438663] Warning[extractor-c++]: In index_attribute_arg: Unknown kind 5.
[E 08:34:16 438663] Warning[extractor-c++]: In index_attribute_arg: Unknown kind 5.
[E 08:34:16 438663] Warning[extractor-c++]: In index_attribute_arg: Unknown kind 5.
[E 08:34:16 438663] Warning[extractor-c++]: In index_attribute_arg: Unknown kind 5.
[E 08:34:16 438663] Warning[extractor-c++]: In index_attribute_arg: Unknown kind 5.
[E 08:34:16 438663] Warning[extractor-c++]: In index_attribute_arg: Unknown kind 5.
[E 08:34:16 438663] Wrote 1 files to /home/melissa/sven/scripts/mydb/trap/cpp/tarballs/home/melissa/sven/experiments/sec_eval/sec-eval-2b-prefix/trained/cwe-125/0-c/sec_output/12.c.2b27ceff_0.trap.tar.br
[E 08:34:16 438663] Finished compilation TRAP /home/melissa/sven/scripts/mydb/trap/cpp/compilations/55/66971779_0.trap.br
[E 08:34:16 438663] Marking C compilation as happened.
[E 08:34:16 438663] Setting tag c-compilation-happened
[E 08:34:16 438663] Starting from CODEQL_TRACER_DB_ID 000000000006B185_0000000000000001
[E 08:34:16 438663] Locking DB /home/melissa/sven/scripts/mydb/working/tags.db
[E 08:34:16 438663] Locked DB /home/melissa/sven/scripts/mydb/working/tags.db
[E 08:34:16 438663] Set tag for 000000000006B185_0000000000000001
[E 08:34:16 438663] Set tag for 000000000006B183_0000000000000001
[E 08:34:16 438663] Set tag for 000000000006B0C1_0000000000000003
[E 08:34:16 438663] Set tag for 000000000006B0C1_0000000000000002
[E 08:34:16 438663] Set tag for root
[E 08:34:16 438663] Unlocking DB
[E 08:34:16 438663] Unlocked DB
[T 08:34:16 438661] Extractor /home/melissa/sven/codeql/cpp/tools/linux64/extractor terminated with exit code 0.
[T 08:34:16 438664] Initializing tracer.
[T 08:34:16 438664] Initialising tags...
[T 08:34:16 438664] ID set to 000000000006B188_0000000000000001 (parent 000000000006B183_0000000000000001)
[T 08:34:16 438664] ==== Candidate to intercept: as (canonical: as) ====
[T 08:34:16 438664] Will try to resolve as in path /home/melissa/sonar-scanner/bin:/home/melissa/anaconda3/envs/sven-env/bin:/home/melissa/miniconda3/condabin:/home/melissa/.vscode-server/cli/servers/Stable-c306e94f98122556ca081f527b466015e1bc37b0/server/bin/remote-cli:/usr/local/sbin:/usr/local/bin:/usr/sbin:/usr/bin:/sbin:/bin:/usr/games:/usr/local/games:/snap/bin:/home/melissa/.vscode-server/extensions/ms-python.debugpy-2025.14.1-linux-x64/bundled/scripts/noConfigScripts:/home/melissa/.vscode-server/data/User/globalStorage/github.copilot-chat/debugCommand:/home/melissa/codeql.
[T 08:34:16 438664]  -> path lookup for as as /home/melissa/sonar-scanner/bin/as...
[T 08:34:16 438664]  -> path lookup for as as /home/melissa/anaconda3/envs/sven-env/bin/as...
[T 08:34:16 438664]  -> path lookup for as as /home/melissa/miniconda3/condabin/as...
[T 08:34:16 438664]  -> path lookup for as as /home/melissa/.vscode-server/cli/servers/Stable-c306e94f98122556ca081f527b466015e1bc37b0/server/bin/remote-cli/as...
[T 08:34:16 438664]  -> path lookup for as as /usr/local/sbin/as...
[T 08:34:16 438664]  -> path lookup for as as /usr/local/bin/as...
[T 08:34:16 438664]  -> path lookup for as as /usr/sbin/as...
[T 08:34:16 438664]  -> path lookup for as as /usr/bin/as...
[T 08:34:16 438664] Resolved barename as to /usr/bin/as
[T 08:34:16 438664] Lua: === Intercepted call to /usr/bin/as ===
[T 08:34:16 438664] Executing the following tracer actions:
[T 08:34:16 438664] Tracer actions:
[T 08:34:16 438664] pre_invocations(0)
[T 08:34:16 438664] post_invocations(1)
[T 08:34:16 438664] invocation: /home/melissa/sven/codeql/cpp/tools/linux64/extractor, args: [--assembler, --codeql-assembler-executable, /usr/bin/as, --64, -o, 12.o, /tmp/ccK4xhYH.s]
[T 08:34:16 438664] trace_languages(1): [cpp]
[T 08:34:16 438666] Attempting to switch stdout/stderr to 4...
[T 08:34:16 438666] Initializing tracer.
[T 08:34:16 438666] Initialising tags...
[T 08:34:16 438666] ID set to 000000000006B18A_0000000000000001 (parent 000000000006B188_0000000000000001)
[E 08:34:16 438666] CodeQL C/C++ Extractor 2.11.1
[E 08:34:16 438666] Current directory: /home/melissa/sven/experiments/sec_eval/sec-eval-2b-prefix/trained/cwe-125/0-c/sec_output
[E 08:34:16 438666] Command: /home/melissa/sven/codeql/cpp/tools/linux64/extractor --assembler --codeql-assembler-executable /usr/bin/as --64 -o 12.o /tmp/ccK4xhYH.s
[T 08:34:16 438664] Extractor /home/melissa/sven/codeql/cpp/tools/linux64/extractor terminated with exit code 0.
[T 08:34:16 438667] Attempting to switch stdout/stderr to 4...
[T 08:34:16 438667] Initializing tracer.
[T 08:34:16 438667] Initialising tags...
[T 08:34:16 438667] ID set to 000000000006B18B_0000000000000001 (parent 000000000006B183_0000000000000001)
[E 08:34:16 438667] CodeQL C/C++ Extractor 2.11.1
[E 08:34:16 438667] Current directory: /home/melissa/sven/experiments/sec_eval/sec-eval-2b-prefix/trained/cwe-125/0-c/sec_output
[E 08:34:16 438667] Command: /home/melissa/sven/codeql/cpp/tools/linux64/extractor --mimic /usr/bin/x86_64-linux-gnu-gcc-13 -c 12.c -o 12.o
[E 08:34:16 438667] Checking whether C compilation already happened.
[E 08:34:16 438667] Checking for tag c-compilation-happened
[E 08:34:16 438667] Checking CODEQL_TRACER_DB_ID 000000000006B183_0000000000000001
[E 08:34:16 438667] Locking DB /home/melissa/sven/scripts/mydb/working/tags.db
[E 08:34:16 438667] Locked DB /home/melissa/sven/scripts/mydb/working/tags.db
[E 08:34:16 438667] Unlocking DB
[E 08:34:16 438667] Unlocked DB
[E 08:34:16 438667] Exiting as C compilation already happened.
[T 08:34:16 438659] Extractor /home/melissa/sven/codeql/cpp/tools/linux64/extractor terminated with exit code 0.
[T 08:34:16 438668] Initializing tracer.
[T 08:34:16 438668] Initialising tags...
[T 08:34:16 438668] ID set to 000000000006B18C_0000000000000001 (parent 000000000006B0C1_0000000000000003)
[T 08:34:16 438668] ==== Candidate to intercept: /usr/bin/gcc (canonical: /usr/bin/x86_64-linux-gnu-gcc-13) ====
[T 08:34:16 438668] Lua: === Intercepted call to /usr/bin/x86_64-linux-gnu-gcc-13 ===
[T 08:34:16 438668] Executing the following tracer actions:
[T 08:34:16 438668] Tracer actions:
[T 08:34:16 438668] pre_invocations(0)
[T 08:34:16 438668] post_invocations(1)
[T 08:34:16 438668] invocation: /home/melissa/sven/codeql/cpp/tools/linux64/extractor, args: [--mimic, /usr/bin/x86_64-linux-gnu-gcc-13, -c, 13.c, -o, 13.o]
[T 08:34:16 438668] trace_languages(1): [cpp]
[T 08:34:16 438670] Initializing tracer.
[T 08:34:16 438670] Initialising tags...
[T 08:34:16 438670] ID set to 000000000006B18E_0000000000000001 (parent 000000000006B18C_0000000000000001)
[T 08:34:16 438670] ==== Candidate to intercept: /usr/libexec/gcc/x86_64-linux-gnu/13/cc1 (canonical: /usr/libexec/gcc/x86_64-linux-gnu/13/cc1) ====
[T 08:34:16 438670] Lua: === Intercepted call to /usr/libexec/gcc/x86_64-linux-gnu/13/cc1 ===
[T 08:34:16 438670] Executing the following tracer actions:
[T 08:34:16 438670] Tracer actions:
[T 08:34:16 438670] pre_invocations(0)
[T 08:34:16 438670] post_invocations(1)
[T 08:34:16 438670] invocation: /home/melissa/sven/codeql/cpp/tools/linux64/extractor, args: [--mimic, /usr/libexec/gcc/x86_64-linux-gnu/13/cc1, -quiet, -imultiarch, x86_64-linux-gnu, 13.c, -quiet, -dumpbase, 13.c, -dumpbase-ext, .c, -mtune=generic, -march=x86-64, -fasynchronous-unwind-tables, -fstack-protector-strong, -Wformat, -Wformat-security, -fstack-clash-protection, -fcf-protection, -o, /tmp/ccC8mFtG.s]
[T 08:34:16 438670] trace_languages(1): [cpp]
[T 08:34:16 438672] Attempting to switch stdout/stderr to 4...
[T 08:34:16 438672] Initializing tracer.
[T 08:34:16 438672] Initialising tags...
[T 08:34:16 438672] ID set to 000000000006B190_0000000000000001 (parent 000000000006B18E_0000000000000001)
[E 08:34:16 438672] CodeQL C/C++ Extractor 2.11.1
[E 08:34:16 438672] Current directory: /home/melissa/sven/experiments/sec_eval/sec-eval-2b-prefix/trained/cwe-125/0-c/sec_output
[E 08:34:16 438672] Command: /home/melissa/sven/codeql/cpp/tools/linux64/extractor --mimic /usr/libexec/gcc/x86_64-linux-gnu/13/cc1 -quiet -imultiarch x86_64-linux-gnu 13.c -quiet -dumpbase 13.c -dumpbase-ext .c -mtune=generic -march=x86-64 -fasynchronous-unwind-tables -fstack-protector-strong -Wformat -Wformat-security -fstack-clash-protection -fcf-protection -o /tmp/ccC8mFtG.s
[E 08:34:16 438672] Checking whether C compilation already happened.
[E 08:34:16 438672] Checking for tag c-compilation-happened
[E 08:34:16 438672] Checking CODEQL_TRACER_DB_ID 000000000006B18E_0000000000000001
[E 08:34:16 438672] Locking DB /home/melissa/sven/scripts/mydb/working/tags.db
[E 08:34:16 438672] Locked DB /home/melissa/sven/scripts/mydb/working/tags.db
[E 08:34:16 438672] Unlocking DB
[E 08:34:16 438672] Unlocked DB
[E 08:34:16 438672] Looks like C compilation didn't already happen.
[E 08:34:16 438672] Checking whether C compilation has been attempted.
[E 08:34:16 438672] Checking for tag c-compilation-attempted
[E 08:34:16 438672] Checking CODEQL_TRACER_DB_ID 000000000006B18E_0000000000000001
[E 08:34:16 438672] Locking DB /home/melissa/sven/scripts/mydb/working/tags.db
[E 08:34:16 438672] Locked DB /home/melissa/sven/scripts/mydb/working/tags.db
[E 08:34:16 438672] Unlocking DB
[E 08:34:16 438672] Unlocked DB
[E 08:34:16 438672] Marking C compilation as attempted.
[E 08:34:16 438672] Setting tag c-compilation-attempted
[E 08:34:16 438672] Starting from CODEQL_TRACER_DB_ID 000000000006B18E_0000000000000001
[E 08:34:16 438672] Locking DB /home/melissa/sven/scripts/mydb/working/tags.db
[E 08:34:16 438672] Locked DB /home/melissa/sven/scripts/mydb/working/tags.db
[E 08:34:16 438672] Set tag for 000000000006B18E_0000000000000001
[E 08:34:16 438672] Set tag for 000000000006B18C_0000000000000001
[E 08:34:16 438672] Set tag for 000000000006B0C1_0000000000000003
[E 08:34:16 438672] Set tag for 000000000006B0C1_0000000000000002
[E 08:34:16 438672] Set tag for root
[E 08:34:16 438672] Unlocking DB
[E 08:34:16 438672] Unlocked DB
[E 08:34:16 438672] Processed command line: /home/melissa/sven/codeql/cpp/tools/linux64/extractor --trapfolder /home/melissa/sven/scripts/mydb/trap/cpp --src_archive /home/melissa/sven/scripts/mydb/src --mimic_config /home/melissa/sven/scripts/mydb/working/compiler_mimic_cache/a75ad1f49a2f --object_filename /tmp/ccC8mFtG.s -w --error_limit 1000 --disable_system_macros --variadic_macros --gcc --gnu_version 130300 --target linux_x86_64 '-D__DBL_MIN_EXP__=(-1021)' -D__UINT_LEAST16_MAX__=0xffff -D__FLT16_HAS_QUIET_NAN__=1 -D__ATOMIC_ACQUIRE=2 -D__FLT128_MAX_10_EXP__=4932 -D__FLT_MIN__=1.17549435082228750796873653722224568e-38F -D__GCC_IEC_559_COMPLEX=2 '-D__UINT_LEAST8_TYPE__=unsigned char' -D__SIZEOF_FLOAT80__=16 -D__BFLT16_DENORM_MIN__=9.18354961579912115600575419704879436e-41BF16 '-D__INTMAX_C(c)=c ## L' -D__CHAR_BIT__=8 -D__UINT8_MAX__=0xff -D__SCHAR_WIDTH__=8 -D__WINT_MAX__=0xffffffffU '-D__FLT32_MIN_EXP__=(-125)' '-D__BFLT16_NORM_MAX__=3.38953138925153547590470800371487867e+38BF16' '-D__BFLT16_MIN_10_EXP__=(-37)' -D__ORDER_LITTLE_ENDIAN__=1234 -D__WCHAR_MAX__=0x7fffffff -D__GCC_HAVE_SYNC_COMPARE_AND_SWAP_2=1 -D__GCC_HAVE_SYNC_COMPARE_AND_SWAP_4=1 -D__GCC_HAVE_SYNC_COMPARE_AND_SWAP_8=1 -D__GCC_ATOMIC_CHAR_LOCK_FREE=2 -D__GCC_IEC_559=2 -D__FLT32X_DECIMAL_DIG__=17 -D__FLT_EVAL_METHOD__=0 -D__FLT64_DECIMAL_DIG__=17 -D__CET__=3 -D__GCC_ATOMIC_CHAR32_T_LOCK_FREE=2 -D__UINT_FAST64_MAX__=0xffffffffffffffffUL -D__SIG_ATOMIC_TYPE__=int '-D__DBL_MIN_10_EXP__=(-307)' -D__FINITE_MATH_ONLY__=0 -D__FLT32X_MAX_EXP__=1024 -D__GCC_HAVE_SYNC_COMPARE_AND_SWAP_1=1 -D__FLT32_HAS_DENORM__=1 -D__UINT_FAST8_MAX__=0xff -D__FLT32_MAX_10_EXP__=38 -D__DEC64_MAX_EXP__=385 '-D__INT8_C(c)=c' -D__INT_LEAST8_WIDTH__=8 -D__UINT_LEAST64_MAX__=0xffffffffffffffffUL -D__SHRT_MAX__=0x7fff '-D__LDBL_MAX__=1.18973149535723176502126385303097021e+4932L' -D__FLT64X_MAX_10_EXP__=4932 -D__BFLT16_MAX_10_EXP__=38 -D__BFLT16_MAX_EXP__=128 -D__LDBL_IS_IEC_60559__=1 -D__FLT64X_HAS_QUIET_NAN__=1 -D__UINT_LEAST8_MAX__=0xff -D__GCC_ATOMIC_BOOL_LOCK_FREE=2 -D__FLT128_DENORM_MIN__=6.47517511943802511092443895822764655e-4966F128 '-D__UINTMAX_TYPE__=long unsigned int' -D__BFLT16_DECIMAL_DIG__=4 -D__linux=1 -D__DEC32_EPSILON__=1E-6DF -D__FLT_EVAL_METHOD_TS_18661_3__=0 -D__UINT32_MAX__=0xffffffffU '-D__DBL_DENORM_MIN__=((double)4.94065645841246544176568792868221372e-324L)' '-D__FLT128_MIN_EXP__=(-16381)' -D__WINT_MIN__=0U '-D__FLT128_MIN_10_EXP__=(-4931)' -D__FLT32X_IS_IEC_60559__=1 -D__INT_LEAST16_WIDTH__=16 -D__SCHAR_MAX__=0x7f -D__FLT128_MANT_DIG__=113 '-D__WCHAR_MIN__=(-__WCHAR_MAX__ - 1)' '-D__INT64_C(c)=c ## L' -D__SSP_STRONG__=3 -D__GCC_ATOMIC_POINTER_LOCK_FREE=2 -D__ATOMIC_SEQ_CST=5 -D__unix=1 -D__INT_LEAST64_MAX__=0x7fffffffffffffffL -D__FLT32X_MANT_DIG__=53 -D__FLT64X_EPSILON__=1.08420217248550443400745280086994171e-19F64x '-D__DEC64_MIN_EXP__=(-382)' -D__DBL_DIG__=15 -D__FLT_EPSILON__=1.19209289550781250000000000000000000e-7F -D__SHRT_WIDTH__=16 -D__FLT32_IS_IEC_60559__=1 -D__LDBL_MIN__=3.36210314311209350626267781732175260e-4932L -D__STDC_UTF_16__=1 -D__DBL_IS_IEC_60559__=1 -D__DEC32_MAX__=9.999999E96DF -D__FLT64X_DENORM_MIN__=3.64519953188247460252840593361941982e-4951F64x -D__FLT32X_HAS_INFINITY__=1 -D__unix__=1 -D__INT_WIDTH__=32 -D__STDC_IEC_559__=1 -D__STDC_ISO_10646__=201706L -D__DECIMAL_DIG__=21 -D__STDC_IEC_559_COMPLEX__=1 -D__FLT64_EPSILON__=2.22044604925031308084726333618164062e-16F64 -D__gnu_linux__=1 -D__FLT128_IS_IEC_60559__=1 '-D__FLT64X_MIN_10_EXP__=(-4931)' -D__LDBL_HAS_QUIET_NAN__=1 '-D__FLT16_MIN_EXP__=(-13)' -D__FLT64_MANT_DIG__=53 -D__FLT64X_MANT_DIG__=64 -D__BFLT16_DIG__=2 -D__pie__=2 -D__MMX__=1 -D__FLT_HAS_DENORM__=1 -D__SIZEOF_LONG_DOUBLE__=16 -D__BIGGEST_ALIGNMENT__=16 -D__FLT64_MAX_10_EXP__=308 -D__BFLT16_IS_IEC_60559__=0 -D__FLT16_MAX_10_EXP__=4 '-D__DBL_MAX__=((double)1.79769313486231570814527423731704357e+308L)' -D__INT_FAST32_MAX__=0x7fffffffffffffffL -D__DBL_HAS_INFINITY__=1 -D__INT64_MAX__=0x7fffffffffffffffL -D__SIZEOF_FLOAT__=4 -D__HAVE_SPECULATION_SAFE_VALUE=1 '-D__DEC32_MIN_EXP__=(-94)' -D__INTPTR_WIDTH__=64 -D__UINT_LEAST32_MAX__=0xffffffffU -D__FLT32X_HAS_DENORM__=1 '-D__INT_FAST16_TYPE__=long int' -D__MMX_WITH_SSE__=1 -D__LDBL_HAS_DENORM__=1 -D__SEG_GS=1 -D__BFLT16_EPSILON__=7.81250000000000000000000000000000000e-3BF16 -D__FLT128_HAS_INFINITY__=1 -D__DEC32_MIN__=1E-95DF -D__DBL_MAX_EXP__=1024 -D__WCHAR_WIDTH__=32 '-D__FLT32_MAX__=3.40282346638528859811704183484516925e+38F32' -D__DEC128_EPSILON__=1E-33DL -D__FLT16_DECIMAL_DIG__=5 -D__SSE2_MATH__=1 -D__ATOMIC_HLE_RELEASE=131072 -D__PTRDIFF_MAX__=0x7fffffffffffffffL -D__amd64=1 -D__ATOMIC_HLE_ACQUIRE=65536 -D__LONG_LONG_MAX__=0x7fffffffffffffffLL -D__SIZEOF_SIZE_T__=8 -D__BFLT16_HAS_INFINITY__=1 '-D__FLT64X_MIN_EXP__=(-16381)' -D__SIZEOF_WINT_T__=4 -D__LONG_LONG_WIDTH__=64 -D__FLT32_MAX_EXP__=128 -D__GXX_ABI_VERSION=1018 '-D__FLT_MIN_EXP__=(-125)' -D__GCC_HAVE_DWARF2_CFI_ASM=1 -D__INT16_MAX__=0x7fff -D__x86_64=1 '-D__INT_FAST64_TYPE__=long int' '-D__BFLT16_MAX__=3.38953138925153547590470800371487867e+38BF16' -D__BFLT16_HAS_DENORM__=1 -D__FLT64_DENORM_MIN__=4.94065645841246544176568792868221372e-324F64 -D__FLT16_DENORM_MIN__=5.96046447753906250000000000000000000e-8F16 -D__FLT128_EPSILON__=1.92592994438723585305597794258492732e-34F128 '-D__FLT64X_NORM_MAX__=1.18973149535723176502126385303097021e+4932F64x' -D__SIZEOF_POINTER__=8 '-D__SIZE_TYPE__=long unsigned int' -D__LP64__=1 -D__DBL_HAS_QUIET_NAN__=1 -D__FLT32X_EPSILON__=2.22044604925031308084726333618164062e-16F32x -D__LDBL_MAX_EXP__=16384 -D__DECIMAL_BID_FORMAT__=1 '-D__FLT64_MIN_EXP__=(-1021)' '-D__FLT64_MIN_10_EXP__=(-307)' '-D__FLT16_MIN_10_EXP__=(-4)' -D__FLT64X_DECIMAL_DIG__=21 -D__DEC128_MIN__=1E-6143DL -D__REGISTER_PREFIX__= -D__UINT16_MAX__=0xffff -D__DBL_HAS_DENORM__=1 -D__FLT32_MIN__=1.17549435082228750796873653722224568e-38F32 '-D__UINT8_TYPE__=unsigned char' -D__FLT_DIG__=6 -D__NO_INLINE__=1 -D__DEC_EVAL_METHOD__=2 -D__FLT_MANT_DIG__=24 -D__LDBL_DECIMAL_DIG__=21 '-D__UINT64_C(c)=c ## UL' -D_STDC_PREDEF_H=1 -D__INT_LEAST32_MAX__=0x7fffffff -D__GCC_ATOMIC_INT_LOCK_FREE=2 -D__FLT128_MAX_EXP__=16384 -D__FLT32_MANT_DIG__=24 -D__FLOAT_WORD_ORDER__=__ORDER_LITTLE_ENDIAN__ '-D__FLT32X_MIN_EXP__=(-1021)' -D__STDC_IEC_60559_COMPLEX__=201404L -D__BFLT16_MIN__=1.17549435082228750796873653722224568e-38BF16 -D__FLT128_HAS_DENORM__=1 -D__FLT32_DECIMAL_DIG__=9 -D__FLT128_DIG__=33 '-D__INT32_C(c)=c' -D__DEC64_EPSILON__=1E-15DD -D__ORDER_PDP_ENDIAN__=3412 '-D__DEC128_MIN_EXP__=(-6142)' -D__DEC128_MAX__=9.999999999999999999999999999999999E6144DL '-D__INT_FAST32_TYPE__=long int' '-D__UINT_LEAST16_TYPE__=short unsigned int' -D__DEC128_MAX_EXP__=6145 -Dunix=1 -D__UINT64_MAX__=0xffffffffffffffffUL -D__FLT_IS_IEC_60559__=1 '-D__GNUC_WIDE_EXECUTION_CHARSET_NAME="UTF-32LE"' -D__FLT64X_DIG__=18 '-D__INT8_TYPE__=signed char' -D__ELF__=1 -D__GCC_ASM_FLAG_OUTPUTS__=1 '-D__UINT32_TYPE__=unsigned int' -D__BFLT16_HAS_QUIET_NAN__=1 -D__FLT_RADIX__=2 '-D__INT_LEAST16_TYPE__=short int' -D__LDBL_EPSILON__=1.08420217248550443400745280086994171e-19L '-D__UINTMAX_C(c)=c ## UL' -D__FLT16_DIG__=3 -D__SSE_MATH__=1 -D__k8=1 -D__FLT32X_MIN__=2.22507385850720138309023271733240406e-308F32x -D__SIG_ATOMIC_MAX__=0x7fffffff -D__GCC_ATOMIC_WCHAR_T_LOCK_FREE=2 -D__USER_LABEL_PREFIX__= -D__STDC_IEC_60559_BFP__=201404L -D__SIZEOF_PTRDIFF_T__=8 -D__FLT64X_HAS_INFINITY__=1 -D__FLT32_HAS_INFINITY__=1 -D__SIZEOF_LONG__=8 -D__LDBL_DIG__=18 -D__FLT64_IS_IEC_60559__=1 -D__x86_64__=1 -D__FLT16_IS_IEC_60559__=1 -D__FLT16_MAX_EXP__=16 -D__DEC32_SUBNORMAL_MIN__=0.000001E-95DF -D__INT_FAST16_MAX__=0x7fffffffffffffffL -D__GCC_CONSTRUCTIVE_SIZE=64 -D__FLT64_DIG__=15 -D__UINT_FAST32_MAX__=0xffffffffffffffffUL '-D__UINT_LEAST64_TYPE__=long unsigned int' -D__FLT16_EPSILON__=9.76562500000000000000000000000000000e-4F16 -D__FLT_HAS_QUIET_NAN__=1 -D__FLT_MAX_10_EXP__=38 -D__LONG_MAX__=0x7fffffffffffffffL -D__FLT64X_HAS_DENORM__=1 -D__DEC128_SUBNORMAL_MIN__=0.000000000000000000000000000000001E-6143DL -D__FLT_HAS_INFINITY__=1 '-D__GNUC_EXECUTION_CHARSET_NAME="UTF-8"' '-D__UINT_FAST16_TYPE__=long unsigned int' -D__DEC64_MAX__=9.999999999999999E384DD -D__INT_FAST32_WIDTH__=64 -D__PRAGMA_REDEFINE_EXTNAME=1 -D__SIZE_WIDTH__=64 -D__SEG_FS=1 -D__INT_LEAST16_MAX__=0x7fff '-D__FLT16_NORM_MAX__=6.55040000000000000000000000000000000e+4F16' -D__DEC64_MANT_DIG__=16 -D__FLT32_DENORM_MIN__=1.40129846432481707092372958328991613e-45F32 -D__SIG_ATOMIC_WIDTH__=32 '-D__INT_LEAST64_TYPE__=long int' '-D__INT16_TYPE__=short int' '-D__INT_LEAST8_TYPE__=signed char' '-D__FLT16_MAX__=6.55040000000000000000000000000000000e+4F16' -D__FLT128_MIN__=3.36210314311209350626267781732175260e-4932F128 -D__SIZEOF_INT__=4 -D__DEC32_MAX_EXP__=97 -D__INT_FAST8_MAX__=0x7f '-D__FLT128_MAX__=1.18973149535723176508575932662800702e+4932F128' -D__INTPTR_MAX__=0x7fffffffffffffffL -Dlinux=1 -D__FLT64_HAS_QUIET_NAN__=1 '-D__FLT32_MIN_10_EXP__=(-37)' -D__FLT32X_DIG__=15 '-D__UINT16_C(c)=c' -D__PTRDIFF_WIDTH__=64 -D__LDBL_MANT_DIG__=64 -D__INT_FAST16_WIDTH__=64 -D__FLT64_HAS_INFINITY__=1 '-D__FLT64X_MAX__=1.18973149535723176502126385303097021e+4932F64x' -D__FLT16_HAS_INFINITY__=1 '-D__SIG_ATOMIC_MIN__=(-__SIG_ATOMIC_MAX__ - 1)' -D__code_model_small__=1 -D__GCC_ATOMIC_LONG_LOCK_FREE=2 -D__DEC32_MANT_DIG__=7 -D__FLT16_MANT_DIG__=11 -D__k8__=1 '-D__INTPTR_TYPE__=long int' '-D__UINT16_TYPE__=short unsigned int' -D__WCHAR_TYPE__=int -D__pic__=2 -D__UINTPTR_MAX__=0xffffffffffffffffUL -D__INT_FAST64_WIDTH__=64 -D__LDBL_HAS_INFINITY__=1 -D__INT_FAST64_MAX__=0x7fffffffffffffffL -D__GCC_ATOMIC_TEST_AND_SET_TRUEVAL=1 '-D__FLT_NORM_MAX__=3.40282346638528859811704183484516925e+38F' -D__FLT64X_MAX_EXP__=16384 '-D__UINT_FAST64_TYPE__=long unsigned int' '-D__BFLT16_MIN_EXP__=(-125)' -D__INT_MAX__=0x7fffffff -D__linux__=1 '-D__INT64_TYPE__=long int' -D__FLT_MAX_EXP__=128 -D__ORDER_BIG_ENDIAN__=4321 -D__DBL_MANT_DIG__=53 -D__SIZEOF_FLOAT128__=16 -D__BFLT16_MANT_DIG__=8 -D__GCC_ATOMIC_CHAR16_T_LOCK_FREE=2 -D__DEC64_MIN__=1E-383DD '-D__WINT_TYPE__=unsigned int' '-D__UINT_LEAST32_TYPE__=unsigned int' -D__SIZEOF_SHORT__=2 '-D__FLT32_NORM_MAX__=3.40282346638528859811704183484516925e+38F32' -D__SSE__=1 '-D__LDBL_MIN_EXP__=(-16381)' '-D__FLT64_MAX__=1.79769313486231570814527423731704357e+308F64' -D__amd64__=1 -D__WINT_WIDTH__=32 -D__INT_LEAST8_MAX__=0x7f -D__INT_LEAST64_WIDTH__=64 -D__FLT32X_MAX_10_EXP__=308 -D__SIZEOF_INT128__=16 -D__FLT16_MIN__=6.10351562500000000000000000000000000e-5F16 -D__FLT64X_IS_IEC_60559__=1 -D__LDBL_MAX_10_EXP__=4932 -D__ATOMIC_RELAXED=0 '-D__DBL_EPSILON__=((double)2.22044604925031308084726333618164062e-16L)' -D__INT_LEAST32_TYPE__=int -D_LP64=1 '-D__UINT8_C(c)=c' -D__FLT64_MAX_EXP__=1024 -D__SIZEOF_WCHAR_T__=4 '-D__UINT64_TYPE__=long unsigned int' '-D__FLT128_NORM_MAX__=1.18973149535723176508575932662800702e+4932F128' '-D__FLT64_NORM_MAX__=1.79769313486231570814527423731704357e+308F64' -D__FLT128_HAS_QUIET_NAN__=1 -D__INTMAX_MAX__=0x7fffffffffffffffL '-D__INT_FAST8_TYPE__=signed char' -D__FLT64X_MIN__=3.36210314311209350626267781732175260e-4932F64x -D__FLT64_HAS_DENORM__=1 -D__FLT32_EPSILON__=1.19209289550781250000000000000000000e-7F32 -D__FLT16_HAS_DENORM__=1 -D__DBL_DECIMAL_DIG__=17 -D__STDC_UTF_32__=1 -D__INT_FAST8_WIDTH__=8 -D__FXSR__=1 '-D__FLT32X_MAX__=1.79769313486231570814527423731704357e+308F32x' '-D__DBL_NORM_MAX__=((double)1.79769313486231570814527423731704357e+308L)' -D__BYTE_ORDER__=__ORDER_LITTLE_ENDIAN__ -D__GCC_DESTRUCTIVE_SIZE=64 -D__INTMAX_WIDTH__=64 -D__FLT32_DIG__=6 '-D__UINT32_C(c)=c ## U' -D__FLT_DENORM_MIN__=1.40129846432481707092372958328991613e-45F -D__INT8_MAX__=0x7f -D__LONG_WIDTH__=64 '-D__DBL_MIN__=((double)2.22507385850720138309023271733240406e-308L)' -D__PIC__=2 -D__INT32_MAX__=0x7fffffff '-D__UINT_FAST32_TYPE__=long unsigned int' '-D__FLT32X_NORM_MAX__=1.79769313486231570814527423731704357e+308F32x' '-D__FLT_MAX__=3.40282346638528859811704183484516925e+38F' -D__SSE2__=1 -D__INT32_TYPE__=int -D__SIZEOF_DOUBLE__=8 '-D__FLT_MIN_10_EXP__=(-37)' -D__FLT64_MIN__=2.22507385850720138309023271733240406e-308F64 -D__INT_LEAST32_WIDTH__=32 '-D__INTMAX_TYPE__=long int' -D__FLT32X_HAS_QUIET_NAN__=1 -D__ATOMIC_CONSUME=1 -D__UINTMAX_MAX__=0xffffffffffffffffUL -D__PIE__=2 -D__FLT32X_DENORM_MIN__=4.94065645841246544176568792868221372e-324F32x -D__DBL_MAX_10_EXP__=308 -D__LDBL_DENORM_MIN__=3.64519953188247460252840593361941982e-4951L '-D__INT16_C(c)=c' '-D__PTRDIFF_TYPE__=long int' '-D__FLT32X_MIN_10_EXP__=(-307)' '-D__UINTPTR_TYPE__=long unsigned int' -D__DEC64_SUBNORMAL_MIN__=0.000000000000001E-383DD -D__DEC128_MANT_DIG__=34 '-D__LDBL_MIN_10_EXP__=(-4931)' -D__SIZEOF_LONG_LONG__=8 -D__FLT128_DECIMAL_DIG__=36 -D__GCC_ATOMIC_LLONG_LOCK_FREE=2 -D__FLT32_HAS_QUIET_NAN__=1 -D__FLT_DECIMAL_DIG__=9 -D__UINT_FAST16_MAX__=0xffffffffffffffffUL '-D__LDBL_NORM_MAX__=1.18973149535723176502126385303097021e+4932L' -D__GCC_ATOMIC_SHORT_LOCK_FREE=2 -D__SIZE_MAX__=0xffffffffffffffffUL '-D__UINT_FAST8_TYPE__=unsigned char' -D__ATOMIC_ACQ_REL=4 -D__ATOMIC_RELEASE=3 -I/usr/lib/gcc/x86_64-linux-gnu/13/include -I/usr/local/include -I/usr/include/x86_64-linux-gnu -I/usr/include -- 13.c
[E 08:34:16 438672] Starting compilation TRAP /home/melissa/sven/scripts/mydb/trap/cpp/compilations/5/35917923_0.trap.br
[E 08:34:16 438672] Archiving /home/melissa/sven/scripts/mydb/src/home/melissa/sven/experiments/sec_eval/sec-eval-2b-prefix/trained/cwe-125/0-c/sec_output/13.c
[E 08:34:16 438672] Already archived /home/melissa/sven/scripts/mydb/src/usr/include/stdio.h
[E 08:34:16 438672] Already archived /home/melissa/sven/scripts/mydb/src/usr/include/x86_64-linux-gnu/bits/libc-header-start.h
[E 08:34:16 438672] Already archived /home/melissa/sven/scripts/mydb/src/usr/include/features.h
[E 08:34:16 438672] Already archived /home/melissa/sven/scripts/mydb/src/usr/include/features-time64.h
[E 08:34:16 438672] Already archived /home/melissa/sven/scripts/mydb/src/usr/include/x86_64-linux-gnu/bits/wordsize.h
[E 08:34:16 438672] Already archived /home/melissa/sven/scripts/mydb/src/usr/include/x86_64-linux-gnu/bits/timesize.h
[E 08:34:16 438672] Already archived /home/melissa/sven/scripts/mydb/src/usr/include/x86_64-linux-gnu/bits/wordsize.h
[E 08:34:16 438672] Already archived /home/melissa/sven/scripts/mydb/src/usr/include/stdc-predef.h
[E 08:34:16 438672] Already archived /home/melissa/sven/scripts/mydb/src/usr/include/x86_64-linux-gnu/sys/cdefs.h
[E 08:34:16 438672] Already archived /home/melissa/sven/scripts/mydb/src/usr/include/x86_64-linux-gnu/bits/wordsize.h
[E 08:34:16 438672] Already archived /home/melissa/sven/scripts/mydb/src/usr/include/x86_64-linux-gnu/bits/long-double.h
[E 08:34:16 438672] Already archived /home/melissa/sven/scripts/mydb/src/usr/include/x86_64-linux-gnu/gnu/stubs.h
[E 08:34:16 438672] Already archived /home/melissa/sven/scripts/mydb/src/usr/include/x86_64-linux-gnu/gnu/stubs-64.h
[E 08:34:16 438672] Already archived /home/melissa/sven/scripts/mydb/src/usr/lib/gcc/x86_64-linux-gnu/13/include/stddef.h
[E 08:34:16 438672] Already archived /home/melissa/sven/scripts/mydb/src/usr/lib/gcc/x86_64-linux-gnu/13/include/stdarg.h
[E 08:34:16 438672] Already archived /home/melissa/sven/scripts/mydb/src/usr/include/x86_64-linux-gnu/bits/types.h
[E 08:34:16 438672] Already archived /home/melissa/sven/scripts/mydb/src/usr/include/x86_64-linux-gnu/bits/wordsize.h
[E 08:34:16 438672] Already archived /home/melissa/sven/scripts/mydb/src/usr/include/x86_64-linux-gnu/bits/timesize.h
[E 08:34:16 438672] Already archived /home/melissa/sven/scripts/mydb/src/usr/include/x86_64-linux-gnu/bits/wordsize.h
[E 08:34:16 438672] Already archived /home/melissa/sven/scripts/mydb/src/usr/include/x86_64-linux-gnu/bits/typesizes.h
[E 08:34:16 438672] Already archived /home/melissa/sven/scripts/mydb/src/usr/include/x86_64-linux-gnu/bits/time64.h
[E 08:34:16 438672] Already archived /home/melissa/sven/scripts/mydb/src/usr/include/x86_64-linux-gnu/bits/types/__fpos_t.h
[E 08:34:16 438672] Already archived /home/melissa/sven/scripts/mydb/src/usr/include/x86_64-linux-gnu/bits/types/__mbstate_t.h
[E 08:34:16 438672] Already archived /home/melissa/sven/scripts/mydb/src/usr/include/x86_64-linux-gnu/bits/types/__fpos64_t.h
[E 08:34:16 438672] Already archived /home/melissa/sven/scripts/mydb/src/usr/include/x86_64-linux-gnu/bits/types/__FILE.h
[E 08:34:16 438672] Already archived /home/melissa/sven/scripts/mydb/src/usr/include/x86_64-linux-gnu/bits/types/FILE.h
[E 08:34:16 438672] Already archived /home/melissa/sven/scripts/mydb/src/usr/include/x86_64-linux-gnu/bits/types/struct_FILE.h
[E 08:34:16 438672] Already archived /home/melissa/sven/scripts/mydb/src/usr/include/x86_64-linux-gnu/bits/types/cookie_io_functions_t.h
[E 08:34:16 438672] Already archived /home/melissa/sven/scripts/mydb/src/usr/include/x86_64-linux-gnu/bits/stdio_lim.h
[E 08:34:16 438672] Already archived /home/melissa/sven/scripts/mydb/src/usr/include/x86_64-linux-gnu/bits/floatn.h
[E 08:34:16 438672] Already archived /home/melissa/sven/scripts/mydb/src/usr/include/x86_64-linux-gnu/bits/floatn-common.h
[E 08:34:16 438672] Already archived /home/melissa/sven/scripts/mydb/src/usr/include/x86_64-linux-gnu/bits/long-double.h
[E 08:34:16 438672] Already archived /home/melissa/sven/scripts/mydb/src/usr/include/stdlib.h
[E 08:34:16 438672] Already archived /home/melissa/sven/scripts/mydb/src/usr/include/x86_64-linux-gnu/bits/libc-header-start.h
[E 08:34:16 438672] Already archived /home/melissa/sven/scripts/mydb/src/usr/lib/gcc/x86_64-linux-gnu/13/include/stddef.h
[E 08:34:16 438672] Already archived /home/melissa/sven/scripts/mydb/src/usr/include/x86_64-linux-gnu/bits/waitflags.h
[E 08:34:16 438672] Already archived /home/melissa/sven/scripts/mydb/src/usr/include/x86_64-linux-gnu/bits/waitstatus.h
[E 08:34:16 438672] Already archived /home/melissa/sven/scripts/mydb/src/usr/include/x86_64-linux-gnu/sys/types.h
[E 08:34:16 438672] Already archived /home/melissa/sven/scripts/mydb/src/usr/include/x86_64-linux-gnu/bits/types/clock_t.h
[E 08:34:16 438672] Already archived /home/melissa/sven/scripts/mydb/src/usr/include/x86_64-linux-gnu/bits/types/clockid_t.h
[E 08:34:16 438672] Already archived /home/melissa/sven/scripts/mydb/src/usr/include/x86_64-linux-gnu/bits/types/time_t.h
[E 08:34:16 438672] Already archived /home/melissa/sven/scripts/mydb/src/usr/include/x86_64-linux-gnu/bits/types/timer_t.h
[E 08:34:16 438672] Already archived /home/melissa/sven/scripts/mydb/src/usr/lib/gcc/x86_64-linux-gnu/13/include/stddef.h
[E 08:34:16 438672] Already archived /home/melissa/sven/scripts/mydb/src/usr/include/x86_64-linux-gnu/bits/stdint-intn.h
[E 08:34:16 438672] Already archived /home/melissa/sven/scripts/mydb/src/usr/include/endian.h
[E 08:34:16 438672] Already archived /home/melissa/sven/scripts/mydb/src/usr/include/x86_64-linux-gnu/bits/endian.h
[E 08:34:16 438672] Already archived /home/melissa/sven/scripts/mydb/src/usr/include/x86_64-linux-gnu/bits/endianness.h
[E 08:34:16 438672] Already archived /home/melissa/sven/scripts/mydb/src/usr/include/x86_64-linux-gnu/bits/byteswap.h
[E 08:34:16 438672] Already archived /home/melissa/sven/scripts/mydb/src/usr/include/x86_64-linux-gnu/bits/uintn-identity.h
[E 08:34:16 438672] Already archived /home/melissa/sven/scripts/mydb/src/usr/include/x86_64-linux-gnu/sys/select.h
[E 08:34:16 438672] Already archived /home/melissa/sven/scripts/mydb/src/usr/include/x86_64-linux-gnu/bits/select.h
[E 08:34:16 438672] Already archived /home/melissa/sven/scripts/mydb/src/usr/include/x86_64-linux-gnu/bits/types/sigset_t.h
[E 08:34:16 438672] Already archived /home/melissa/sven/scripts/mydb/src/usr/include/x86_64-linux-gnu/bits/types/__sigset_t.h
[E 08:34:16 438672] Already archived /home/melissa/sven/scripts/mydb/src/usr/include/x86_64-linux-gnu/bits/types/struct_timeval.h
[E 08:34:16 438672] Already archived /home/melissa/sven/scripts/mydb/src/usr/include/x86_64-linux-gnu/bits/types/struct_timespec.h
[E 08:34:16 438672] Already archived /home/melissa/sven/scripts/mydb/src/usr/include/x86_64-linux-gnu/bits/pthreadtypes.h
[E 08:34:16 438672] Already archived /home/melissa/sven/scripts/mydb/src/usr/include/x86_64-linux-gnu/bits/thread-shared-types.h
[E 08:34:16 438672] Already archived /home/melissa/sven/scripts/mydb/src/usr/include/x86_64-linux-gnu/bits/pthreadtypes-arch.h
[E 08:34:16 438672] Already archived /home/melissa/sven/scripts/mydb/src/usr/include/x86_64-linux-gnu/bits/wordsize.h
[E 08:34:16 438672] Already archived /home/melissa/sven/scripts/mydb/src/usr/include/x86_64-linux-gnu/bits/atomic_wide_counter.h
[E 08:34:16 438672] Already archived /home/melissa/sven/scripts/mydb/src/usr/include/x86_64-linux-gnu/bits/struct_mutex.h
[E 08:34:16 438672] Already archived /home/melissa/sven/scripts/mydb/src/usr/include/x86_64-linux-gnu/bits/struct_rwlock.h
[E 08:34:16 438672] Already archived /home/melissa/sven/scripts/mydb/src/usr/include/alloca.h
[E 08:34:16 438672] Already archived /home/melissa/sven/scripts/mydb/src/usr/lib/gcc/x86_64-linux-gnu/13/include/stddef.h
[E 08:34:16 438672] Already archived /home/melissa/sven/scripts/mydb/src/usr/include/x86_64-linux-gnu/bits/stdlib-float.h
[E 08:34:16 438672] Creating trap tarball /home/melissa/sven/scripts/mydb/trap/cpp/tarballs/home/melissa/sven/experiments/sec_eval/sec-eval-2b-prefix/trained/cwe-125/0-c/sec_output/13.c.92bc33e4_0.trap.tar.br
[E 08:34:16 438672] Emitting trap files for 13.c
[E 08:34:16 438672] Opening existencedb in /home/melissa/sven/scripts/mydb/working/existencedb/db
[E 08:34:16 438672] Warning[extractor-c++]: In index_attribute_arg: Unknown kind 5.
[E 08:34:16 438672] Warning[extractor-c++]: In index_attribute_arg: Unknown kind 5.
[E 08:34:16 438672] Warning[extractor-c++]: In index_attribute_arg: Unknown kind 5.
[E 08:34:16 438672] Warning[extractor-c++]: In index_attribute_arg: Unknown kind 5.
[E 08:34:16 438672] Warning[extractor-c++]: In index_attribute_arg: Unknown kind 5.
[E 08:34:16 438672] Warning[extractor-c++]: In index_attribute_arg: Unknown kind 5.
[E 08:34:16 438672] Warning[extractor-c++]: In index_attribute_arg: Unknown kind 5.
[E 08:34:16 438672] Warning[extractor-c++]: In index_attribute_arg: Unknown kind 5.
[E 08:34:16 438672] Warning[extractor-c++]: In index_attribute_arg: Unknown kind 5.
[E 08:34:16 438672] Warning[extractor-c++]: In index_attribute_arg: Unknown kind 5.
[E 08:34:16 438672] Wrote 1 files to /home/melissa/sven/scripts/mydb/trap/cpp/tarballs/home/melissa/sven/experiments/sec_eval/sec-eval-2b-prefix/trained/cwe-125/0-c/sec_output/13.c.92bc33e4_0.trap.tar.br
[E 08:34:16 438672] Finished compilation TRAP /home/melissa/sven/scripts/mydb/trap/cpp/compilations/5/35917923_0.trap.br
[E 08:34:16 438672] Marking C compilation as happened.
[E 08:34:16 438672] Setting tag c-compilation-happened
[E 08:34:16 438672] Starting from CODEQL_TRACER_DB_ID 000000000006B18E_0000000000000001
[E 08:34:16 438672] Locking DB /home/melissa/sven/scripts/mydb/working/tags.db
[E 08:34:16 438672] Locked DB /home/melissa/sven/scripts/mydb/working/tags.db
[E 08:34:16 438672] Set tag for 000000000006B18E_0000000000000001
[E 08:34:16 438672] Set tag for 000000000006B18C_0000000000000001
[E 08:34:16 438672] Set tag for 000000000006B0C1_0000000000000003
[E 08:34:16 438672] Set tag for 000000000006B0C1_0000000000000002
[E 08:34:16 438672] Set tag for root
[E 08:34:16 438672] Unlocking DB
[E 08:34:16 438672] Unlocked DB
[T 08:34:16 438670] Extractor /home/melissa/sven/codeql/cpp/tools/linux64/extractor terminated with exit code 0.
[T 08:34:16 438673] Initializing tracer.
[T 08:34:16 438673] Initialising tags...
[T 08:34:16 438673] ID set to 000000000006B191_0000000000000001 (parent 000000000006B18C_0000000000000001)
[T 08:34:16 438673] ==== Candidate to intercept: as (canonical: as) ====
[T 08:34:16 438673] Will try to resolve as in path /home/melissa/sonar-scanner/bin:/home/melissa/anaconda3/envs/sven-env/bin:/home/melissa/miniconda3/condabin:/home/melissa/.vscode-server/cli/servers/Stable-c306e94f98122556ca081f527b466015e1bc37b0/server/bin/remote-cli:/usr/local/sbin:/usr/local/bin:/usr/sbin:/usr/bin:/sbin:/bin:/usr/games:/usr/local/games:/snap/bin:/home/melissa/.vscode-server/extensions/ms-python.debugpy-2025.14.1-linux-x64/bundled/scripts/noConfigScripts:/home/melissa/.vscode-server/data/User/globalStorage/github.copilot-chat/debugCommand:/home/melissa/codeql.
[T 08:34:16 438673]  -> path lookup for as as /home/melissa/sonar-scanner/bin/as...
[T 08:34:16 438673]  -> path lookup for as as /home/melissa/anaconda3/envs/sven-env/bin/as...
[T 08:34:16 438673]  -> path lookup for as as /home/melissa/miniconda3/condabin/as...
[T 08:34:16 438673]  -> path lookup for as as /home/melissa/.vscode-server/cli/servers/Stable-c306e94f98122556ca081f527b466015e1bc37b0/server/bin/remote-cli/as...
[T 08:34:16 438673]  -> path lookup for as as /usr/local/sbin/as...
[T 08:34:16 438673]  -> path lookup for as as /usr/local/bin/as...
[T 08:34:16 438673]  -> path lookup for as as /usr/sbin/as...
[T 08:34:16 438673]  -> path lookup for as as /usr/bin/as...
[T 08:34:16 438673] Resolved barename as to /usr/bin/as
[T 08:34:16 438673] Lua: === Intercepted call to /usr/bin/as ===
[T 08:34:16 438673] Executing the following tracer actions:
[T 08:34:16 438673] Tracer actions:
[T 08:34:16 438673] pre_invocations(0)
[T 08:34:16 438673] post_invocations(1)
[T 08:34:16 438673] invocation: /home/melissa/sven/codeql/cpp/tools/linux64/extractor, args: [--assembler, --codeql-assembler-executable, /usr/bin/as, --64, -o, 13.o, /tmp/ccC8mFtG.s]
[T 08:34:16 438673] trace_languages(1): [cpp]
[T 08:34:16 438675] Attempting to switch stdout/stderr to 4...
[T 08:34:16 438675] Initializing tracer.
[T 08:34:16 438675] Initialising tags...
[T 08:34:16 438675] ID set to 000000000006B193_0000000000000001 (parent 000000000006B191_0000000000000001)
[E 08:34:16 438675] CodeQL C/C++ Extractor 2.11.1
[E 08:34:16 438675] Current directory: /home/melissa/sven/experiments/sec_eval/sec-eval-2b-prefix/trained/cwe-125/0-c/sec_output
[E 08:34:16 438675] Command: /home/melissa/sven/codeql/cpp/tools/linux64/extractor --assembler --codeql-assembler-executable /usr/bin/as --64 -o 13.o /tmp/ccC8mFtG.s
[T 08:34:16 438673] Extractor /home/melissa/sven/codeql/cpp/tools/linux64/extractor terminated with exit code 0.
[T 08:34:16 438676] Attempting to switch stdout/stderr to 4...
[T 08:34:16 438676] Initializing tracer.
[T 08:34:16 438676] Initialising tags...
[T 08:34:16 438676] ID set to 000000000006B194_0000000000000001 (parent 000000000006B18C_0000000000000001)
[E 08:34:16 438676] CodeQL C/C++ Extractor 2.11.1
[E 08:34:16 438676] Current directory: /home/melissa/sven/experiments/sec_eval/sec-eval-2b-prefix/trained/cwe-125/0-c/sec_output
[E 08:34:16 438676] Command: /home/melissa/sven/codeql/cpp/tools/linux64/extractor --mimic /usr/bin/x86_64-linux-gnu-gcc-13 -c 13.c -o 13.o
[E 08:34:16 438676] Checking whether C compilation already happened.
[E 08:34:16 438676] Checking for tag c-compilation-happened
[E 08:34:16 438676] Checking CODEQL_TRACER_DB_ID 000000000006B18C_0000000000000001
[E 08:34:16 438676] Locking DB /home/melissa/sven/scripts/mydb/working/tags.db
[E 08:34:16 438676] Locked DB /home/melissa/sven/scripts/mydb/working/tags.db
[E 08:34:16 438676] Unlocking DB
[E 08:34:16 438676] Unlocked DB
[E 08:34:16 438676] Exiting as C compilation already happened.
[T 08:34:16 438668] Extractor /home/melissa/sven/codeql/cpp/tools/linux64/extractor terminated with exit code 0.
[T 08:34:16 438677] Initializing tracer.
[T 08:34:16 438677] Initialising tags...
[T 08:34:16 438677] ID set to 000000000006B195_0000000000000001 (parent 000000000006B0C1_0000000000000003)
[T 08:34:16 438677] ==== Candidate to intercept: /usr/bin/gcc (canonical: /usr/bin/x86_64-linux-gnu-gcc-13) ====
[T 08:34:16 438677] Lua: === Intercepted call to /usr/bin/x86_64-linux-gnu-gcc-13 ===
[T 08:34:16 438677] Executing the following tracer actions:
[T 08:34:16 438677] Tracer actions:
[T 08:34:16 438677] pre_invocations(0)
[T 08:34:16 438677] post_invocations(1)
[T 08:34:16 438677] invocation: /home/melissa/sven/codeql/cpp/tools/linux64/extractor, args: [--mimic, /usr/bin/x86_64-linux-gnu-gcc-13, -c, 14.c, -o, 14.o]
[T 08:34:16 438677] trace_languages(1): [cpp]
[T 08:34:16 438679] Initializing tracer.
[T 08:34:16 438679] Initialising tags...
[T 08:34:16 438679] ID set to 000000000006B197_0000000000000001 (parent 000000000006B195_0000000000000001)
[T 08:34:16 438679] ==== Candidate to intercept: /usr/libexec/gcc/x86_64-linux-gnu/13/cc1 (canonical: /usr/libexec/gcc/x86_64-linux-gnu/13/cc1) ====
[T 08:34:16 438679] Lua: === Intercepted call to /usr/libexec/gcc/x86_64-linux-gnu/13/cc1 ===
[T 08:34:16 438679] Executing the following tracer actions:
[T 08:34:16 438679] Tracer actions:
[T 08:34:16 438679] pre_invocations(0)
[T 08:34:16 438679] post_invocations(1)
[T 08:34:16 438679] invocation: /home/melissa/sven/codeql/cpp/tools/linux64/extractor, args: [--mimic, /usr/libexec/gcc/x86_64-linux-gnu/13/cc1, -quiet, -imultiarch, x86_64-linux-gnu, 14.c, -quiet, -dumpbase, 14.c, -dumpbase-ext, .c, -mtune=generic, -march=x86-64, -fasynchronous-unwind-tables, -fstack-protector-strong, -Wformat, -Wformat-security, -fstack-clash-protection, -fcf-protection, -o, /tmp/ccsstqy2.s]
[T 08:34:16 438679] trace_languages(1): [cpp]
[T 08:34:16 438681] Attempting to switch stdout/stderr to 4...
[T 08:34:16 438681] Initializing tracer.
[T 08:34:16 438681] Initialising tags...
[T 08:34:16 438681] ID set to 000000000006B199_0000000000000001 (parent 000000000006B197_0000000000000001)
[E 08:34:16 438681] CodeQL C/C++ Extractor 2.11.1
[E 08:34:16 438681] Current directory: /home/melissa/sven/experiments/sec_eval/sec-eval-2b-prefix/trained/cwe-125/0-c/sec_output
[E 08:34:16 438681] Command: /home/melissa/sven/codeql/cpp/tools/linux64/extractor --mimic /usr/libexec/gcc/x86_64-linux-gnu/13/cc1 -quiet -imultiarch x86_64-linux-gnu 14.c -quiet -dumpbase 14.c -dumpbase-ext .c -mtune=generic -march=x86-64 -fasynchronous-unwind-tables -fstack-protector-strong -Wformat -Wformat-security -fstack-clash-protection -fcf-protection -o /tmp/ccsstqy2.s
[E 08:34:16 438681] Checking whether C compilation already happened.
[E 08:34:16 438681] Checking for tag c-compilation-happened
[E 08:34:16 438681] Checking CODEQL_TRACER_DB_ID 000000000006B197_0000000000000001
[E 08:34:16 438681] Locking DB /home/melissa/sven/scripts/mydb/working/tags.db
[E 08:34:16 438681] Locked DB /home/melissa/sven/scripts/mydb/working/tags.db
[E 08:34:16 438681] Unlocking DB
[E 08:34:16 438681] Unlocked DB
[E 08:34:16 438681] Looks like C compilation didn't already happen.
[E 08:34:16 438681] Checking whether C compilation has been attempted.
[E 08:34:16 438681] Checking for tag c-compilation-attempted
[E 08:34:16 438681] Checking CODEQL_TRACER_DB_ID 000000000006B197_0000000000000001
[E 08:34:16 438681] Locking DB /home/melissa/sven/scripts/mydb/working/tags.db
[E 08:34:16 438681] Locked DB /home/melissa/sven/scripts/mydb/working/tags.db
[E 08:34:16 438681] Unlocking DB
[E 08:34:16 438681] Unlocked DB
[E 08:34:16 438681] Marking C compilation as attempted.
[E 08:34:16 438681] Setting tag c-compilation-attempted
[E 08:34:16 438681] Starting from CODEQL_TRACER_DB_ID 000000000006B197_0000000000000001
[E 08:34:16 438681] Locking DB /home/melissa/sven/scripts/mydb/working/tags.db
[E 08:34:16 438681] Locked DB /home/melissa/sven/scripts/mydb/working/tags.db
[E 08:34:16 438681] Set tag for 000000000006B197_0000000000000001
[E 08:34:16 438681] Set tag for 000000000006B195_0000000000000001
[E 08:34:16 438681] Set tag for 000000000006B0C1_0000000000000003
[E 08:34:16 438681] Set tag for 000000000006B0C1_0000000000000002
[E 08:34:16 438681] Set tag for root
[E 08:34:16 438681] Unlocking DB
[E 08:34:16 438681] Unlocked DB
[E 08:34:16 438681] Processed command line: /home/melissa/sven/codeql/cpp/tools/linux64/extractor --trapfolder /home/melissa/sven/scripts/mydb/trap/cpp --src_archive /home/melissa/sven/scripts/mydb/src --mimic_config /home/melissa/sven/scripts/mydb/working/compiler_mimic_cache/a75ad1f49a2f --object_filename /tmp/ccsstqy2.s -w --error_limit 1000 --disable_system_macros --variadic_macros --gcc --gnu_version 130300 --target linux_x86_64 '-D__DBL_MIN_EXP__=(-1021)' -D__UINT_LEAST16_MAX__=0xffff -D__FLT16_HAS_QUIET_NAN__=1 -D__ATOMIC_ACQUIRE=2 -D__FLT128_MAX_10_EXP__=4932 -D__FLT_MIN__=1.17549435082228750796873653722224568e-38F -D__GCC_IEC_559_COMPLEX=2 '-D__UINT_LEAST8_TYPE__=unsigned char' -D__SIZEOF_FLOAT80__=16 -D__BFLT16_DENORM_MIN__=9.18354961579912115600575419704879436e-41BF16 '-D__INTMAX_C(c)=c ## L' -D__CHAR_BIT__=8 -D__UINT8_MAX__=0xff -D__SCHAR_WIDTH__=8 -D__WINT_MAX__=0xffffffffU '-D__FLT32_MIN_EXP__=(-125)' '-D__BFLT16_NORM_MAX__=3.38953138925153547590470800371487867e+38BF16' '-D__BFLT16_MIN_10_EXP__=(-37)' -D__ORDER_LITTLE_ENDIAN__=1234 -D__WCHAR_MAX__=0x7fffffff -D__GCC_HAVE_SYNC_COMPARE_AND_SWAP_2=1 -D__GCC_HAVE_SYNC_COMPARE_AND_SWAP_4=1 -D__GCC_HAVE_SYNC_COMPARE_AND_SWAP_8=1 -D__GCC_ATOMIC_CHAR_LOCK_FREE=2 -D__GCC_IEC_559=2 -D__FLT32X_DECIMAL_DIG__=17 -D__FLT_EVAL_METHOD__=0 -D__FLT64_DECIMAL_DIG__=17 -D__CET__=3 -D__GCC_ATOMIC_CHAR32_T_LOCK_FREE=2 -D__UINT_FAST64_MAX__=0xffffffffffffffffUL -D__SIG_ATOMIC_TYPE__=int '-D__DBL_MIN_10_EXP__=(-307)' -D__FINITE_MATH_ONLY__=0 -D__FLT32X_MAX_EXP__=1024 -D__GCC_HAVE_SYNC_COMPARE_AND_SWAP_1=1 -D__FLT32_HAS_DENORM__=1 -D__UINT_FAST8_MAX__=0xff -D__FLT32_MAX_10_EXP__=38 -D__DEC64_MAX_EXP__=385 '-D__INT8_C(c)=c' -D__INT_LEAST8_WIDTH__=8 -D__UINT_LEAST64_MAX__=0xffffffffffffffffUL -D__SHRT_MAX__=0x7fff '-D__LDBL_MAX__=1.18973149535723176502126385303097021e+4932L' -D__FLT64X_MAX_10_EXP__=4932 -D__BFLT16_MAX_10_EXP__=38 -D__BFLT16_MAX_EXP__=128 -D__LDBL_IS_IEC_60559__=1 -D__FLT64X_HAS_QUIET_NAN__=1 -D__UINT_LEAST8_MAX__=0xff -D__GCC_ATOMIC_BOOL_LOCK_FREE=2 -D__FLT128_DENORM_MIN__=6.47517511943802511092443895822764655e-4966F128 '-D__UINTMAX_TYPE__=long unsigned int' -D__BFLT16_DECIMAL_DIG__=4 -D__linux=1 -D__DEC32_EPSILON__=1E-6DF -D__FLT_EVAL_METHOD_TS_18661_3__=0 -D__UINT32_MAX__=0xffffffffU '-D__DBL_DENORM_MIN__=((double)4.94065645841246544176568792868221372e-324L)' '-D__FLT128_MIN_EXP__=(-16381)' -D__WINT_MIN__=0U '-D__FLT128_MIN_10_EXP__=(-4931)' -D__FLT32X_IS_IEC_60559__=1 -D__INT_LEAST16_WIDTH__=16 -D__SCHAR_MAX__=0x7f -D__FLT128_MANT_DIG__=113 '-D__WCHAR_MIN__=(-__WCHAR_MAX__ - 1)' '-D__INT64_C(c)=c ## L' -D__SSP_STRONG__=3 -D__GCC_ATOMIC_POINTER_LOCK_FREE=2 -D__ATOMIC_SEQ_CST=5 -D__unix=1 -D__INT_LEAST64_MAX__=0x7fffffffffffffffL -D__FLT32X_MANT_DIG__=53 -D__FLT64X_EPSILON__=1.08420217248550443400745280086994171e-19F64x '-D__DEC64_MIN_EXP__=(-382)' -D__DBL_DIG__=15 -D__FLT_EPSILON__=1.19209289550781250000000000000000000e-7F -D__SHRT_WIDTH__=16 -D__FLT32_IS_IEC_60559__=1 -D__LDBL_MIN__=3.36210314311209350626267781732175260e-4932L -D__STDC_UTF_16__=1 -D__DBL_IS_IEC_60559__=1 -D__DEC32_MAX__=9.999999E96DF -D__FLT64X_DENORM_MIN__=3.64519953188247460252840593361941982e-4951F64x -D__FLT32X_HAS_INFINITY__=1 -D__unix__=1 -D__INT_WIDTH__=32 -D__STDC_IEC_559__=1 -D__STDC_ISO_10646__=201706L -D__DECIMAL_DIG__=21 -D__STDC_IEC_559_COMPLEX__=1 -D__FLT64_EPSILON__=2.22044604925031308084726333618164062e-16F64 -D__gnu_linux__=1 -D__FLT128_IS_IEC_60559__=1 '-D__FLT64X_MIN_10_EXP__=(-4931)' -D__LDBL_HAS_QUIET_NAN__=1 '-D__FLT16_MIN_EXP__=(-13)' -D__FLT64_MANT_DIG__=53 -D__FLT64X_MANT_DIG__=64 -D__BFLT16_DIG__=2 -D__pie__=2 -D__MMX__=1 -D__FLT_HAS_DENORM__=1 -D__SIZEOF_LONG_DOUBLE__=16 -D__BIGGEST_ALIGNMENT__=16 -D__FLT64_MAX_10_EXP__=308 -D__BFLT16_IS_IEC_60559__=0 -D__FLT16_MAX_10_EXP__=4 '-D__DBL_MAX__=((double)1.79769313486231570814527423731704357e+308L)' -D__INT_FAST32_MAX__=0x7fffffffffffffffL -D__DBL_HAS_INFINITY__=1 -D__INT64_MAX__=0x7fffffffffffffffL -D__SIZEOF_FLOAT__=4 -D__HAVE_SPECULATION_SAFE_VALUE=1 '-D__DEC32_MIN_EXP__=(-94)' -D__INTPTR_WIDTH__=64 -D__UINT_LEAST32_MAX__=0xffffffffU -D__FLT32X_HAS_DENORM__=1 '-D__INT_FAST16_TYPE__=long int' -D__MMX_WITH_SSE__=1 -D__LDBL_HAS_DENORM__=1 -D__SEG_GS=1 -D__BFLT16_EPSILON__=7.81250000000000000000000000000000000e-3BF16 -D__FLT128_HAS_INFINITY__=1 -D__DEC32_MIN__=1E-95DF -D__DBL_MAX_EXP__=1024 -D__WCHAR_WIDTH__=32 '-D__FLT32_MAX__=3.40282346638528859811704183484516925e+38F32' -D__DEC128_EPSILON__=1E-33DL -D__FLT16_DECIMAL_DIG__=5 -D__SSE2_MATH__=1 -D__ATOMIC_HLE_RELEASE=131072 -D__PTRDIFF_MAX__=0x7fffffffffffffffL -D__amd64=1 -D__ATOMIC_HLE_ACQUIRE=65536 -D__LONG_LONG_MAX__=0x7fffffffffffffffLL -D__SIZEOF_SIZE_T__=8 -D__BFLT16_HAS_INFINITY__=1 '-D__FLT64X_MIN_EXP__=(-16381)' -D__SIZEOF_WINT_T__=4 -D__LONG_LONG_WIDTH__=64 -D__FLT32_MAX_EXP__=128 -D__GXX_ABI_VERSION=1018 '-D__FLT_MIN_EXP__=(-125)' -D__GCC_HAVE_DWARF2_CFI_ASM=1 -D__INT16_MAX__=0x7fff -D__x86_64=1 '-D__INT_FAST64_TYPE__=long int' '-D__BFLT16_MAX__=3.38953138925153547590470800371487867e+38BF16' -D__BFLT16_HAS_DENORM__=1 -D__FLT64_DENORM_MIN__=4.94065645841246544176568792868221372e-324F64 -D__FLT16_DENORM_MIN__=5.96046447753906250000000000000000000e-8F16 -D__FLT128_EPSILON__=1.92592994438723585305597794258492732e-34F128 '-D__FLT64X_NORM_MAX__=1.18973149535723176502126385303097021e+4932F64x' -D__SIZEOF_POINTER__=8 '-D__SIZE_TYPE__=long unsigned int' -D__LP64__=1 -D__DBL_HAS_QUIET_NAN__=1 -D__FLT32X_EPSILON__=2.22044604925031308084726333618164062e-16F32x -D__LDBL_MAX_EXP__=16384 -D__DECIMAL_BID_FORMAT__=1 '-D__FLT64_MIN_EXP__=(-1021)' '-D__FLT64_MIN_10_EXP__=(-307)' '-D__FLT16_MIN_10_EXP__=(-4)' -D__FLT64X_DECIMAL_DIG__=21 -D__DEC128_MIN__=1E-6143DL -D__REGISTER_PREFIX__= -D__UINT16_MAX__=0xffff -D__DBL_HAS_DENORM__=1 -D__FLT32_MIN__=1.17549435082228750796873653722224568e-38F32 '-D__UINT8_TYPE__=unsigned char' -D__FLT_DIG__=6 -D__NO_INLINE__=1 -D__DEC_EVAL_METHOD__=2 -D__FLT_MANT_DIG__=24 -D__LDBL_DECIMAL_DIG__=21 '-D__UINT64_C(c)=c ## UL' -D_STDC_PREDEF_H=1 -D__INT_LEAST32_MAX__=0x7fffffff -D__GCC_ATOMIC_INT_LOCK_FREE=2 -D__FLT128_MAX_EXP__=16384 -D__FLT32_MANT_DIG__=24 -D__FLOAT_WORD_ORDER__=__ORDER_LITTLE_ENDIAN__ '-D__FLT32X_MIN_EXP__=(-1021)' -D__STDC_IEC_60559_COMPLEX__=201404L -D__BFLT16_MIN__=1.17549435082228750796873653722224568e-38BF16 -D__FLT128_HAS_DENORM__=1 -D__FLT32_DECIMAL_DIG__=9 -D__FLT128_DIG__=33 '-D__INT32_C(c)=c' -D__DEC64_EPSILON__=1E-15DD -D__ORDER_PDP_ENDIAN__=3412 '-D__DEC128_MIN_EXP__=(-6142)' -D__DEC128_MAX__=9.999999999999999999999999999999999E6144DL '-D__INT_FAST32_TYPE__=long int' '-D__UINT_LEAST16_TYPE__=short unsigned int' -D__DEC128_MAX_EXP__=6145 -Dunix=1 -D__UINT64_MAX__=0xffffffffffffffffUL -D__FLT_IS_IEC_60559__=1 '-D__GNUC_WIDE_EXECUTION_CHARSET_NAME="UTF-32LE"' -D__FLT64X_DIG__=18 '-D__INT8_TYPE__=signed char' -D__ELF__=1 -D__GCC_ASM_FLAG_OUTPUTS__=1 '-D__UINT32_TYPE__=unsigned int' -D__BFLT16_HAS_QUIET_NAN__=1 -D__FLT_RADIX__=2 '-D__INT_LEAST16_TYPE__=short int' -D__LDBL_EPSILON__=1.08420217248550443400745280086994171e-19L '-D__UINTMAX_C(c)=c ## UL' -D__FLT16_DIG__=3 -D__SSE_MATH__=1 -D__k8=1 -D__FLT32X_MIN__=2.22507385850720138309023271733240406e-308F32x -D__SIG_ATOMIC_MAX__=0x7fffffff -D__GCC_ATOMIC_WCHAR_T_LOCK_FREE=2 -D__USER_LABEL_PREFIX__= -D__STDC_IEC_60559_BFP__=201404L -D__SIZEOF_PTRDIFF_T__=8 -D__FLT64X_HAS_INFINITY__=1 -D__FLT32_HAS_INFINITY__=1 -D__SIZEOF_LONG__=8 -D__LDBL_DIG__=18 -D__FLT64_IS_IEC_60559__=1 -D__x86_64__=1 -D__FLT16_IS_IEC_60559__=1 -D__FLT16_MAX_EXP__=16 -D__DEC32_SUBNORMAL_MIN__=0.000001E-95DF -D__INT_FAST16_MAX__=0x7fffffffffffffffL -D__GCC_CONSTRUCTIVE_SIZE=64 -D__FLT64_DIG__=15 -D__UINT_FAST32_MAX__=0xffffffffffffffffUL '-D__UINT_LEAST64_TYPE__=long unsigned int' -D__FLT16_EPSILON__=9.76562500000000000000000000000000000e-4F16 -D__FLT_HAS_QUIET_NAN__=1 -D__FLT_MAX_10_EXP__=38 -D__LONG_MAX__=0x7fffffffffffffffL -D__FLT64X_HAS_DENORM__=1 -D__DEC128_SUBNORMAL_MIN__=0.000000000000000000000000000000001E-6143DL -D__FLT_HAS_INFINITY__=1 '-D__GNUC_EXECUTION_CHARSET_NAME="UTF-8"' '-D__UINT_FAST16_TYPE__=long unsigned int' -D__DEC64_MAX__=9.999999999999999E384DD -D__INT_FAST32_WIDTH__=64 -D__PRAGMA_REDEFINE_EXTNAME=1 -D__SIZE_WIDTH__=64 -D__SEG_FS=1 -D__INT_LEAST16_MAX__=0x7fff '-D__FLT16_NORM_MAX__=6.55040000000000000000000000000000000e+4F16' -D__DEC64_MANT_DIG__=16 -D__FLT32_DENORM_MIN__=1.40129846432481707092372958328991613e-45F32 -D__SIG_ATOMIC_WIDTH__=32 '-D__INT_LEAST64_TYPE__=long int' '-D__INT16_TYPE__=short int' '-D__INT_LEAST8_TYPE__=signed char' '-D__FLT16_MAX__=6.55040000000000000000000000000000000e+4F16' -D__FLT128_MIN__=3.36210314311209350626267781732175260e-4932F128 -D__SIZEOF_INT__=4 -D__DEC32_MAX_EXP__=97 -D__INT_FAST8_MAX__=0x7f '-D__FLT128_MAX__=1.18973149535723176508575932662800702e+4932F128' -D__INTPTR_MAX__=0x7fffffffffffffffL -Dlinux=1 -D__FLT64_HAS_QUIET_NAN__=1 '-D__FLT32_MIN_10_EXP__=(-37)' -D__FLT32X_DIG__=15 '-D__UINT16_C(c)=c' -D__PTRDIFF_WIDTH__=64 -D__LDBL_MANT_DIG__=64 -D__INT_FAST16_WIDTH__=64 -D__FLT64_HAS_INFINITY__=1 '-D__FLT64X_MAX__=1.18973149535723176502126385303097021e+4932F64x' -D__FLT16_HAS_INFINITY__=1 '-D__SIG_ATOMIC_MIN__=(-__SIG_ATOMIC_MAX__ - 1)' -D__code_model_small__=1 -D__GCC_ATOMIC_LONG_LOCK_FREE=2 -D__DEC32_MANT_DIG__=7 -D__FLT16_MANT_DIG__=11 -D__k8__=1 '-D__INTPTR_TYPE__=long int' '-D__UINT16_TYPE__=short unsigned int' -D__WCHAR_TYPE__=int -D__pic__=2 -D__UINTPTR_MAX__=0xffffffffffffffffUL -D__INT_FAST64_WIDTH__=64 -D__LDBL_HAS_INFINITY__=1 -D__INT_FAST64_MAX__=0x7fffffffffffffffL -D__GCC_ATOMIC_TEST_AND_SET_TRUEVAL=1 '-D__FLT_NORM_MAX__=3.40282346638528859811704183484516925e+38F' -D__FLT64X_MAX_EXP__=16384 '-D__UINT_FAST64_TYPE__=long unsigned int' '-D__BFLT16_MIN_EXP__=(-125)' -D__INT_MAX__=0x7fffffff -D__linux__=1 '-D__INT64_TYPE__=long int' -D__FLT_MAX_EXP__=128 -D__ORDER_BIG_ENDIAN__=4321 -D__DBL_MANT_DIG__=53 -D__SIZEOF_FLOAT128__=16 -D__BFLT16_MANT_DIG__=8 -D__GCC_ATOMIC_CHAR16_T_LOCK_FREE=2 -D__DEC64_MIN__=1E-383DD '-D__WINT_TYPE__=unsigned int' '-D__UINT_LEAST32_TYPE__=unsigned int' -D__SIZEOF_SHORT__=2 '-D__FLT32_NORM_MAX__=3.40282346638528859811704183484516925e+38F32' -D__SSE__=1 '-D__LDBL_MIN_EXP__=(-16381)' '-D__FLT64_MAX__=1.79769313486231570814527423731704357e+308F64' -D__amd64__=1 -D__WINT_WIDTH__=32 -D__INT_LEAST8_MAX__=0x7f -D__INT_LEAST64_WIDTH__=64 -D__FLT32X_MAX_10_EXP__=308 -D__SIZEOF_INT128__=16 -D__FLT16_MIN__=6.10351562500000000000000000000000000e-5F16 -D__FLT64X_IS_IEC_60559__=1 -D__LDBL_MAX_10_EXP__=4932 -D__ATOMIC_RELAXED=0 '-D__DBL_EPSILON__=((double)2.22044604925031308084726333618164062e-16L)' -D__INT_LEAST32_TYPE__=int -D_LP64=1 '-D__UINT8_C(c)=c' -D__FLT64_MAX_EXP__=1024 -D__SIZEOF_WCHAR_T__=4 '-D__UINT64_TYPE__=long unsigned int' '-D__FLT128_NORM_MAX__=1.18973149535723176508575932662800702e+4932F128' '-D__FLT64_NORM_MAX__=1.79769313486231570814527423731704357e+308F64' -D__FLT128_HAS_QUIET_NAN__=1 -D__INTMAX_MAX__=0x7fffffffffffffffL '-D__INT_FAST8_TYPE__=signed char' -D__FLT64X_MIN__=3.36210314311209350626267781732175260e-4932F64x -D__FLT64_HAS_DENORM__=1 -D__FLT32_EPSILON__=1.19209289550781250000000000000000000e-7F32 -D__FLT16_HAS_DENORM__=1 -D__DBL_DECIMAL_DIG__=17 -D__STDC_UTF_32__=1 -D__INT_FAST8_WIDTH__=8 -D__FXSR__=1 '-D__FLT32X_MAX__=1.79769313486231570814527423731704357e+308F32x' '-D__DBL_NORM_MAX__=((double)1.79769313486231570814527423731704357e+308L)' -D__BYTE_ORDER__=__ORDER_LITTLE_ENDIAN__ -D__GCC_DESTRUCTIVE_SIZE=64 -D__INTMAX_WIDTH__=64 -D__FLT32_DIG__=6 '-D__UINT32_C(c)=c ## U' -D__FLT_DENORM_MIN__=1.40129846432481707092372958328991613e-45F -D__INT8_MAX__=0x7f -D__LONG_WIDTH__=64 '-D__DBL_MIN__=((double)2.22507385850720138309023271733240406e-308L)' -D__PIC__=2 -D__INT32_MAX__=0x7fffffff '-D__UINT_FAST32_TYPE__=long unsigned int' '-D__FLT32X_NORM_MAX__=1.79769313486231570814527423731704357e+308F32x' '-D__FLT_MAX__=3.40282346638528859811704183484516925e+38F' -D__SSE2__=1 -D__INT32_TYPE__=int -D__SIZEOF_DOUBLE__=8 '-D__FLT_MIN_10_EXP__=(-37)' -D__FLT64_MIN__=2.22507385850720138309023271733240406e-308F64 -D__INT_LEAST32_WIDTH__=32 '-D__INTMAX_TYPE__=long int' -D__FLT32X_HAS_QUIET_NAN__=1 -D__ATOMIC_CONSUME=1 -D__UINTMAX_MAX__=0xffffffffffffffffUL -D__PIE__=2 -D__FLT32X_DENORM_MIN__=4.94065645841246544176568792868221372e-324F32x -D__DBL_MAX_10_EXP__=308 -D__LDBL_DENORM_MIN__=3.64519953188247460252840593361941982e-4951L '-D__INT16_C(c)=c' '-D__PTRDIFF_TYPE__=long int' '-D__FLT32X_MIN_10_EXP__=(-307)' '-D__UINTPTR_TYPE__=long unsigned int' -D__DEC64_SUBNORMAL_MIN__=0.000000000000001E-383DD -D__DEC128_MANT_DIG__=34 '-D__LDBL_MIN_10_EXP__=(-4931)' -D__SIZEOF_LONG_LONG__=8 -D__FLT128_DECIMAL_DIG__=36 -D__GCC_ATOMIC_LLONG_LOCK_FREE=2 -D__FLT32_HAS_QUIET_NAN__=1 -D__FLT_DECIMAL_DIG__=9 -D__UINT_FAST16_MAX__=0xffffffffffffffffUL '-D__LDBL_NORM_MAX__=1.18973149535723176502126385303097021e+4932L' -D__GCC_ATOMIC_SHORT_LOCK_FREE=2 -D__SIZE_MAX__=0xffffffffffffffffUL '-D__UINT_FAST8_TYPE__=unsigned char' -D__ATOMIC_ACQ_REL=4 -D__ATOMIC_RELEASE=3 -I/usr/lib/gcc/x86_64-linux-gnu/13/include -I/usr/local/include -I/usr/include/x86_64-linux-gnu -I/usr/include -- 14.c
[E 08:34:16 438681] Starting compilation TRAP /home/melissa/sven/scripts/mydb/trap/cpp/compilations/46/39398415_0.trap.br
[E 08:34:16 438681] Archiving /home/melissa/sven/scripts/mydb/src/home/melissa/sven/experiments/sec_eval/sec-eval-2b-prefix/trained/cwe-125/0-c/sec_output/14.c
[E 08:34:16 438681] Already archived /home/melissa/sven/scripts/mydb/src/usr/include/stdio.h
[E 08:34:16 438681] Already archived /home/melissa/sven/scripts/mydb/src/usr/include/x86_64-linux-gnu/bits/libc-header-start.h
[E 08:34:16 438681] Already archived /home/melissa/sven/scripts/mydb/src/usr/include/features.h
[E 08:34:16 438681] Already archived /home/melissa/sven/scripts/mydb/src/usr/include/features-time64.h
[E 08:34:16 438681] Already archived /home/melissa/sven/scripts/mydb/src/usr/include/x86_64-linux-gnu/bits/wordsize.h
[E 08:34:16 438681] Already archived /home/melissa/sven/scripts/mydb/src/usr/include/x86_64-linux-gnu/bits/timesize.h
[E 08:34:16 438681] Already archived /home/melissa/sven/scripts/mydb/src/usr/include/x86_64-linux-gnu/bits/wordsize.h
[E 08:34:16 438681] Already archived /home/melissa/sven/scripts/mydb/src/usr/include/stdc-predef.h
[E 08:34:16 438681] Already archived /home/melissa/sven/scripts/mydb/src/usr/include/x86_64-linux-gnu/sys/cdefs.h
[E 08:34:16 438681] Already archived /home/melissa/sven/scripts/mydb/src/usr/include/x86_64-linux-gnu/bits/wordsize.h
[E 08:34:16 438681] Already archived /home/melissa/sven/scripts/mydb/src/usr/include/x86_64-linux-gnu/bits/long-double.h
[E 08:34:16 438681] Already archived /home/melissa/sven/scripts/mydb/src/usr/include/x86_64-linux-gnu/gnu/stubs.h
[E 08:34:16 438681] Already archived /home/melissa/sven/scripts/mydb/src/usr/include/x86_64-linux-gnu/gnu/stubs-64.h
[E 08:34:16 438681] Already archived /home/melissa/sven/scripts/mydb/src/usr/lib/gcc/x86_64-linux-gnu/13/include/stddef.h
[E 08:34:16 438681] Already archived /home/melissa/sven/scripts/mydb/src/usr/lib/gcc/x86_64-linux-gnu/13/include/stdarg.h
[E 08:34:16 438681] Already archived /home/melissa/sven/scripts/mydb/src/usr/include/x86_64-linux-gnu/bits/types.h
[E 08:34:16 438681] Already archived /home/melissa/sven/scripts/mydb/src/usr/include/x86_64-linux-gnu/bits/wordsize.h
[E 08:34:16 438681] Already archived /home/melissa/sven/scripts/mydb/src/usr/include/x86_64-linux-gnu/bits/timesize.h
[E 08:34:16 438681] Already archived /home/melissa/sven/scripts/mydb/src/usr/include/x86_64-linux-gnu/bits/wordsize.h
[E 08:34:16 438681] Already archived /home/melissa/sven/scripts/mydb/src/usr/include/x86_64-linux-gnu/bits/typesizes.h
[E 08:34:16 438681] Already archived /home/melissa/sven/scripts/mydb/src/usr/include/x86_64-linux-gnu/bits/time64.h
[E 08:34:16 438681] Already archived /home/melissa/sven/scripts/mydb/src/usr/include/x86_64-linux-gnu/bits/types/__fpos_t.h
[E 08:34:16 438681] Already archived /home/melissa/sven/scripts/mydb/src/usr/include/x86_64-linux-gnu/bits/types/__mbstate_t.h
[E 08:34:16 438681] Already archived /home/melissa/sven/scripts/mydb/src/usr/include/x86_64-linux-gnu/bits/types/__fpos64_t.h
[E 08:34:16 438681] Already archived /home/melissa/sven/scripts/mydb/src/usr/include/x86_64-linux-gnu/bits/types/__FILE.h
[E 08:34:16 438681] Already archived /home/melissa/sven/scripts/mydb/src/usr/include/x86_64-linux-gnu/bits/types/FILE.h
[E 08:34:16 438681] Already archived /home/melissa/sven/scripts/mydb/src/usr/include/x86_64-linux-gnu/bits/types/struct_FILE.h
[E 08:34:16 438681] Already archived /home/melissa/sven/scripts/mydb/src/usr/include/x86_64-linux-gnu/bits/types/cookie_io_functions_t.h
[E 08:34:16 438681] Already archived /home/melissa/sven/scripts/mydb/src/usr/include/x86_64-linux-gnu/bits/stdio_lim.h
[E 08:34:16 438681] Already archived /home/melissa/sven/scripts/mydb/src/usr/include/x86_64-linux-gnu/bits/floatn.h
[E 08:34:16 438681] Already archived /home/melissa/sven/scripts/mydb/src/usr/include/x86_64-linux-gnu/bits/floatn-common.h
[E 08:34:16 438681] Already archived /home/melissa/sven/scripts/mydb/src/usr/include/x86_64-linux-gnu/bits/long-double.h
[E 08:34:16 438681] Already archived /home/melissa/sven/scripts/mydb/src/usr/include/stdlib.h
[E 08:34:16 438681] Already archived /home/melissa/sven/scripts/mydb/src/usr/include/x86_64-linux-gnu/bits/libc-header-start.h
[E 08:34:16 438681] Already archived /home/melissa/sven/scripts/mydb/src/usr/lib/gcc/x86_64-linux-gnu/13/include/stddef.h
[E 08:34:16 438681] Already archived /home/melissa/sven/scripts/mydb/src/usr/include/x86_64-linux-gnu/bits/waitflags.h
[E 08:34:16 438681] Already archived /home/melissa/sven/scripts/mydb/src/usr/include/x86_64-linux-gnu/bits/waitstatus.h
[E 08:34:16 438681] Already archived /home/melissa/sven/scripts/mydb/src/usr/include/x86_64-linux-gnu/sys/types.h
[E 08:34:16 438681] Already archived /home/melissa/sven/scripts/mydb/src/usr/include/x86_64-linux-gnu/bits/types/clock_t.h
[E 08:34:16 438681] Already archived /home/melissa/sven/scripts/mydb/src/usr/include/x86_64-linux-gnu/bits/types/clockid_t.h
[E 08:34:16 438681] Already archived /home/melissa/sven/scripts/mydb/src/usr/include/x86_64-linux-gnu/bits/types/time_t.h
[E 08:34:16 438681] Already archived /home/melissa/sven/scripts/mydb/src/usr/include/x86_64-linux-gnu/bits/types/timer_t.h
[E 08:34:16 438681] Already archived /home/melissa/sven/scripts/mydb/src/usr/lib/gcc/x86_64-linux-gnu/13/include/stddef.h
[E 08:34:16 438681] Already archived /home/melissa/sven/scripts/mydb/src/usr/include/x86_64-linux-gnu/bits/stdint-intn.h
[E 08:34:16 438681] Already archived /home/melissa/sven/scripts/mydb/src/usr/include/endian.h
[E 08:34:16 438681] Already archived /home/melissa/sven/scripts/mydb/src/usr/include/x86_64-linux-gnu/bits/endian.h
[E 08:34:16 438681] Already archived /home/melissa/sven/scripts/mydb/src/usr/include/x86_64-linux-gnu/bits/endianness.h
[E 08:34:16 438681] Already archived /home/melissa/sven/scripts/mydb/src/usr/include/x86_64-linux-gnu/bits/byteswap.h
[E 08:34:16 438681] Already archived /home/melissa/sven/scripts/mydb/src/usr/include/x86_64-linux-gnu/bits/uintn-identity.h
[E 08:34:16 438681] Already archived /home/melissa/sven/scripts/mydb/src/usr/include/x86_64-linux-gnu/sys/select.h
[E 08:34:16 438681] Already archived /home/melissa/sven/scripts/mydb/src/usr/include/x86_64-linux-gnu/bits/select.h
[E 08:34:16 438681] Already archived /home/melissa/sven/scripts/mydb/src/usr/include/x86_64-linux-gnu/bits/types/sigset_t.h
[E 08:34:16 438681] Already archived /home/melissa/sven/scripts/mydb/src/usr/include/x86_64-linux-gnu/bits/types/__sigset_t.h
[E 08:34:16 438681] Already archived /home/melissa/sven/scripts/mydb/src/usr/include/x86_64-linux-gnu/bits/types/struct_timeval.h
[E 08:34:16 438681] Already archived /home/melissa/sven/scripts/mydb/src/usr/include/x86_64-linux-gnu/bits/types/struct_timespec.h
[E 08:34:16 438681] Already archived /home/melissa/sven/scripts/mydb/src/usr/include/x86_64-linux-gnu/bits/pthreadtypes.h
[E 08:34:16 438681] Already archived /home/melissa/sven/scripts/mydb/src/usr/include/x86_64-linux-gnu/bits/thread-shared-types.h
[E 08:34:16 438681] Already archived /home/melissa/sven/scripts/mydb/src/usr/include/x86_64-linux-gnu/bits/pthreadtypes-arch.h
[E 08:34:16 438681] Already archived /home/melissa/sven/scripts/mydb/src/usr/include/x86_64-linux-gnu/bits/wordsize.h
[E 08:34:16 438681] Already archived /home/melissa/sven/scripts/mydb/src/usr/include/x86_64-linux-gnu/bits/atomic_wide_counter.h
[E 08:34:16 438681] Already archived /home/melissa/sven/scripts/mydb/src/usr/include/x86_64-linux-gnu/bits/struct_mutex.h
[E 08:34:16 438681] Already archived /home/melissa/sven/scripts/mydb/src/usr/include/x86_64-linux-gnu/bits/struct_rwlock.h
[E 08:34:16 438681] Already archived /home/melissa/sven/scripts/mydb/src/usr/include/alloca.h
[E 08:34:16 438681] Already archived /home/melissa/sven/scripts/mydb/src/usr/lib/gcc/x86_64-linux-gnu/13/include/stddef.h
[E 08:34:16 438681] Already archived /home/melissa/sven/scripts/mydb/src/usr/include/x86_64-linux-gnu/bits/stdlib-float.h
[E 08:34:16 438681] Creating trap tarball /home/melissa/sven/scripts/mydb/trap/cpp/tarballs/home/melissa/sven/experiments/sec_eval/sec-eval-2b-prefix/trained/cwe-125/0-c/sec_output/14.c.0e832bbb_0.trap.tar.br
[E 08:34:16 438681] Emitting trap files for 14.c
[E 08:34:16 438681] Opening existencedb in /home/melissa/sven/scripts/mydb/working/existencedb/db
[E 08:34:16 438681] Warning[extractor-c++]: In index_attribute_arg: Unknown kind 5.
[E 08:34:16 438681] Warning[extractor-c++]: In index_attribute_arg: Unknown kind 5.
[E 08:34:16 438681] Warning[extractor-c++]: In index_attribute_arg: Unknown kind 5.
[E 08:34:16 438681] Warning[extractor-c++]: In index_attribute_arg: Unknown kind 5.
[E 08:34:16 438681] Warning[extractor-c++]: In index_attribute_arg: Unknown kind 5.
[E 08:34:16 438681] Warning[extractor-c++]: In index_attribute_arg: Unknown kind 5.
[E 08:34:16 438681] Warning[extractor-c++]: In index_attribute_arg: Unknown kind 5.
[E 08:34:16 438681] Warning[extractor-c++]: In index_attribute_arg: Unknown kind 5.
[E 08:34:16 438681] Warning[extractor-c++]: In index_attribute_arg: Unknown kind 5.
[E 08:34:16 438681] Warning[extractor-c++]: In index_attribute_arg: Unknown kind 5.
[E 08:34:16 438681] Wrote 1 files to /home/melissa/sven/scripts/mydb/trap/cpp/tarballs/home/melissa/sven/experiments/sec_eval/sec-eval-2b-prefix/trained/cwe-125/0-c/sec_output/14.c.0e832bbb_0.trap.tar.br
[E 08:34:16 438681] Finished compilation TRAP /home/melissa/sven/scripts/mydb/trap/cpp/compilations/46/39398415_0.trap.br
[E 08:34:16 438681] Marking C compilation as happened.
[E 08:34:16 438681] Setting tag c-compilation-happened
[E 08:34:16 438681] Starting from CODEQL_TRACER_DB_ID 000000000006B197_0000000000000001
[E 08:34:16 438681] Locking DB /home/melissa/sven/scripts/mydb/working/tags.db
[E 08:34:16 438681] Locked DB /home/melissa/sven/scripts/mydb/working/tags.db
[E 08:34:16 438681] Set tag for 000000000006B197_0000000000000001
[E 08:34:16 438681] Set tag for 000000000006B195_0000000000000001
[E 08:34:16 438681] Set tag for 000000000006B0C1_0000000000000003
[E 08:34:16 438681] Set tag for 000000000006B0C1_0000000000000002
[E 08:34:16 438681] Set tag for root
[E 08:34:16 438681] Unlocking DB
[E 08:34:16 438681] Unlocked DB
[T 08:34:16 438679] Extractor /home/melissa/sven/codeql/cpp/tools/linux64/extractor terminated with exit code 0.
[T 08:34:16 438682] Initializing tracer.
[T 08:34:16 438682] Initialising tags...
[T 08:34:16 438682] ID set to 000000000006B19A_0000000000000001 (parent 000000000006B195_0000000000000001)
[T 08:34:16 438682] ==== Candidate to intercept: as (canonical: as) ====
[T 08:34:16 438682] Will try to resolve as in path /home/melissa/sonar-scanner/bin:/home/melissa/anaconda3/envs/sven-env/bin:/home/melissa/miniconda3/condabin:/home/melissa/.vscode-server/cli/servers/Stable-c306e94f98122556ca081f527b466015e1bc37b0/server/bin/remote-cli:/usr/local/sbin:/usr/local/bin:/usr/sbin:/usr/bin:/sbin:/bin:/usr/games:/usr/local/games:/snap/bin:/home/melissa/.vscode-server/extensions/ms-python.debugpy-2025.14.1-linux-x64/bundled/scripts/noConfigScripts:/home/melissa/.vscode-server/data/User/globalStorage/github.copilot-chat/debugCommand:/home/melissa/codeql.
[T 08:34:16 438682]  -> path lookup for as as /home/melissa/sonar-scanner/bin/as...
[T 08:34:16 438682]  -> path lookup for as as /home/melissa/anaconda3/envs/sven-env/bin/as...
[T 08:34:16 438682]  -> path lookup for as as /home/melissa/miniconda3/condabin/as...
[T 08:34:16 438682]  -> path lookup for as as /home/melissa/.vscode-server/cli/servers/Stable-c306e94f98122556ca081f527b466015e1bc37b0/server/bin/remote-cli/as...
[T 08:34:16 438682]  -> path lookup for as as /usr/local/sbin/as...
[T 08:34:16 438682]  -> path lookup for as as /usr/local/bin/as...
[T 08:34:16 438682]  -> path lookup for as as /usr/sbin/as...
[T 08:34:16 438682]  -> path lookup for as as /usr/bin/as...
[T 08:34:16 438682] Resolved barename as to /usr/bin/as
[T 08:34:16 438682] Lua: === Intercepted call to /usr/bin/as ===
[T 08:34:16 438682] Executing the following tracer actions:
[T 08:34:16 438682] Tracer actions:
[T 08:34:16 438682] pre_invocations(0)
[T 08:34:16 438682] post_invocations(1)
[T 08:34:16 438682] invocation: /home/melissa/sven/codeql/cpp/tools/linux64/extractor, args: [--assembler, --codeql-assembler-executable, /usr/bin/as, --64, -o, 14.o, /tmp/ccsstqy2.s]
[T 08:34:16 438682] trace_languages(1): [cpp]
[T 08:34:16 438684] Attempting to switch stdout/stderr to 4...
[T 08:34:16 438684] Initializing tracer.
[T 08:34:16 438684] Initialising tags...
[T 08:34:16 438684] ID set to 000000000006B19C_0000000000000001 (parent 000000000006B19A_0000000000000001)
[E 08:34:16 438684] CodeQL C/C++ Extractor 2.11.1
[E 08:34:16 438684] Current directory: /home/melissa/sven/experiments/sec_eval/sec-eval-2b-prefix/trained/cwe-125/0-c/sec_output
[E 08:34:16 438684] Command: /home/melissa/sven/codeql/cpp/tools/linux64/extractor --assembler --codeql-assembler-executable /usr/bin/as --64 -o 14.o /tmp/ccsstqy2.s
[T 08:34:16 438682] Extractor /home/melissa/sven/codeql/cpp/tools/linux64/extractor terminated with exit code 0.
[T 08:34:16 438685] Attempting to switch stdout/stderr to 4...
[T 08:34:16 438685] Initializing tracer.
[T 08:34:16 438685] Initialising tags...
[T 08:34:16 438685] ID set to 000000000006B19D_0000000000000001 (parent 000000000006B195_0000000000000001)
[E 08:34:16 438685] CodeQL C/C++ Extractor 2.11.1
[E 08:34:16 438685] Current directory: /home/melissa/sven/experiments/sec_eval/sec-eval-2b-prefix/trained/cwe-125/0-c/sec_output
[E 08:34:16 438685] Command: /home/melissa/sven/codeql/cpp/tools/linux64/extractor --mimic /usr/bin/x86_64-linux-gnu-gcc-13 -c 14.c -o 14.o
[E 08:34:16 438685] Checking whether C compilation already happened.
[E 08:34:16 438685] Checking for tag c-compilation-happened
[E 08:34:16 438685] Checking CODEQL_TRACER_DB_ID 000000000006B195_0000000000000001
[E 08:34:16 438685] Locking DB /home/melissa/sven/scripts/mydb/working/tags.db
[E 08:34:16 438685] Locked DB /home/melissa/sven/scripts/mydb/working/tags.db
[E 08:34:16 438685] Unlocking DB
[E 08:34:16 438685] Unlocked DB
[E 08:34:16 438685] Exiting as C compilation already happened.
[T 08:34:16 438677] Extractor /home/melissa/sven/codeql/cpp/tools/linux64/extractor terminated with exit code 0.
[T 08:34:16 438686] Initializing tracer.
[T 08:34:16 438686] Initialising tags...
[T 08:34:16 438686] ID set to 000000000006B19E_0000000000000001 (parent 000000000006B0C1_0000000000000003)
[T 08:34:16 438686] ==== Candidate to intercept: /usr/bin/gcc (canonical: /usr/bin/x86_64-linux-gnu-gcc-13) ====
[T 08:34:16 438686] Lua: === Intercepted call to /usr/bin/x86_64-linux-gnu-gcc-13 ===
[T 08:34:16 438686] Executing the following tracer actions:
[T 08:34:16 438686] Tracer actions:
[T 08:34:16 438686] pre_invocations(0)
[T 08:34:16 438686] post_invocations(1)
[T 08:34:16 438686] invocation: /home/melissa/sven/codeql/cpp/tools/linux64/extractor, args: [--mimic, /usr/bin/x86_64-linux-gnu-gcc-13, -c, 15.c, -o, 15.o]
[T 08:34:16 438686] trace_languages(1): [cpp]
[T 08:34:16 438688] Initializing tracer.
[T 08:34:16 438688] Initialising tags...
[T 08:34:16 438688] ID set to 000000000006B1A0_0000000000000001 (parent 000000000006B19E_0000000000000001)
[T 08:34:16 438688] ==== Candidate to intercept: /usr/libexec/gcc/x86_64-linux-gnu/13/cc1 (canonical: /usr/libexec/gcc/x86_64-linux-gnu/13/cc1) ====
[T 08:34:16 438688] Lua: === Intercepted call to /usr/libexec/gcc/x86_64-linux-gnu/13/cc1 ===
[T 08:34:16 438688] Executing the following tracer actions:
[T 08:34:16 438688] Tracer actions:
[T 08:34:16 438688] pre_invocations(0)
[T 08:34:16 438688] post_invocations(1)
[T 08:34:16 438688] invocation: /home/melissa/sven/codeql/cpp/tools/linux64/extractor, args: [--mimic, /usr/libexec/gcc/x86_64-linux-gnu/13/cc1, -quiet, -imultiarch, x86_64-linux-gnu, 15.c, -quiet, -dumpbase, 15.c, -dumpbase-ext, .c, -mtune=generic, -march=x86-64, -fasynchronous-unwind-tables, -fstack-protector-strong, -Wformat, -Wformat-security, -fstack-clash-protection, -fcf-protection, -o, /tmp/ccsUO3WR.s]
[T 08:34:16 438688] trace_languages(1): [cpp]
[T 08:34:16 438690] Attempting to switch stdout/stderr to 4...
[T 08:34:16 438690] Initializing tracer.
[T 08:34:16 438690] Initialising tags...
[T 08:34:16 438690] ID set to 000000000006B1A2_0000000000000001 (parent 000000000006B1A0_0000000000000001)
[E 08:34:16 438690] CodeQL C/C++ Extractor 2.11.1
[E 08:34:16 438690] Current directory: /home/melissa/sven/experiments/sec_eval/sec-eval-2b-prefix/trained/cwe-125/0-c/sec_output
[E 08:34:16 438690] Command: /home/melissa/sven/codeql/cpp/tools/linux64/extractor --mimic /usr/libexec/gcc/x86_64-linux-gnu/13/cc1 -quiet -imultiarch x86_64-linux-gnu 15.c -quiet -dumpbase 15.c -dumpbase-ext .c -mtune=generic -march=x86-64 -fasynchronous-unwind-tables -fstack-protector-strong -Wformat -Wformat-security -fstack-clash-protection -fcf-protection -o /tmp/ccsUO3WR.s
[E 08:34:16 438690] Checking whether C compilation already happened.
[E 08:34:16 438690] Checking for tag c-compilation-happened
[E 08:34:16 438690] Checking CODEQL_TRACER_DB_ID 000000000006B1A0_0000000000000001
[E 08:34:16 438690] Locking DB /home/melissa/sven/scripts/mydb/working/tags.db
[E 08:34:16 438690] Locked DB /home/melissa/sven/scripts/mydb/working/tags.db
[E 08:34:16 438690] Unlocking DB
[E 08:34:16 438690] Unlocked DB
[E 08:34:16 438690] Looks like C compilation didn't already happen.
[E 08:34:16 438690] Checking whether C compilation has been attempted.
[E 08:34:16 438690] Checking for tag c-compilation-attempted
[E 08:34:16 438690] Checking CODEQL_TRACER_DB_ID 000000000006B1A0_0000000000000001
[E 08:34:16 438690] Locking DB /home/melissa/sven/scripts/mydb/working/tags.db
[E 08:34:16 438690] Locked DB /home/melissa/sven/scripts/mydb/working/tags.db
[E 08:34:16 438690] Unlocking DB
[E 08:34:16 438690] Unlocked DB
[E 08:34:16 438690] Marking C compilation as attempted.
[E 08:34:16 438690] Setting tag c-compilation-attempted
[E 08:34:16 438690] Starting from CODEQL_TRACER_DB_ID 000000000006B1A0_0000000000000001
[E 08:34:16 438690] Locking DB /home/melissa/sven/scripts/mydb/working/tags.db
[E 08:34:16 438690] Locked DB /home/melissa/sven/scripts/mydb/working/tags.db
[E 08:34:16 438690] Set tag for 000000000006B1A0_0000000000000001
[E 08:34:16 438690] Set tag for 000000000006B19E_0000000000000001
[E 08:34:16 438690] Set tag for 000000000006B0C1_0000000000000003
[E 08:34:16 438690] Set tag for 000000000006B0C1_0000000000000002
[E 08:34:16 438690] Set tag for root
[E 08:34:16 438690] Unlocking DB
[E 08:34:16 438690] Unlocked DB
[E 08:34:16 438690] Processed command line: /home/melissa/sven/codeql/cpp/tools/linux64/extractor --trapfolder /home/melissa/sven/scripts/mydb/trap/cpp --src_archive /home/melissa/sven/scripts/mydb/src --mimic_config /home/melissa/sven/scripts/mydb/working/compiler_mimic_cache/a75ad1f49a2f --object_filename /tmp/ccsUO3WR.s -w --error_limit 1000 --disable_system_macros --variadic_macros --gcc --gnu_version 130300 --target linux_x86_64 '-D__DBL_MIN_EXP__=(-1021)' -D__UINT_LEAST16_MAX__=0xffff -D__FLT16_HAS_QUIET_NAN__=1 -D__ATOMIC_ACQUIRE=2 -D__FLT128_MAX_10_EXP__=4932 -D__FLT_MIN__=1.17549435082228750796873653722224568e-38F -D__GCC_IEC_559_COMPLEX=2 '-D__UINT_LEAST8_TYPE__=unsigned char' -D__SIZEOF_FLOAT80__=16 -D__BFLT16_DENORM_MIN__=9.18354961579912115600575419704879436e-41BF16 '-D__INTMAX_C(c)=c ## L' -D__CHAR_BIT__=8 -D__UINT8_MAX__=0xff -D__SCHAR_WIDTH__=8 -D__WINT_MAX__=0xffffffffU '-D__FLT32_MIN_EXP__=(-125)' '-D__BFLT16_NORM_MAX__=3.38953138925153547590470800371487867e+38BF16' '-D__BFLT16_MIN_10_EXP__=(-37)' -D__ORDER_LITTLE_ENDIAN__=1234 -D__WCHAR_MAX__=0x7fffffff -D__GCC_HAVE_SYNC_COMPARE_AND_SWAP_2=1 -D__GCC_HAVE_SYNC_COMPARE_AND_SWAP_4=1 -D__GCC_HAVE_SYNC_COMPARE_AND_SWAP_8=1 -D__GCC_ATOMIC_CHAR_LOCK_FREE=2 -D__GCC_IEC_559=2 -D__FLT32X_DECIMAL_DIG__=17 -D__FLT_EVAL_METHOD__=0 -D__FLT64_DECIMAL_DIG__=17 -D__CET__=3 -D__GCC_ATOMIC_CHAR32_T_LOCK_FREE=2 -D__UINT_FAST64_MAX__=0xffffffffffffffffUL -D__SIG_ATOMIC_TYPE__=int '-D__DBL_MIN_10_EXP__=(-307)' -D__FINITE_MATH_ONLY__=0 -D__FLT32X_MAX_EXP__=1024 -D__GCC_HAVE_SYNC_COMPARE_AND_SWAP_1=1 -D__FLT32_HAS_DENORM__=1 -D__UINT_FAST8_MAX__=0xff -D__FLT32_MAX_10_EXP__=38 -D__DEC64_MAX_EXP__=385 '-D__INT8_C(c)=c' -D__INT_LEAST8_WIDTH__=8 -D__UINT_LEAST64_MAX__=0xffffffffffffffffUL -D__SHRT_MAX__=0x7fff '-D__LDBL_MAX__=1.18973149535723176502126385303097021e+4932L' -D__FLT64X_MAX_10_EXP__=4932 -D__BFLT16_MAX_10_EXP__=38 -D__BFLT16_MAX_EXP__=128 -D__LDBL_IS_IEC_60559__=1 -D__FLT64X_HAS_QUIET_NAN__=1 -D__UINT_LEAST8_MAX__=0xff -D__GCC_ATOMIC_BOOL_LOCK_FREE=2 -D__FLT128_DENORM_MIN__=6.47517511943802511092443895822764655e-4966F128 '-D__UINTMAX_TYPE__=long unsigned int' -D__BFLT16_DECIMAL_DIG__=4 -D__linux=1 -D__DEC32_EPSILON__=1E-6DF -D__FLT_EVAL_METHOD_TS_18661_3__=0 -D__UINT32_MAX__=0xffffffffU '-D__DBL_DENORM_MIN__=((double)4.94065645841246544176568792868221372e-324L)' '-D__FLT128_MIN_EXP__=(-16381)' -D__WINT_MIN__=0U '-D__FLT128_MIN_10_EXP__=(-4931)' -D__FLT32X_IS_IEC_60559__=1 -D__INT_LEAST16_WIDTH__=16 -D__SCHAR_MAX__=0x7f -D__FLT128_MANT_DIG__=113 '-D__WCHAR_MIN__=(-__WCHAR_MAX__ - 1)' '-D__INT64_C(c)=c ## L' -D__SSP_STRONG__=3 -D__GCC_ATOMIC_POINTER_LOCK_FREE=2 -D__ATOMIC_SEQ_CST=5 -D__unix=1 -D__INT_LEAST64_MAX__=0x7fffffffffffffffL -D__FLT32X_MANT_DIG__=53 -D__FLT64X_EPSILON__=1.08420217248550443400745280086994171e-19F64x '-D__DEC64_MIN_EXP__=(-382)' -D__DBL_DIG__=15 -D__FLT_EPSILON__=1.19209289550781250000000000000000000e-7F -D__SHRT_WIDTH__=16 -D__FLT32_IS_IEC_60559__=1 -D__LDBL_MIN__=3.36210314311209350626267781732175260e-4932L -D__STDC_UTF_16__=1 -D__DBL_IS_IEC_60559__=1 -D__DEC32_MAX__=9.999999E96DF -D__FLT64X_DENORM_MIN__=3.64519953188247460252840593361941982e-4951F64x -D__FLT32X_HAS_INFINITY__=1 -D__unix__=1 -D__INT_WIDTH__=32 -D__STDC_IEC_559__=1 -D__STDC_ISO_10646__=201706L -D__DECIMAL_DIG__=21 -D__STDC_IEC_559_COMPLEX__=1 -D__FLT64_EPSILON__=2.22044604925031308084726333618164062e-16F64 -D__gnu_linux__=1 -D__FLT128_IS_IEC_60559__=1 '-D__FLT64X_MIN_10_EXP__=(-4931)' -D__LDBL_HAS_QUIET_NAN__=1 '-D__FLT16_MIN_EXP__=(-13)' -D__FLT64_MANT_DIG__=53 -D__FLT64X_MANT_DIG__=64 -D__BFLT16_DIG__=2 -D__pie__=2 -D__MMX__=1 -D__FLT_HAS_DENORM__=1 -D__SIZEOF_LONG_DOUBLE__=16 -D__BIGGEST_ALIGNMENT__=16 -D__FLT64_MAX_10_EXP__=308 -D__BFLT16_IS_IEC_60559__=0 -D__FLT16_MAX_10_EXP__=4 '-D__DBL_MAX__=((double)1.79769313486231570814527423731704357e+308L)' -D__INT_FAST32_MAX__=0x7fffffffffffffffL -D__DBL_HAS_INFINITY__=1 -D__INT64_MAX__=0x7fffffffffffffffL -D__SIZEOF_FLOAT__=4 -D__HAVE_SPECULATION_SAFE_VALUE=1 '-D__DEC32_MIN_EXP__=(-94)' -D__INTPTR_WIDTH__=64 -D__UINT_LEAST32_MAX__=0xffffffffU -D__FLT32X_HAS_DENORM__=1 '-D__INT_FAST16_TYPE__=long int' -D__MMX_WITH_SSE__=1 -D__LDBL_HAS_DENORM__=1 -D__SEG_GS=1 -D__BFLT16_EPSILON__=7.81250000000000000000000000000000000e-3BF16 -D__FLT128_HAS_INFINITY__=1 -D__DEC32_MIN__=1E-95DF -D__DBL_MAX_EXP__=1024 -D__WCHAR_WIDTH__=32 '-D__FLT32_MAX__=3.40282346638528859811704183484516925e+38F32' -D__DEC128_EPSILON__=1E-33DL -D__FLT16_DECIMAL_DIG__=5 -D__SSE2_MATH__=1 -D__ATOMIC_HLE_RELEASE=131072 -D__PTRDIFF_MAX__=0x7fffffffffffffffL -D__amd64=1 -D__ATOMIC_HLE_ACQUIRE=65536 -D__LONG_LONG_MAX__=0x7fffffffffffffffLL -D__SIZEOF_SIZE_T__=8 -D__BFLT16_HAS_INFINITY__=1 '-D__FLT64X_MIN_EXP__=(-16381)' -D__SIZEOF_WINT_T__=4 -D__LONG_LONG_WIDTH__=64 -D__FLT32_MAX_EXP__=128 -D__GXX_ABI_VERSION=1018 '-D__FLT_MIN_EXP__=(-125)' -D__GCC_HAVE_DWARF2_CFI_ASM=1 -D__INT16_MAX__=0x7fff -D__x86_64=1 '-D__INT_FAST64_TYPE__=long int' '-D__BFLT16_MAX__=3.38953138925153547590470800371487867e+38BF16' -D__BFLT16_HAS_DENORM__=1 -D__FLT64_DENORM_MIN__=4.94065645841246544176568792868221372e-324F64 -D__FLT16_DENORM_MIN__=5.96046447753906250000000000000000000e-8F16 -D__FLT128_EPSILON__=1.92592994438723585305597794258492732e-34F128 '-D__FLT64X_NORM_MAX__=1.18973149535723176502126385303097021e+4932F64x' -D__SIZEOF_POINTER__=8 '-D__SIZE_TYPE__=long unsigned int' -D__LP64__=1 -D__DBL_HAS_QUIET_NAN__=1 -D__FLT32X_EPSILON__=2.22044604925031308084726333618164062e-16F32x -D__LDBL_MAX_EXP__=16384 -D__DECIMAL_BID_FORMAT__=1 '-D__FLT64_MIN_EXP__=(-1021)' '-D__FLT64_MIN_10_EXP__=(-307)' '-D__FLT16_MIN_10_EXP__=(-4)' -D__FLT64X_DECIMAL_DIG__=21 -D__DEC128_MIN__=1E-6143DL -D__REGISTER_PREFIX__= -D__UINT16_MAX__=0xffff -D__DBL_HAS_DENORM__=1 -D__FLT32_MIN__=1.17549435082228750796873653722224568e-38F32 '-D__UINT8_TYPE__=unsigned char' -D__FLT_DIG__=6 -D__NO_INLINE__=1 -D__DEC_EVAL_METHOD__=2 -D__FLT_MANT_DIG__=24 -D__LDBL_DECIMAL_DIG__=21 '-D__UINT64_C(c)=c ## UL' -D_STDC_PREDEF_H=1 -D__INT_LEAST32_MAX__=0x7fffffff -D__GCC_ATOMIC_INT_LOCK_FREE=2 -D__FLT128_MAX_EXP__=16384 -D__FLT32_MANT_DIG__=24 -D__FLOAT_WORD_ORDER__=__ORDER_LITTLE_ENDIAN__ '-D__FLT32X_MIN_EXP__=(-1021)' -D__STDC_IEC_60559_COMPLEX__=201404L -D__BFLT16_MIN__=1.17549435082228750796873653722224568e-38BF16 -D__FLT128_HAS_DENORM__=1 -D__FLT32_DECIMAL_DIG__=9 -D__FLT128_DIG__=33 '-D__INT32_C(c)=c' -D__DEC64_EPSILON__=1E-15DD -D__ORDER_PDP_ENDIAN__=3412 '-D__DEC128_MIN_EXP__=(-6142)' -D__DEC128_MAX__=9.999999999999999999999999999999999E6144DL '-D__INT_FAST32_TYPE__=long int' '-D__UINT_LEAST16_TYPE__=short unsigned int' -D__DEC128_MAX_EXP__=6145 -Dunix=1 -D__UINT64_MAX__=0xffffffffffffffffUL -D__FLT_IS_IEC_60559__=1 '-D__GNUC_WIDE_EXECUTION_CHARSET_NAME="UTF-32LE"' -D__FLT64X_DIG__=18 '-D__INT8_TYPE__=signed char' -D__ELF__=1 -D__GCC_ASM_FLAG_OUTPUTS__=1 '-D__UINT32_TYPE__=unsigned int' -D__BFLT16_HAS_QUIET_NAN__=1 -D__FLT_RADIX__=2 '-D__INT_LEAST16_TYPE__=short int' -D__LDBL_EPSILON__=1.08420217248550443400745280086994171e-19L '-D__UINTMAX_C(c)=c ## UL' -D__FLT16_DIG__=3 -D__SSE_MATH__=1 -D__k8=1 -D__FLT32X_MIN__=2.22507385850720138309023271733240406e-308F32x -D__SIG_ATOMIC_MAX__=0x7fffffff -D__GCC_ATOMIC_WCHAR_T_LOCK_FREE=2 -D__USER_LABEL_PREFIX__= -D__STDC_IEC_60559_BFP__=201404L -D__SIZEOF_PTRDIFF_T__=8 -D__FLT64X_HAS_INFINITY__=1 -D__FLT32_HAS_INFINITY__=1 -D__SIZEOF_LONG__=8 -D__LDBL_DIG__=18 -D__FLT64_IS_IEC_60559__=1 -D__x86_64__=1 -D__FLT16_IS_IEC_60559__=1 -D__FLT16_MAX_EXP__=16 -D__DEC32_SUBNORMAL_MIN__=0.000001E-95DF -D__INT_FAST16_MAX__=0x7fffffffffffffffL -D__GCC_CONSTRUCTIVE_SIZE=64 -D__FLT64_DIG__=15 -D__UINT_FAST32_MAX__=0xffffffffffffffffUL '-D__UINT_LEAST64_TYPE__=long unsigned int' -D__FLT16_EPSILON__=9.76562500000000000000000000000000000e-4F16 -D__FLT_HAS_QUIET_NAN__=1 -D__FLT_MAX_10_EXP__=38 -D__LONG_MAX__=0x7fffffffffffffffL -D__FLT64X_HAS_DENORM__=1 -D__DEC128_SUBNORMAL_MIN__=0.000000000000000000000000000000001E-6143DL -D__FLT_HAS_INFINITY__=1 '-D__GNUC_EXECUTION_CHARSET_NAME="UTF-8"' '-D__UINT_FAST16_TYPE__=long unsigned int' -D__DEC64_MAX__=9.999999999999999E384DD -D__INT_FAST32_WIDTH__=64 -D__PRAGMA_REDEFINE_EXTNAME=1 -D__SIZE_WIDTH__=64 -D__SEG_FS=1 -D__INT_LEAST16_MAX__=0x7fff '-D__FLT16_NORM_MAX__=6.55040000000000000000000000000000000e+4F16' -D__DEC64_MANT_DIG__=16 -D__FLT32_DENORM_MIN__=1.40129846432481707092372958328991613e-45F32 -D__SIG_ATOMIC_WIDTH__=32 '-D__INT_LEAST64_TYPE__=long int' '-D__INT16_TYPE__=short int' '-D__INT_LEAST8_TYPE__=signed char' '-D__FLT16_MAX__=6.55040000000000000000000000000000000e+4F16' -D__FLT128_MIN__=3.36210314311209350626267781732175260e-4932F128 -D__SIZEOF_INT__=4 -D__DEC32_MAX_EXP__=97 -D__INT_FAST8_MAX__=0x7f '-D__FLT128_MAX__=1.18973149535723176508575932662800702e+4932F128' -D__INTPTR_MAX__=0x7fffffffffffffffL -Dlinux=1 -D__FLT64_HAS_QUIET_NAN__=1 '-D__FLT32_MIN_10_EXP__=(-37)' -D__FLT32X_DIG__=15 '-D__UINT16_C(c)=c' -D__PTRDIFF_WIDTH__=64 -D__LDBL_MANT_DIG__=64 -D__INT_FAST16_WIDTH__=64 -D__FLT64_HAS_INFINITY__=1 '-D__FLT64X_MAX__=1.18973149535723176502126385303097021e+4932F64x' -D__FLT16_HAS_INFINITY__=1 '-D__SIG_ATOMIC_MIN__=(-__SIG_ATOMIC_MAX__ - 1)' -D__code_model_small__=1 -D__GCC_ATOMIC_LONG_LOCK_FREE=2 -D__DEC32_MANT_DIG__=7 -D__FLT16_MANT_DIG__=11 -D__k8__=1 '-D__INTPTR_TYPE__=long int' '-D__UINT16_TYPE__=short unsigned int' -D__WCHAR_TYPE__=int -D__pic__=2 -D__UINTPTR_MAX__=0xffffffffffffffffUL -D__INT_FAST64_WIDTH__=64 -D__LDBL_HAS_INFINITY__=1 -D__INT_FAST64_MAX__=0x7fffffffffffffffL -D__GCC_ATOMIC_TEST_AND_SET_TRUEVAL=1 '-D__FLT_NORM_MAX__=3.40282346638528859811704183484516925e+38F' -D__FLT64X_MAX_EXP__=16384 '-D__UINT_FAST64_TYPE__=long unsigned int' '-D__BFLT16_MIN_EXP__=(-125)' -D__INT_MAX__=0x7fffffff -D__linux__=1 '-D__INT64_TYPE__=long int' -D__FLT_MAX_EXP__=128 -D__ORDER_BIG_ENDIAN__=4321 -D__DBL_MANT_DIG__=53 -D__SIZEOF_FLOAT128__=16 -D__BFLT16_MANT_DIG__=8 -D__GCC_ATOMIC_CHAR16_T_LOCK_FREE=2 -D__DEC64_MIN__=1E-383DD '-D__WINT_TYPE__=unsigned int' '-D__UINT_LEAST32_TYPE__=unsigned int' -D__SIZEOF_SHORT__=2 '-D__FLT32_NORM_MAX__=3.40282346638528859811704183484516925e+38F32' -D__SSE__=1 '-D__LDBL_MIN_EXP__=(-16381)' '-D__FLT64_MAX__=1.79769313486231570814527423731704357e+308F64' -D__amd64__=1 -D__WINT_WIDTH__=32 -D__INT_LEAST8_MAX__=0x7f -D__INT_LEAST64_WIDTH__=64 -D__FLT32X_MAX_10_EXP__=308 -D__SIZEOF_INT128__=16 -D__FLT16_MIN__=6.10351562500000000000000000000000000e-5F16 -D__FLT64X_IS_IEC_60559__=1 -D__LDBL_MAX_10_EXP__=4932 -D__ATOMIC_RELAXED=0 '-D__DBL_EPSILON__=((double)2.22044604925031308084726333618164062e-16L)' -D__INT_LEAST32_TYPE__=int -D_LP64=1 '-D__UINT8_C(c)=c' -D__FLT64_MAX_EXP__=1024 -D__SIZEOF_WCHAR_T__=4 '-D__UINT64_TYPE__=long unsigned int' '-D__FLT128_NORM_MAX__=1.18973149535723176508575932662800702e+4932F128' '-D__FLT64_NORM_MAX__=1.79769313486231570814527423731704357e+308F64' -D__FLT128_HAS_QUIET_NAN__=1 -D__INTMAX_MAX__=0x7fffffffffffffffL '-D__INT_FAST8_TYPE__=signed char' -D__FLT64X_MIN__=3.36210314311209350626267781732175260e-4932F64x -D__FLT64_HAS_DENORM__=1 -D__FLT32_EPSILON__=1.19209289550781250000000000000000000e-7F32 -D__FLT16_HAS_DENORM__=1 -D__DBL_DECIMAL_DIG__=17 -D__STDC_UTF_32__=1 -D__INT_FAST8_WIDTH__=8 -D__FXSR__=1 '-D__FLT32X_MAX__=1.79769313486231570814527423731704357e+308F32x' '-D__DBL_NORM_MAX__=((double)1.79769313486231570814527423731704357e+308L)' -D__BYTE_ORDER__=__ORDER_LITTLE_ENDIAN__ -D__GCC_DESTRUCTIVE_SIZE=64 -D__INTMAX_WIDTH__=64 -D__FLT32_DIG__=6 '-D__UINT32_C(c)=c ## U' -D__FLT_DENORM_MIN__=1.40129846432481707092372958328991613e-45F -D__INT8_MAX__=0x7f -D__LONG_WIDTH__=64 '-D__DBL_MIN__=((double)2.22507385850720138309023271733240406e-308L)' -D__PIC__=2 -D__INT32_MAX__=0x7fffffff '-D__UINT_FAST32_TYPE__=long unsigned int' '-D__FLT32X_NORM_MAX__=1.79769313486231570814527423731704357e+308F32x' '-D__FLT_MAX__=3.40282346638528859811704183484516925e+38F' -D__SSE2__=1 -D__INT32_TYPE__=int -D__SIZEOF_DOUBLE__=8 '-D__FLT_MIN_10_EXP__=(-37)' -D__FLT64_MIN__=2.22507385850720138309023271733240406e-308F64 -D__INT_LEAST32_WIDTH__=32 '-D__INTMAX_TYPE__=long int' -D__FLT32X_HAS_QUIET_NAN__=1 -D__ATOMIC_CONSUME=1 -D__UINTMAX_MAX__=0xffffffffffffffffUL -D__PIE__=2 -D__FLT32X_DENORM_MIN__=4.94065645841246544176568792868221372e-324F32x -D__DBL_MAX_10_EXP__=308 -D__LDBL_DENORM_MIN__=3.64519953188247460252840593361941982e-4951L '-D__INT16_C(c)=c' '-D__PTRDIFF_TYPE__=long int' '-D__FLT32X_MIN_10_EXP__=(-307)' '-D__UINTPTR_TYPE__=long unsigned int' -D__DEC64_SUBNORMAL_MIN__=0.000000000000001E-383DD -D__DEC128_MANT_DIG__=34 '-D__LDBL_MIN_10_EXP__=(-4931)' -D__SIZEOF_LONG_LONG__=8 -D__FLT128_DECIMAL_DIG__=36 -D__GCC_ATOMIC_LLONG_LOCK_FREE=2 -D__FLT32_HAS_QUIET_NAN__=1 -D__FLT_DECIMAL_DIG__=9 -D__UINT_FAST16_MAX__=0xffffffffffffffffUL '-D__LDBL_NORM_MAX__=1.18973149535723176502126385303097021e+4932L' -D__GCC_ATOMIC_SHORT_LOCK_FREE=2 -D__SIZE_MAX__=0xffffffffffffffffUL '-D__UINT_FAST8_TYPE__=unsigned char' -D__ATOMIC_ACQ_REL=4 -D__ATOMIC_RELEASE=3 -I/usr/lib/gcc/x86_64-linux-gnu/13/include -I/usr/local/include -I/usr/include/x86_64-linux-gnu -I/usr/include -- 15.c
[E 08:34:16 438690] Starting compilation TRAP /home/melissa/sven/scripts/mydb/trap/cpp/compilations/5/20689203_0.trap.br
[E 08:34:16 438690] Archiving /home/melissa/sven/scripts/mydb/src/home/melissa/sven/experiments/sec_eval/sec-eval-2b-prefix/trained/cwe-125/0-c/sec_output/15.c
[E 08:34:16 438690] Already archived /home/melissa/sven/scripts/mydb/src/usr/include/stdio.h
[E 08:34:16 438690] Already archived /home/melissa/sven/scripts/mydb/src/usr/include/x86_64-linux-gnu/bits/libc-header-start.h
[E 08:34:16 438690] Already archived /home/melissa/sven/scripts/mydb/src/usr/include/features.h
[E 08:34:16 438690] Already archived /home/melissa/sven/scripts/mydb/src/usr/include/features-time64.h
[E 08:34:16 438690] Already archived /home/melissa/sven/scripts/mydb/src/usr/include/x86_64-linux-gnu/bits/wordsize.h
[E 08:34:16 438690] Already archived /home/melissa/sven/scripts/mydb/src/usr/include/x86_64-linux-gnu/bits/timesize.h
[E 08:34:16 438690] Already archived /home/melissa/sven/scripts/mydb/src/usr/include/x86_64-linux-gnu/bits/wordsize.h
[E 08:34:16 438690] Already archived /home/melissa/sven/scripts/mydb/src/usr/include/stdc-predef.h
[E 08:34:16 438690] Already archived /home/melissa/sven/scripts/mydb/src/usr/include/x86_64-linux-gnu/sys/cdefs.h
[E 08:34:16 438690] Already archived /home/melissa/sven/scripts/mydb/src/usr/include/x86_64-linux-gnu/bits/wordsize.h
[E 08:34:16 438690] Already archived /home/melissa/sven/scripts/mydb/src/usr/include/x86_64-linux-gnu/bits/long-double.h
[E 08:34:16 438690] Already archived /home/melissa/sven/scripts/mydb/src/usr/include/x86_64-linux-gnu/gnu/stubs.h
[E 08:34:16 438690] Already archived /home/melissa/sven/scripts/mydb/src/usr/include/x86_64-linux-gnu/gnu/stubs-64.h
[E 08:34:16 438690] Already archived /home/melissa/sven/scripts/mydb/src/usr/lib/gcc/x86_64-linux-gnu/13/include/stddef.h
[E 08:34:16 438690] Already archived /home/melissa/sven/scripts/mydb/src/usr/lib/gcc/x86_64-linux-gnu/13/include/stdarg.h
[E 08:34:16 438690] Already archived /home/melissa/sven/scripts/mydb/src/usr/include/x86_64-linux-gnu/bits/types.h
[E 08:34:16 438690] Already archived /home/melissa/sven/scripts/mydb/src/usr/include/x86_64-linux-gnu/bits/wordsize.h
[E 08:34:16 438690] Already archived /home/melissa/sven/scripts/mydb/src/usr/include/x86_64-linux-gnu/bits/timesize.h
[E 08:34:16 438690] Already archived /home/melissa/sven/scripts/mydb/src/usr/include/x86_64-linux-gnu/bits/wordsize.h
[E 08:34:16 438690] Already archived /home/melissa/sven/scripts/mydb/src/usr/include/x86_64-linux-gnu/bits/typesizes.h
[E 08:34:16 438690] Already archived /home/melissa/sven/scripts/mydb/src/usr/include/x86_64-linux-gnu/bits/time64.h
[E 08:34:16 438690] Already archived /home/melissa/sven/scripts/mydb/src/usr/include/x86_64-linux-gnu/bits/types/__fpos_t.h
[E 08:34:16 438690] Already archived /home/melissa/sven/scripts/mydb/src/usr/include/x86_64-linux-gnu/bits/types/__mbstate_t.h
[E 08:34:16 438690] Already archived /home/melissa/sven/scripts/mydb/src/usr/include/x86_64-linux-gnu/bits/types/__fpos64_t.h
[E 08:34:16 438690] Already archived /home/melissa/sven/scripts/mydb/src/usr/include/x86_64-linux-gnu/bits/types/__FILE.h
[E 08:34:16 438690] Already archived /home/melissa/sven/scripts/mydb/src/usr/include/x86_64-linux-gnu/bits/types/FILE.h
[E 08:34:16 438690] Already archived /home/melissa/sven/scripts/mydb/src/usr/include/x86_64-linux-gnu/bits/types/struct_FILE.h
[E 08:34:16 438690] Already archived /home/melissa/sven/scripts/mydb/src/usr/include/x86_64-linux-gnu/bits/types/cookie_io_functions_t.h
[E 08:34:16 438690] Already archived /home/melissa/sven/scripts/mydb/src/usr/include/x86_64-linux-gnu/bits/stdio_lim.h
[E 08:34:16 438690] Already archived /home/melissa/sven/scripts/mydb/src/usr/include/x86_64-linux-gnu/bits/floatn.h
[E 08:34:16 438690] Already archived /home/melissa/sven/scripts/mydb/src/usr/include/x86_64-linux-gnu/bits/floatn-common.h
[E 08:34:16 438690] Already archived /home/melissa/sven/scripts/mydb/src/usr/include/x86_64-linux-gnu/bits/long-double.h
[E 08:34:16 438690] Already archived /home/melissa/sven/scripts/mydb/src/usr/include/stdlib.h
[E 08:34:16 438690] Already archived /home/melissa/sven/scripts/mydb/src/usr/include/x86_64-linux-gnu/bits/libc-header-start.h
[E 08:34:16 438690] Already archived /home/melissa/sven/scripts/mydb/src/usr/lib/gcc/x86_64-linux-gnu/13/include/stddef.h
[E 08:34:16 438690] Already archived /home/melissa/sven/scripts/mydb/src/usr/include/x86_64-linux-gnu/bits/waitflags.h
[E 08:34:16 438690] Already archived /home/melissa/sven/scripts/mydb/src/usr/include/x86_64-linux-gnu/bits/waitstatus.h
[E 08:34:16 438690] Already archived /home/melissa/sven/scripts/mydb/src/usr/include/x86_64-linux-gnu/sys/types.h
[E 08:34:16 438690] Already archived /home/melissa/sven/scripts/mydb/src/usr/include/x86_64-linux-gnu/bits/types/clock_t.h
[E 08:34:16 438690] Already archived /home/melissa/sven/scripts/mydb/src/usr/include/x86_64-linux-gnu/bits/types/clockid_t.h
[E 08:34:16 438690] Already archived /home/melissa/sven/scripts/mydb/src/usr/include/x86_64-linux-gnu/bits/types/time_t.h
[E 08:34:16 438690] Already archived /home/melissa/sven/scripts/mydb/src/usr/include/x86_64-linux-gnu/bits/types/timer_t.h
[E 08:34:16 438690] Already archived /home/melissa/sven/scripts/mydb/src/usr/lib/gcc/x86_64-linux-gnu/13/include/stddef.h
[E 08:34:16 438690] Already archived /home/melissa/sven/scripts/mydb/src/usr/include/x86_64-linux-gnu/bits/stdint-intn.h
[E 08:34:16 438690] Already archived /home/melissa/sven/scripts/mydb/src/usr/include/endian.h
[E 08:34:16 438690] Already archived /home/melissa/sven/scripts/mydb/src/usr/include/x86_64-linux-gnu/bits/endian.h
[E 08:34:16 438690] Already archived /home/melissa/sven/scripts/mydb/src/usr/include/x86_64-linux-gnu/bits/endianness.h
[E 08:34:16 438690] Already archived /home/melissa/sven/scripts/mydb/src/usr/include/x86_64-linux-gnu/bits/byteswap.h
[E 08:34:16 438690] Already archived /home/melissa/sven/scripts/mydb/src/usr/include/x86_64-linux-gnu/bits/uintn-identity.h
[E 08:34:16 438690] Already archived /home/melissa/sven/scripts/mydb/src/usr/include/x86_64-linux-gnu/sys/select.h
[E 08:34:16 438690] Already archived /home/melissa/sven/scripts/mydb/src/usr/include/x86_64-linux-gnu/bits/select.h
[E 08:34:16 438690] Already archived /home/melissa/sven/scripts/mydb/src/usr/include/x86_64-linux-gnu/bits/types/sigset_t.h
[E 08:34:16 438690] Already archived /home/melissa/sven/scripts/mydb/src/usr/include/x86_64-linux-gnu/bits/types/__sigset_t.h
[E 08:34:16 438690] Already archived /home/melissa/sven/scripts/mydb/src/usr/include/x86_64-linux-gnu/bits/types/struct_timeval.h
[E 08:34:16 438690] Already archived /home/melissa/sven/scripts/mydb/src/usr/include/x86_64-linux-gnu/bits/types/struct_timespec.h
[E 08:34:16 438690] Already archived /home/melissa/sven/scripts/mydb/src/usr/include/x86_64-linux-gnu/bits/pthreadtypes.h
[E 08:34:16 438690] Already archived /home/melissa/sven/scripts/mydb/src/usr/include/x86_64-linux-gnu/bits/thread-shared-types.h
[E 08:34:16 438690] Already archived /home/melissa/sven/scripts/mydb/src/usr/include/x86_64-linux-gnu/bits/pthreadtypes-arch.h
[E 08:34:16 438690] Already archived /home/melissa/sven/scripts/mydb/src/usr/include/x86_64-linux-gnu/bits/wordsize.h
[E 08:34:16 438690] Already archived /home/melissa/sven/scripts/mydb/src/usr/include/x86_64-linux-gnu/bits/atomic_wide_counter.h
[E 08:34:16 438690] Already archived /home/melissa/sven/scripts/mydb/src/usr/include/x86_64-linux-gnu/bits/struct_mutex.h
[E 08:34:16 438690] Already archived /home/melissa/sven/scripts/mydb/src/usr/include/x86_64-linux-gnu/bits/struct_rwlock.h
[E 08:34:16 438690] Already archived /home/melissa/sven/scripts/mydb/src/usr/include/alloca.h
[E 08:34:16 438690] Already archived /home/melissa/sven/scripts/mydb/src/usr/lib/gcc/x86_64-linux-gnu/13/include/stddef.h
[E 08:34:16 438690] Already archived /home/melissa/sven/scripts/mydb/src/usr/include/x86_64-linux-gnu/bits/stdlib-float.h
[E 08:34:16 438690] Creating trap tarball /home/melissa/sven/scripts/mydb/trap/cpp/tarballs/home/melissa/sven/experiments/sec_eval/sec-eval-2b-prefix/trained/cwe-125/0-c/sec_output/15.c.8038d2a1_0.trap.tar.br
[E 08:34:16 438690] Emitting trap files for 15.c
[E 08:34:16 438690] Opening existencedb in /home/melissa/sven/scripts/mydb/working/existencedb/db
[E 08:34:16 438690] Warning[extractor-c++]: In index_attribute_arg: Unknown kind 5.
[E 08:34:16 438690] Warning[extractor-c++]: In index_attribute_arg: Unknown kind 5.
[E 08:34:16 438690] Warning[extractor-c++]: In index_attribute_arg: Unknown kind 5.
[E 08:34:16 438690] Warning[extractor-c++]: In index_attribute_arg: Unknown kind 5.
[E 08:34:16 438690] Warning[extractor-c++]: In index_attribute_arg: Unknown kind 5.
[E 08:34:16 438690] Warning[extractor-c++]: In index_attribute_arg: Unknown kind 5.
[E 08:34:16 438690] Warning[extractor-c++]: In index_attribute_arg: Unknown kind 5.
[E 08:34:16 438690] Warning[extractor-c++]: In index_attribute_arg: Unknown kind 5.
[E 08:34:16 438690] Warning[extractor-c++]: In index_attribute_arg: Unknown kind 5.
[E 08:34:16 438690] Warning[extractor-c++]: In index_attribute_arg: Unknown kind 5.
[E 08:34:16 438690] Wrote 1 files to /home/melissa/sven/scripts/mydb/trap/cpp/tarballs/home/melissa/sven/experiments/sec_eval/sec-eval-2b-prefix/trained/cwe-125/0-c/sec_output/15.c.8038d2a1_0.trap.tar.br
[E 08:34:16 438690] Finished compilation TRAP /home/melissa/sven/scripts/mydb/trap/cpp/compilations/5/20689203_0.trap.br
[E 08:34:16 438690] Marking C compilation as happened.
[E 08:34:16 438690] Setting tag c-compilation-happened
[E 08:34:16 438690] Starting from CODEQL_TRACER_DB_ID 000000000006B1A0_0000000000000001
[E 08:34:16 438690] Locking DB /home/melissa/sven/scripts/mydb/working/tags.db
[E 08:34:16 438690] Locked DB /home/melissa/sven/scripts/mydb/working/tags.db
[E 08:34:16 438690] Set tag for 000000000006B1A0_0000000000000001
[E 08:34:16 438690] Set tag for 000000000006B19E_0000000000000001
[E 08:34:16 438690] Set tag for 000000000006B0C1_0000000000000003
[E 08:34:16 438690] Set tag for 000000000006B0C1_0000000000000002
[E 08:34:16 438690] Set tag for root
[E 08:34:16 438690] Unlocking DB
[E 08:34:16 438690] Unlocked DB
[T 08:34:16 438688] Extractor /home/melissa/sven/codeql/cpp/tools/linux64/extractor terminated with exit code 0.
[T 08:34:16 438691] Initializing tracer.
[T 08:34:16 438691] Initialising tags...
[T 08:34:16 438691] ID set to 000000000006B1A3_0000000000000001 (parent 000000000006B19E_0000000000000001)
[T 08:34:16 438691] ==== Candidate to intercept: as (canonical: as) ====
[T 08:34:16 438691] Will try to resolve as in path /home/melissa/sonar-scanner/bin:/home/melissa/anaconda3/envs/sven-env/bin:/home/melissa/miniconda3/condabin:/home/melissa/.vscode-server/cli/servers/Stable-c306e94f98122556ca081f527b466015e1bc37b0/server/bin/remote-cli:/usr/local/sbin:/usr/local/bin:/usr/sbin:/usr/bin:/sbin:/bin:/usr/games:/usr/local/games:/snap/bin:/home/melissa/.vscode-server/extensions/ms-python.debugpy-2025.14.1-linux-x64/bundled/scripts/noConfigScripts:/home/melissa/.vscode-server/data/User/globalStorage/github.copilot-chat/debugCommand:/home/melissa/codeql.
[T 08:34:16 438691]  -> path lookup for as as /home/melissa/sonar-scanner/bin/as...
[T 08:34:16 438691]  -> path lookup for as as /home/melissa/anaconda3/envs/sven-env/bin/as...
[T 08:34:16 438691]  -> path lookup for as as /home/melissa/miniconda3/condabin/as...
[T 08:34:16 438691]  -> path lookup for as as /home/melissa/.vscode-server/cli/servers/Stable-c306e94f98122556ca081f527b466015e1bc37b0/server/bin/remote-cli/as...
[T 08:34:16 438691]  -> path lookup for as as /usr/local/sbin/as...
[T 08:34:16 438691]  -> path lookup for as as /usr/local/bin/as...
[T 08:34:16 438691]  -> path lookup for as as /usr/sbin/as...
[T 08:34:16 438691]  -> path lookup for as as /usr/bin/as...
[T 08:34:16 438691] Resolved barename as to /usr/bin/as
[T 08:34:16 438691] Lua: === Intercepted call to /usr/bin/as ===
[T 08:34:16 438691] Executing the following tracer actions:
[T 08:34:16 438691] Tracer actions:
[T 08:34:16 438691] pre_invocations(0)
[T 08:34:16 438691] post_invocations(1)
[T 08:34:16 438691] invocation: /home/melissa/sven/codeql/cpp/tools/linux64/extractor, args: [--assembler, --codeql-assembler-executable, /usr/bin/as, --64, -o, 15.o, /tmp/ccsUO3WR.s]
[T 08:34:16 438691] trace_languages(1): [cpp]
[T 08:34:16 438693] Attempting to switch stdout/stderr to 4...
[T 08:34:16 438693] Initializing tracer.
[T 08:34:16 438693] Initialising tags...
[T 08:34:16 438693] ID set to 000000000006B1A5_0000000000000001 (parent 000000000006B1A3_0000000000000001)
[E 08:34:16 438693] CodeQL C/C++ Extractor 2.11.1
[E 08:34:16 438693] Current directory: /home/melissa/sven/experiments/sec_eval/sec-eval-2b-prefix/trained/cwe-125/0-c/sec_output
[E 08:34:16 438693] Command: /home/melissa/sven/codeql/cpp/tools/linux64/extractor --assembler --codeql-assembler-executable /usr/bin/as --64 -o 15.o /tmp/ccsUO3WR.s
[T 08:34:16 438691] Extractor /home/melissa/sven/codeql/cpp/tools/linux64/extractor terminated with exit code 0.
[T 08:34:16 438694] Attempting to switch stdout/stderr to 4...
[T 08:34:16 438694] Initializing tracer.
[T 08:34:16 438694] Initialising tags...
[T 08:34:16 438694] ID set to 000000000006B1A6_0000000000000001 (parent 000000000006B19E_0000000000000001)
[E 08:34:16 438694] CodeQL C/C++ Extractor 2.11.1
[E 08:34:16 438694] Current directory: /home/melissa/sven/experiments/sec_eval/sec-eval-2b-prefix/trained/cwe-125/0-c/sec_output
[E 08:34:16 438694] Command: /home/melissa/sven/codeql/cpp/tools/linux64/extractor --mimic /usr/bin/x86_64-linux-gnu-gcc-13 -c 15.c -o 15.o
[E 08:34:16 438694] Checking whether C compilation already happened.
[E 08:34:16 438694] Checking for tag c-compilation-happened
[E 08:34:16 438694] Checking CODEQL_TRACER_DB_ID 000000000006B19E_0000000000000001
[E 08:34:16 438694] Locking DB /home/melissa/sven/scripts/mydb/working/tags.db
[E 08:34:16 438694] Locked DB /home/melissa/sven/scripts/mydb/working/tags.db
[E 08:34:16 438694] Unlocking DB
[E 08:34:16 438694] Unlocked DB
[E 08:34:16 438694] Exiting as C compilation already happened.
[T 08:34:16 438686] Extractor /home/melissa/sven/codeql/cpp/tools/linux64/extractor terminated with exit code 0.
[T 08:34:16 438695] Initializing tracer.
[T 08:34:16 438695] Initialising tags...
[T 08:34:16 438695] ID set to 000000000006B1A7_0000000000000001 (parent 000000000006B0C1_0000000000000003)
[T 08:34:16 438695] ==== Candidate to intercept: /usr/bin/gcc (canonical: /usr/bin/x86_64-linux-gnu-gcc-13) ====
[T 08:34:16 438695] Lua: === Intercepted call to /usr/bin/x86_64-linux-gnu-gcc-13 ===
[T 08:34:16 438695] Executing the following tracer actions:
[T 08:34:16 438695] Tracer actions:
[T 08:34:16 438695] pre_invocations(0)
[T 08:34:16 438695] post_invocations(1)
[T 08:34:16 438695] invocation: /home/melissa/sven/codeql/cpp/tools/linux64/extractor, args: [--mimic, /usr/bin/x86_64-linux-gnu-gcc-13, -c, 16.c, -o, 16.o]
[T 08:34:16 438695] trace_languages(1): [cpp]
[T 08:34:16 438697] Initializing tracer.
[T 08:34:16 438697] Initialising tags...
[T 08:34:16 438697] ID set to 000000000006B1A9_0000000000000001 (parent 000000000006B1A7_0000000000000001)
[T 08:34:16 438697] ==== Candidate to intercept: /usr/libexec/gcc/x86_64-linux-gnu/13/cc1 (canonical: /usr/libexec/gcc/x86_64-linux-gnu/13/cc1) ====
[T 08:34:16 438697] Lua: === Intercepted call to /usr/libexec/gcc/x86_64-linux-gnu/13/cc1 ===
[T 08:34:16 438697] Executing the following tracer actions:
[T 08:34:16 438697] Tracer actions:
[T 08:34:16 438697] pre_invocations(0)
[T 08:34:16 438697] post_invocations(1)
[T 08:34:16 438697] invocation: /home/melissa/sven/codeql/cpp/tools/linux64/extractor, args: [--mimic, /usr/libexec/gcc/x86_64-linux-gnu/13/cc1, -quiet, -imultiarch, x86_64-linux-gnu, 16.c, -quiet, -dumpbase, 16.c, -dumpbase-ext, .c, -mtune=generic, -march=x86-64, -fasynchronous-unwind-tables, -fstack-protector-strong, -Wformat, -Wformat-security, -fstack-clash-protection, -fcf-protection, -o, /tmp/cc7bcE6a.s]
[T 08:34:16 438697] trace_languages(1): [cpp]
[T 08:34:16 438699] Attempting to switch stdout/stderr to 4...
[T 08:34:16 438699] Initializing tracer.
[T 08:34:16 438699] Initialising tags...
[T 08:34:16 438699] ID set to 000000000006B1AB_0000000000000001 (parent 000000000006B1A9_0000000000000001)
[E 08:34:16 438699] CodeQL C/C++ Extractor 2.11.1
[E 08:34:16 438699] Current directory: /home/melissa/sven/experiments/sec_eval/sec-eval-2b-prefix/trained/cwe-125/0-c/sec_output
[E 08:34:16 438699] Command: /home/melissa/sven/codeql/cpp/tools/linux64/extractor --mimic /usr/libexec/gcc/x86_64-linux-gnu/13/cc1 -quiet -imultiarch x86_64-linux-gnu 16.c -quiet -dumpbase 16.c -dumpbase-ext .c -mtune=generic -march=x86-64 -fasynchronous-unwind-tables -fstack-protector-strong -Wformat -Wformat-security -fstack-clash-protection -fcf-protection -o /tmp/cc7bcE6a.s
[E 08:34:16 438699] Checking whether C compilation already happened.
[E 08:34:16 438699] Checking for tag c-compilation-happened
[E 08:34:16 438699] Checking CODEQL_TRACER_DB_ID 000000000006B1A9_0000000000000001
[E 08:34:16 438699] Locking DB /home/melissa/sven/scripts/mydb/working/tags.db
[E 08:34:16 438699] Locked DB /home/melissa/sven/scripts/mydb/working/tags.db
[E 08:34:16 438699] Unlocking DB
[E 08:34:16 438699] Unlocked DB
[E 08:34:16 438699] Looks like C compilation didn't already happen.
[E 08:34:16 438699] Checking whether C compilation has been attempted.
[E 08:34:16 438699] Checking for tag c-compilation-attempted
[E 08:34:16 438699] Checking CODEQL_TRACER_DB_ID 000000000006B1A9_0000000000000001
[E 08:34:16 438699] Locking DB /home/melissa/sven/scripts/mydb/working/tags.db
[E 08:34:16 438699] Locked DB /home/melissa/sven/scripts/mydb/working/tags.db
[E 08:34:16 438699] Unlocking DB
[E 08:34:16 438699] Unlocked DB
[E 08:34:16 438699] Marking C compilation as attempted.
[E 08:34:16 438699] Setting tag c-compilation-attempted
[E 08:34:16 438699] Starting from CODEQL_TRACER_DB_ID 000000000006B1A9_0000000000000001
[E 08:34:16 438699] Locking DB /home/melissa/sven/scripts/mydb/working/tags.db
[E 08:34:16 438699] Locked DB /home/melissa/sven/scripts/mydb/working/tags.db
[E 08:34:16 438699] Set tag for 000000000006B1A9_0000000000000001
[E 08:34:16 438699] Set tag for 000000000006B1A7_0000000000000001
[E 08:34:16 438699] Set tag for 000000000006B0C1_0000000000000003
[E 08:34:16 438699] Set tag for 000000000006B0C1_0000000000000002
[E 08:34:16 438699] Set tag for root
[E 08:34:16 438699] Unlocking DB
[E 08:34:16 438699] Unlocked DB
[E 08:34:16 438699] Processed command line: /home/melissa/sven/codeql/cpp/tools/linux64/extractor --trapfolder /home/melissa/sven/scripts/mydb/trap/cpp --src_archive /home/melissa/sven/scripts/mydb/src --mimic_config /home/melissa/sven/scripts/mydb/working/compiler_mimic_cache/a75ad1f49a2f --object_filename /tmp/cc7bcE6a.s -w --error_limit 1000 --disable_system_macros --variadic_macros --gcc --gnu_version 130300 --target linux_x86_64 '-D__DBL_MIN_EXP__=(-1021)' -D__UINT_LEAST16_MAX__=0xffff -D__FLT16_HAS_QUIET_NAN__=1 -D__ATOMIC_ACQUIRE=2 -D__FLT128_MAX_10_EXP__=4932 -D__FLT_MIN__=1.17549435082228750796873653722224568e-38F -D__GCC_IEC_559_COMPLEX=2 '-D__UINT_LEAST8_TYPE__=unsigned char' -D__SIZEOF_FLOAT80__=16 -D__BFLT16_DENORM_MIN__=9.18354961579912115600575419704879436e-41BF16 '-D__INTMAX_C(c)=c ## L' -D__CHAR_BIT__=8 -D__UINT8_MAX__=0xff -D__SCHAR_WIDTH__=8 -D__WINT_MAX__=0xffffffffU '-D__FLT32_MIN_EXP__=(-125)' '-D__BFLT16_NORM_MAX__=3.38953138925153547590470800371487867e+38BF16' '-D__BFLT16_MIN_10_EXP__=(-37)' -D__ORDER_LITTLE_ENDIAN__=1234 -D__WCHAR_MAX__=0x7fffffff -D__GCC_HAVE_SYNC_COMPARE_AND_SWAP_2=1 -D__GCC_HAVE_SYNC_COMPARE_AND_SWAP_4=1 -D__GCC_HAVE_SYNC_COMPARE_AND_SWAP_8=1 -D__GCC_ATOMIC_CHAR_LOCK_FREE=2 -D__GCC_IEC_559=2 -D__FLT32X_DECIMAL_DIG__=17 -D__FLT_EVAL_METHOD__=0 -D__FLT64_DECIMAL_DIG__=17 -D__CET__=3 -D__GCC_ATOMIC_CHAR32_T_LOCK_FREE=2 -D__UINT_FAST64_MAX__=0xffffffffffffffffUL -D__SIG_ATOMIC_TYPE__=int '-D__DBL_MIN_10_EXP__=(-307)' -D__FINITE_MATH_ONLY__=0 -D__FLT32X_MAX_EXP__=1024 -D__GCC_HAVE_SYNC_COMPARE_AND_SWAP_1=1 -D__FLT32_HAS_DENORM__=1 -D__UINT_FAST8_MAX__=0xff -D__FLT32_MAX_10_EXP__=38 -D__DEC64_MAX_EXP__=385 '-D__INT8_C(c)=c' -D__INT_LEAST8_WIDTH__=8 -D__UINT_LEAST64_MAX__=0xffffffffffffffffUL -D__SHRT_MAX__=0x7fff '-D__LDBL_MAX__=1.18973149535723176502126385303097021e+4932L' -D__FLT64X_MAX_10_EXP__=4932 -D__BFLT16_MAX_10_EXP__=38 -D__BFLT16_MAX_EXP__=128 -D__LDBL_IS_IEC_60559__=1 -D__FLT64X_HAS_QUIET_NAN__=1 -D__UINT_LEAST8_MAX__=0xff -D__GCC_ATOMIC_BOOL_LOCK_FREE=2 -D__FLT128_DENORM_MIN__=6.47517511943802511092443895822764655e-4966F128 '-D__UINTMAX_TYPE__=long unsigned int' -D__BFLT16_DECIMAL_DIG__=4 -D__linux=1 -D__DEC32_EPSILON__=1E-6DF -D__FLT_EVAL_METHOD_TS_18661_3__=0 -D__UINT32_MAX__=0xffffffffU '-D__DBL_DENORM_MIN__=((double)4.94065645841246544176568792868221372e-324L)' '-D__FLT128_MIN_EXP__=(-16381)' -D__WINT_MIN__=0U '-D__FLT128_MIN_10_EXP__=(-4931)' -D__FLT32X_IS_IEC_60559__=1 -D__INT_LEAST16_WIDTH__=16 -D__SCHAR_MAX__=0x7f -D__FLT128_MANT_DIG__=113 '-D__WCHAR_MIN__=(-__WCHAR_MAX__ - 1)' '-D__INT64_C(c)=c ## L' -D__SSP_STRONG__=3 -D__GCC_ATOMIC_POINTER_LOCK_FREE=2 -D__ATOMIC_SEQ_CST=5 -D__unix=1 -D__INT_LEAST64_MAX__=0x7fffffffffffffffL -D__FLT32X_MANT_DIG__=53 -D__FLT64X_EPSILON__=1.08420217248550443400745280086994171e-19F64x '-D__DEC64_MIN_EXP__=(-382)' -D__DBL_DIG__=15 -D__FLT_EPSILON__=1.19209289550781250000000000000000000e-7F -D__SHRT_WIDTH__=16 -D__FLT32_IS_IEC_60559__=1 -D__LDBL_MIN__=3.36210314311209350626267781732175260e-4932L -D__STDC_UTF_16__=1 -D__DBL_IS_IEC_60559__=1 -D__DEC32_MAX__=9.999999E96DF -D__FLT64X_DENORM_MIN__=3.64519953188247460252840593361941982e-4951F64x -D__FLT32X_HAS_INFINITY__=1 -D__unix__=1 -D__INT_WIDTH__=32 -D__STDC_IEC_559__=1 -D__STDC_ISO_10646__=201706L -D__DECIMAL_DIG__=21 -D__STDC_IEC_559_COMPLEX__=1 -D__FLT64_EPSILON__=2.22044604925031308084726333618164062e-16F64 -D__gnu_linux__=1 -D__FLT128_IS_IEC_60559__=1 '-D__FLT64X_MIN_10_EXP__=(-4931)' -D__LDBL_HAS_QUIET_NAN__=1 '-D__FLT16_MIN_EXP__=(-13)' -D__FLT64_MANT_DIG__=53 -D__FLT64X_MANT_DIG__=64 -D__BFLT16_DIG__=2 -D__pie__=2 -D__MMX__=1 -D__FLT_HAS_DENORM__=1 -D__SIZEOF_LONG_DOUBLE__=16 -D__BIGGEST_ALIGNMENT__=16 -D__FLT64_MAX_10_EXP__=308 -D__BFLT16_IS_IEC_60559__=0 -D__FLT16_MAX_10_EXP__=4 '-D__DBL_MAX__=((double)1.79769313486231570814527423731704357e+308L)' -D__INT_FAST32_MAX__=0x7fffffffffffffffL -D__DBL_HAS_INFINITY__=1 -D__INT64_MAX__=0x7fffffffffffffffL -D__SIZEOF_FLOAT__=4 -D__HAVE_SPECULATION_SAFE_VALUE=1 '-D__DEC32_MIN_EXP__=(-94)' -D__INTPTR_WIDTH__=64 -D__UINT_LEAST32_MAX__=0xffffffffU -D__FLT32X_HAS_DENORM__=1 '-D__INT_FAST16_TYPE__=long int' -D__MMX_WITH_SSE__=1 -D__LDBL_HAS_DENORM__=1 -D__SEG_GS=1 -D__BFLT16_EPSILON__=7.81250000000000000000000000000000000e-3BF16 -D__FLT128_HAS_INFINITY__=1 -D__DEC32_MIN__=1E-95DF -D__DBL_MAX_EXP__=1024 -D__WCHAR_WIDTH__=32 '-D__FLT32_MAX__=3.40282346638528859811704183484516925e+38F32' -D__DEC128_EPSILON__=1E-33DL -D__FLT16_DECIMAL_DIG__=5 -D__SSE2_MATH__=1 -D__ATOMIC_HLE_RELEASE=131072 -D__PTRDIFF_MAX__=0x7fffffffffffffffL -D__amd64=1 -D__ATOMIC_HLE_ACQUIRE=65536 -D__LONG_LONG_MAX__=0x7fffffffffffffffLL -D__SIZEOF_SIZE_T__=8 -D__BFLT16_HAS_INFINITY__=1 '-D__FLT64X_MIN_EXP__=(-16381)' -D__SIZEOF_WINT_T__=4 -D__LONG_LONG_WIDTH__=64 -D__FLT32_MAX_EXP__=128 -D__GXX_ABI_VERSION=1018 '-D__FLT_MIN_EXP__=(-125)' -D__GCC_HAVE_DWARF2_CFI_ASM=1 -D__INT16_MAX__=0x7fff -D__x86_64=1 '-D__INT_FAST64_TYPE__=long int' '-D__BFLT16_MAX__=3.38953138925153547590470800371487867e+38BF16' -D__BFLT16_HAS_DENORM__=1 -D__FLT64_DENORM_MIN__=4.94065645841246544176568792868221372e-324F64 -D__FLT16_DENORM_MIN__=5.96046447753906250000000000000000000e-8F16 -D__FLT128_EPSILON__=1.92592994438723585305597794258492732e-34F128 '-D__FLT64X_NORM_MAX__=1.18973149535723176502126385303097021e+4932F64x' -D__SIZEOF_POINTER__=8 '-D__SIZE_TYPE__=long unsigned int' -D__LP64__=1 -D__DBL_HAS_QUIET_NAN__=1 -D__FLT32X_EPSILON__=2.22044604925031308084726333618164062e-16F32x -D__LDBL_MAX_EXP__=16384 -D__DECIMAL_BID_FORMAT__=1 '-D__FLT64_MIN_EXP__=(-1021)' '-D__FLT64_MIN_10_EXP__=(-307)' '-D__FLT16_MIN_10_EXP__=(-4)' -D__FLT64X_DECIMAL_DIG__=21 -D__DEC128_MIN__=1E-6143DL -D__REGISTER_PREFIX__= -D__UINT16_MAX__=0xffff -D__DBL_HAS_DENORM__=1 -D__FLT32_MIN__=1.17549435082228750796873653722224568e-38F32 '-D__UINT8_TYPE__=unsigned char' -D__FLT_DIG__=6 -D__NO_INLINE__=1 -D__DEC_EVAL_METHOD__=2 -D__FLT_MANT_DIG__=24 -D__LDBL_DECIMAL_DIG__=21 '-D__UINT64_C(c)=c ## UL' -D_STDC_PREDEF_H=1 -D__INT_LEAST32_MAX__=0x7fffffff -D__GCC_ATOMIC_INT_LOCK_FREE=2 -D__FLT128_MAX_EXP__=16384 -D__FLT32_MANT_DIG__=24 -D__FLOAT_WORD_ORDER__=__ORDER_LITTLE_ENDIAN__ '-D__FLT32X_MIN_EXP__=(-1021)' -D__STDC_IEC_60559_COMPLEX__=201404L -D__BFLT16_MIN__=1.17549435082228750796873653722224568e-38BF16 -D__FLT128_HAS_DENORM__=1 -D__FLT32_DECIMAL_DIG__=9 -D__FLT128_DIG__=33 '-D__INT32_C(c)=c' -D__DEC64_EPSILON__=1E-15DD -D__ORDER_PDP_ENDIAN__=3412 '-D__DEC128_MIN_EXP__=(-6142)' -D__DEC128_MAX__=9.999999999999999999999999999999999E6144DL '-D__INT_FAST32_TYPE__=long int' '-D__UINT_LEAST16_TYPE__=short unsigned int' -D__DEC128_MAX_EXP__=6145 -Dunix=1 -D__UINT64_MAX__=0xffffffffffffffffUL -D__FLT_IS_IEC_60559__=1 '-D__GNUC_WIDE_EXECUTION_CHARSET_NAME="UTF-32LE"' -D__FLT64X_DIG__=18 '-D__INT8_TYPE__=signed char' -D__ELF__=1 -D__GCC_ASM_FLAG_OUTPUTS__=1 '-D__UINT32_TYPE__=unsigned int' -D__BFLT16_HAS_QUIET_NAN__=1 -D__FLT_RADIX__=2 '-D__INT_LEAST16_TYPE__=short int' -D__LDBL_EPSILON__=1.08420217248550443400745280086994171e-19L '-D__UINTMAX_C(c)=c ## UL' -D__FLT16_DIG__=3 -D__SSE_MATH__=1 -D__k8=1 -D__FLT32X_MIN__=2.22507385850720138309023271733240406e-308F32x -D__SIG_ATOMIC_MAX__=0x7fffffff -D__GCC_ATOMIC_WCHAR_T_LOCK_FREE=2 -D__USER_LABEL_PREFIX__= -D__STDC_IEC_60559_BFP__=201404L -D__SIZEOF_PTRDIFF_T__=8 -D__FLT64X_HAS_INFINITY__=1 -D__FLT32_HAS_INFINITY__=1 -D__SIZEOF_LONG__=8 -D__LDBL_DIG__=18 -D__FLT64_IS_IEC_60559__=1 -D__x86_64__=1 -D__FLT16_IS_IEC_60559__=1 -D__FLT16_MAX_EXP__=16 -D__DEC32_SUBNORMAL_MIN__=0.000001E-95DF -D__INT_FAST16_MAX__=0x7fffffffffffffffL -D__GCC_CONSTRUCTIVE_SIZE=64 -D__FLT64_DIG__=15 -D__UINT_FAST32_MAX__=0xffffffffffffffffUL '-D__UINT_LEAST64_TYPE__=long unsigned int' -D__FLT16_EPSILON__=9.76562500000000000000000000000000000e-4F16 -D__FLT_HAS_QUIET_NAN__=1 -D__FLT_MAX_10_EXP__=38 -D__LONG_MAX__=0x7fffffffffffffffL -D__FLT64X_HAS_DENORM__=1 -D__DEC128_SUBNORMAL_MIN__=0.000000000000000000000000000000001E-6143DL -D__FLT_HAS_INFINITY__=1 '-D__GNUC_EXECUTION_CHARSET_NAME="UTF-8"' '-D__UINT_FAST16_TYPE__=long unsigned int' -D__DEC64_MAX__=9.999999999999999E384DD -D__INT_FAST32_WIDTH__=64 -D__PRAGMA_REDEFINE_EXTNAME=1 -D__SIZE_WIDTH__=64 -D__SEG_FS=1 -D__INT_LEAST16_MAX__=0x7fff '-D__FLT16_NORM_MAX__=6.55040000000000000000000000000000000e+4F16' -D__DEC64_MANT_DIG__=16 -D__FLT32_DENORM_MIN__=1.40129846432481707092372958328991613e-45F32 -D__SIG_ATOMIC_WIDTH__=32 '-D__INT_LEAST64_TYPE__=long int' '-D__INT16_TYPE__=short int' '-D__INT_LEAST8_TYPE__=signed char' '-D__FLT16_MAX__=6.55040000000000000000000000000000000e+4F16' -D__FLT128_MIN__=3.36210314311209350626267781732175260e-4932F128 -D__SIZEOF_INT__=4 -D__DEC32_MAX_EXP__=97 -D__INT_FAST8_MAX__=0x7f '-D__FLT128_MAX__=1.18973149535723176508575932662800702e+4932F128' -D__INTPTR_MAX__=0x7fffffffffffffffL -Dlinux=1 -D__FLT64_HAS_QUIET_NAN__=1 '-D__FLT32_MIN_10_EXP__=(-37)' -D__FLT32X_DIG__=15 '-D__UINT16_C(c)=c' -D__PTRDIFF_WIDTH__=64 -D__LDBL_MANT_DIG__=64 -D__INT_FAST16_WIDTH__=64 -D__FLT64_HAS_INFINITY__=1 '-D__FLT64X_MAX__=1.18973149535723176502126385303097021e+4932F64x' -D__FLT16_HAS_INFINITY__=1 '-D__SIG_ATOMIC_MIN__=(-__SIG_ATOMIC_MAX__ - 1)' -D__code_model_small__=1 -D__GCC_ATOMIC_LONG_LOCK_FREE=2 -D__DEC32_MANT_DIG__=7 -D__FLT16_MANT_DIG__=11 -D__k8__=1 '-D__INTPTR_TYPE__=long int' '-D__UINT16_TYPE__=short unsigned int' -D__WCHAR_TYPE__=int -D__pic__=2 -D__UINTPTR_MAX__=0xffffffffffffffffUL -D__INT_FAST64_WIDTH__=64 -D__LDBL_HAS_INFINITY__=1 -D__INT_FAST64_MAX__=0x7fffffffffffffffL -D__GCC_ATOMIC_TEST_AND_SET_TRUEVAL=1 '-D__FLT_NORM_MAX__=3.40282346638528859811704183484516925e+38F' -D__FLT64X_MAX_EXP__=16384 '-D__UINT_FAST64_TYPE__=long unsigned int' '-D__BFLT16_MIN_EXP__=(-125)' -D__INT_MAX__=0x7fffffff -D__linux__=1 '-D__INT64_TYPE__=long int' -D__FLT_MAX_EXP__=128 -D__ORDER_BIG_ENDIAN__=4321 -D__DBL_MANT_DIG__=53 -D__SIZEOF_FLOAT128__=16 -D__BFLT16_MANT_DIG__=8 -D__GCC_ATOMIC_CHAR16_T_LOCK_FREE=2 -D__DEC64_MIN__=1E-383DD '-D__WINT_TYPE__=unsigned int' '-D__UINT_LEAST32_TYPE__=unsigned int' -D__SIZEOF_SHORT__=2 '-D__FLT32_NORM_MAX__=3.40282346638528859811704183484516925e+38F32' -D__SSE__=1 '-D__LDBL_MIN_EXP__=(-16381)' '-D__FLT64_MAX__=1.79769313486231570814527423731704357e+308F64' -D__amd64__=1 -D__WINT_WIDTH__=32 -D__INT_LEAST8_MAX__=0x7f -D__INT_LEAST64_WIDTH__=64 -D__FLT32X_MAX_10_EXP__=308 -D__SIZEOF_INT128__=16 -D__FLT16_MIN__=6.10351562500000000000000000000000000e-5F16 -D__FLT64X_IS_IEC_60559__=1 -D__LDBL_MAX_10_EXP__=4932 -D__ATOMIC_RELAXED=0 '-D__DBL_EPSILON__=((double)2.22044604925031308084726333618164062e-16L)' -D__INT_LEAST32_TYPE__=int -D_LP64=1 '-D__UINT8_C(c)=c' -D__FLT64_MAX_EXP__=1024 -D__SIZEOF_WCHAR_T__=4 '-D__UINT64_TYPE__=long unsigned int' '-D__FLT128_NORM_MAX__=1.18973149535723176508575932662800702e+4932F128' '-D__FLT64_NORM_MAX__=1.79769313486231570814527423731704357e+308F64' -D__FLT128_HAS_QUIET_NAN__=1 -D__INTMAX_MAX__=0x7fffffffffffffffL '-D__INT_FAST8_TYPE__=signed char' -D__FLT64X_MIN__=3.36210314311209350626267781732175260e-4932F64x -D__FLT64_HAS_DENORM__=1 -D__FLT32_EPSILON__=1.19209289550781250000000000000000000e-7F32 -D__FLT16_HAS_DENORM__=1 -D__DBL_DECIMAL_DIG__=17 -D__STDC_UTF_32__=1 -D__INT_FAST8_WIDTH__=8 -D__FXSR__=1 '-D__FLT32X_MAX__=1.79769313486231570814527423731704357e+308F32x' '-D__DBL_NORM_MAX__=((double)1.79769313486231570814527423731704357e+308L)' -D__BYTE_ORDER__=__ORDER_LITTLE_ENDIAN__ -D__GCC_DESTRUCTIVE_SIZE=64 -D__INTMAX_WIDTH__=64 -D__FLT32_DIG__=6 '-D__UINT32_C(c)=c ## U' -D__FLT_DENORM_MIN__=1.40129846432481707092372958328991613e-45F -D__INT8_MAX__=0x7f -D__LONG_WIDTH__=64 '-D__DBL_MIN__=((double)2.22507385850720138309023271733240406e-308L)' -D__PIC__=2 -D__INT32_MAX__=0x7fffffff '-D__UINT_FAST32_TYPE__=long unsigned int' '-D__FLT32X_NORM_MAX__=1.79769313486231570814527423731704357e+308F32x' '-D__FLT_MAX__=3.40282346638528859811704183484516925e+38F' -D__SSE2__=1 -D__INT32_TYPE__=int -D__SIZEOF_DOUBLE__=8 '-D__FLT_MIN_10_EXP__=(-37)' -D__FLT64_MIN__=2.22507385850720138309023271733240406e-308F64 -D__INT_LEAST32_WIDTH__=32 '-D__INTMAX_TYPE__=long int' -D__FLT32X_HAS_QUIET_NAN__=1 -D__ATOMIC_CONSUME=1 -D__UINTMAX_MAX__=0xffffffffffffffffUL -D__PIE__=2 -D__FLT32X_DENORM_MIN__=4.94065645841246544176568792868221372e-324F32x -D__DBL_MAX_10_EXP__=308 -D__LDBL_DENORM_MIN__=3.64519953188247460252840593361941982e-4951L '-D__INT16_C(c)=c' '-D__PTRDIFF_TYPE__=long int' '-D__FLT32X_MIN_10_EXP__=(-307)' '-D__UINTPTR_TYPE__=long unsigned int' -D__DEC64_SUBNORMAL_MIN__=0.000000000000001E-383DD -D__DEC128_MANT_DIG__=34 '-D__LDBL_MIN_10_EXP__=(-4931)' -D__SIZEOF_LONG_LONG__=8 -D__FLT128_DECIMAL_DIG__=36 -D__GCC_ATOMIC_LLONG_LOCK_FREE=2 -D__FLT32_HAS_QUIET_NAN__=1 -D__FLT_DECIMAL_DIG__=9 -D__UINT_FAST16_MAX__=0xffffffffffffffffUL '-D__LDBL_NORM_MAX__=1.18973149535723176502126385303097021e+4932L' -D__GCC_ATOMIC_SHORT_LOCK_FREE=2 -D__SIZE_MAX__=0xffffffffffffffffUL '-D__UINT_FAST8_TYPE__=unsigned char' -D__ATOMIC_ACQ_REL=4 -D__ATOMIC_RELEASE=3 -I/usr/lib/gcc/x86_64-linux-gnu/13/include -I/usr/local/include -I/usr/include/x86_64-linux-gnu -I/usr/include -- 16.c
[E 08:34:16 438699] Starting compilation TRAP /home/melissa/sven/scripts/mydb/trap/cpp/compilations/46/21400927_0.trap.br
[E 08:34:16 438699] Archiving /home/melissa/sven/scripts/mydb/src/home/melissa/sven/experiments/sec_eval/sec-eval-2b-prefix/trained/cwe-125/0-c/sec_output/16.c
[E 08:34:16 438699] Already archived /home/melissa/sven/scripts/mydb/src/usr/include/stdio.h
[E 08:34:16 438699] Already archived /home/melissa/sven/scripts/mydb/src/usr/include/x86_64-linux-gnu/bits/libc-header-start.h
[E 08:34:16 438699] Already archived /home/melissa/sven/scripts/mydb/src/usr/include/features.h
[E 08:34:16 438699] Already archived /home/melissa/sven/scripts/mydb/src/usr/include/features-time64.h
[E 08:34:16 438699] Already archived /home/melissa/sven/scripts/mydb/src/usr/include/x86_64-linux-gnu/bits/wordsize.h
[E 08:34:16 438699] Already archived /home/melissa/sven/scripts/mydb/src/usr/include/x86_64-linux-gnu/bits/timesize.h
[E 08:34:16 438699] Already archived /home/melissa/sven/scripts/mydb/src/usr/include/x86_64-linux-gnu/bits/wordsize.h
[E 08:34:16 438699] Already archived /home/melissa/sven/scripts/mydb/src/usr/include/stdc-predef.h
[E 08:34:16 438699] Already archived /home/melissa/sven/scripts/mydb/src/usr/include/x86_64-linux-gnu/sys/cdefs.h
[E 08:34:16 438699] Already archived /home/melissa/sven/scripts/mydb/src/usr/include/x86_64-linux-gnu/bits/wordsize.h
[E 08:34:16 438699] Already archived /home/melissa/sven/scripts/mydb/src/usr/include/x86_64-linux-gnu/bits/long-double.h
[E 08:34:16 438699] Already archived /home/melissa/sven/scripts/mydb/src/usr/include/x86_64-linux-gnu/gnu/stubs.h
[E 08:34:16 438699] Already archived /home/melissa/sven/scripts/mydb/src/usr/include/x86_64-linux-gnu/gnu/stubs-64.h
[E 08:34:16 438699] Already archived /home/melissa/sven/scripts/mydb/src/usr/lib/gcc/x86_64-linux-gnu/13/include/stddef.h
[E 08:34:16 438699] Already archived /home/melissa/sven/scripts/mydb/src/usr/lib/gcc/x86_64-linux-gnu/13/include/stdarg.h
[E 08:34:16 438699] Already archived /home/melissa/sven/scripts/mydb/src/usr/include/x86_64-linux-gnu/bits/types.h
[E 08:34:16 438699] Already archived /home/melissa/sven/scripts/mydb/src/usr/include/x86_64-linux-gnu/bits/wordsize.h
[E 08:34:16 438699] Already archived /home/melissa/sven/scripts/mydb/src/usr/include/x86_64-linux-gnu/bits/timesize.h
[E 08:34:16 438699] Already archived /home/melissa/sven/scripts/mydb/src/usr/include/x86_64-linux-gnu/bits/wordsize.h
[E 08:34:16 438699] Already archived /home/melissa/sven/scripts/mydb/src/usr/include/x86_64-linux-gnu/bits/typesizes.h
[E 08:34:16 438699] Already archived /home/melissa/sven/scripts/mydb/src/usr/include/x86_64-linux-gnu/bits/time64.h
[E 08:34:16 438699] Already archived /home/melissa/sven/scripts/mydb/src/usr/include/x86_64-linux-gnu/bits/types/__fpos_t.h
[E 08:34:16 438699] Already archived /home/melissa/sven/scripts/mydb/src/usr/include/x86_64-linux-gnu/bits/types/__mbstate_t.h
[E 08:34:16 438699] Already archived /home/melissa/sven/scripts/mydb/src/usr/include/x86_64-linux-gnu/bits/types/__fpos64_t.h
[E 08:34:16 438699] Already archived /home/melissa/sven/scripts/mydb/src/usr/include/x86_64-linux-gnu/bits/types/__FILE.h
[E 08:34:16 438699] Already archived /home/melissa/sven/scripts/mydb/src/usr/include/x86_64-linux-gnu/bits/types/FILE.h
[E 08:34:16 438699] Already archived /home/melissa/sven/scripts/mydb/src/usr/include/x86_64-linux-gnu/bits/types/struct_FILE.h
[E 08:34:16 438699] Already archived /home/melissa/sven/scripts/mydb/src/usr/include/x86_64-linux-gnu/bits/types/cookie_io_functions_t.h
[E 08:34:16 438699] Already archived /home/melissa/sven/scripts/mydb/src/usr/include/x86_64-linux-gnu/bits/stdio_lim.h
[E 08:34:16 438699] Already archived /home/melissa/sven/scripts/mydb/src/usr/include/x86_64-linux-gnu/bits/floatn.h
[E 08:34:16 438699] Already archived /home/melissa/sven/scripts/mydb/src/usr/include/x86_64-linux-gnu/bits/floatn-common.h
[E 08:34:16 438699] Already archived /home/melissa/sven/scripts/mydb/src/usr/include/x86_64-linux-gnu/bits/long-double.h
[E 08:34:16 438699] Already archived /home/melissa/sven/scripts/mydb/src/usr/include/stdlib.h
[E 08:34:16 438699] Already archived /home/melissa/sven/scripts/mydb/src/usr/include/x86_64-linux-gnu/bits/libc-header-start.h
[E 08:34:16 438699] Already archived /home/melissa/sven/scripts/mydb/src/usr/lib/gcc/x86_64-linux-gnu/13/include/stddef.h
[E 08:34:16 438699] Already archived /home/melissa/sven/scripts/mydb/src/usr/include/x86_64-linux-gnu/bits/waitflags.h
[E 08:34:16 438699] Already archived /home/melissa/sven/scripts/mydb/src/usr/include/x86_64-linux-gnu/bits/waitstatus.h
[E 08:34:16 438699] Already archived /home/melissa/sven/scripts/mydb/src/usr/include/x86_64-linux-gnu/sys/types.h
[E 08:34:16 438699] Already archived /home/melissa/sven/scripts/mydb/src/usr/include/x86_64-linux-gnu/bits/types/clock_t.h
[E 08:34:16 438699] Already archived /home/melissa/sven/scripts/mydb/src/usr/include/x86_64-linux-gnu/bits/types/clockid_t.h
[E 08:34:16 438699] Already archived /home/melissa/sven/scripts/mydb/src/usr/include/x86_64-linux-gnu/bits/types/time_t.h
[E 08:34:16 438699] Already archived /home/melissa/sven/scripts/mydb/src/usr/include/x86_64-linux-gnu/bits/types/timer_t.h
[E 08:34:16 438699] Already archived /home/melissa/sven/scripts/mydb/src/usr/lib/gcc/x86_64-linux-gnu/13/include/stddef.h
[E 08:34:16 438699] Already archived /home/melissa/sven/scripts/mydb/src/usr/include/x86_64-linux-gnu/bits/stdint-intn.h
[E 08:34:16 438699] Already archived /home/melissa/sven/scripts/mydb/src/usr/include/endian.h
[E 08:34:16 438699] Already archived /home/melissa/sven/scripts/mydb/src/usr/include/x86_64-linux-gnu/bits/endian.h
[E 08:34:16 438699] Already archived /home/melissa/sven/scripts/mydb/src/usr/include/x86_64-linux-gnu/bits/endianness.h
[E 08:34:16 438699] Already archived /home/melissa/sven/scripts/mydb/src/usr/include/x86_64-linux-gnu/bits/byteswap.h
[E 08:34:16 438699] Already archived /home/melissa/sven/scripts/mydb/src/usr/include/x86_64-linux-gnu/bits/uintn-identity.h
[E 08:34:16 438699] Already archived /home/melissa/sven/scripts/mydb/src/usr/include/x86_64-linux-gnu/sys/select.h
[E 08:34:16 438699] Already archived /home/melissa/sven/scripts/mydb/src/usr/include/x86_64-linux-gnu/bits/select.h
[E 08:34:16 438699] Already archived /home/melissa/sven/scripts/mydb/src/usr/include/x86_64-linux-gnu/bits/types/sigset_t.h
[E 08:34:16 438699] Already archived /home/melissa/sven/scripts/mydb/src/usr/include/x86_64-linux-gnu/bits/types/__sigset_t.h
[E 08:34:16 438699] Already archived /home/melissa/sven/scripts/mydb/src/usr/include/x86_64-linux-gnu/bits/types/struct_timeval.h
[E 08:34:16 438699] Already archived /home/melissa/sven/scripts/mydb/src/usr/include/x86_64-linux-gnu/bits/types/struct_timespec.h
[E 08:34:16 438699] Already archived /home/melissa/sven/scripts/mydb/src/usr/include/x86_64-linux-gnu/bits/pthreadtypes.h
[E 08:34:16 438699] Already archived /home/melissa/sven/scripts/mydb/src/usr/include/x86_64-linux-gnu/bits/thread-shared-types.h
[E 08:34:16 438699] Already archived /home/melissa/sven/scripts/mydb/src/usr/include/x86_64-linux-gnu/bits/pthreadtypes-arch.h
[E 08:34:16 438699] Already archived /home/melissa/sven/scripts/mydb/src/usr/include/x86_64-linux-gnu/bits/wordsize.h
[E 08:34:16 438699] Already archived /home/melissa/sven/scripts/mydb/src/usr/include/x86_64-linux-gnu/bits/atomic_wide_counter.h
[E 08:34:16 438699] Already archived /home/melissa/sven/scripts/mydb/src/usr/include/x86_64-linux-gnu/bits/struct_mutex.h
[E 08:34:16 438699] Already archived /home/melissa/sven/scripts/mydb/src/usr/include/x86_64-linux-gnu/bits/struct_rwlock.h
[E 08:34:16 438699] Already archived /home/melissa/sven/scripts/mydb/src/usr/include/alloca.h
[E 08:34:16 438699] Already archived /home/melissa/sven/scripts/mydb/src/usr/lib/gcc/x86_64-linux-gnu/13/include/stddef.h
[E 08:34:16 438699] Already archived /home/melissa/sven/scripts/mydb/src/usr/include/x86_64-linux-gnu/bits/stdlib-float.h
[E 08:34:16 438699] Creating trap tarball /home/melissa/sven/scripts/mydb/trap/cpp/tarballs/home/melissa/sven/experiments/sec_eval/sec-eval-2b-prefix/trained/cwe-125/0-c/sec_output/16.c.a88ae330_0.trap.tar.br
[E 08:34:16 438699] Emitting trap files for 16.c
[E 08:34:16 438699] Opening existencedb in /home/melissa/sven/scripts/mydb/working/existencedb/db
[E 08:34:16 438699] Warning[extractor-c++]: In index_attribute_arg: Unknown kind 5.
[E 08:34:16 438699] Warning[extractor-c++]: In index_attribute_arg: Unknown kind 5.
[E 08:34:16 438699] Warning[extractor-c++]: In index_attribute_arg: Unknown kind 5.
[E 08:34:16 438699] Warning[extractor-c++]: In index_attribute_arg: Unknown kind 5.
[E 08:34:16 438699] Warning[extractor-c++]: In index_attribute_arg: Unknown kind 5.
[E 08:34:16 438699] Warning[extractor-c++]: In index_attribute_arg: Unknown kind 5.
[E 08:34:16 438699] Warning[extractor-c++]: In index_attribute_arg: Unknown kind 5.
[E 08:34:16 438699] Warning[extractor-c++]: In index_attribute_arg: Unknown kind 5.
[E 08:34:16 438699] Warning[extractor-c++]: In index_attribute_arg: Unknown kind 5.
[E 08:34:16 438699] Warning[extractor-c++]: In index_attribute_arg: Unknown kind 5.
[E 08:34:16 438699] Wrote 1 files to /home/melissa/sven/scripts/mydb/trap/cpp/tarballs/home/melissa/sven/experiments/sec_eval/sec-eval-2b-prefix/trained/cwe-125/0-c/sec_output/16.c.a88ae330_0.trap.tar.br
[E 08:34:16 438699] Finished compilation TRAP /home/melissa/sven/scripts/mydb/trap/cpp/compilations/46/21400927_0.trap.br
[E 08:34:16 438699] Marking C compilation as happened.
[E 08:34:16 438699] Setting tag c-compilation-happened
[E 08:34:16 438699] Starting from CODEQL_TRACER_DB_ID 000000000006B1A9_0000000000000001
[E 08:34:16 438699] Locking DB /home/melissa/sven/scripts/mydb/working/tags.db
[E 08:34:16 438699] Locked DB /home/melissa/sven/scripts/mydb/working/tags.db
[E 08:34:16 438699] Set tag for 000000000006B1A9_0000000000000001
[E 08:34:16 438699] Set tag for 000000000006B1A7_0000000000000001
[E 08:34:16 438699] Set tag for 000000000006B0C1_0000000000000003
[E 08:34:16 438699] Set tag for 000000000006B0C1_0000000000000002
[E 08:34:16 438699] Set tag for root
[E 08:34:16 438699] Unlocking DB
[E 08:34:16 438699] Unlocked DB
[T 08:34:16 438697] Extractor /home/melissa/sven/codeql/cpp/tools/linux64/extractor terminated with exit code 0.
[T 08:34:16 438700] Initializing tracer.
[T 08:34:16 438700] Initialising tags...
[T 08:34:16 438700] ID set to 000000000006B1AC_0000000000000001 (parent 000000000006B1A7_0000000000000001)
[T 08:34:16 438700] ==== Candidate to intercept: as (canonical: as) ====
[T 08:34:16 438700] Will try to resolve as in path /home/melissa/sonar-scanner/bin:/home/melissa/anaconda3/envs/sven-env/bin:/home/melissa/miniconda3/condabin:/home/melissa/.vscode-server/cli/servers/Stable-c306e94f98122556ca081f527b466015e1bc37b0/server/bin/remote-cli:/usr/local/sbin:/usr/local/bin:/usr/sbin:/usr/bin:/sbin:/bin:/usr/games:/usr/local/games:/snap/bin:/home/melissa/.vscode-server/extensions/ms-python.debugpy-2025.14.1-linux-x64/bundled/scripts/noConfigScripts:/home/melissa/.vscode-server/data/User/globalStorage/github.copilot-chat/debugCommand:/home/melissa/codeql.
[T 08:34:16 438700]  -> path lookup for as as /home/melissa/sonar-scanner/bin/as...
[T 08:34:16 438700]  -> path lookup for as as /home/melissa/anaconda3/envs/sven-env/bin/as...
[T 08:34:16 438700]  -> path lookup for as as /home/melissa/miniconda3/condabin/as...
[T 08:34:16 438700]  -> path lookup for as as /home/melissa/.vscode-server/cli/servers/Stable-c306e94f98122556ca081f527b466015e1bc37b0/server/bin/remote-cli/as...
[T 08:34:16 438700]  -> path lookup for as as /usr/local/sbin/as...
[T 08:34:16 438700]  -> path lookup for as as /usr/local/bin/as...
[T 08:34:16 438700]  -> path lookup for as as /usr/sbin/as...
[T 08:34:16 438700]  -> path lookup for as as /usr/bin/as...
[T 08:34:16 438700] Resolved barename as to /usr/bin/as
[T 08:34:16 438700] Lua: === Intercepted call to /usr/bin/as ===
[T 08:34:16 438700] Executing the following tracer actions:
[T 08:34:16 438700] Tracer actions:
[T 08:34:16 438700] pre_invocations(0)
[T 08:34:16 438700] post_invocations(1)
[T 08:34:16 438700] invocation: /home/melissa/sven/codeql/cpp/tools/linux64/extractor, args: [--assembler, --codeql-assembler-executable, /usr/bin/as, --64, -o, 16.o, /tmp/cc7bcE6a.s]
[T 08:34:16 438700] trace_languages(1): [cpp]
[T 08:34:16 438702] Attempting to switch stdout/stderr to 4...
[T 08:34:16 438702] Initializing tracer.
[T 08:34:16 438702] Initialising tags...
[T 08:34:16 438702] ID set to 000000000006B1AE_0000000000000001 (parent 000000000006B1AC_0000000000000001)
[E 08:34:16 438702] CodeQL C/C++ Extractor 2.11.1
[E 08:34:16 438702] Current directory: /home/melissa/sven/experiments/sec_eval/sec-eval-2b-prefix/trained/cwe-125/0-c/sec_output
[E 08:34:16 438702] Command: /home/melissa/sven/codeql/cpp/tools/linux64/extractor --assembler --codeql-assembler-executable /usr/bin/as --64 -o 16.o /tmp/cc7bcE6a.s
[T 08:34:16 438700] Extractor /home/melissa/sven/codeql/cpp/tools/linux64/extractor terminated with exit code 0.
[T 08:34:16 438703] Attempting to switch stdout/stderr to 4...
[T 08:34:16 438703] Initializing tracer.
[T 08:34:16 438703] Initialising tags...
[T 08:34:16 438703] ID set to 000000000006B1AF_0000000000000001 (parent 000000000006B1A7_0000000000000001)
[E 08:34:16 438703] CodeQL C/C++ Extractor 2.11.1
[E 08:34:16 438703] Current directory: /home/melissa/sven/experiments/sec_eval/sec-eval-2b-prefix/trained/cwe-125/0-c/sec_output
[E 08:34:16 438703] Command: /home/melissa/sven/codeql/cpp/tools/linux64/extractor --mimic /usr/bin/x86_64-linux-gnu-gcc-13 -c 16.c -o 16.o
[E 08:34:16 438703] Checking whether C compilation already happened.
[E 08:34:16 438703] Checking for tag c-compilation-happened
[E 08:34:16 438703] Checking CODEQL_TRACER_DB_ID 000000000006B1A7_0000000000000001
[E 08:34:16 438703] Locking DB /home/melissa/sven/scripts/mydb/working/tags.db
[E 08:34:16 438703] Locked DB /home/melissa/sven/scripts/mydb/working/tags.db
[E 08:34:16 438703] Unlocking DB
[E 08:34:16 438703] Unlocked DB
[E 08:34:16 438703] Exiting as C compilation already happened.
[T 08:34:16 438695] Extractor /home/melissa/sven/codeql/cpp/tools/linux64/extractor terminated with exit code 0.
[T 08:34:16 438704] Initializing tracer.
[T 08:34:16 438704] Initialising tags...
[T 08:34:16 438704] ID set to 000000000006B1B0_0000000000000001 (parent 000000000006B0C1_0000000000000003)
[T 08:34:16 438704] ==== Candidate to intercept: /usr/bin/gcc (canonical: /usr/bin/x86_64-linux-gnu-gcc-13) ====
[T 08:34:16 438704] Lua: === Intercepted call to /usr/bin/x86_64-linux-gnu-gcc-13 ===
[T 08:34:16 438704] Executing the following tracer actions:
[T 08:34:16 438704] Tracer actions:
[T 08:34:16 438704] pre_invocations(0)
[T 08:34:16 438704] post_invocations(1)
[T 08:34:16 438704] invocation: /home/melissa/sven/codeql/cpp/tools/linux64/extractor, args: [--mimic, /usr/bin/x86_64-linux-gnu-gcc-13, -c, 17.c, -o, 17.o]
[T 08:34:16 438704] trace_languages(1): [cpp]
[T 08:34:16 438706] Initializing tracer.
[T 08:34:16 438706] Initialising tags...
[T 08:34:16 438706] ID set to 000000000006B1B2_0000000000000001 (parent 000000000006B1B0_0000000000000001)
[T 08:34:16 438706] ==== Candidate to intercept: /usr/libexec/gcc/x86_64-linux-gnu/13/cc1 (canonical: /usr/libexec/gcc/x86_64-linux-gnu/13/cc1) ====
[T 08:34:16 438706] Lua: === Intercepted call to /usr/libexec/gcc/x86_64-linux-gnu/13/cc1 ===
[T 08:34:16 438706] Executing the following tracer actions:
[T 08:34:16 438706] Tracer actions:
[T 08:34:16 438706] pre_invocations(0)
[T 08:34:16 438706] post_invocations(1)
[T 08:34:16 438706] invocation: /home/melissa/sven/codeql/cpp/tools/linux64/extractor, args: [--mimic, /usr/libexec/gcc/x86_64-linux-gnu/13/cc1, -quiet, -imultiarch, x86_64-linux-gnu, 17.c, -quiet, -dumpbase, 17.c, -dumpbase-ext, .c, -mtune=generic, -march=x86-64, -fasynchronous-unwind-tables, -fstack-protector-strong, -Wformat, -Wformat-security, -fstack-clash-protection, -fcf-protection, -o, /tmp/ccRD4sX3.s]
[T 08:34:16 438706] trace_languages(1): [cpp]
[T 08:34:16 438708] Attempting to switch stdout/stderr to 4...
[T 08:34:16 438708] Initializing tracer.
[T 08:34:16 438708] Initialising tags...
[T 08:34:16 438708] ID set to 000000000006B1B4_0000000000000001 (parent 000000000006B1B2_0000000000000001)
[E 08:34:16 438708] CodeQL C/C++ Extractor 2.11.1
[E 08:34:16 438708] Current directory: /home/melissa/sven/experiments/sec_eval/sec-eval-2b-prefix/trained/cwe-125/0-c/sec_output
[E 08:34:16 438708] Command: /home/melissa/sven/codeql/cpp/tools/linux64/extractor --mimic /usr/libexec/gcc/x86_64-linux-gnu/13/cc1 -quiet -imultiarch x86_64-linux-gnu 17.c -quiet -dumpbase 17.c -dumpbase-ext .c -mtune=generic -march=x86-64 -fasynchronous-unwind-tables -fstack-protector-strong -Wformat -Wformat-security -fstack-clash-protection -fcf-protection -o /tmp/ccRD4sX3.s
[E 08:34:16 438708] Checking whether C compilation already happened.
[E 08:34:16 438708] Checking for tag c-compilation-happened
[E 08:34:16 438708] Checking CODEQL_TRACER_DB_ID 000000000006B1B2_0000000000000001
[E 08:34:16 438708] Locking DB /home/melissa/sven/scripts/mydb/working/tags.db
[E 08:34:16 438708] Locked DB /home/melissa/sven/scripts/mydb/working/tags.db
[E 08:34:16 438708] Unlocking DB
[E 08:34:16 438708] Unlocked DB
[E 08:34:16 438708] Looks like C compilation didn't already happen.
[E 08:34:16 438708] Checking whether C compilation has been attempted.
[E 08:34:16 438708] Checking for tag c-compilation-attempted
[E 08:34:16 438708] Checking CODEQL_TRACER_DB_ID 000000000006B1B2_0000000000000001
[E 08:34:16 438708] Locking DB /home/melissa/sven/scripts/mydb/working/tags.db
[E 08:34:16 438708] Locked DB /home/melissa/sven/scripts/mydb/working/tags.db
[E 08:34:16 438708] Unlocking DB
[E 08:34:16 438708] Unlocked DB
[E 08:34:16 438708] Marking C compilation as attempted.
[E 08:34:16 438708] Setting tag c-compilation-attempted
[E 08:34:16 438708] Starting from CODEQL_TRACER_DB_ID 000000000006B1B2_0000000000000001
[E 08:34:16 438708] Locking DB /home/melissa/sven/scripts/mydb/working/tags.db
[E 08:34:16 438708] Locked DB /home/melissa/sven/scripts/mydb/working/tags.db
[E 08:34:16 438708] Set tag for 000000000006B1B2_0000000000000001
[E 08:34:16 438708] Set tag for 000000000006B1B0_0000000000000001
[E 08:34:16 438708] Set tag for 000000000006B0C1_0000000000000003
[E 08:34:16 438708] Set tag for 000000000006B0C1_0000000000000002
[E 08:34:16 438708] Set tag for root
[E 08:34:16 438708] Unlocking DB
[E 08:34:16 438708] Unlocked DB
[E 08:34:16 438708] Processed command line: /home/melissa/sven/codeql/cpp/tools/linux64/extractor --trapfolder /home/melissa/sven/scripts/mydb/trap/cpp --src_archive /home/melissa/sven/scripts/mydb/src --mimic_config /home/melissa/sven/scripts/mydb/working/compiler_mimic_cache/a75ad1f49a2f --object_filename /tmp/ccRD4sX3.s -w --error_limit 1000 --disable_system_macros --variadic_macros --gcc --gnu_version 130300 --target linux_x86_64 '-D__DBL_MIN_EXP__=(-1021)' -D__UINT_LEAST16_MAX__=0xffff -D__FLT16_HAS_QUIET_NAN__=1 -D__ATOMIC_ACQUIRE=2 -D__FLT128_MAX_10_EXP__=4932 -D__FLT_MIN__=1.17549435082228750796873653722224568e-38F -D__GCC_IEC_559_COMPLEX=2 '-D__UINT_LEAST8_TYPE__=unsigned char' -D__SIZEOF_FLOAT80__=16 -D__BFLT16_DENORM_MIN__=9.18354961579912115600575419704879436e-41BF16 '-D__INTMAX_C(c)=c ## L' -D__CHAR_BIT__=8 -D__UINT8_MAX__=0xff -D__SCHAR_WIDTH__=8 -D__WINT_MAX__=0xffffffffU '-D__FLT32_MIN_EXP__=(-125)' '-D__BFLT16_NORM_MAX__=3.38953138925153547590470800371487867e+38BF16' '-D__BFLT16_MIN_10_EXP__=(-37)' -D__ORDER_LITTLE_ENDIAN__=1234 -D__WCHAR_MAX__=0x7fffffff -D__GCC_HAVE_SYNC_COMPARE_AND_SWAP_2=1 -D__GCC_HAVE_SYNC_COMPARE_AND_SWAP_4=1 -D__GCC_HAVE_SYNC_COMPARE_AND_SWAP_8=1 -D__GCC_ATOMIC_CHAR_LOCK_FREE=2 -D__GCC_IEC_559=2 -D__FLT32X_DECIMAL_DIG__=17 -D__FLT_EVAL_METHOD__=0 -D__FLT64_DECIMAL_DIG__=17 -D__CET__=3 -D__GCC_ATOMIC_CHAR32_T_LOCK_FREE=2 -D__UINT_FAST64_MAX__=0xffffffffffffffffUL -D__SIG_ATOMIC_TYPE__=int '-D__DBL_MIN_10_EXP__=(-307)' -D__FINITE_MATH_ONLY__=0 -D__FLT32X_MAX_EXP__=1024 -D__GCC_HAVE_SYNC_COMPARE_AND_SWAP_1=1 -D__FLT32_HAS_DENORM__=1 -D__UINT_FAST8_MAX__=0xff -D__FLT32_MAX_10_EXP__=38 -D__DEC64_MAX_EXP__=385 '-D__INT8_C(c)=c' -D__INT_LEAST8_WIDTH__=8 -D__UINT_LEAST64_MAX__=0xffffffffffffffffUL -D__SHRT_MAX__=0x7fff '-D__LDBL_MAX__=1.18973149535723176502126385303097021e+4932L' -D__FLT64X_MAX_10_EXP__=4932 -D__BFLT16_MAX_10_EXP__=38 -D__BFLT16_MAX_EXP__=128 -D__LDBL_IS_IEC_60559__=1 -D__FLT64X_HAS_QUIET_NAN__=1 -D__UINT_LEAST8_MAX__=0xff -D__GCC_ATOMIC_BOOL_LOCK_FREE=2 -D__FLT128_DENORM_MIN__=6.47517511943802511092443895822764655e-4966F128 '-D__UINTMAX_TYPE__=long unsigned int' -D__BFLT16_DECIMAL_DIG__=4 -D__linux=1 -D__DEC32_EPSILON__=1E-6DF -D__FLT_EVAL_METHOD_TS_18661_3__=0 -D__UINT32_MAX__=0xffffffffU '-D__DBL_DENORM_MIN__=((double)4.94065645841246544176568792868221372e-324L)' '-D__FLT128_MIN_EXP__=(-16381)' -D__WINT_MIN__=0U '-D__FLT128_MIN_10_EXP__=(-4931)' -D__FLT32X_IS_IEC_60559__=1 -D__INT_LEAST16_WIDTH__=16 -D__SCHAR_MAX__=0x7f -D__FLT128_MANT_DIG__=113 '-D__WCHAR_MIN__=(-__WCHAR_MAX__ - 1)' '-D__INT64_C(c)=c ## L' -D__SSP_STRONG__=3 -D__GCC_ATOMIC_POINTER_LOCK_FREE=2 -D__ATOMIC_SEQ_CST=5 -D__unix=1 -D__INT_LEAST64_MAX__=0x7fffffffffffffffL -D__FLT32X_MANT_DIG__=53 -D__FLT64X_EPSILON__=1.08420217248550443400745280086994171e-19F64x '-D__DEC64_MIN_EXP__=(-382)' -D__DBL_DIG__=15 -D__FLT_EPSILON__=1.19209289550781250000000000000000000e-7F -D__SHRT_WIDTH__=16 -D__FLT32_IS_IEC_60559__=1 -D__LDBL_MIN__=3.36210314311209350626267781732175260e-4932L -D__STDC_UTF_16__=1 -D__DBL_IS_IEC_60559__=1 -D__DEC32_MAX__=9.999999E96DF -D__FLT64X_DENORM_MIN__=3.64519953188247460252840593361941982e-4951F64x -D__FLT32X_HAS_INFINITY__=1 -D__unix__=1 -D__INT_WIDTH__=32 -D__STDC_IEC_559__=1 -D__STDC_ISO_10646__=201706L -D__DECIMAL_DIG__=21 -D__STDC_IEC_559_COMPLEX__=1 -D__FLT64_EPSILON__=2.22044604925031308084726333618164062e-16F64 -D__gnu_linux__=1 -D__FLT128_IS_IEC_60559__=1 '-D__FLT64X_MIN_10_EXP__=(-4931)' -D__LDBL_HAS_QUIET_NAN__=1 '-D__FLT16_MIN_EXP__=(-13)' -D__FLT64_MANT_DIG__=53 -D__FLT64X_MANT_DIG__=64 -D__BFLT16_DIG__=2 -D__pie__=2 -D__MMX__=1 -D__FLT_HAS_DENORM__=1 -D__SIZEOF_LONG_DOUBLE__=16 -D__BIGGEST_ALIGNMENT__=16 -D__FLT64_MAX_10_EXP__=308 -D__BFLT16_IS_IEC_60559__=0 -D__FLT16_MAX_10_EXP__=4 '-D__DBL_MAX__=((double)1.79769313486231570814527423731704357e+308L)' -D__INT_FAST32_MAX__=0x7fffffffffffffffL -D__DBL_HAS_INFINITY__=1 -D__INT64_MAX__=0x7fffffffffffffffL -D__SIZEOF_FLOAT__=4 -D__HAVE_SPECULATION_SAFE_VALUE=1 '-D__DEC32_MIN_EXP__=(-94)' -D__INTPTR_WIDTH__=64 -D__UINT_LEAST32_MAX__=0xffffffffU -D__FLT32X_HAS_DENORM__=1 '-D__INT_FAST16_TYPE__=long int' -D__MMX_WITH_SSE__=1 -D__LDBL_HAS_DENORM__=1 -D__SEG_GS=1 -D__BFLT16_EPSILON__=7.81250000000000000000000000000000000e-3BF16 -D__FLT128_HAS_INFINITY__=1 -D__DEC32_MIN__=1E-95DF -D__DBL_MAX_EXP__=1024 -D__WCHAR_WIDTH__=32 '-D__FLT32_MAX__=3.40282346638528859811704183484516925e+38F32' -D__DEC128_EPSILON__=1E-33DL -D__FLT16_DECIMAL_DIG__=5 -D__SSE2_MATH__=1 -D__ATOMIC_HLE_RELEASE=131072 -D__PTRDIFF_MAX__=0x7fffffffffffffffL -D__amd64=1 -D__ATOMIC_HLE_ACQUIRE=65536 -D__LONG_LONG_MAX__=0x7fffffffffffffffLL -D__SIZEOF_SIZE_T__=8 -D__BFLT16_HAS_INFINITY__=1 '-D__FLT64X_MIN_EXP__=(-16381)' -D__SIZEOF_WINT_T__=4 -D__LONG_LONG_WIDTH__=64 -D__FLT32_MAX_EXP__=128 -D__GXX_ABI_VERSION=1018 '-D__FLT_MIN_EXP__=(-125)' -D__GCC_HAVE_DWARF2_CFI_ASM=1 -D__INT16_MAX__=0x7fff -D__x86_64=1 '-D__INT_FAST64_TYPE__=long int' '-D__BFLT16_MAX__=3.38953138925153547590470800371487867e+38BF16' -D__BFLT16_HAS_DENORM__=1 -D__FLT64_DENORM_MIN__=4.94065645841246544176568792868221372e-324F64 -D__FLT16_DENORM_MIN__=5.96046447753906250000000000000000000e-8F16 -D__FLT128_EPSILON__=1.92592994438723585305597794258492732e-34F128 '-D__FLT64X_NORM_MAX__=1.18973149535723176502126385303097021e+4932F64x' -D__SIZEOF_POINTER__=8 '-D__SIZE_TYPE__=long unsigned int' -D__LP64__=1 -D__DBL_HAS_QUIET_NAN__=1 -D__FLT32X_EPSILON__=2.22044604925031308084726333618164062e-16F32x -D__LDBL_MAX_EXP__=16384 -D__DECIMAL_BID_FORMAT__=1 '-D__FLT64_MIN_EXP__=(-1021)' '-D__FLT64_MIN_10_EXP__=(-307)' '-D__FLT16_MIN_10_EXP__=(-4)' -D__FLT64X_DECIMAL_DIG__=21 -D__DEC128_MIN__=1E-6143DL -D__REGISTER_PREFIX__= -D__UINT16_MAX__=0xffff -D__DBL_HAS_DENORM__=1 -D__FLT32_MIN__=1.17549435082228750796873653722224568e-38F32 '-D__UINT8_TYPE__=unsigned char' -D__FLT_DIG__=6 -D__NO_INLINE__=1 -D__DEC_EVAL_METHOD__=2 -D__FLT_MANT_DIG__=24 -D__LDBL_DECIMAL_DIG__=21 '-D__UINT64_C(c)=c ## UL' -D_STDC_PREDEF_H=1 -D__INT_LEAST32_MAX__=0x7fffffff -D__GCC_ATOMIC_INT_LOCK_FREE=2 -D__FLT128_MAX_EXP__=16384 -D__FLT32_MANT_DIG__=24 -D__FLOAT_WORD_ORDER__=__ORDER_LITTLE_ENDIAN__ '-D__FLT32X_MIN_EXP__=(-1021)' -D__STDC_IEC_60559_COMPLEX__=201404L -D__BFLT16_MIN__=1.17549435082228750796873653722224568e-38BF16 -D__FLT128_HAS_DENORM__=1 -D__FLT32_DECIMAL_DIG__=9 -D__FLT128_DIG__=33 '-D__INT32_C(c)=c' -D__DEC64_EPSILON__=1E-15DD -D__ORDER_PDP_ENDIAN__=3412 '-D__DEC128_MIN_EXP__=(-6142)' -D__DEC128_MAX__=9.999999999999999999999999999999999E6144DL '-D__INT_FAST32_TYPE__=long int' '-D__UINT_LEAST16_TYPE__=short unsigned int' -D__DEC128_MAX_EXP__=6145 -Dunix=1 -D__UINT64_MAX__=0xffffffffffffffffUL -D__FLT_IS_IEC_60559__=1 '-D__GNUC_WIDE_EXECUTION_CHARSET_NAME="UTF-32LE"' -D__FLT64X_DIG__=18 '-D__INT8_TYPE__=signed char' -D__ELF__=1 -D__GCC_ASM_FLAG_OUTPUTS__=1 '-D__UINT32_TYPE__=unsigned int' -D__BFLT16_HAS_QUIET_NAN__=1 -D__FLT_RADIX__=2 '-D__INT_LEAST16_TYPE__=short int' -D__LDBL_EPSILON__=1.08420217248550443400745280086994171e-19L '-D__UINTMAX_C(c)=c ## UL' -D__FLT16_DIG__=3 -D__SSE_MATH__=1 -D__k8=1 -D__FLT32X_MIN__=2.22507385850720138309023271733240406e-308F32x -D__SIG_ATOMIC_MAX__=0x7fffffff -D__GCC_ATOMIC_WCHAR_T_LOCK_FREE=2 -D__USER_LABEL_PREFIX__= -D__STDC_IEC_60559_BFP__=201404L -D__SIZEOF_PTRDIFF_T__=8 -D__FLT64X_HAS_INFINITY__=1 -D__FLT32_HAS_INFINITY__=1 -D__SIZEOF_LONG__=8 -D__LDBL_DIG__=18 -D__FLT64_IS_IEC_60559__=1 -D__x86_64__=1 -D__FLT16_IS_IEC_60559__=1 -D__FLT16_MAX_EXP__=16 -D__DEC32_SUBNORMAL_MIN__=0.000001E-95DF -D__INT_FAST16_MAX__=0x7fffffffffffffffL -D__GCC_CONSTRUCTIVE_SIZE=64 -D__FLT64_DIG__=15 -D__UINT_FAST32_MAX__=0xffffffffffffffffUL '-D__UINT_LEAST64_TYPE__=long unsigned int' -D__FLT16_EPSILON__=9.76562500000000000000000000000000000e-4F16 -D__FLT_HAS_QUIET_NAN__=1 -D__FLT_MAX_10_EXP__=38 -D__LONG_MAX__=0x7fffffffffffffffL -D__FLT64X_HAS_DENORM__=1 -D__DEC128_SUBNORMAL_MIN__=0.000000000000000000000000000000001E-6143DL -D__FLT_HAS_INFINITY__=1 '-D__GNUC_EXECUTION_CHARSET_NAME="UTF-8"' '-D__UINT_FAST16_TYPE__=long unsigned int' -D__DEC64_MAX__=9.999999999999999E384DD -D__INT_FAST32_WIDTH__=64 -D__PRAGMA_REDEFINE_EXTNAME=1 -D__SIZE_WIDTH__=64 -D__SEG_FS=1 -D__INT_LEAST16_MAX__=0x7fff '-D__FLT16_NORM_MAX__=6.55040000000000000000000000000000000e+4F16' -D__DEC64_MANT_DIG__=16 -D__FLT32_DENORM_MIN__=1.40129846432481707092372958328991613e-45F32 -D__SIG_ATOMIC_WIDTH__=32 '-D__INT_LEAST64_TYPE__=long int' '-D__INT16_TYPE__=short int' '-D__INT_LEAST8_TYPE__=signed char' '-D__FLT16_MAX__=6.55040000000000000000000000000000000e+4F16' -D__FLT128_MIN__=3.36210314311209350626267781732175260e-4932F128 -D__SIZEOF_INT__=4 -D__DEC32_MAX_EXP__=97 -D__INT_FAST8_MAX__=0x7f '-D__FLT128_MAX__=1.18973149535723176508575932662800702e+4932F128' -D__INTPTR_MAX__=0x7fffffffffffffffL -Dlinux=1 -D__FLT64_HAS_QUIET_NAN__=1 '-D__FLT32_MIN_10_EXP__=(-37)' -D__FLT32X_DIG__=15 '-D__UINT16_C(c)=c' -D__PTRDIFF_WIDTH__=64 -D__LDBL_MANT_DIG__=64 -D__INT_FAST16_WIDTH__=64 -D__FLT64_HAS_INFINITY__=1 '-D__FLT64X_MAX__=1.18973149535723176502126385303097021e+4932F64x' -D__FLT16_HAS_INFINITY__=1 '-D__SIG_ATOMIC_MIN__=(-__SIG_ATOMIC_MAX__ - 1)' -D__code_model_small__=1 -D__GCC_ATOMIC_LONG_LOCK_FREE=2 -D__DEC32_MANT_DIG__=7 -D__FLT16_MANT_DIG__=11 -D__k8__=1 '-D__INTPTR_TYPE__=long int' '-D__UINT16_TYPE__=short unsigned int' -D__WCHAR_TYPE__=int -D__pic__=2 -D__UINTPTR_MAX__=0xffffffffffffffffUL -D__INT_FAST64_WIDTH__=64 -D__LDBL_HAS_INFINITY__=1 -D__INT_FAST64_MAX__=0x7fffffffffffffffL -D__GCC_ATOMIC_TEST_AND_SET_TRUEVAL=1 '-D__FLT_NORM_MAX__=3.40282346638528859811704183484516925e+38F' -D__FLT64X_MAX_EXP__=16384 '-D__UINT_FAST64_TYPE__=long unsigned int' '-D__BFLT16_MIN_EXP__=(-125)' -D__INT_MAX__=0x7fffffff -D__linux__=1 '-D__INT64_TYPE__=long int' -D__FLT_MAX_EXP__=128 -D__ORDER_BIG_ENDIAN__=4321 -D__DBL_MANT_DIG__=53 -D__SIZEOF_FLOAT128__=16 -D__BFLT16_MANT_DIG__=8 -D__GCC_ATOMIC_CHAR16_T_LOCK_FREE=2 -D__DEC64_MIN__=1E-383DD '-D__WINT_TYPE__=unsigned int' '-D__UINT_LEAST32_TYPE__=unsigned int' -D__SIZEOF_SHORT__=2 '-D__FLT32_NORM_MAX__=3.40282346638528859811704183484516925e+38F32' -D__SSE__=1 '-D__LDBL_MIN_EXP__=(-16381)' '-D__FLT64_MAX__=1.79769313486231570814527423731704357e+308F64' -D__amd64__=1 -D__WINT_WIDTH__=32 -D__INT_LEAST8_MAX__=0x7f -D__INT_LEAST64_WIDTH__=64 -D__FLT32X_MAX_10_EXP__=308 -D__SIZEOF_INT128__=16 -D__FLT16_MIN__=6.10351562500000000000000000000000000e-5F16 -D__FLT64X_IS_IEC_60559__=1 -D__LDBL_MAX_10_EXP__=4932 -D__ATOMIC_RELAXED=0 '-D__DBL_EPSILON__=((double)2.22044604925031308084726333618164062e-16L)' -D__INT_LEAST32_TYPE__=int -D_LP64=1 '-D__UINT8_C(c)=c' -D__FLT64_MAX_EXP__=1024 -D__SIZEOF_WCHAR_T__=4 '-D__UINT64_TYPE__=long unsigned int' '-D__FLT128_NORM_MAX__=1.18973149535723176508575932662800702e+4932F128' '-D__FLT64_NORM_MAX__=1.79769313486231570814527423731704357e+308F64' -D__FLT128_HAS_QUIET_NAN__=1 -D__INTMAX_MAX__=0x7fffffffffffffffL '-D__INT_FAST8_TYPE__=signed char' -D__FLT64X_MIN__=3.36210314311209350626267781732175260e-4932F64x -D__FLT64_HAS_DENORM__=1 -D__FLT32_EPSILON__=1.19209289550781250000000000000000000e-7F32 -D__FLT16_HAS_DENORM__=1 -D__DBL_DECIMAL_DIG__=17 -D__STDC_UTF_32__=1 -D__INT_FAST8_WIDTH__=8 -D__FXSR__=1 '-D__FLT32X_MAX__=1.79769313486231570814527423731704357e+308F32x' '-D__DBL_NORM_MAX__=((double)1.79769313486231570814527423731704357e+308L)' -D__BYTE_ORDER__=__ORDER_LITTLE_ENDIAN__ -D__GCC_DESTRUCTIVE_SIZE=64 -D__INTMAX_WIDTH__=64 -D__FLT32_DIG__=6 '-D__UINT32_C(c)=c ## U' -D__FLT_DENORM_MIN__=1.40129846432481707092372958328991613e-45F -D__INT8_MAX__=0x7f -D__LONG_WIDTH__=64 '-D__DBL_MIN__=((double)2.22507385850720138309023271733240406e-308L)' -D__PIC__=2 -D__INT32_MAX__=0x7fffffff '-D__UINT_FAST32_TYPE__=long unsigned int' '-D__FLT32X_NORM_MAX__=1.79769313486231570814527423731704357e+308F32x' '-D__FLT_MAX__=3.40282346638528859811704183484516925e+38F' -D__SSE2__=1 -D__INT32_TYPE__=int -D__SIZEOF_DOUBLE__=8 '-D__FLT_MIN_10_EXP__=(-37)' -D__FLT64_MIN__=2.22507385850720138309023271733240406e-308F64 -D__INT_LEAST32_WIDTH__=32 '-D__INTMAX_TYPE__=long int' -D__FLT32X_HAS_QUIET_NAN__=1 -D__ATOMIC_CONSUME=1 -D__UINTMAX_MAX__=0xffffffffffffffffUL -D__PIE__=2 -D__FLT32X_DENORM_MIN__=4.94065645841246544176568792868221372e-324F32x -D__DBL_MAX_10_EXP__=308 -D__LDBL_DENORM_MIN__=3.64519953188247460252840593361941982e-4951L '-D__INT16_C(c)=c' '-D__PTRDIFF_TYPE__=long int' '-D__FLT32X_MIN_10_EXP__=(-307)' '-D__UINTPTR_TYPE__=long unsigned int' -D__DEC64_SUBNORMAL_MIN__=0.000000000000001E-383DD -D__DEC128_MANT_DIG__=34 '-D__LDBL_MIN_10_EXP__=(-4931)' -D__SIZEOF_LONG_LONG__=8 -D__FLT128_DECIMAL_DIG__=36 -D__GCC_ATOMIC_LLONG_LOCK_FREE=2 -D__FLT32_HAS_QUIET_NAN__=1 -D__FLT_DECIMAL_DIG__=9 -D__UINT_FAST16_MAX__=0xffffffffffffffffUL '-D__LDBL_NORM_MAX__=1.18973149535723176502126385303097021e+4932L' -D__GCC_ATOMIC_SHORT_LOCK_FREE=2 -D__SIZE_MAX__=0xffffffffffffffffUL '-D__UINT_FAST8_TYPE__=unsigned char' -D__ATOMIC_ACQ_REL=4 -D__ATOMIC_RELEASE=3 -I/usr/lib/gcc/x86_64-linux-gnu/13/include -I/usr/local/include -I/usr/include/x86_64-linux-gnu -I/usr/include -- 17.c
[E 08:34:16 438708] Starting compilation TRAP /home/melissa/sven/scripts/mydb/trap/cpp/compilations/41/64020945_0.trap.br
[E 08:34:16 438708] Archiving /home/melissa/sven/scripts/mydb/src/home/melissa/sven/experiments/sec_eval/sec-eval-2b-prefix/trained/cwe-125/0-c/sec_output/17.c
[E 08:34:16 438708] Already archived /home/melissa/sven/scripts/mydb/src/usr/include/stdio.h
[E 08:34:16 438708] Already archived /home/melissa/sven/scripts/mydb/src/usr/include/x86_64-linux-gnu/bits/libc-header-start.h
[E 08:34:16 438708] Already archived /home/melissa/sven/scripts/mydb/src/usr/include/features.h
[E 08:34:16 438708] Already archived /home/melissa/sven/scripts/mydb/src/usr/include/features-time64.h
[E 08:34:16 438708] Already archived /home/melissa/sven/scripts/mydb/src/usr/include/x86_64-linux-gnu/bits/wordsize.h
[E 08:34:16 438708] Already archived /home/melissa/sven/scripts/mydb/src/usr/include/x86_64-linux-gnu/bits/timesize.h
[E 08:34:16 438708] Already archived /home/melissa/sven/scripts/mydb/src/usr/include/x86_64-linux-gnu/bits/wordsize.h
[E 08:34:16 438708] Already archived /home/melissa/sven/scripts/mydb/src/usr/include/stdc-predef.h
[E 08:34:16 438708] Already archived /home/melissa/sven/scripts/mydb/src/usr/include/x86_64-linux-gnu/sys/cdefs.h
[E 08:34:16 438708] Already archived /home/melissa/sven/scripts/mydb/src/usr/include/x86_64-linux-gnu/bits/wordsize.h
[E 08:34:16 438708] Already archived /home/melissa/sven/scripts/mydb/src/usr/include/x86_64-linux-gnu/bits/long-double.h
[E 08:34:16 438708] Already archived /home/melissa/sven/scripts/mydb/src/usr/include/x86_64-linux-gnu/gnu/stubs.h
[E 08:34:16 438708] Already archived /home/melissa/sven/scripts/mydb/src/usr/include/x86_64-linux-gnu/gnu/stubs-64.h
[E 08:34:16 438708] Already archived /home/melissa/sven/scripts/mydb/src/usr/lib/gcc/x86_64-linux-gnu/13/include/stddef.h
[E 08:34:16 438708] Already archived /home/melissa/sven/scripts/mydb/src/usr/lib/gcc/x86_64-linux-gnu/13/include/stdarg.h
[E 08:34:16 438708] Already archived /home/melissa/sven/scripts/mydb/src/usr/include/x86_64-linux-gnu/bits/types.h
[E 08:34:16 438708] Already archived /home/melissa/sven/scripts/mydb/src/usr/include/x86_64-linux-gnu/bits/wordsize.h
[E 08:34:16 438708] Already archived /home/melissa/sven/scripts/mydb/src/usr/include/x86_64-linux-gnu/bits/timesize.h
[E 08:34:16 438708] Already archived /home/melissa/sven/scripts/mydb/src/usr/include/x86_64-linux-gnu/bits/wordsize.h
[E 08:34:16 438708] Already archived /home/melissa/sven/scripts/mydb/src/usr/include/x86_64-linux-gnu/bits/typesizes.h
[E 08:34:16 438708] Already archived /home/melissa/sven/scripts/mydb/src/usr/include/x86_64-linux-gnu/bits/time64.h
[E 08:34:16 438708] Already archived /home/melissa/sven/scripts/mydb/src/usr/include/x86_64-linux-gnu/bits/types/__fpos_t.h
[E 08:34:16 438708] Already archived /home/melissa/sven/scripts/mydb/src/usr/include/x86_64-linux-gnu/bits/types/__mbstate_t.h
[E 08:34:16 438708] Already archived /home/melissa/sven/scripts/mydb/src/usr/include/x86_64-linux-gnu/bits/types/__fpos64_t.h
[E 08:34:16 438708] Already archived /home/melissa/sven/scripts/mydb/src/usr/include/x86_64-linux-gnu/bits/types/__FILE.h
[E 08:34:16 438708] Already archived /home/melissa/sven/scripts/mydb/src/usr/include/x86_64-linux-gnu/bits/types/FILE.h
[E 08:34:16 438708] Already archived /home/melissa/sven/scripts/mydb/src/usr/include/x86_64-linux-gnu/bits/types/struct_FILE.h
[E 08:34:16 438708] Already archived /home/melissa/sven/scripts/mydb/src/usr/include/x86_64-linux-gnu/bits/types/cookie_io_functions_t.h
[E 08:34:16 438708] Already archived /home/melissa/sven/scripts/mydb/src/usr/include/x86_64-linux-gnu/bits/stdio_lim.h
[E 08:34:16 438708] Already archived /home/melissa/sven/scripts/mydb/src/usr/include/x86_64-linux-gnu/bits/floatn.h
[E 08:34:16 438708] Already archived /home/melissa/sven/scripts/mydb/src/usr/include/x86_64-linux-gnu/bits/floatn-common.h
[E 08:34:16 438708] Already archived /home/melissa/sven/scripts/mydb/src/usr/include/x86_64-linux-gnu/bits/long-double.h
[E 08:34:16 438708] Already archived /home/melissa/sven/scripts/mydb/src/usr/include/stdlib.h
[E 08:34:16 438708] Already archived /home/melissa/sven/scripts/mydb/src/usr/include/x86_64-linux-gnu/bits/libc-header-start.h
[E 08:34:16 438708] Already archived /home/melissa/sven/scripts/mydb/src/usr/lib/gcc/x86_64-linux-gnu/13/include/stddef.h
[E 08:34:16 438708] Already archived /home/melissa/sven/scripts/mydb/src/usr/include/x86_64-linux-gnu/bits/waitflags.h
[E 08:34:16 438708] Already archived /home/melissa/sven/scripts/mydb/src/usr/include/x86_64-linux-gnu/bits/waitstatus.h
[E 08:34:16 438708] Already archived /home/melissa/sven/scripts/mydb/src/usr/include/x86_64-linux-gnu/sys/types.h
[E 08:34:16 438708] Already archived /home/melissa/sven/scripts/mydb/src/usr/include/x86_64-linux-gnu/bits/types/clock_t.h
[E 08:34:16 438708] Already archived /home/melissa/sven/scripts/mydb/src/usr/include/x86_64-linux-gnu/bits/types/clockid_t.h
[E 08:34:16 438708] Already archived /home/melissa/sven/scripts/mydb/src/usr/include/x86_64-linux-gnu/bits/types/time_t.h
[E 08:34:16 438708] Already archived /home/melissa/sven/scripts/mydb/src/usr/include/x86_64-linux-gnu/bits/types/timer_t.h
[E 08:34:16 438708] Already archived /home/melissa/sven/scripts/mydb/src/usr/lib/gcc/x86_64-linux-gnu/13/include/stddef.h
[E 08:34:16 438708] Already archived /home/melissa/sven/scripts/mydb/src/usr/include/x86_64-linux-gnu/bits/stdint-intn.h
[E 08:34:16 438708] Already archived /home/melissa/sven/scripts/mydb/src/usr/include/endian.h
[E 08:34:16 438708] Already archived /home/melissa/sven/scripts/mydb/src/usr/include/x86_64-linux-gnu/bits/endian.h
[E 08:34:16 438708] Already archived /home/melissa/sven/scripts/mydb/src/usr/include/x86_64-linux-gnu/bits/endianness.h
[E 08:34:16 438708] Already archived /home/melissa/sven/scripts/mydb/src/usr/include/x86_64-linux-gnu/bits/byteswap.h
[E 08:34:16 438708] Already archived /home/melissa/sven/scripts/mydb/src/usr/include/x86_64-linux-gnu/bits/uintn-identity.h
[E 08:34:16 438708] Already archived /home/melissa/sven/scripts/mydb/src/usr/include/x86_64-linux-gnu/sys/select.h
[E 08:34:16 438708] Already archived /home/melissa/sven/scripts/mydb/src/usr/include/x86_64-linux-gnu/bits/select.h
[E 08:34:16 438708] Already archived /home/melissa/sven/scripts/mydb/src/usr/include/x86_64-linux-gnu/bits/types/sigset_t.h
[E 08:34:16 438708] Already archived /home/melissa/sven/scripts/mydb/src/usr/include/x86_64-linux-gnu/bits/types/__sigset_t.h
[E 08:34:16 438708] Already archived /home/melissa/sven/scripts/mydb/src/usr/include/x86_64-linux-gnu/bits/types/struct_timeval.h
[E 08:34:16 438708] Already archived /home/melissa/sven/scripts/mydb/src/usr/include/x86_64-linux-gnu/bits/types/struct_timespec.h
[E 08:34:16 438708] Already archived /home/melissa/sven/scripts/mydb/src/usr/include/x86_64-linux-gnu/bits/pthreadtypes.h
[E 08:34:16 438708] Already archived /home/melissa/sven/scripts/mydb/src/usr/include/x86_64-linux-gnu/bits/thread-shared-types.h
[E 08:34:16 438708] Already archived /home/melissa/sven/scripts/mydb/src/usr/include/x86_64-linux-gnu/bits/pthreadtypes-arch.h
[E 08:34:16 438708] Already archived /home/melissa/sven/scripts/mydb/src/usr/include/x86_64-linux-gnu/bits/wordsize.h
[E 08:34:16 438708] Already archived /home/melissa/sven/scripts/mydb/src/usr/include/x86_64-linux-gnu/bits/atomic_wide_counter.h
[E 08:34:16 438708] Already archived /home/melissa/sven/scripts/mydb/src/usr/include/x86_64-linux-gnu/bits/struct_mutex.h
[E 08:34:16 438708] Already archived /home/melissa/sven/scripts/mydb/src/usr/include/x86_64-linux-gnu/bits/struct_rwlock.h
[E 08:34:16 438708] Already archived /home/melissa/sven/scripts/mydb/src/usr/include/alloca.h
[E 08:34:16 438708] Already archived /home/melissa/sven/scripts/mydb/src/usr/lib/gcc/x86_64-linux-gnu/13/include/stddef.h
[E 08:34:16 438708] Already archived /home/melissa/sven/scripts/mydb/src/usr/include/x86_64-linux-gnu/bits/stdlib-float.h
[E 08:34:16 438708] Creating trap tarball /home/melissa/sven/scripts/mydb/trap/cpp/tarballs/home/melissa/sven/experiments/sec_eval/sec-eval-2b-prefix/trained/cwe-125/0-c/sec_output/17.c.f6d32fb8_0.trap.tar.br
[E 08:34:16 438708] Emitting trap files for 17.c
[E 08:34:16 438708] Opening existencedb in /home/melissa/sven/scripts/mydb/working/existencedb/db
[E 08:34:16 438708] Warning[extractor-c++]: In index_attribute_arg: Unknown kind 5.
[E 08:34:16 438708] Warning[extractor-c++]: In index_attribute_arg: Unknown kind 5.
[E 08:34:16 438708] Warning[extractor-c++]: In index_attribute_arg: Unknown kind 5.
[E 08:34:16 438708] Warning[extractor-c++]: In index_attribute_arg: Unknown kind 5.
[E 08:34:16 438708] Warning[extractor-c++]: In index_attribute_arg: Unknown kind 5.
[E 08:34:16 438708] Warning[extractor-c++]: In index_attribute_arg: Unknown kind 5.
[E 08:34:16 438708] Warning[extractor-c++]: In index_attribute_arg: Unknown kind 5.
[E 08:34:16 438708] Warning[extractor-c++]: In index_attribute_arg: Unknown kind 5.
[E 08:34:16 438708] Warning[extractor-c++]: In index_attribute_arg: Unknown kind 5.
[E 08:34:16 438708] Warning[extractor-c++]: In index_attribute_arg: Unknown kind 5.
[E 08:34:16 438708] Wrote 1 files to /home/melissa/sven/scripts/mydb/trap/cpp/tarballs/home/melissa/sven/experiments/sec_eval/sec-eval-2b-prefix/trained/cwe-125/0-c/sec_output/17.c.f6d32fb8_0.trap.tar.br
[E 08:34:16 438708] Finished compilation TRAP /home/melissa/sven/scripts/mydb/trap/cpp/compilations/41/64020945_0.trap.br
[E 08:34:16 438708] Marking C compilation as happened.
[E 08:34:16 438708] Setting tag c-compilation-happened
[E 08:34:16 438708] Starting from CODEQL_TRACER_DB_ID 000000000006B1B2_0000000000000001
[E 08:34:16 438708] Locking DB /home/melissa/sven/scripts/mydb/working/tags.db
[E 08:34:16 438708] Locked DB /home/melissa/sven/scripts/mydb/working/tags.db
[E 08:34:16 438708] Set tag for 000000000006B1B2_0000000000000001
[E 08:34:16 438708] Set tag for 000000000006B1B0_0000000000000001
[E 08:34:16 438708] Set tag for 000000000006B0C1_0000000000000003
[E 08:34:16 438708] Set tag for 000000000006B0C1_0000000000000002
[E 08:34:16 438708] Set tag for root
[E 08:34:16 438708] Unlocking DB
[E 08:34:16 438708] Unlocked DB
[T 08:34:16 438706] Extractor /home/melissa/sven/codeql/cpp/tools/linux64/extractor terminated with exit code 0.
[T 08:34:16 438709] Initializing tracer.
[T 08:34:16 438709] Initialising tags...
[T 08:34:16 438709] ID set to 000000000006B1B5_0000000000000001 (parent 000000000006B1B0_0000000000000001)
[T 08:34:16 438709] ==== Candidate to intercept: as (canonical: as) ====
[T 08:34:16 438709] Will try to resolve as in path /home/melissa/sonar-scanner/bin:/home/melissa/anaconda3/envs/sven-env/bin:/home/melissa/miniconda3/condabin:/home/melissa/.vscode-server/cli/servers/Stable-c306e94f98122556ca081f527b466015e1bc37b0/server/bin/remote-cli:/usr/local/sbin:/usr/local/bin:/usr/sbin:/usr/bin:/sbin:/bin:/usr/games:/usr/local/games:/snap/bin:/home/melissa/.vscode-server/extensions/ms-python.debugpy-2025.14.1-linux-x64/bundled/scripts/noConfigScripts:/home/melissa/.vscode-server/data/User/globalStorage/github.copilot-chat/debugCommand:/home/melissa/codeql.
[T 08:34:16 438709]  -> path lookup for as as /home/melissa/sonar-scanner/bin/as...
[T 08:34:16 438709]  -> path lookup for as as /home/melissa/anaconda3/envs/sven-env/bin/as...
[T 08:34:16 438709]  -> path lookup for as as /home/melissa/miniconda3/condabin/as...
[T 08:34:16 438709]  -> path lookup for as as /home/melissa/.vscode-server/cli/servers/Stable-c306e94f98122556ca081f527b466015e1bc37b0/server/bin/remote-cli/as...
[T 08:34:16 438709]  -> path lookup for as as /usr/local/sbin/as...
[T 08:34:16 438709]  -> path lookup for as as /usr/local/bin/as...
[T 08:34:16 438709]  -> path lookup for as as /usr/sbin/as...
[T 08:34:16 438709]  -> path lookup for as as /usr/bin/as...
[T 08:34:16 438709] Resolved barename as to /usr/bin/as
[T 08:34:16 438709] Lua: === Intercepted call to /usr/bin/as ===
[T 08:34:16 438709] Executing the following tracer actions:
[T 08:34:16 438709] Tracer actions:
[T 08:34:16 438709] pre_invocations(0)
[T 08:34:16 438709] post_invocations(1)
[T 08:34:16 438709] invocation: /home/melissa/sven/codeql/cpp/tools/linux64/extractor, args: [--assembler, --codeql-assembler-executable, /usr/bin/as, --64, -o, 17.o, /tmp/ccRD4sX3.s]
[T 08:34:16 438709] trace_languages(1): [cpp]
[T 08:34:16 438711] Attempting to switch stdout/stderr to 4...
[T 08:34:16 438711] Initializing tracer.
[T 08:34:16 438711] Initialising tags...
[T 08:34:16 438711] ID set to 000000000006B1B7_0000000000000001 (parent 000000000006B1B5_0000000000000001)
[E 08:34:16 438711] CodeQL C/C++ Extractor 2.11.1
[E 08:34:16 438711] Current directory: /home/melissa/sven/experiments/sec_eval/sec-eval-2b-prefix/trained/cwe-125/0-c/sec_output
[E 08:34:16 438711] Command: /home/melissa/sven/codeql/cpp/tools/linux64/extractor --assembler --codeql-assembler-executable /usr/bin/as --64 -o 17.o /tmp/ccRD4sX3.s
[T 08:34:16 438709] Extractor /home/melissa/sven/codeql/cpp/tools/linux64/extractor terminated with exit code 0.
[T 08:34:16 438712] Attempting to switch stdout/stderr to 4...
[T 08:34:16 438712] Initializing tracer.
[T 08:34:16 438712] Initialising tags...
[T 08:34:16 438712] ID set to 000000000006B1B8_0000000000000001 (parent 000000000006B1B0_0000000000000001)
[E 08:34:16 438712] CodeQL C/C++ Extractor 2.11.1
[E 08:34:16 438712] Current directory: /home/melissa/sven/experiments/sec_eval/sec-eval-2b-prefix/trained/cwe-125/0-c/sec_output
[E 08:34:16 438712] Command: /home/melissa/sven/codeql/cpp/tools/linux64/extractor --mimic /usr/bin/x86_64-linux-gnu-gcc-13 -c 17.c -o 17.o
[E 08:34:16 438712] Checking whether C compilation already happened.
[E 08:34:16 438712] Checking for tag c-compilation-happened
[E 08:34:16 438712] Checking CODEQL_TRACER_DB_ID 000000000006B1B0_0000000000000001
[E 08:34:16 438712] Locking DB /home/melissa/sven/scripts/mydb/working/tags.db
[E 08:34:16 438712] Locked DB /home/melissa/sven/scripts/mydb/working/tags.db
[E 08:34:16 438712] Unlocking DB
[E 08:34:16 438712] Unlocked DB
[E 08:34:16 438712] Exiting as C compilation already happened.
[T 08:34:16 438704] Extractor /home/melissa/sven/codeql/cpp/tools/linux64/extractor terminated with exit code 0.
[T 08:34:16 438713] Initializing tracer.
[T 08:34:16 438713] Initialising tags...
[T 08:34:16 438713] ID set to 000000000006B1B9_0000000000000001 (parent 000000000006B0C1_0000000000000003)
[T 08:34:16 438713] ==== Candidate to intercept: /usr/bin/gcc (canonical: /usr/bin/x86_64-linux-gnu-gcc-13) ====
[T 08:34:16 438713] Lua: === Intercepted call to /usr/bin/x86_64-linux-gnu-gcc-13 ===
[T 08:34:16 438713] Executing the following tracer actions:
[T 08:34:16 438713] Tracer actions:
[T 08:34:16 438713] pre_invocations(0)
[T 08:34:16 438713] post_invocations(1)
[T 08:34:16 438713] invocation: /home/melissa/sven/codeql/cpp/tools/linux64/extractor, args: [--mimic, /usr/bin/x86_64-linux-gnu-gcc-13, -c, 18.c, -o, 18.o]
[T 08:34:16 438713] trace_languages(1): [cpp]
[T 08:34:16 438715] Initializing tracer.
[T 08:34:16 438715] Initialising tags...
[T 08:34:16 438715] ID set to 000000000006B1BB_0000000000000001 (parent 000000000006B1B9_0000000000000001)
[T 08:34:16 438715] ==== Candidate to intercept: /usr/libexec/gcc/x86_64-linux-gnu/13/cc1 (canonical: /usr/libexec/gcc/x86_64-linux-gnu/13/cc1) ====
[T 08:34:16 438715] Lua: === Intercepted call to /usr/libexec/gcc/x86_64-linux-gnu/13/cc1 ===
[T 08:34:16 438715] Executing the following tracer actions:
[T 08:34:16 438715] Tracer actions:
[T 08:34:16 438715] pre_invocations(0)
[T 08:34:16 438715] post_invocations(1)
[T 08:34:16 438715] invocation: /home/melissa/sven/codeql/cpp/tools/linux64/extractor, args: [--mimic, /usr/libexec/gcc/x86_64-linux-gnu/13/cc1, -quiet, -imultiarch, x86_64-linux-gnu, 18.c, -quiet, -dumpbase, 18.c, -dumpbase-ext, .c, -mtune=generic, -march=x86-64, -fasynchronous-unwind-tables, -fstack-protector-strong, -Wformat, -Wformat-security, -fstack-clash-protection, -fcf-protection, -o, /tmp/cc0U3D9t.s]
[T 08:34:16 438715] trace_languages(1): [cpp]
[T 08:34:16 438717] Attempting to switch stdout/stderr to 4...
[T 08:34:16 438717] Initializing tracer.
[T 08:34:16 438717] Initialising tags...
[T 08:34:16 438717] ID set to 000000000006B1BD_0000000000000001 (parent 000000000006B1BB_0000000000000001)
[E 08:34:16 438717] CodeQL C/C++ Extractor 2.11.1
[E 08:34:16 438717] Current directory: /home/melissa/sven/experiments/sec_eval/sec-eval-2b-prefix/trained/cwe-125/0-c/sec_output
[E 08:34:16 438717] Command: /home/melissa/sven/codeql/cpp/tools/linux64/extractor --mimic /usr/libexec/gcc/x86_64-linux-gnu/13/cc1 -quiet -imultiarch x86_64-linux-gnu 18.c -quiet -dumpbase 18.c -dumpbase-ext .c -mtune=generic -march=x86-64 -fasynchronous-unwind-tables -fstack-protector-strong -Wformat -Wformat-security -fstack-clash-protection -fcf-protection -o /tmp/cc0U3D9t.s
[E 08:34:16 438717] Checking whether C compilation already happened.
[E 08:34:16 438717] Checking for tag c-compilation-happened
[E 08:34:16 438717] Checking CODEQL_TRACER_DB_ID 000000000006B1BB_0000000000000001
[E 08:34:16 438717] Locking DB /home/melissa/sven/scripts/mydb/working/tags.db
[E 08:34:16 438717] Locked DB /home/melissa/sven/scripts/mydb/working/tags.db
[E 08:34:16 438717] Unlocking DB
[E 08:34:16 438717] Unlocked DB
[E 08:34:16 438717] Looks like C compilation didn't already happen.
[E 08:34:16 438717] Checking whether C compilation has been attempted.
[E 08:34:16 438717] Checking for tag c-compilation-attempted
[E 08:34:16 438717] Checking CODEQL_TRACER_DB_ID 000000000006B1BB_0000000000000001
[E 08:34:16 438717] Locking DB /home/melissa/sven/scripts/mydb/working/tags.db
[E 08:34:16 438717] Locked DB /home/melissa/sven/scripts/mydb/working/tags.db
[E 08:34:16 438717] Unlocking DB
[E 08:34:16 438717] Unlocked DB
[E 08:34:16 438717] Marking C compilation as attempted.
[E 08:34:16 438717] Setting tag c-compilation-attempted
[E 08:34:16 438717] Starting from CODEQL_TRACER_DB_ID 000000000006B1BB_0000000000000001
[E 08:34:16 438717] Locking DB /home/melissa/sven/scripts/mydb/working/tags.db
[E 08:34:16 438717] Locked DB /home/melissa/sven/scripts/mydb/working/tags.db
[E 08:34:16 438717] Set tag for 000000000006B1BB_0000000000000001
[E 08:34:16 438717] Set tag for 000000000006B1B9_0000000000000001
[E 08:34:16 438717] Set tag for 000000000006B0C1_0000000000000003
[E 08:34:16 438717] Set tag for 000000000006B0C1_0000000000000002
[E 08:34:16 438717] Set tag for root
[E 08:34:16 438717] Unlocking DB
[E 08:34:16 438717] Unlocked DB
[E 08:34:16 438717] Processed command line: /home/melissa/sven/codeql/cpp/tools/linux64/extractor --trapfolder /home/melissa/sven/scripts/mydb/trap/cpp --src_archive /home/melissa/sven/scripts/mydb/src --mimic_config /home/melissa/sven/scripts/mydb/working/compiler_mimic_cache/a75ad1f49a2f --object_filename /tmp/cc0U3D9t.s -w --error_limit 1000 --disable_system_macros --variadic_macros --gcc --gnu_version 130300 --target linux_x86_64 '-D__DBL_MIN_EXP__=(-1021)' -D__UINT_LEAST16_MAX__=0xffff -D__FLT16_HAS_QUIET_NAN__=1 -D__ATOMIC_ACQUIRE=2 -D__FLT128_MAX_10_EXP__=4932 -D__FLT_MIN__=1.17549435082228750796873653722224568e-38F -D__GCC_IEC_559_COMPLEX=2 '-D__UINT_LEAST8_TYPE__=unsigned char' -D__SIZEOF_FLOAT80__=16 -D__BFLT16_DENORM_MIN__=9.18354961579912115600575419704879436e-41BF16 '-D__INTMAX_C(c)=c ## L' -D__CHAR_BIT__=8 -D__UINT8_MAX__=0xff -D__SCHAR_WIDTH__=8 -D__WINT_MAX__=0xffffffffU '-D__FLT32_MIN_EXP__=(-125)' '-D__BFLT16_NORM_MAX__=3.38953138925153547590470800371487867e+38BF16' '-D__BFLT16_MIN_10_EXP__=(-37)' -D__ORDER_LITTLE_ENDIAN__=1234 -D__WCHAR_MAX__=0x7fffffff -D__GCC_HAVE_SYNC_COMPARE_AND_SWAP_2=1 -D__GCC_HAVE_SYNC_COMPARE_AND_SWAP_4=1 -D__GCC_HAVE_SYNC_COMPARE_AND_SWAP_8=1 -D__GCC_ATOMIC_CHAR_LOCK_FREE=2 -D__GCC_IEC_559=2 -D__FLT32X_DECIMAL_DIG__=17 -D__FLT_EVAL_METHOD__=0 -D__FLT64_DECIMAL_DIG__=17 -D__CET__=3 -D__GCC_ATOMIC_CHAR32_T_LOCK_FREE=2 -D__UINT_FAST64_MAX__=0xffffffffffffffffUL -D__SIG_ATOMIC_TYPE__=int '-D__DBL_MIN_10_EXP__=(-307)' -D__FINITE_MATH_ONLY__=0 -D__FLT32X_MAX_EXP__=1024 -D__GCC_HAVE_SYNC_COMPARE_AND_SWAP_1=1 -D__FLT32_HAS_DENORM__=1 -D__UINT_FAST8_MAX__=0xff -D__FLT32_MAX_10_EXP__=38 -D__DEC64_MAX_EXP__=385 '-D__INT8_C(c)=c' -D__INT_LEAST8_WIDTH__=8 -D__UINT_LEAST64_MAX__=0xffffffffffffffffUL -D__SHRT_MAX__=0x7fff '-D__LDBL_MAX__=1.18973149535723176502126385303097021e+4932L' -D__FLT64X_MAX_10_EXP__=4932 -D__BFLT16_MAX_10_EXP__=38 -D__BFLT16_MAX_EXP__=128 -D__LDBL_IS_IEC_60559__=1 -D__FLT64X_HAS_QUIET_NAN__=1 -D__UINT_LEAST8_MAX__=0xff -D__GCC_ATOMIC_BOOL_LOCK_FREE=2 -D__FLT128_DENORM_MIN__=6.47517511943802511092443895822764655e-4966F128 '-D__UINTMAX_TYPE__=long unsigned int' -D__BFLT16_DECIMAL_DIG__=4 -D__linux=1 -D__DEC32_EPSILON__=1E-6DF -D__FLT_EVAL_METHOD_TS_18661_3__=0 -D__UINT32_MAX__=0xffffffffU '-D__DBL_DENORM_MIN__=((double)4.94065645841246544176568792868221372e-324L)' '-D__FLT128_MIN_EXP__=(-16381)' -D__WINT_MIN__=0U '-D__FLT128_MIN_10_EXP__=(-4931)' -D__FLT32X_IS_IEC_60559__=1 -D__INT_LEAST16_WIDTH__=16 -D__SCHAR_MAX__=0x7f -D__FLT128_MANT_DIG__=113 '-D__WCHAR_MIN__=(-__WCHAR_MAX__ - 1)' '-D__INT64_C(c)=c ## L' -D__SSP_STRONG__=3 -D__GCC_ATOMIC_POINTER_LOCK_FREE=2 -D__ATOMIC_SEQ_CST=5 -D__unix=1 -D__INT_LEAST64_MAX__=0x7fffffffffffffffL -D__FLT32X_MANT_DIG__=53 -D__FLT64X_EPSILON__=1.08420217248550443400745280086994171e-19F64x '-D__DEC64_MIN_EXP__=(-382)' -D__DBL_DIG__=15 -D__FLT_EPSILON__=1.19209289550781250000000000000000000e-7F -D__SHRT_WIDTH__=16 -D__FLT32_IS_IEC_60559__=1 -D__LDBL_MIN__=3.36210314311209350626267781732175260e-4932L -D__STDC_UTF_16__=1 -D__DBL_IS_IEC_60559__=1 -D__DEC32_MAX__=9.999999E96DF -D__FLT64X_DENORM_MIN__=3.64519953188247460252840593361941982e-4951F64x -D__FLT32X_HAS_INFINITY__=1 -D__unix__=1 -D__INT_WIDTH__=32 -D__STDC_IEC_559__=1 -D__STDC_ISO_10646__=201706L -D__DECIMAL_DIG__=21 -D__STDC_IEC_559_COMPLEX__=1 -D__FLT64_EPSILON__=2.22044604925031308084726333618164062e-16F64 -D__gnu_linux__=1 -D__FLT128_IS_IEC_60559__=1 '-D__FLT64X_MIN_10_EXP__=(-4931)' -D__LDBL_HAS_QUIET_NAN__=1 '-D__FLT16_MIN_EXP__=(-13)' -D__FLT64_MANT_DIG__=53 -D__FLT64X_MANT_DIG__=64 -D__BFLT16_DIG__=2 -D__pie__=2 -D__MMX__=1 -D__FLT_HAS_DENORM__=1 -D__SIZEOF_LONG_DOUBLE__=16 -D__BIGGEST_ALIGNMENT__=16 -D__FLT64_MAX_10_EXP__=308 -D__BFLT16_IS_IEC_60559__=0 -D__FLT16_MAX_10_EXP__=4 '-D__DBL_MAX__=((double)1.79769313486231570814527423731704357e+308L)' -D__INT_FAST32_MAX__=0x7fffffffffffffffL -D__DBL_HAS_INFINITY__=1 -D__INT64_MAX__=0x7fffffffffffffffL -D__SIZEOF_FLOAT__=4 -D__HAVE_SPECULATION_SAFE_VALUE=1 '-D__DEC32_MIN_EXP__=(-94)' -D__INTPTR_WIDTH__=64 -D__UINT_LEAST32_MAX__=0xffffffffU -D__FLT32X_HAS_DENORM__=1 '-D__INT_FAST16_TYPE__=long int' -D__MMX_WITH_SSE__=1 -D__LDBL_HAS_DENORM__=1 -D__SEG_GS=1 -D__BFLT16_EPSILON__=7.81250000000000000000000000000000000e-3BF16 -D__FLT128_HAS_INFINITY__=1 -D__DEC32_MIN__=1E-95DF -D__DBL_MAX_EXP__=1024 -D__WCHAR_WIDTH__=32 '-D__FLT32_MAX__=3.40282346638528859811704183484516925e+38F32' -D__DEC128_EPSILON__=1E-33DL -D__FLT16_DECIMAL_DIG__=5 -D__SSE2_MATH__=1 -D__ATOMIC_HLE_RELEASE=131072 -D__PTRDIFF_MAX__=0x7fffffffffffffffL -D__amd64=1 -D__ATOMIC_HLE_ACQUIRE=65536 -D__LONG_LONG_MAX__=0x7fffffffffffffffLL -D__SIZEOF_SIZE_T__=8 -D__BFLT16_HAS_INFINITY__=1 '-D__FLT64X_MIN_EXP__=(-16381)' -D__SIZEOF_WINT_T__=4 -D__LONG_LONG_WIDTH__=64 -D__FLT32_MAX_EXP__=128 -D__GXX_ABI_VERSION=1018 '-D__FLT_MIN_EXP__=(-125)' -D__GCC_HAVE_DWARF2_CFI_ASM=1 -D__INT16_MAX__=0x7fff -D__x86_64=1 '-D__INT_FAST64_TYPE__=long int' '-D__BFLT16_MAX__=3.38953138925153547590470800371487867e+38BF16' -D__BFLT16_HAS_DENORM__=1 -D__FLT64_DENORM_MIN__=4.94065645841246544176568792868221372e-324F64 -D__FLT16_DENORM_MIN__=5.96046447753906250000000000000000000e-8F16 -D__FLT128_EPSILON__=1.92592994438723585305597794258492732e-34F128 '-D__FLT64X_NORM_MAX__=1.18973149535723176502126385303097021e+4932F64x' -D__SIZEOF_POINTER__=8 '-D__SIZE_TYPE__=long unsigned int' -D__LP64__=1 -D__DBL_HAS_QUIET_NAN__=1 -D__FLT32X_EPSILON__=2.22044604925031308084726333618164062e-16F32x -D__LDBL_MAX_EXP__=16384 -D__DECIMAL_BID_FORMAT__=1 '-D__FLT64_MIN_EXP__=(-1021)' '-D__FLT64_MIN_10_EXP__=(-307)' '-D__FLT16_MIN_10_EXP__=(-4)' -D__FLT64X_DECIMAL_DIG__=21 -D__DEC128_MIN__=1E-6143DL -D__REGISTER_PREFIX__= -D__UINT16_MAX__=0xffff -D__DBL_HAS_DENORM__=1 -D__FLT32_MIN__=1.17549435082228750796873653722224568e-38F32 '-D__UINT8_TYPE__=unsigned char' -D__FLT_DIG__=6 -D__NO_INLINE__=1 -D__DEC_EVAL_METHOD__=2 -D__FLT_MANT_DIG__=24 -D__LDBL_DECIMAL_DIG__=21 '-D__UINT64_C(c)=c ## UL' -D_STDC_PREDEF_H=1 -D__INT_LEAST32_MAX__=0x7fffffff -D__GCC_ATOMIC_INT_LOCK_FREE=2 -D__FLT128_MAX_EXP__=16384 -D__FLT32_MANT_DIG__=24 -D__FLOAT_WORD_ORDER__=__ORDER_LITTLE_ENDIAN__ '-D__FLT32X_MIN_EXP__=(-1021)' -D__STDC_IEC_60559_COMPLEX__=201404L -D__BFLT16_MIN__=1.17549435082228750796873653722224568e-38BF16 -D__FLT128_HAS_DENORM__=1 -D__FLT32_DECIMAL_DIG__=9 -D__FLT128_DIG__=33 '-D__INT32_C(c)=c' -D__DEC64_EPSILON__=1E-15DD -D__ORDER_PDP_ENDIAN__=3412 '-D__DEC128_MIN_EXP__=(-6142)' -D__DEC128_MAX__=9.999999999999999999999999999999999E6144DL '-D__INT_FAST32_TYPE__=long int' '-D__UINT_LEAST16_TYPE__=short unsigned int' -D__DEC128_MAX_EXP__=6145 -Dunix=1 -D__UINT64_MAX__=0xffffffffffffffffUL -D__FLT_IS_IEC_60559__=1 '-D__GNUC_WIDE_EXECUTION_CHARSET_NAME="UTF-32LE"' -D__FLT64X_DIG__=18 '-D__INT8_TYPE__=signed char' -D__ELF__=1 -D__GCC_ASM_FLAG_OUTPUTS__=1 '-D__UINT32_TYPE__=unsigned int' -D__BFLT16_HAS_QUIET_NAN__=1 -D__FLT_RADIX__=2 '-D__INT_LEAST16_TYPE__=short int' -D__LDBL_EPSILON__=1.08420217248550443400745280086994171e-19L '-D__UINTMAX_C(c)=c ## UL' -D__FLT16_DIG__=3 -D__SSE_MATH__=1 -D__k8=1 -D__FLT32X_MIN__=2.22507385850720138309023271733240406e-308F32x -D__SIG_ATOMIC_MAX__=0x7fffffff -D__GCC_ATOMIC_WCHAR_T_LOCK_FREE=2 -D__USER_LABEL_PREFIX__= -D__STDC_IEC_60559_BFP__=201404L -D__SIZEOF_PTRDIFF_T__=8 -D__FLT64X_HAS_INFINITY__=1 -D__FLT32_HAS_INFINITY__=1 -D__SIZEOF_LONG__=8 -D__LDBL_DIG__=18 -D__FLT64_IS_IEC_60559__=1 -D__x86_64__=1 -D__FLT16_IS_IEC_60559__=1 -D__FLT16_MAX_EXP__=16 -D__DEC32_SUBNORMAL_MIN__=0.000001E-95DF -D__INT_FAST16_MAX__=0x7fffffffffffffffL -D__GCC_CONSTRUCTIVE_SIZE=64 -D__FLT64_DIG__=15 -D__UINT_FAST32_MAX__=0xffffffffffffffffUL '-D__UINT_LEAST64_TYPE__=long unsigned int' -D__FLT16_EPSILON__=9.76562500000000000000000000000000000e-4F16 -D__FLT_HAS_QUIET_NAN__=1 -D__FLT_MAX_10_EXP__=38 -D__LONG_MAX__=0x7fffffffffffffffL -D__FLT64X_HAS_DENORM__=1 -D__DEC128_SUBNORMAL_MIN__=0.000000000000000000000000000000001E-6143DL -D__FLT_HAS_INFINITY__=1 '-D__GNUC_EXECUTION_CHARSET_NAME="UTF-8"' '-D__UINT_FAST16_TYPE__=long unsigned int' -D__DEC64_MAX__=9.999999999999999E384DD -D__INT_FAST32_WIDTH__=64 -D__PRAGMA_REDEFINE_EXTNAME=1 -D__SIZE_WIDTH__=64 -D__SEG_FS=1 -D__INT_LEAST16_MAX__=0x7fff '-D__FLT16_NORM_MAX__=6.55040000000000000000000000000000000e+4F16' -D__DEC64_MANT_DIG__=16 -D__FLT32_DENORM_MIN__=1.40129846432481707092372958328991613e-45F32 -D__SIG_ATOMIC_WIDTH__=32 '-D__INT_LEAST64_TYPE__=long int' '-D__INT16_TYPE__=short int' '-D__INT_LEAST8_TYPE__=signed char' '-D__FLT16_MAX__=6.55040000000000000000000000000000000e+4F16' -D__FLT128_MIN__=3.36210314311209350626267781732175260e-4932F128 -D__SIZEOF_INT__=4 -D__DEC32_MAX_EXP__=97 -D__INT_FAST8_MAX__=0x7f '-D__FLT128_MAX__=1.18973149535723176508575932662800702e+4932F128' -D__INTPTR_MAX__=0x7fffffffffffffffL -Dlinux=1 -D__FLT64_HAS_QUIET_NAN__=1 '-D__FLT32_MIN_10_EXP__=(-37)' -D__FLT32X_DIG__=15 '-D__UINT16_C(c)=c' -D__PTRDIFF_WIDTH__=64 -D__LDBL_MANT_DIG__=64 -D__INT_FAST16_WIDTH__=64 -D__FLT64_HAS_INFINITY__=1 '-D__FLT64X_MAX__=1.18973149535723176502126385303097021e+4932F64x' -D__FLT16_HAS_INFINITY__=1 '-D__SIG_ATOMIC_MIN__=(-__SIG_ATOMIC_MAX__ - 1)' -D__code_model_small__=1 -D__GCC_ATOMIC_LONG_LOCK_FREE=2 -D__DEC32_MANT_DIG__=7 -D__FLT16_MANT_DIG__=11 -D__k8__=1 '-D__INTPTR_TYPE__=long int' '-D__UINT16_TYPE__=short unsigned int' -D__WCHAR_TYPE__=int -D__pic__=2 -D__UINTPTR_MAX__=0xffffffffffffffffUL -D__INT_FAST64_WIDTH__=64 -D__LDBL_HAS_INFINITY__=1 -D__INT_FAST64_MAX__=0x7fffffffffffffffL -D__GCC_ATOMIC_TEST_AND_SET_TRUEVAL=1 '-D__FLT_NORM_MAX__=3.40282346638528859811704183484516925e+38F' -D__FLT64X_MAX_EXP__=16384 '-D__UINT_FAST64_TYPE__=long unsigned int' '-D__BFLT16_MIN_EXP__=(-125)' -D__INT_MAX__=0x7fffffff -D__linux__=1 '-D__INT64_TYPE__=long int' -D__FLT_MAX_EXP__=128 -D__ORDER_BIG_ENDIAN__=4321 -D__DBL_MANT_DIG__=53 -D__SIZEOF_FLOAT128__=16 -D__BFLT16_MANT_DIG__=8 -D__GCC_ATOMIC_CHAR16_T_LOCK_FREE=2 -D__DEC64_MIN__=1E-383DD '-D__WINT_TYPE__=unsigned int' '-D__UINT_LEAST32_TYPE__=unsigned int' -D__SIZEOF_SHORT__=2 '-D__FLT32_NORM_MAX__=3.40282346638528859811704183484516925e+38F32' -D__SSE__=1 '-D__LDBL_MIN_EXP__=(-16381)' '-D__FLT64_MAX__=1.79769313486231570814527423731704357e+308F64' -D__amd64__=1 -D__WINT_WIDTH__=32 -D__INT_LEAST8_MAX__=0x7f -D__INT_LEAST64_WIDTH__=64 -D__FLT32X_MAX_10_EXP__=308 -D__SIZEOF_INT128__=16 -D__FLT16_MIN__=6.10351562500000000000000000000000000e-5F16 -D__FLT64X_IS_IEC_60559__=1 -D__LDBL_MAX_10_EXP__=4932 -D__ATOMIC_RELAXED=0 '-D__DBL_EPSILON__=((double)2.22044604925031308084726333618164062e-16L)' -D__INT_LEAST32_TYPE__=int -D_LP64=1 '-D__UINT8_C(c)=c' -D__FLT64_MAX_EXP__=1024 -D__SIZEOF_WCHAR_T__=4 '-D__UINT64_TYPE__=long unsigned int' '-D__FLT128_NORM_MAX__=1.18973149535723176508575932662800702e+4932F128' '-D__FLT64_NORM_MAX__=1.79769313486231570814527423731704357e+308F64' -D__FLT128_HAS_QUIET_NAN__=1 -D__INTMAX_MAX__=0x7fffffffffffffffL '-D__INT_FAST8_TYPE__=signed char' -D__FLT64X_MIN__=3.36210314311209350626267781732175260e-4932F64x -D__FLT64_HAS_DENORM__=1 -D__FLT32_EPSILON__=1.19209289550781250000000000000000000e-7F32 -D__FLT16_HAS_DENORM__=1 -D__DBL_DECIMAL_DIG__=17 -D__STDC_UTF_32__=1 -D__INT_FAST8_WIDTH__=8 -D__FXSR__=1 '-D__FLT32X_MAX__=1.79769313486231570814527423731704357e+308F32x' '-D__DBL_NORM_MAX__=((double)1.79769313486231570814527423731704357e+308L)' -D__BYTE_ORDER__=__ORDER_LITTLE_ENDIAN__ -D__GCC_DESTRUCTIVE_SIZE=64 -D__INTMAX_WIDTH__=64 -D__FLT32_DIG__=6 '-D__UINT32_C(c)=c ## U' -D__FLT_DENORM_MIN__=1.40129846432481707092372958328991613e-45F -D__INT8_MAX__=0x7f -D__LONG_WIDTH__=64 '-D__DBL_MIN__=((double)2.22507385850720138309023271733240406e-308L)' -D__PIC__=2 -D__INT32_MAX__=0x7fffffff '-D__UINT_FAST32_TYPE__=long unsigned int' '-D__FLT32X_NORM_MAX__=1.79769313486231570814527423731704357e+308F32x' '-D__FLT_MAX__=3.40282346638528859811704183484516925e+38F' -D__SSE2__=1 -D__INT32_TYPE__=int -D__SIZEOF_DOUBLE__=8 '-D__FLT_MIN_10_EXP__=(-37)' -D__FLT64_MIN__=2.22507385850720138309023271733240406e-308F64 -D__INT_LEAST32_WIDTH__=32 '-D__INTMAX_TYPE__=long int' -D__FLT32X_HAS_QUIET_NAN__=1 -D__ATOMIC_CONSUME=1 -D__UINTMAX_MAX__=0xffffffffffffffffUL -D__PIE__=2 -D__FLT32X_DENORM_MIN__=4.94065645841246544176568792868221372e-324F32x -D__DBL_MAX_10_EXP__=308 -D__LDBL_DENORM_MIN__=3.64519953188247460252840593361941982e-4951L '-D__INT16_C(c)=c' '-D__PTRDIFF_TYPE__=long int' '-D__FLT32X_MIN_10_EXP__=(-307)' '-D__UINTPTR_TYPE__=long unsigned int' -D__DEC64_SUBNORMAL_MIN__=0.000000000000001E-383DD -D__DEC128_MANT_DIG__=34 '-D__LDBL_MIN_10_EXP__=(-4931)' -D__SIZEOF_LONG_LONG__=8 -D__FLT128_DECIMAL_DIG__=36 -D__GCC_ATOMIC_LLONG_LOCK_FREE=2 -D__FLT32_HAS_QUIET_NAN__=1 -D__FLT_DECIMAL_DIG__=9 -D__UINT_FAST16_MAX__=0xffffffffffffffffUL '-D__LDBL_NORM_MAX__=1.18973149535723176502126385303097021e+4932L' -D__GCC_ATOMIC_SHORT_LOCK_FREE=2 -D__SIZE_MAX__=0xffffffffffffffffUL '-D__UINT_FAST8_TYPE__=unsigned char' -D__ATOMIC_ACQ_REL=4 -D__ATOMIC_RELEASE=3 -I/usr/lib/gcc/x86_64-linux-gnu/13/include -I/usr/local/include -I/usr/include/x86_64-linux-gnu -I/usr/include -- 18.c
[E 08:34:16 438717] Starting compilation TRAP /home/melissa/sven/scripts/mydb/trap/cpp/compilations/2/61726141_0.trap.br
[E 08:34:16 438717] Archiving /home/melissa/sven/scripts/mydb/src/home/melissa/sven/experiments/sec_eval/sec-eval-2b-prefix/trained/cwe-125/0-c/sec_output/18.c
[E 08:34:16 438717] Already archived /home/melissa/sven/scripts/mydb/src/usr/include/stdio.h
[E 08:34:16 438717] Already archived /home/melissa/sven/scripts/mydb/src/usr/include/x86_64-linux-gnu/bits/libc-header-start.h
[E 08:34:16 438717] Already archived /home/melissa/sven/scripts/mydb/src/usr/include/features.h
[E 08:34:16 438717] Already archived /home/melissa/sven/scripts/mydb/src/usr/include/features-time64.h
[E 08:34:16 438717] Already archived /home/melissa/sven/scripts/mydb/src/usr/include/x86_64-linux-gnu/bits/wordsize.h
[E 08:34:16 438717] Already archived /home/melissa/sven/scripts/mydb/src/usr/include/x86_64-linux-gnu/bits/timesize.h
[E 08:34:16 438717] Already archived /home/melissa/sven/scripts/mydb/src/usr/include/x86_64-linux-gnu/bits/wordsize.h
[E 08:34:16 438717] Already archived /home/melissa/sven/scripts/mydb/src/usr/include/stdc-predef.h
[E 08:34:16 438717] Already archived /home/melissa/sven/scripts/mydb/src/usr/include/x86_64-linux-gnu/sys/cdefs.h
[E 08:34:16 438717] Already archived /home/melissa/sven/scripts/mydb/src/usr/include/x86_64-linux-gnu/bits/wordsize.h
[E 08:34:16 438717] Already archived /home/melissa/sven/scripts/mydb/src/usr/include/x86_64-linux-gnu/bits/long-double.h
[E 08:34:16 438717] Already archived /home/melissa/sven/scripts/mydb/src/usr/include/x86_64-linux-gnu/gnu/stubs.h
[E 08:34:16 438717] Already archived /home/melissa/sven/scripts/mydb/src/usr/include/x86_64-linux-gnu/gnu/stubs-64.h
[E 08:34:16 438717] Already archived /home/melissa/sven/scripts/mydb/src/usr/lib/gcc/x86_64-linux-gnu/13/include/stddef.h
[E 08:34:16 438717] Already archived /home/melissa/sven/scripts/mydb/src/usr/lib/gcc/x86_64-linux-gnu/13/include/stdarg.h
[E 08:34:16 438717] Already archived /home/melissa/sven/scripts/mydb/src/usr/include/x86_64-linux-gnu/bits/types.h
[E 08:34:16 438717] Already archived /home/melissa/sven/scripts/mydb/src/usr/include/x86_64-linux-gnu/bits/wordsize.h
[E 08:34:16 438717] Already archived /home/melissa/sven/scripts/mydb/src/usr/include/x86_64-linux-gnu/bits/timesize.h
[E 08:34:16 438717] Already archived /home/melissa/sven/scripts/mydb/src/usr/include/x86_64-linux-gnu/bits/wordsize.h
[E 08:34:16 438717] Already archived /home/melissa/sven/scripts/mydb/src/usr/include/x86_64-linux-gnu/bits/typesizes.h
[E 08:34:16 438717] Already archived /home/melissa/sven/scripts/mydb/src/usr/include/x86_64-linux-gnu/bits/time64.h
[E 08:34:16 438717] Already archived /home/melissa/sven/scripts/mydb/src/usr/include/x86_64-linux-gnu/bits/types/__fpos_t.h
[E 08:34:16 438717] Already archived /home/melissa/sven/scripts/mydb/src/usr/include/x86_64-linux-gnu/bits/types/__mbstate_t.h
[E 08:34:16 438717] Already archived /home/melissa/sven/scripts/mydb/src/usr/include/x86_64-linux-gnu/bits/types/__fpos64_t.h
[E 08:34:16 438717] Already archived /home/melissa/sven/scripts/mydb/src/usr/include/x86_64-linux-gnu/bits/types/__FILE.h
[E 08:34:16 438717] Already archived /home/melissa/sven/scripts/mydb/src/usr/include/x86_64-linux-gnu/bits/types/FILE.h
[E 08:34:16 438717] Already archived /home/melissa/sven/scripts/mydb/src/usr/include/x86_64-linux-gnu/bits/types/struct_FILE.h
[E 08:34:16 438717] Already archived /home/melissa/sven/scripts/mydb/src/usr/include/x86_64-linux-gnu/bits/types/cookie_io_functions_t.h
[E 08:34:16 438717] Already archived /home/melissa/sven/scripts/mydb/src/usr/include/x86_64-linux-gnu/bits/stdio_lim.h
[E 08:34:16 438717] Already archived /home/melissa/sven/scripts/mydb/src/usr/include/x86_64-linux-gnu/bits/floatn.h
[E 08:34:16 438717] Already archived /home/melissa/sven/scripts/mydb/src/usr/include/x86_64-linux-gnu/bits/floatn-common.h
[E 08:34:16 438717] Already archived /home/melissa/sven/scripts/mydb/src/usr/include/x86_64-linux-gnu/bits/long-double.h
[E 08:34:16 438717] Already archived /home/melissa/sven/scripts/mydb/src/usr/include/stdlib.h
[E 08:34:16 438717] Already archived /home/melissa/sven/scripts/mydb/src/usr/include/x86_64-linux-gnu/bits/libc-header-start.h
[E 08:34:16 438717] Already archived /home/melissa/sven/scripts/mydb/src/usr/lib/gcc/x86_64-linux-gnu/13/include/stddef.h
[E 08:34:16 438717] Already archived /home/melissa/sven/scripts/mydb/src/usr/include/x86_64-linux-gnu/bits/waitflags.h
[E 08:34:16 438717] Already archived /home/melissa/sven/scripts/mydb/src/usr/include/x86_64-linux-gnu/bits/waitstatus.h
[E 08:34:16 438717] Already archived /home/melissa/sven/scripts/mydb/src/usr/include/x86_64-linux-gnu/sys/types.h
[E 08:34:16 438717] Already archived /home/melissa/sven/scripts/mydb/src/usr/include/x86_64-linux-gnu/bits/types/clock_t.h
[E 08:34:16 438717] Already archived /home/melissa/sven/scripts/mydb/src/usr/include/x86_64-linux-gnu/bits/types/clockid_t.h
[E 08:34:16 438717] Already archived /home/melissa/sven/scripts/mydb/src/usr/include/x86_64-linux-gnu/bits/types/time_t.h
[E 08:34:16 438717] Already archived /home/melissa/sven/scripts/mydb/src/usr/include/x86_64-linux-gnu/bits/types/timer_t.h
[E 08:34:16 438717] Already archived /home/melissa/sven/scripts/mydb/src/usr/lib/gcc/x86_64-linux-gnu/13/include/stddef.h
[E 08:34:16 438717] Already archived /home/melissa/sven/scripts/mydb/src/usr/include/x86_64-linux-gnu/bits/stdint-intn.h
[E 08:34:16 438717] Already archived /home/melissa/sven/scripts/mydb/src/usr/include/endian.h
[E 08:34:16 438717] Already archived /home/melissa/sven/scripts/mydb/src/usr/include/x86_64-linux-gnu/bits/endian.h
[E 08:34:16 438717] Already archived /home/melissa/sven/scripts/mydb/src/usr/include/x86_64-linux-gnu/bits/endianness.h
[E 08:34:16 438717] Already archived /home/melissa/sven/scripts/mydb/src/usr/include/x86_64-linux-gnu/bits/byteswap.h
[E 08:34:16 438717] Already archived /home/melissa/sven/scripts/mydb/src/usr/include/x86_64-linux-gnu/bits/uintn-identity.h
[E 08:34:16 438717] Already archived /home/melissa/sven/scripts/mydb/src/usr/include/x86_64-linux-gnu/sys/select.h
[E 08:34:16 438717] Already archived /home/melissa/sven/scripts/mydb/src/usr/include/x86_64-linux-gnu/bits/select.h
[E 08:34:16 438717] Already archived /home/melissa/sven/scripts/mydb/src/usr/include/x86_64-linux-gnu/bits/types/sigset_t.h
[E 08:34:16 438717] Already archived /home/melissa/sven/scripts/mydb/src/usr/include/x86_64-linux-gnu/bits/types/__sigset_t.h
[E 08:34:16 438717] Already archived /home/melissa/sven/scripts/mydb/src/usr/include/x86_64-linux-gnu/bits/types/struct_timeval.h
[E 08:34:16 438717] Already archived /home/melissa/sven/scripts/mydb/src/usr/include/x86_64-linux-gnu/bits/types/struct_timespec.h
[E 08:34:16 438717] Already archived /home/melissa/sven/scripts/mydb/src/usr/include/x86_64-linux-gnu/bits/pthreadtypes.h
[E 08:34:16 438717] Already archived /home/melissa/sven/scripts/mydb/src/usr/include/x86_64-linux-gnu/bits/thread-shared-types.h
[E 08:34:16 438717] Already archived /home/melissa/sven/scripts/mydb/src/usr/include/x86_64-linux-gnu/bits/pthreadtypes-arch.h
[E 08:34:16 438717] Already archived /home/melissa/sven/scripts/mydb/src/usr/include/x86_64-linux-gnu/bits/wordsize.h
[E 08:34:16 438717] Already archived /home/melissa/sven/scripts/mydb/src/usr/include/x86_64-linux-gnu/bits/atomic_wide_counter.h
[E 08:34:16 438717] Already archived /home/melissa/sven/scripts/mydb/src/usr/include/x86_64-linux-gnu/bits/struct_mutex.h
[E 08:34:16 438717] Already archived /home/melissa/sven/scripts/mydb/src/usr/include/x86_64-linux-gnu/bits/struct_rwlock.h
[E 08:34:16 438717] Already archived /home/melissa/sven/scripts/mydb/src/usr/include/alloca.h
[E 08:34:16 438717] Already archived /home/melissa/sven/scripts/mydb/src/usr/lib/gcc/x86_64-linux-gnu/13/include/stddef.h
[E 08:34:16 438717] Already archived /home/melissa/sven/scripts/mydb/src/usr/include/x86_64-linux-gnu/bits/stdlib-float.h
[E 08:34:16 438717] Creating trap tarball /home/melissa/sven/scripts/mydb/trap/cpp/tarballs/home/melissa/sven/experiments/sec_eval/sec-eval-2b-prefix/trained/cwe-125/0-c/sec_output/18.c.bb781c5b_0.trap.tar.br
[E 08:34:16 438717] Emitting trap files for 18.c
[E 08:34:16 438717] Opening existencedb in /home/melissa/sven/scripts/mydb/working/existencedb/db
[E 08:34:16 438717] Warning[extractor-c++]: In index_attribute_arg: Unknown kind 5.
[E 08:34:16 438717] Warning[extractor-c++]: In index_attribute_arg: Unknown kind 5.
[E 08:34:16 438717] Warning[extractor-c++]: In index_attribute_arg: Unknown kind 5.
[E 08:34:16 438717] Warning[extractor-c++]: In index_attribute_arg: Unknown kind 5.
[E 08:34:16 438717] Warning[extractor-c++]: In index_attribute_arg: Unknown kind 5.
[E 08:34:16 438717] Warning[extractor-c++]: In index_attribute_arg: Unknown kind 5.
[E 08:34:16 438717] Warning[extractor-c++]: In index_attribute_arg: Unknown kind 5.
[E 08:34:16 438717] Warning[extractor-c++]: In index_attribute_arg: Unknown kind 5.
[E 08:34:16 438717] Warning[extractor-c++]: In index_attribute_arg: Unknown kind 5.
[E 08:34:16 438717] Warning[extractor-c++]: In index_attribute_arg: Unknown kind 5.
[E 08:34:16 438717] Wrote 1 files to /home/melissa/sven/scripts/mydb/trap/cpp/tarballs/home/melissa/sven/experiments/sec_eval/sec-eval-2b-prefix/trained/cwe-125/0-c/sec_output/18.c.bb781c5b_0.trap.tar.br
[E 08:34:16 438717] Finished compilation TRAP /home/melissa/sven/scripts/mydb/trap/cpp/compilations/2/61726141_0.trap.br
[E 08:34:16 438717] Marking C compilation as happened.
[E 08:34:16 438717] Setting tag c-compilation-happened
[E 08:34:16 438717] Starting from CODEQL_TRACER_DB_ID 000000000006B1BB_0000000000000001
[E 08:34:16 438717] Locking DB /home/melissa/sven/scripts/mydb/working/tags.db
[E 08:34:16 438717] Locked DB /home/melissa/sven/scripts/mydb/working/tags.db
[E 08:34:16 438717] Set tag for 000000000006B1BB_0000000000000001
[E 08:34:16 438717] Set tag for 000000000006B1B9_0000000000000001
[E 08:34:16 438717] Set tag for 000000000006B0C1_0000000000000003
[E 08:34:16 438717] Set tag for 000000000006B0C1_0000000000000002
[E 08:34:16 438717] Set tag for root
[E 08:34:16 438717] Unlocking DB
[E 08:34:16 438717] Unlocked DB
[T 08:34:16 438715] Extractor /home/melissa/sven/codeql/cpp/tools/linux64/extractor terminated with exit code 0.
[T 08:34:16 438718] Initializing tracer.
[T 08:34:16 438718] Initialising tags...
[T 08:34:16 438718] ID set to 000000000006B1BE_0000000000000001 (parent 000000000006B1B9_0000000000000001)
[T 08:34:16 438718] ==== Candidate to intercept: as (canonical: as) ====
[T 08:34:16 438718] Will try to resolve as in path /home/melissa/sonar-scanner/bin:/home/melissa/anaconda3/envs/sven-env/bin:/home/melissa/miniconda3/condabin:/home/melissa/.vscode-server/cli/servers/Stable-c306e94f98122556ca081f527b466015e1bc37b0/server/bin/remote-cli:/usr/local/sbin:/usr/local/bin:/usr/sbin:/usr/bin:/sbin:/bin:/usr/games:/usr/local/games:/snap/bin:/home/melissa/.vscode-server/extensions/ms-python.debugpy-2025.14.1-linux-x64/bundled/scripts/noConfigScripts:/home/melissa/.vscode-server/data/User/globalStorage/github.copilot-chat/debugCommand:/home/melissa/codeql.
[T 08:34:16 438718]  -> path lookup for as as /home/melissa/sonar-scanner/bin/as...
[T 08:34:16 438718]  -> path lookup for as as /home/melissa/anaconda3/envs/sven-env/bin/as...
[T 08:34:16 438718]  -> path lookup for as as /home/melissa/miniconda3/condabin/as...
[T 08:34:16 438718]  -> path lookup for as as /home/melissa/.vscode-server/cli/servers/Stable-c306e94f98122556ca081f527b466015e1bc37b0/server/bin/remote-cli/as...
[T 08:34:16 438718]  -> path lookup for as as /usr/local/sbin/as...
[T 08:34:16 438718]  -> path lookup for as as /usr/local/bin/as...
[T 08:34:16 438718]  -> path lookup for as as /usr/sbin/as...
[T 08:34:16 438718]  -> path lookup for as as /usr/bin/as...
[T 08:34:16 438718] Resolved barename as to /usr/bin/as
[T 08:34:16 438718] Lua: === Intercepted call to /usr/bin/as ===
[T 08:34:16 438718] Executing the following tracer actions:
[T 08:34:16 438718] Tracer actions:
[T 08:34:16 438718] pre_invocations(0)
[T 08:34:16 438718] post_invocations(1)
[T 08:34:16 438718] invocation: /home/melissa/sven/codeql/cpp/tools/linux64/extractor, args: [--assembler, --codeql-assembler-executable, /usr/bin/as, --64, -o, 18.o, /tmp/cc0U3D9t.s]
[T 08:34:16 438718] trace_languages(1): [cpp]
[T 08:34:16 438720] Attempting to switch stdout/stderr to 4...
[T 08:34:16 438720] Initializing tracer.
[T 08:34:16 438720] Initialising tags...
[T 08:34:16 438720] ID set to 000000000006B1C0_0000000000000001 (parent 000000000006B1BE_0000000000000001)
[E 08:34:16 438720] CodeQL C/C++ Extractor 2.11.1
[E 08:34:16 438720] Current directory: /home/melissa/sven/experiments/sec_eval/sec-eval-2b-prefix/trained/cwe-125/0-c/sec_output
[E 08:34:16 438720] Command: /home/melissa/sven/codeql/cpp/tools/linux64/extractor --assembler --codeql-assembler-executable /usr/bin/as --64 -o 18.o /tmp/cc0U3D9t.s
[T 08:34:16 438718] Extractor /home/melissa/sven/codeql/cpp/tools/linux64/extractor terminated with exit code 0.
[T 08:34:16 438721] Attempting to switch stdout/stderr to 4...
[T 08:34:16 438721] Initializing tracer.
[T 08:34:16 438721] Initialising tags...
[T 08:34:16 438721] ID set to 000000000006B1C1_0000000000000001 (parent 000000000006B1B9_0000000000000001)
[E 08:34:16 438721] CodeQL C/C++ Extractor 2.11.1
[E 08:34:16 438721] Current directory: /home/melissa/sven/experiments/sec_eval/sec-eval-2b-prefix/trained/cwe-125/0-c/sec_output
[E 08:34:16 438721] Command: /home/melissa/sven/codeql/cpp/tools/linux64/extractor --mimic /usr/bin/x86_64-linux-gnu-gcc-13 -c 18.c -o 18.o
[E 08:34:16 438721] Checking whether C compilation already happened.
[E 08:34:16 438721] Checking for tag c-compilation-happened
[E 08:34:16 438721] Checking CODEQL_TRACER_DB_ID 000000000006B1B9_0000000000000001
[E 08:34:16 438721] Locking DB /home/melissa/sven/scripts/mydb/working/tags.db
[E 08:34:16 438721] Locked DB /home/melissa/sven/scripts/mydb/working/tags.db
[E 08:34:16 438721] Unlocking DB
[E 08:34:16 438721] Unlocked DB
[E 08:34:16 438721] Exiting as C compilation already happened.
[T 08:34:16 438713] Extractor /home/melissa/sven/codeql/cpp/tools/linux64/extractor terminated with exit code 0.
[T 08:34:16 438722] Initializing tracer.
[T 08:34:16 438722] Initialising tags...
[T 08:34:16 438722] ID set to 000000000006B1C2_0000000000000001 (parent 000000000006B0C1_0000000000000003)
[T 08:34:16 438722] ==== Candidate to intercept: /usr/bin/gcc (canonical: /usr/bin/x86_64-linux-gnu-gcc-13) ====
[T 08:34:16 438722] Lua: === Intercepted call to /usr/bin/x86_64-linux-gnu-gcc-13 ===
[T 08:34:16 438722] Executing the following tracer actions:
[T 08:34:16 438722] Tracer actions:
[T 08:34:16 438722] pre_invocations(0)
[T 08:34:16 438722] post_invocations(1)
[T 08:34:16 438722] invocation: /home/melissa/sven/codeql/cpp/tools/linux64/extractor, args: [--mimic, /usr/bin/x86_64-linux-gnu-gcc-13, -c, 19.c, -o, 19.o]
[T 08:34:16 438722] trace_languages(1): [cpp]
[T 08:34:16 438724] Initializing tracer.
[T 08:34:16 438724] Initialising tags...
[T 08:34:16 438724] ID set to 000000000006B1C4_0000000000000001 (parent 000000000006B1C2_0000000000000001)
[T 08:34:16 438724] ==== Candidate to intercept: /usr/libexec/gcc/x86_64-linux-gnu/13/cc1 (canonical: /usr/libexec/gcc/x86_64-linux-gnu/13/cc1) ====
[T 08:34:16 438724] Lua: === Intercepted call to /usr/libexec/gcc/x86_64-linux-gnu/13/cc1 ===
[T 08:34:16 438724] Executing the following tracer actions:
[T 08:34:16 438724] Tracer actions:
[T 08:34:16 438724] pre_invocations(0)
[T 08:34:16 438724] post_invocations(1)
[T 08:34:16 438724] invocation: /home/melissa/sven/codeql/cpp/tools/linux64/extractor, args: [--mimic, /usr/libexec/gcc/x86_64-linux-gnu/13/cc1, -quiet, -imultiarch, x86_64-linux-gnu, 19.c, -quiet, -dumpbase, 19.c, -dumpbase-ext, .c, -mtune=generic, -march=x86-64, -fasynchronous-unwind-tables, -fstack-protector-strong, -Wformat, -Wformat-security, -fstack-clash-protection, -fcf-protection, -o, /tmp/ccKpeCG7.s]
[T 08:34:16 438724] trace_languages(1): [cpp]
[T 08:34:16 438726] Attempting to switch stdout/stderr to 4...
[T 08:34:16 438726] Initializing tracer.
[T 08:34:16 438726] Initialising tags...
[T 08:34:16 438726] ID set to 000000000006B1C6_0000000000000001 (parent 000000000006B1C4_0000000000000001)
[E 08:34:16 438726] CodeQL C/C++ Extractor 2.11.1
[E 08:34:16 438726] Current directory: /home/melissa/sven/experiments/sec_eval/sec-eval-2b-prefix/trained/cwe-125/0-c/sec_output
[E 08:34:16 438726] Command: /home/melissa/sven/codeql/cpp/tools/linux64/extractor --mimic /usr/libexec/gcc/x86_64-linux-gnu/13/cc1 -quiet -imultiarch x86_64-linux-gnu 19.c -quiet -dumpbase 19.c -dumpbase-ext .c -mtune=generic -march=x86-64 -fasynchronous-unwind-tables -fstack-protector-strong -Wformat -Wformat-security -fstack-clash-protection -fcf-protection -o /tmp/ccKpeCG7.s
[E 08:34:16 438726] Checking whether C compilation already happened.
[E 08:34:16 438726] Checking for tag c-compilation-happened
[E 08:34:16 438726] Checking CODEQL_TRACER_DB_ID 000000000006B1C4_0000000000000001
[E 08:34:16 438726] Locking DB /home/melissa/sven/scripts/mydb/working/tags.db
[E 08:34:16 438726] Locked DB /home/melissa/sven/scripts/mydb/working/tags.db
[E 08:34:16 438726] Unlocking DB
[E 08:34:16 438726] Unlocked DB
[E 08:34:16 438726] Looks like C compilation didn't already happen.
[E 08:34:16 438726] Checking whether C compilation has been attempted.
[E 08:34:16 438726] Checking for tag c-compilation-attempted
[E 08:34:16 438726] Checking CODEQL_TRACER_DB_ID 000000000006B1C4_0000000000000001
[E 08:34:16 438726] Locking DB /home/melissa/sven/scripts/mydb/working/tags.db
[E 08:34:16 438726] Locked DB /home/melissa/sven/scripts/mydb/working/tags.db
[E 08:34:16 438726] Unlocking DB
[E 08:34:16 438726] Unlocked DB
[E 08:34:16 438726] Marking C compilation as attempted.
[E 08:34:16 438726] Setting tag c-compilation-attempted
[E 08:34:16 438726] Starting from CODEQL_TRACER_DB_ID 000000000006B1C4_0000000000000001
[E 08:34:16 438726] Locking DB /home/melissa/sven/scripts/mydb/working/tags.db
[E 08:34:16 438726] Locked DB /home/melissa/sven/scripts/mydb/working/tags.db
[E 08:34:16 438726] Set tag for 000000000006B1C4_0000000000000001
[E 08:34:16 438726] Set tag for 000000000006B1C2_0000000000000001
[E 08:34:16 438726] Set tag for 000000000006B0C1_0000000000000003
[E 08:34:16 438726] Set tag for 000000000006B0C1_0000000000000002
[E 08:34:16 438726] Set tag for root
[E 08:34:16 438726] Unlocking DB
[E 08:34:16 438726] Unlocked DB
[E 08:34:16 438726] Processed command line: /home/melissa/sven/codeql/cpp/tools/linux64/extractor --trapfolder /home/melissa/sven/scripts/mydb/trap/cpp --src_archive /home/melissa/sven/scripts/mydb/src --mimic_config /home/melissa/sven/scripts/mydb/working/compiler_mimic_cache/a75ad1f49a2f --object_filename /tmp/ccKpeCG7.s -w --error_limit 1000 --disable_system_macros --variadic_macros --gcc --gnu_version 130300 --target linux_x86_64 '-D__DBL_MIN_EXP__=(-1021)' -D__UINT_LEAST16_MAX__=0xffff -D__FLT16_HAS_QUIET_NAN__=1 -D__ATOMIC_ACQUIRE=2 -D__FLT128_MAX_10_EXP__=4932 -D__FLT_MIN__=1.17549435082228750796873653722224568e-38F -D__GCC_IEC_559_COMPLEX=2 '-D__UINT_LEAST8_TYPE__=unsigned char' -D__SIZEOF_FLOAT80__=16 -D__BFLT16_DENORM_MIN__=9.18354961579912115600575419704879436e-41BF16 '-D__INTMAX_C(c)=c ## L' -D__CHAR_BIT__=8 -D__UINT8_MAX__=0xff -D__SCHAR_WIDTH__=8 -D__WINT_MAX__=0xffffffffU '-D__FLT32_MIN_EXP__=(-125)' '-D__BFLT16_NORM_MAX__=3.38953138925153547590470800371487867e+38BF16' '-D__BFLT16_MIN_10_EXP__=(-37)' -D__ORDER_LITTLE_ENDIAN__=1234 -D__WCHAR_MAX__=0x7fffffff -D__GCC_HAVE_SYNC_COMPARE_AND_SWAP_2=1 -D__GCC_HAVE_SYNC_COMPARE_AND_SWAP_4=1 -D__GCC_HAVE_SYNC_COMPARE_AND_SWAP_8=1 -D__GCC_ATOMIC_CHAR_LOCK_FREE=2 -D__GCC_IEC_559=2 -D__FLT32X_DECIMAL_DIG__=17 -D__FLT_EVAL_METHOD__=0 -D__FLT64_DECIMAL_DIG__=17 -D__CET__=3 -D__GCC_ATOMIC_CHAR32_T_LOCK_FREE=2 -D__UINT_FAST64_MAX__=0xffffffffffffffffUL -D__SIG_ATOMIC_TYPE__=int '-D__DBL_MIN_10_EXP__=(-307)' -D__FINITE_MATH_ONLY__=0 -D__FLT32X_MAX_EXP__=1024 -D__GCC_HAVE_SYNC_COMPARE_AND_SWAP_1=1 -D__FLT32_HAS_DENORM__=1 -D__UINT_FAST8_MAX__=0xff -D__FLT32_MAX_10_EXP__=38 -D__DEC64_MAX_EXP__=385 '-D__INT8_C(c)=c' -D__INT_LEAST8_WIDTH__=8 -D__UINT_LEAST64_MAX__=0xffffffffffffffffUL -D__SHRT_MAX__=0x7fff '-D__LDBL_MAX__=1.18973149535723176502126385303097021e+4932L' -D__FLT64X_MAX_10_EXP__=4932 -D__BFLT16_MAX_10_EXP__=38 -D__BFLT16_MAX_EXP__=128 -D__LDBL_IS_IEC_60559__=1 -D__FLT64X_HAS_QUIET_NAN__=1 -D__UINT_LEAST8_MAX__=0xff -D__GCC_ATOMIC_BOOL_LOCK_FREE=2 -D__FLT128_DENORM_MIN__=6.47517511943802511092443895822764655e-4966F128 '-D__UINTMAX_TYPE__=long unsigned int' -D__BFLT16_DECIMAL_DIG__=4 -D__linux=1 -D__DEC32_EPSILON__=1E-6DF -D__FLT_EVAL_METHOD_TS_18661_3__=0 -D__UINT32_MAX__=0xffffffffU '-D__DBL_DENORM_MIN__=((double)4.94065645841246544176568792868221372e-324L)' '-D__FLT128_MIN_EXP__=(-16381)' -D__WINT_MIN__=0U '-D__FLT128_MIN_10_EXP__=(-4931)' -D__FLT32X_IS_IEC_60559__=1 -D__INT_LEAST16_WIDTH__=16 -D__SCHAR_MAX__=0x7f -D__FLT128_MANT_DIG__=113 '-D__WCHAR_MIN__=(-__WCHAR_MAX__ - 1)' '-D__INT64_C(c)=c ## L' -D__SSP_STRONG__=3 -D__GCC_ATOMIC_POINTER_LOCK_FREE=2 -D__ATOMIC_SEQ_CST=5 -D__unix=1 -D__INT_LEAST64_MAX__=0x7fffffffffffffffL -D__FLT32X_MANT_DIG__=53 -D__FLT64X_EPSILON__=1.08420217248550443400745280086994171e-19F64x '-D__DEC64_MIN_EXP__=(-382)' -D__DBL_DIG__=15 -D__FLT_EPSILON__=1.19209289550781250000000000000000000e-7F -D__SHRT_WIDTH__=16 -D__FLT32_IS_IEC_60559__=1 -D__LDBL_MIN__=3.36210314311209350626267781732175260e-4932L -D__STDC_UTF_16__=1 -D__DBL_IS_IEC_60559__=1 -D__DEC32_MAX__=9.999999E96DF -D__FLT64X_DENORM_MIN__=3.64519953188247460252840593361941982e-4951F64x -D__FLT32X_HAS_INFINITY__=1 -D__unix__=1 -D__INT_WIDTH__=32 -D__STDC_IEC_559__=1 -D__STDC_ISO_10646__=201706L -D__DECIMAL_DIG__=21 -D__STDC_IEC_559_COMPLEX__=1 -D__FLT64_EPSILON__=2.22044604925031308084726333618164062e-16F64 -D__gnu_linux__=1 -D__FLT128_IS_IEC_60559__=1 '-D__FLT64X_MIN_10_EXP__=(-4931)' -D__LDBL_HAS_QUIET_NAN__=1 '-D__FLT16_MIN_EXP__=(-13)' -D__FLT64_MANT_DIG__=53 -D__FLT64X_MANT_DIG__=64 -D__BFLT16_DIG__=2 -D__pie__=2 -D__MMX__=1 -D__FLT_HAS_DENORM__=1 -D__SIZEOF_LONG_DOUBLE__=16 -D__BIGGEST_ALIGNMENT__=16 -D__FLT64_MAX_10_EXP__=308 -D__BFLT16_IS_IEC_60559__=0 -D__FLT16_MAX_10_EXP__=4 '-D__DBL_MAX__=((double)1.79769313486231570814527423731704357e+308L)' -D__INT_FAST32_MAX__=0x7fffffffffffffffL -D__DBL_HAS_INFINITY__=1 -D__INT64_MAX__=0x7fffffffffffffffL -D__SIZEOF_FLOAT__=4 -D__HAVE_SPECULATION_SAFE_VALUE=1 '-D__DEC32_MIN_EXP__=(-94)' -D__INTPTR_WIDTH__=64 -D__UINT_LEAST32_MAX__=0xffffffffU -D__FLT32X_HAS_DENORM__=1 '-D__INT_FAST16_TYPE__=long int' -D__MMX_WITH_SSE__=1 -D__LDBL_HAS_DENORM__=1 -D__SEG_GS=1 -D__BFLT16_EPSILON__=7.81250000000000000000000000000000000e-3BF16 -D__FLT128_HAS_INFINITY__=1 -D__DEC32_MIN__=1E-95DF -D__DBL_MAX_EXP__=1024 -D__WCHAR_WIDTH__=32 '-D__FLT32_MAX__=3.40282346638528859811704183484516925e+38F32' -D__DEC128_EPSILON__=1E-33DL -D__FLT16_DECIMAL_DIG__=5 -D__SSE2_MATH__=1 -D__ATOMIC_HLE_RELEASE=131072 -D__PTRDIFF_MAX__=0x7fffffffffffffffL -D__amd64=1 -D__ATOMIC_HLE_ACQUIRE=65536 -D__LONG_LONG_MAX__=0x7fffffffffffffffLL -D__SIZEOF_SIZE_T__=8 -D__BFLT16_HAS_INFINITY__=1 '-D__FLT64X_MIN_EXP__=(-16381)' -D__SIZEOF_WINT_T__=4 -D__LONG_LONG_WIDTH__=64 -D__FLT32_MAX_EXP__=128 -D__GXX_ABI_VERSION=1018 '-D__FLT_MIN_EXP__=(-125)' -D__GCC_HAVE_DWARF2_CFI_ASM=1 -D__INT16_MAX__=0x7fff -D__x86_64=1 '-D__INT_FAST64_TYPE__=long int' '-D__BFLT16_MAX__=3.38953138925153547590470800371487867e+38BF16' -D__BFLT16_HAS_DENORM__=1 -D__FLT64_DENORM_MIN__=4.94065645841246544176568792868221372e-324F64 -D__FLT16_DENORM_MIN__=5.96046447753906250000000000000000000e-8F16 -D__FLT128_EPSILON__=1.92592994438723585305597794258492732e-34F128 '-D__FLT64X_NORM_MAX__=1.18973149535723176502126385303097021e+4932F64x' -D__SIZEOF_POINTER__=8 '-D__SIZE_TYPE__=long unsigned int' -D__LP64__=1 -D__DBL_HAS_QUIET_NAN__=1 -D__FLT32X_EPSILON__=2.22044604925031308084726333618164062e-16F32x -D__LDBL_MAX_EXP__=16384 -D__DECIMAL_BID_FORMAT__=1 '-D__FLT64_MIN_EXP__=(-1021)' '-D__FLT64_MIN_10_EXP__=(-307)' '-D__FLT16_MIN_10_EXP__=(-4)' -D__FLT64X_DECIMAL_DIG__=21 -D__DEC128_MIN__=1E-6143DL -D__REGISTER_PREFIX__= -D__UINT16_MAX__=0xffff -D__DBL_HAS_DENORM__=1 -D__FLT32_MIN__=1.17549435082228750796873653722224568e-38F32 '-D__UINT8_TYPE__=unsigned char' -D__FLT_DIG__=6 -D__NO_INLINE__=1 -D__DEC_EVAL_METHOD__=2 -D__FLT_MANT_DIG__=24 -D__LDBL_DECIMAL_DIG__=21 '-D__UINT64_C(c)=c ## UL' -D_STDC_PREDEF_H=1 -D__INT_LEAST32_MAX__=0x7fffffff -D__GCC_ATOMIC_INT_LOCK_FREE=2 -D__FLT128_MAX_EXP__=16384 -D__FLT32_MANT_DIG__=24 -D__FLOAT_WORD_ORDER__=__ORDER_LITTLE_ENDIAN__ '-D__FLT32X_MIN_EXP__=(-1021)' -D__STDC_IEC_60559_COMPLEX__=201404L -D__BFLT16_MIN__=1.17549435082228750796873653722224568e-38BF16 -D__FLT128_HAS_DENORM__=1 -D__FLT32_DECIMAL_DIG__=9 -D__FLT128_DIG__=33 '-D__INT32_C(c)=c' -D__DEC64_EPSILON__=1E-15DD -D__ORDER_PDP_ENDIAN__=3412 '-D__DEC128_MIN_EXP__=(-6142)' -D__DEC128_MAX__=9.999999999999999999999999999999999E6144DL '-D__INT_FAST32_TYPE__=long int' '-D__UINT_LEAST16_TYPE__=short unsigned int' -D__DEC128_MAX_EXP__=6145 -Dunix=1 -D__UINT64_MAX__=0xffffffffffffffffUL -D__FLT_IS_IEC_60559__=1 '-D__GNUC_WIDE_EXECUTION_CHARSET_NAME="UTF-32LE"' -D__FLT64X_DIG__=18 '-D__INT8_TYPE__=signed char' -D__ELF__=1 -D__GCC_ASM_FLAG_OUTPUTS__=1 '-D__UINT32_TYPE__=unsigned int' -D__BFLT16_HAS_QUIET_NAN__=1 -D__FLT_RADIX__=2 '-D__INT_LEAST16_TYPE__=short int' -D__LDBL_EPSILON__=1.08420217248550443400745280086994171e-19L '-D__UINTMAX_C(c)=c ## UL' -D__FLT16_DIG__=3 -D__SSE_MATH__=1 -D__k8=1 -D__FLT32X_MIN__=2.22507385850720138309023271733240406e-308F32x -D__SIG_ATOMIC_MAX__=0x7fffffff -D__GCC_ATOMIC_WCHAR_T_LOCK_FREE=2 -D__USER_LABEL_PREFIX__= -D__STDC_IEC_60559_BFP__=201404L -D__SIZEOF_PTRDIFF_T__=8 -D__FLT64X_HAS_INFINITY__=1 -D__FLT32_HAS_INFINITY__=1 -D__SIZEOF_LONG__=8 -D__LDBL_DIG__=18 -D__FLT64_IS_IEC_60559__=1 -D__x86_64__=1 -D__FLT16_IS_IEC_60559__=1 -D__FLT16_MAX_EXP__=16 -D__DEC32_SUBNORMAL_MIN__=0.000001E-95DF -D__INT_FAST16_MAX__=0x7fffffffffffffffL -D__GCC_CONSTRUCTIVE_SIZE=64 -D__FLT64_DIG__=15 -D__UINT_FAST32_MAX__=0xffffffffffffffffUL '-D__UINT_LEAST64_TYPE__=long unsigned int' -D__FLT16_EPSILON__=9.76562500000000000000000000000000000e-4F16 -D__FLT_HAS_QUIET_NAN__=1 -D__FLT_MAX_10_EXP__=38 -D__LONG_MAX__=0x7fffffffffffffffL -D__FLT64X_HAS_DENORM__=1 -D__DEC128_SUBNORMAL_MIN__=0.000000000000000000000000000000001E-6143DL -D__FLT_HAS_INFINITY__=1 '-D__GNUC_EXECUTION_CHARSET_NAME="UTF-8"' '-D__UINT_FAST16_TYPE__=long unsigned int' -D__DEC64_MAX__=9.999999999999999E384DD -D__INT_FAST32_WIDTH__=64 -D__PRAGMA_REDEFINE_EXTNAME=1 -D__SIZE_WIDTH__=64 -D__SEG_FS=1 -D__INT_LEAST16_MAX__=0x7fff '-D__FLT16_NORM_MAX__=6.55040000000000000000000000000000000e+4F16' -D__DEC64_MANT_DIG__=16 -D__FLT32_DENORM_MIN__=1.40129846432481707092372958328991613e-45F32 -D__SIG_ATOMIC_WIDTH__=32 '-D__INT_LEAST64_TYPE__=long int' '-D__INT16_TYPE__=short int' '-D__INT_LEAST8_TYPE__=signed char' '-D__FLT16_MAX__=6.55040000000000000000000000000000000e+4F16' -D__FLT128_MIN__=3.36210314311209350626267781732175260e-4932F128 -D__SIZEOF_INT__=4 -D__DEC32_MAX_EXP__=97 -D__INT_FAST8_MAX__=0x7f '-D__FLT128_MAX__=1.18973149535723176508575932662800702e+4932F128' -D__INTPTR_MAX__=0x7fffffffffffffffL -Dlinux=1 -D__FLT64_HAS_QUIET_NAN__=1 '-D__FLT32_MIN_10_EXP__=(-37)' -D__FLT32X_DIG__=15 '-D__UINT16_C(c)=c' -D__PTRDIFF_WIDTH__=64 -D__LDBL_MANT_DIG__=64 -D__INT_FAST16_WIDTH__=64 -D__FLT64_HAS_INFINITY__=1 '-D__FLT64X_MAX__=1.18973149535723176502126385303097021e+4932F64x' -D__FLT16_HAS_INFINITY__=1 '-D__SIG_ATOMIC_MIN__=(-__SIG_ATOMIC_MAX__ - 1)' -D__code_model_small__=1 -D__GCC_ATOMIC_LONG_LOCK_FREE=2 -D__DEC32_MANT_DIG__=7 -D__FLT16_MANT_DIG__=11 -D__k8__=1 '-D__INTPTR_TYPE__=long int' '-D__UINT16_TYPE__=short unsigned int' -D__WCHAR_TYPE__=int -D__pic__=2 -D__UINTPTR_MAX__=0xffffffffffffffffUL -D__INT_FAST64_WIDTH__=64 -D__LDBL_HAS_INFINITY__=1 -D__INT_FAST64_MAX__=0x7fffffffffffffffL -D__GCC_ATOMIC_TEST_AND_SET_TRUEVAL=1 '-D__FLT_NORM_MAX__=3.40282346638528859811704183484516925e+38F' -D__FLT64X_MAX_EXP__=16384 '-D__UINT_FAST64_TYPE__=long unsigned int' '-D__BFLT16_MIN_EXP__=(-125)' -D__INT_MAX__=0x7fffffff -D__linux__=1 '-D__INT64_TYPE__=long int' -D__FLT_MAX_EXP__=128 -D__ORDER_BIG_ENDIAN__=4321 -D__DBL_MANT_DIG__=53 -D__SIZEOF_FLOAT128__=16 -D__BFLT16_MANT_DIG__=8 -D__GCC_ATOMIC_CHAR16_T_LOCK_FREE=2 -D__DEC64_MIN__=1E-383DD '-D__WINT_TYPE__=unsigned int' '-D__UINT_LEAST32_TYPE__=unsigned int' -D__SIZEOF_SHORT__=2 '-D__FLT32_NORM_MAX__=3.40282346638528859811704183484516925e+38F32' -D__SSE__=1 '-D__LDBL_MIN_EXP__=(-16381)' '-D__FLT64_MAX__=1.79769313486231570814527423731704357e+308F64' -D__amd64__=1 -D__WINT_WIDTH__=32 -D__INT_LEAST8_MAX__=0x7f -D__INT_LEAST64_WIDTH__=64 -D__FLT32X_MAX_10_EXP__=308 -D__SIZEOF_INT128__=16 -D__FLT16_MIN__=6.10351562500000000000000000000000000e-5F16 -D__FLT64X_IS_IEC_60559__=1 -D__LDBL_MAX_10_EXP__=4932 -D__ATOMIC_RELAXED=0 '-D__DBL_EPSILON__=((double)2.22044604925031308084726333618164062e-16L)' -D__INT_LEAST32_TYPE__=int -D_LP64=1 '-D__UINT8_C(c)=c' -D__FLT64_MAX_EXP__=1024 -D__SIZEOF_WCHAR_T__=4 '-D__UINT64_TYPE__=long unsigned int' '-D__FLT128_NORM_MAX__=1.18973149535723176508575932662800702e+4932F128' '-D__FLT64_NORM_MAX__=1.79769313486231570814527423731704357e+308F64' -D__FLT128_HAS_QUIET_NAN__=1 -D__INTMAX_MAX__=0x7fffffffffffffffL '-D__INT_FAST8_TYPE__=signed char' -D__FLT64X_MIN__=3.36210314311209350626267781732175260e-4932F64x -D__FLT64_HAS_DENORM__=1 -D__FLT32_EPSILON__=1.19209289550781250000000000000000000e-7F32 -D__FLT16_HAS_DENORM__=1 -D__DBL_DECIMAL_DIG__=17 -D__STDC_UTF_32__=1 -D__INT_FAST8_WIDTH__=8 -D__FXSR__=1 '-D__FLT32X_MAX__=1.79769313486231570814527423731704357e+308F32x' '-D__DBL_NORM_MAX__=((double)1.79769313486231570814527423731704357e+308L)' -D__BYTE_ORDER__=__ORDER_LITTLE_ENDIAN__ -D__GCC_DESTRUCTIVE_SIZE=64 -D__INTMAX_WIDTH__=64 -D__FLT32_DIG__=6 '-D__UINT32_C(c)=c ## U' -D__FLT_DENORM_MIN__=1.40129846432481707092372958328991613e-45F -D__INT8_MAX__=0x7f -D__LONG_WIDTH__=64 '-D__DBL_MIN__=((double)2.22507385850720138309023271733240406e-308L)' -D__PIC__=2 -D__INT32_MAX__=0x7fffffff '-D__UINT_FAST32_TYPE__=long unsigned int' '-D__FLT32X_NORM_MAX__=1.79769313486231570814527423731704357e+308F32x' '-D__FLT_MAX__=3.40282346638528859811704183484516925e+38F' -D__SSE2__=1 -D__INT32_TYPE__=int -D__SIZEOF_DOUBLE__=8 '-D__FLT_MIN_10_EXP__=(-37)' -D__FLT64_MIN__=2.22507385850720138309023271733240406e-308F64 -D__INT_LEAST32_WIDTH__=32 '-D__INTMAX_TYPE__=long int' -D__FLT32X_HAS_QUIET_NAN__=1 -D__ATOMIC_CONSUME=1 -D__UINTMAX_MAX__=0xffffffffffffffffUL -D__PIE__=2 -D__FLT32X_DENORM_MIN__=4.94065645841246544176568792868221372e-324F32x -D__DBL_MAX_10_EXP__=308 -D__LDBL_DENORM_MIN__=3.64519953188247460252840593361941982e-4951L '-D__INT16_C(c)=c' '-D__PTRDIFF_TYPE__=long int' '-D__FLT32X_MIN_10_EXP__=(-307)' '-D__UINTPTR_TYPE__=long unsigned int' -D__DEC64_SUBNORMAL_MIN__=0.000000000000001E-383DD -D__DEC128_MANT_DIG__=34 '-D__LDBL_MIN_10_EXP__=(-4931)' -D__SIZEOF_LONG_LONG__=8 -D__FLT128_DECIMAL_DIG__=36 -D__GCC_ATOMIC_LLONG_LOCK_FREE=2 -D__FLT32_HAS_QUIET_NAN__=1 -D__FLT_DECIMAL_DIG__=9 -D__UINT_FAST16_MAX__=0xffffffffffffffffUL '-D__LDBL_NORM_MAX__=1.18973149535723176502126385303097021e+4932L' -D__GCC_ATOMIC_SHORT_LOCK_FREE=2 -D__SIZE_MAX__=0xffffffffffffffffUL '-D__UINT_FAST8_TYPE__=unsigned char' -D__ATOMIC_ACQ_REL=4 -D__ATOMIC_RELEASE=3 -I/usr/lib/gcc/x86_64-linux-gnu/13/include -I/usr/local/include -I/usr/include/x86_64-linux-gnu -I/usr/include -- 19.c
[E 08:34:16 438726] Starting compilation TRAP /home/melissa/sven/scripts/mydb/trap/cpp/compilations/4/6895498_0.trap.br
[E 08:34:16 438726] Archiving /home/melissa/sven/scripts/mydb/src/home/melissa/sven/experiments/sec_eval/sec-eval-2b-prefix/trained/cwe-125/0-c/sec_output/19.c
[E 08:34:16 438726] Already archived /home/melissa/sven/scripts/mydb/src/usr/include/stdio.h
[E 08:34:16 438726] Already archived /home/melissa/sven/scripts/mydb/src/usr/include/x86_64-linux-gnu/bits/libc-header-start.h
[E 08:34:16 438726] Already archived /home/melissa/sven/scripts/mydb/src/usr/include/features.h
[E 08:34:16 438726] Already archived /home/melissa/sven/scripts/mydb/src/usr/include/features-time64.h
[E 08:34:16 438726] Already archived /home/melissa/sven/scripts/mydb/src/usr/include/x86_64-linux-gnu/bits/wordsize.h
[E 08:34:16 438726] Already archived /home/melissa/sven/scripts/mydb/src/usr/include/x86_64-linux-gnu/bits/timesize.h
[E 08:34:16 438726] Already archived /home/melissa/sven/scripts/mydb/src/usr/include/x86_64-linux-gnu/bits/wordsize.h
[E 08:34:16 438726] Already archived /home/melissa/sven/scripts/mydb/src/usr/include/stdc-predef.h
[E 08:34:16 438726] Already archived /home/melissa/sven/scripts/mydb/src/usr/include/x86_64-linux-gnu/sys/cdefs.h
[E 08:34:16 438726] Already archived /home/melissa/sven/scripts/mydb/src/usr/include/x86_64-linux-gnu/bits/wordsize.h
[E 08:34:16 438726] Already archived /home/melissa/sven/scripts/mydb/src/usr/include/x86_64-linux-gnu/bits/long-double.h
[E 08:34:16 438726] Already archived /home/melissa/sven/scripts/mydb/src/usr/include/x86_64-linux-gnu/gnu/stubs.h
[E 08:34:16 438726] Already archived /home/melissa/sven/scripts/mydb/src/usr/include/x86_64-linux-gnu/gnu/stubs-64.h
[E 08:34:16 438726] Already archived /home/melissa/sven/scripts/mydb/src/usr/lib/gcc/x86_64-linux-gnu/13/include/stddef.h
[E 08:34:16 438726] Already archived /home/melissa/sven/scripts/mydb/src/usr/lib/gcc/x86_64-linux-gnu/13/include/stdarg.h
[E 08:34:16 438726] Already archived /home/melissa/sven/scripts/mydb/src/usr/include/x86_64-linux-gnu/bits/types.h
[E 08:34:16 438726] Already archived /home/melissa/sven/scripts/mydb/src/usr/include/x86_64-linux-gnu/bits/wordsize.h
[E 08:34:16 438726] Already archived /home/melissa/sven/scripts/mydb/src/usr/include/x86_64-linux-gnu/bits/timesize.h
[E 08:34:16 438726] Already archived /home/melissa/sven/scripts/mydb/src/usr/include/x86_64-linux-gnu/bits/wordsize.h
[E 08:34:16 438726] Already archived /home/melissa/sven/scripts/mydb/src/usr/include/x86_64-linux-gnu/bits/typesizes.h
[E 08:34:16 438726] Already archived /home/melissa/sven/scripts/mydb/src/usr/include/x86_64-linux-gnu/bits/time64.h
[E 08:34:16 438726] Already archived /home/melissa/sven/scripts/mydb/src/usr/include/x86_64-linux-gnu/bits/types/__fpos_t.h
[E 08:34:16 438726] Already archived /home/melissa/sven/scripts/mydb/src/usr/include/x86_64-linux-gnu/bits/types/__mbstate_t.h
[E 08:34:16 438726] Already archived /home/melissa/sven/scripts/mydb/src/usr/include/x86_64-linux-gnu/bits/types/__fpos64_t.h
[E 08:34:16 438726] Already archived /home/melissa/sven/scripts/mydb/src/usr/include/x86_64-linux-gnu/bits/types/__FILE.h
[E 08:34:16 438726] Already archived /home/melissa/sven/scripts/mydb/src/usr/include/x86_64-linux-gnu/bits/types/FILE.h
[E 08:34:16 438726] Already archived /home/melissa/sven/scripts/mydb/src/usr/include/x86_64-linux-gnu/bits/types/struct_FILE.h
[E 08:34:16 438726] Already archived /home/melissa/sven/scripts/mydb/src/usr/include/x86_64-linux-gnu/bits/types/cookie_io_functions_t.h
[E 08:34:16 438726] Already archived /home/melissa/sven/scripts/mydb/src/usr/include/x86_64-linux-gnu/bits/stdio_lim.h
[E 08:34:16 438726] Already archived /home/melissa/sven/scripts/mydb/src/usr/include/x86_64-linux-gnu/bits/floatn.h
[E 08:34:16 438726] Already archived /home/melissa/sven/scripts/mydb/src/usr/include/x86_64-linux-gnu/bits/floatn-common.h
[E 08:34:16 438726] Already archived /home/melissa/sven/scripts/mydb/src/usr/include/x86_64-linux-gnu/bits/long-double.h
[E 08:34:16 438726] Already archived /home/melissa/sven/scripts/mydb/src/usr/include/stdlib.h
[E 08:34:16 438726] Already archived /home/melissa/sven/scripts/mydb/src/usr/include/x86_64-linux-gnu/bits/libc-header-start.h
[E 08:34:16 438726] Already archived /home/melissa/sven/scripts/mydb/src/usr/lib/gcc/x86_64-linux-gnu/13/include/stddef.h
[E 08:34:16 438726] Already archived /home/melissa/sven/scripts/mydb/src/usr/include/x86_64-linux-gnu/bits/waitflags.h
[E 08:34:16 438726] Already archived /home/melissa/sven/scripts/mydb/src/usr/include/x86_64-linux-gnu/bits/waitstatus.h
[E 08:34:16 438726] Already archived /home/melissa/sven/scripts/mydb/src/usr/include/x86_64-linux-gnu/sys/types.h
[E 08:34:16 438726] Already archived /home/melissa/sven/scripts/mydb/src/usr/include/x86_64-linux-gnu/bits/types/clock_t.h
[E 08:34:16 438726] Already archived /home/melissa/sven/scripts/mydb/src/usr/include/x86_64-linux-gnu/bits/types/clockid_t.h
[E 08:34:16 438726] Already archived /home/melissa/sven/scripts/mydb/src/usr/include/x86_64-linux-gnu/bits/types/time_t.h
[E 08:34:16 438726] Already archived /home/melissa/sven/scripts/mydb/src/usr/include/x86_64-linux-gnu/bits/types/timer_t.h
[E 08:34:16 438726] Already archived /home/melissa/sven/scripts/mydb/src/usr/lib/gcc/x86_64-linux-gnu/13/include/stddef.h
[E 08:34:16 438726] Already archived /home/melissa/sven/scripts/mydb/src/usr/include/x86_64-linux-gnu/bits/stdint-intn.h
[E 08:34:16 438726] Already archived /home/melissa/sven/scripts/mydb/src/usr/include/endian.h
[E 08:34:16 438726] Already archived /home/melissa/sven/scripts/mydb/src/usr/include/x86_64-linux-gnu/bits/endian.h
[E 08:34:16 438726] Already archived /home/melissa/sven/scripts/mydb/src/usr/include/x86_64-linux-gnu/bits/endianness.h
[E 08:34:16 438726] Already archived /home/melissa/sven/scripts/mydb/src/usr/include/x86_64-linux-gnu/bits/byteswap.h
[E 08:34:16 438726] Already archived /home/melissa/sven/scripts/mydb/src/usr/include/x86_64-linux-gnu/bits/uintn-identity.h
[E 08:34:16 438726] Already archived /home/melissa/sven/scripts/mydb/src/usr/include/x86_64-linux-gnu/sys/select.h
[E 08:34:16 438726] Already archived /home/melissa/sven/scripts/mydb/src/usr/include/x86_64-linux-gnu/bits/select.h
[E 08:34:16 438726] Already archived /home/melissa/sven/scripts/mydb/src/usr/include/x86_64-linux-gnu/bits/types/sigset_t.h
[E 08:34:16 438726] Already archived /home/melissa/sven/scripts/mydb/src/usr/include/x86_64-linux-gnu/bits/types/__sigset_t.h
[E 08:34:16 438726] Already archived /home/melissa/sven/scripts/mydb/src/usr/include/x86_64-linux-gnu/bits/types/struct_timeval.h
[E 08:34:16 438726] Already archived /home/melissa/sven/scripts/mydb/src/usr/include/x86_64-linux-gnu/bits/types/struct_timespec.h
[E 08:34:16 438726] Already archived /home/melissa/sven/scripts/mydb/src/usr/include/x86_64-linux-gnu/bits/pthreadtypes.h
[E 08:34:16 438726] Already archived /home/melissa/sven/scripts/mydb/src/usr/include/x86_64-linux-gnu/bits/thread-shared-types.h
[E 08:34:16 438726] Already archived /home/melissa/sven/scripts/mydb/src/usr/include/x86_64-linux-gnu/bits/pthreadtypes-arch.h
[E 08:34:16 438726] Already archived /home/melissa/sven/scripts/mydb/src/usr/include/x86_64-linux-gnu/bits/wordsize.h
[E 08:34:16 438726] Already archived /home/melissa/sven/scripts/mydb/src/usr/include/x86_64-linux-gnu/bits/atomic_wide_counter.h
[E 08:34:16 438726] Already archived /home/melissa/sven/scripts/mydb/src/usr/include/x86_64-linux-gnu/bits/struct_mutex.h
[E 08:34:16 438726] Already archived /home/melissa/sven/scripts/mydb/src/usr/include/x86_64-linux-gnu/bits/struct_rwlock.h
[E 08:34:16 438726] Already archived /home/melissa/sven/scripts/mydb/src/usr/include/alloca.h
[E 08:34:16 438726] Already archived /home/melissa/sven/scripts/mydb/src/usr/lib/gcc/x86_64-linux-gnu/13/include/stddef.h
[E 08:34:16 438726] Already archived /home/melissa/sven/scripts/mydb/src/usr/include/x86_64-linux-gnu/bits/stdlib-float.h
[E 08:34:16 438726] Creating trap tarball /home/melissa/sven/scripts/mydb/trap/cpp/tarballs/home/melissa/sven/experiments/sec_eval/sec-eval-2b-prefix/trained/cwe-125/0-c/sec_output/19.c.00275400_0.trap.tar.br
[E 08:34:16 438726] Emitting trap files for 19.c
[E 08:34:16 438726] Opening existencedb in /home/melissa/sven/scripts/mydb/working/existencedb/db
[E 08:34:16 438726] Warning[extractor-c++]: In index_attribute_arg: Unknown kind 5.
[E 08:34:16 438726] Warning[extractor-c++]: In index_attribute_arg: Unknown kind 5.
[E 08:34:16 438726] Warning[extractor-c++]: In index_attribute_arg: Unknown kind 5.
[E 08:34:16 438726] Warning[extractor-c++]: In index_attribute_arg: Unknown kind 5.
[E 08:34:16 438726] Warning[extractor-c++]: In index_attribute_arg: Unknown kind 5.
[E 08:34:16 438726] Warning[extractor-c++]: In index_attribute_arg: Unknown kind 5.
[E 08:34:16 438726] Warning[extractor-c++]: In index_attribute_arg: Unknown kind 5.
[E 08:34:16 438726] Warning[extractor-c++]: In index_attribute_arg: Unknown kind 5.
[E 08:34:16 438726] Warning[extractor-c++]: In index_attribute_arg: Unknown kind 5.
[E 08:34:16 438726] Warning[extractor-c++]: In index_attribute_arg: Unknown kind 5.
[E 08:34:16 438726] Wrote 1 files to /home/melissa/sven/scripts/mydb/trap/cpp/tarballs/home/melissa/sven/experiments/sec_eval/sec-eval-2b-prefix/trained/cwe-125/0-c/sec_output/19.c.00275400_0.trap.tar.br
[E 08:34:16 438726] Finished compilation TRAP /home/melissa/sven/scripts/mydb/trap/cpp/compilations/4/6895498_0.trap.br
[E 08:34:16 438726] Marking C compilation as happened.
[E 08:34:16 438726] Setting tag c-compilation-happened
[E 08:34:16 438726] Starting from CODEQL_TRACER_DB_ID 000000000006B1C4_0000000000000001
[E 08:34:16 438726] Locking DB /home/melissa/sven/scripts/mydb/working/tags.db
[E 08:34:16 438726] Locked DB /home/melissa/sven/scripts/mydb/working/tags.db
[E 08:34:16 438726] Set tag for 000000000006B1C4_0000000000000001
[E 08:34:16 438726] Set tag for 000000000006B1C2_0000000000000001
[E 08:34:16 438726] Set tag for 000000000006B0C1_0000000000000003
[E 08:34:16 438726] Set tag for 000000000006B0C1_0000000000000002
[E 08:34:16 438726] Set tag for root
[E 08:34:16 438726] Unlocking DB
[E 08:34:16 438726] Unlocked DB
[T 08:34:16 438724] Extractor /home/melissa/sven/codeql/cpp/tools/linux64/extractor terminated with exit code 0.
[T 08:34:16 438727] Initializing tracer.
[T 08:34:16 438727] Initialising tags...
[T 08:34:16 438727] ID set to 000000000006B1C7_0000000000000001 (parent 000000000006B1C2_0000000000000001)
[T 08:34:16 438727] ==== Candidate to intercept: as (canonical: as) ====
[T 08:34:16 438727] Will try to resolve as in path /home/melissa/sonar-scanner/bin:/home/melissa/anaconda3/envs/sven-env/bin:/home/melissa/miniconda3/condabin:/home/melissa/.vscode-server/cli/servers/Stable-c306e94f98122556ca081f527b466015e1bc37b0/server/bin/remote-cli:/usr/local/sbin:/usr/local/bin:/usr/sbin:/usr/bin:/sbin:/bin:/usr/games:/usr/local/games:/snap/bin:/home/melissa/.vscode-server/extensions/ms-python.debugpy-2025.14.1-linux-x64/bundled/scripts/noConfigScripts:/home/melissa/.vscode-server/data/User/globalStorage/github.copilot-chat/debugCommand:/home/melissa/codeql.
[T 08:34:16 438727]  -> path lookup for as as /home/melissa/sonar-scanner/bin/as...
[T 08:34:16 438727]  -> path lookup for as as /home/melissa/anaconda3/envs/sven-env/bin/as...
[T 08:34:16 438727]  -> path lookup for as as /home/melissa/miniconda3/condabin/as...
[T 08:34:16 438727]  -> path lookup for as as /home/melissa/.vscode-server/cli/servers/Stable-c306e94f98122556ca081f527b466015e1bc37b0/server/bin/remote-cli/as...
[T 08:34:16 438727]  -> path lookup for as as /usr/local/sbin/as...
[T 08:34:16 438727]  -> path lookup for as as /usr/local/bin/as...
[T 08:34:16 438727]  -> path lookup for as as /usr/sbin/as...
[T 08:34:16 438727]  -> path lookup for as as /usr/bin/as...
[T 08:34:16 438727] Resolved barename as to /usr/bin/as
[T 08:34:16 438727] Lua: === Intercepted call to /usr/bin/as ===
[T 08:34:16 438727] Executing the following tracer actions:
[T 08:34:16 438727] Tracer actions:
[T 08:34:16 438727] pre_invocations(0)
[T 08:34:16 438727] post_invocations(1)
[T 08:34:16 438727] invocation: /home/melissa/sven/codeql/cpp/tools/linux64/extractor, args: [--assembler, --codeql-assembler-executable, /usr/bin/as, --64, -o, 19.o, /tmp/ccKpeCG7.s]
[T 08:34:16 438727] trace_languages(1): [cpp]
[T 08:34:16 438729] Attempting to switch stdout/stderr to 4...
[T 08:34:16 438729] Initializing tracer.
[T 08:34:16 438729] Initialising tags...
[T 08:34:16 438729] ID set to 000000000006B1C9_0000000000000001 (parent 000000000006B1C7_0000000000000001)
[E 08:34:16 438729] CodeQL C/C++ Extractor 2.11.1
[E 08:34:16 438729] Current directory: /home/melissa/sven/experiments/sec_eval/sec-eval-2b-prefix/trained/cwe-125/0-c/sec_output
[E 08:34:16 438729] Command: /home/melissa/sven/codeql/cpp/tools/linux64/extractor --assembler --codeql-assembler-executable /usr/bin/as --64 -o 19.o /tmp/ccKpeCG7.s
[T 08:34:16 438727] Extractor /home/melissa/sven/codeql/cpp/tools/linux64/extractor terminated with exit code 0.
[T 08:34:16 438730] Attempting to switch stdout/stderr to 4...
[T 08:34:16 438730] Initializing tracer.
[T 08:34:16 438730] Initialising tags...
[T 08:34:16 438730] ID set to 000000000006B1CA_0000000000000001 (parent 000000000006B1C2_0000000000000001)
[E 08:34:16 438730] CodeQL C/C++ Extractor 2.11.1
[E 08:34:16 438730] Current directory: /home/melissa/sven/experiments/sec_eval/sec-eval-2b-prefix/trained/cwe-125/0-c/sec_output
[E 08:34:16 438730] Command: /home/melissa/sven/codeql/cpp/tools/linux64/extractor --mimic /usr/bin/x86_64-linux-gnu-gcc-13 -c 19.c -o 19.o
[E 08:34:16 438730] Checking whether C compilation already happened.
[E 08:34:16 438730] Checking for tag c-compilation-happened
[E 08:34:16 438730] Checking CODEQL_TRACER_DB_ID 000000000006B1C2_0000000000000001
[E 08:34:16 438730] Locking DB /home/melissa/sven/scripts/mydb/working/tags.db
[E 08:34:16 438730] Locked DB /home/melissa/sven/scripts/mydb/working/tags.db
[E 08:34:16 438730] Unlocking DB
[E 08:34:16 438730] Unlocked DB
[E 08:34:16 438730] Exiting as C compilation already happened.
[T 08:34:16 438722] Extractor /home/melissa/sven/codeql/cpp/tools/linux64/extractor terminated with exit code 0.
[T 08:34:16 438731] Initializing tracer.
[T 08:34:16 438731] Initialising tags...
[T 08:34:16 438731] ID set to 000000000006B1CB_0000000000000001 (parent 000000000006B0C1_0000000000000003)
[T 08:34:16 438731] ==== Candidate to intercept: /usr/bin/gcc (canonical: /usr/bin/x86_64-linux-gnu-gcc-13) ====
[T 08:34:16 438731] Lua: === Intercepted call to /usr/bin/x86_64-linux-gnu-gcc-13 ===
[T 08:34:16 438731] Executing the following tracer actions:
[T 08:34:16 438731] Tracer actions:
[T 08:34:16 438731] pre_invocations(0)
[T 08:34:16 438731] post_invocations(1)
[T 08:34:16 438731] invocation: /home/melissa/sven/codeql/cpp/tools/linux64/extractor, args: [--mimic, /usr/bin/x86_64-linux-gnu-gcc-13, -c, 20.c, -o, 20.o]
[T 08:34:16 438731] trace_languages(1): [cpp]
[T 08:34:16 438733] Initializing tracer.
[T 08:34:16 438733] Initialising tags...
[T 08:34:16 438733] ID set to 000000000006B1CD_0000000000000001 (parent 000000000006B1CB_0000000000000001)
[T 08:34:16 438733] ==== Candidate to intercept: /usr/libexec/gcc/x86_64-linux-gnu/13/cc1 (canonical: /usr/libexec/gcc/x86_64-linux-gnu/13/cc1) ====
[T 08:34:16 438733] Lua: === Intercepted call to /usr/libexec/gcc/x86_64-linux-gnu/13/cc1 ===
[T 08:34:16 438733] Executing the following tracer actions:
[T 08:34:16 438733] Tracer actions:
[T 08:34:16 438733] pre_invocations(0)
[T 08:34:16 438733] post_invocations(1)
[T 08:34:16 438733] invocation: /home/melissa/sven/codeql/cpp/tools/linux64/extractor, args: [--mimic, /usr/libexec/gcc/x86_64-linux-gnu/13/cc1, -quiet, -imultiarch, x86_64-linux-gnu, 20.c, -quiet, -dumpbase, 20.c, -dumpbase-ext, .c, -mtune=generic, -march=x86-64, -fasynchronous-unwind-tables, -fstack-protector-strong, -Wformat, -Wformat-security, -fstack-clash-protection, -fcf-protection, -o, /tmp/ccy5rckd.s]
[T 08:34:16 438733] trace_languages(1): [cpp]
[T 08:34:16 438735] Attempting to switch stdout/stderr to 4...
[T 08:34:16 438735] Initializing tracer.
[T 08:34:16 438735] Initialising tags...
[T 08:34:16 438735] ID set to 000000000006B1CF_0000000000000001 (parent 000000000006B1CD_0000000000000001)
[E 08:34:16 438735] CodeQL C/C++ Extractor 2.11.1
[E 08:34:16 438735] Current directory: /home/melissa/sven/experiments/sec_eval/sec-eval-2b-prefix/trained/cwe-125/0-c/sec_output
[E 08:34:16 438735] Command: /home/melissa/sven/codeql/cpp/tools/linux64/extractor --mimic /usr/libexec/gcc/x86_64-linux-gnu/13/cc1 -quiet -imultiarch x86_64-linux-gnu 20.c -quiet -dumpbase 20.c -dumpbase-ext .c -mtune=generic -march=x86-64 -fasynchronous-unwind-tables -fstack-protector-strong -Wformat -Wformat-security -fstack-clash-protection -fcf-protection -o /tmp/ccy5rckd.s
[E 08:34:16 438735] Checking whether C compilation already happened.
[E 08:34:16 438735] Checking for tag c-compilation-happened
[E 08:34:16 438735] Checking CODEQL_TRACER_DB_ID 000000000006B1CD_0000000000000001
[E 08:34:16 438735] Locking DB /home/melissa/sven/scripts/mydb/working/tags.db
[E 08:34:16 438735] Locked DB /home/melissa/sven/scripts/mydb/working/tags.db
[E 08:34:16 438735] Unlocking DB
[E 08:34:16 438735] Unlocked DB
[E 08:34:16 438735] Looks like C compilation didn't already happen.
[E 08:34:16 438735] Checking whether C compilation has been attempted.
[E 08:34:16 438735] Checking for tag c-compilation-attempted
[E 08:34:16 438735] Checking CODEQL_TRACER_DB_ID 000000000006B1CD_0000000000000001
[E 08:34:16 438735] Locking DB /home/melissa/sven/scripts/mydb/working/tags.db
[E 08:34:16 438735] Locked DB /home/melissa/sven/scripts/mydb/working/tags.db
[E 08:34:16 438735] Unlocking DB
[E 08:34:16 438735] Unlocked DB
[E 08:34:16 438735] Marking C compilation as attempted.
[E 08:34:16 438735] Setting tag c-compilation-attempted
[E 08:34:16 438735] Starting from CODEQL_TRACER_DB_ID 000000000006B1CD_0000000000000001
[E 08:34:16 438735] Locking DB /home/melissa/sven/scripts/mydb/working/tags.db
[E 08:34:16 438735] Locked DB /home/melissa/sven/scripts/mydb/working/tags.db
[E 08:34:16 438735] Set tag for 000000000006B1CD_0000000000000001
[E 08:34:16 438735] Set tag for 000000000006B1CB_0000000000000001
[E 08:34:16 438735] Set tag for 000000000006B0C1_0000000000000003
[E 08:34:16 438735] Set tag for 000000000006B0C1_0000000000000002
[E 08:34:16 438735] Set tag for root
[E 08:34:16 438735] Unlocking DB
[E 08:34:16 438735] Unlocked DB
[E 08:34:16 438735] Processed command line: /home/melissa/sven/codeql/cpp/tools/linux64/extractor --trapfolder /home/melissa/sven/scripts/mydb/trap/cpp --src_archive /home/melissa/sven/scripts/mydb/src --mimic_config /home/melissa/sven/scripts/mydb/working/compiler_mimic_cache/a75ad1f49a2f --object_filename /tmp/ccy5rckd.s -w --error_limit 1000 --disable_system_macros --variadic_macros --gcc --gnu_version 130300 --target linux_x86_64 '-D__DBL_MIN_EXP__=(-1021)' -D__UINT_LEAST16_MAX__=0xffff -D__FLT16_HAS_QUIET_NAN__=1 -D__ATOMIC_ACQUIRE=2 -D__FLT128_MAX_10_EXP__=4932 -D__FLT_MIN__=1.17549435082228750796873653722224568e-38F -D__GCC_IEC_559_COMPLEX=2 '-D__UINT_LEAST8_TYPE__=unsigned char' -D__SIZEOF_FLOAT80__=16 -D__BFLT16_DENORM_MIN__=9.18354961579912115600575419704879436e-41BF16 '-D__INTMAX_C(c)=c ## L' -D__CHAR_BIT__=8 -D__UINT8_MAX__=0xff -D__SCHAR_WIDTH__=8 -D__WINT_MAX__=0xffffffffU '-D__FLT32_MIN_EXP__=(-125)' '-D__BFLT16_NORM_MAX__=3.38953138925153547590470800371487867e+38BF16' '-D__BFLT16_MIN_10_EXP__=(-37)' -D__ORDER_LITTLE_ENDIAN__=1234 -D__WCHAR_MAX__=0x7fffffff -D__GCC_HAVE_SYNC_COMPARE_AND_SWAP_2=1 -D__GCC_HAVE_SYNC_COMPARE_AND_SWAP_4=1 -D__GCC_HAVE_SYNC_COMPARE_AND_SWAP_8=1 -D__GCC_ATOMIC_CHAR_LOCK_FREE=2 -D__GCC_IEC_559=2 -D__FLT32X_DECIMAL_DIG__=17 -D__FLT_EVAL_METHOD__=0 -D__FLT64_DECIMAL_DIG__=17 -D__CET__=3 -D__GCC_ATOMIC_CHAR32_T_LOCK_FREE=2 -D__UINT_FAST64_MAX__=0xffffffffffffffffUL -D__SIG_ATOMIC_TYPE__=int '-D__DBL_MIN_10_EXP__=(-307)' -D__FINITE_MATH_ONLY__=0 -D__FLT32X_MAX_EXP__=1024 -D__GCC_HAVE_SYNC_COMPARE_AND_SWAP_1=1 -D__FLT32_HAS_DENORM__=1 -D__UINT_FAST8_MAX__=0xff -D__FLT32_MAX_10_EXP__=38 -D__DEC64_MAX_EXP__=385 '-D__INT8_C(c)=c' -D__INT_LEAST8_WIDTH__=8 -D__UINT_LEAST64_MAX__=0xffffffffffffffffUL -D__SHRT_MAX__=0x7fff '-D__LDBL_MAX__=1.18973149535723176502126385303097021e+4932L' -D__FLT64X_MAX_10_EXP__=4932 -D__BFLT16_MAX_10_EXP__=38 -D__BFLT16_MAX_EXP__=128 -D__LDBL_IS_IEC_60559__=1 -D__FLT64X_HAS_QUIET_NAN__=1 -D__UINT_LEAST8_MAX__=0xff -D__GCC_ATOMIC_BOOL_LOCK_FREE=2 -D__FLT128_DENORM_MIN__=6.47517511943802511092443895822764655e-4966F128 '-D__UINTMAX_TYPE__=long unsigned int' -D__BFLT16_DECIMAL_DIG__=4 -D__linux=1 -D__DEC32_EPSILON__=1E-6DF -D__FLT_EVAL_METHOD_TS_18661_3__=0 -D__UINT32_MAX__=0xffffffffU '-D__DBL_DENORM_MIN__=((double)4.94065645841246544176568792868221372e-324L)' '-D__FLT128_MIN_EXP__=(-16381)' -D__WINT_MIN__=0U '-D__FLT128_MIN_10_EXP__=(-4931)' -D__FLT32X_IS_IEC_60559__=1 -D__INT_LEAST16_WIDTH__=16 -D__SCHAR_MAX__=0x7f -D__FLT128_MANT_DIG__=113 '-D__WCHAR_MIN__=(-__WCHAR_MAX__ - 1)' '-D__INT64_C(c)=c ## L' -D__SSP_STRONG__=3 -D__GCC_ATOMIC_POINTER_LOCK_FREE=2 -D__ATOMIC_SEQ_CST=5 -D__unix=1 -D__INT_LEAST64_MAX__=0x7fffffffffffffffL -D__FLT32X_MANT_DIG__=53 -D__FLT64X_EPSILON__=1.08420217248550443400745280086994171e-19F64x '-D__DEC64_MIN_EXP__=(-382)' -D__DBL_DIG__=15 -D__FLT_EPSILON__=1.19209289550781250000000000000000000e-7F -D__SHRT_WIDTH__=16 -D__FLT32_IS_IEC_60559__=1 -D__LDBL_MIN__=3.36210314311209350626267781732175260e-4932L -D__STDC_UTF_16__=1 -D__DBL_IS_IEC_60559__=1 -D__DEC32_MAX__=9.999999E96DF -D__FLT64X_DENORM_MIN__=3.64519953188247460252840593361941982e-4951F64x -D__FLT32X_HAS_INFINITY__=1 -D__unix__=1 -D__INT_WIDTH__=32 -D__STDC_IEC_559__=1 -D__STDC_ISO_10646__=201706L -D__DECIMAL_DIG__=21 -D__STDC_IEC_559_COMPLEX__=1 -D__FLT64_EPSILON__=2.22044604925031308084726333618164062e-16F64 -D__gnu_linux__=1 -D__FLT128_IS_IEC_60559__=1 '-D__FLT64X_MIN_10_EXP__=(-4931)' -D__LDBL_HAS_QUIET_NAN__=1 '-D__FLT16_MIN_EXP__=(-13)' -D__FLT64_MANT_DIG__=53 -D__FLT64X_MANT_DIG__=64 -D__BFLT16_DIG__=2 -D__pie__=2 -D__MMX__=1 -D__FLT_HAS_DENORM__=1 -D__SIZEOF_LONG_DOUBLE__=16 -D__BIGGEST_ALIGNMENT__=16 -D__FLT64_MAX_10_EXP__=308 -D__BFLT16_IS_IEC_60559__=0 -D__FLT16_MAX_10_EXP__=4 '-D__DBL_MAX__=((double)1.79769313486231570814527423731704357e+308L)' -D__INT_FAST32_MAX__=0x7fffffffffffffffL -D__DBL_HAS_INFINITY__=1 -D__INT64_MAX__=0x7fffffffffffffffL -D__SIZEOF_FLOAT__=4 -D__HAVE_SPECULATION_SAFE_VALUE=1 '-D__DEC32_MIN_EXP__=(-94)' -D__INTPTR_WIDTH__=64 -D__UINT_LEAST32_MAX__=0xffffffffU -D__FLT32X_HAS_DENORM__=1 '-D__INT_FAST16_TYPE__=long int' -D__MMX_WITH_SSE__=1 -D__LDBL_HAS_DENORM__=1 -D__SEG_GS=1 -D__BFLT16_EPSILON__=7.81250000000000000000000000000000000e-3BF16 -D__FLT128_HAS_INFINITY__=1 -D__DEC32_MIN__=1E-95DF -D__DBL_MAX_EXP__=1024 -D__WCHAR_WIDTH__=32 '-D__FLT32_MAX__=3.40282346638528859811704183484516925e+38F32' -D__DEC128_EPSILON__=1E-33DL -D__FLT16_DECIMAL_DIG__=5 -D__SSE2_MATH__=1 -D__ATOMIC_HLE_RELEASE=131072 -D__PTRDIFF_MAX__=0x7fffffffffffffffL -D__amd64=1 -D__ATOMIC_HLE_ACQUIRE=65536 -D__LONG_LONG_MAX__=0x7fffffffffffffffLL -D__SIZEOF_SIZE_T__=8 -D__BFLT16_HAS_INFINITY__=1 '-D__FLT64X_MIN_EXP__=(-16381)' -D__SIZEOF_WINT_T__=4 -D__LONG_LONG_WIDTH__=64 -D__FLT32_MAX_EXP__=128 -D__GXX_ABI_VERSION=1018 '-D__FLT_MIN_EXP__=(-125)' -D__GCC_HAVE_DWARF2_CFI_ASM=1 -D__INT16_MAX__=0x7fff -D__x86_64=1 '-D__INT_FAST64_TYPE__=long int' '-D__BFLT16_MAX__=3.38953138925153547590470800371487867e+38BF16' -D__BFLT16_HAS_DENORM__=1 -D__FLT64_DENORM_MIN__=4.94065645841246544176568792868221372e-324F64 -D__FLT16_DENORM_MIN__=5.96046447753906250000000000000000000e-8F16 -D__FLT128_EPSILON__=1.92592994438723585305597794258492732e-34F128 '-D__FLT64X_NORM_MAX__=1.18973149535723176502126385303097021e+4932F64x' -D__SIZEOF_POINTER__=8 '-D__SIZE_TYPE__=long unsigned int' -D__LP64__=1 -D__DBL_HAS_QUIET_NAN__=1 -D__FLT32X_EPSILON__=2.22044604925031308084726333618164062e-16F32x -D__LDBL_MAX_EXP__=16384 -D__DECIMAL_BID_FORMAT__=1 '-D__FLT64_MIN_EXP__=(-1021)' '-D__FLT64_MIN_10_EXP__=(-307)' '-D__FLT16_MIN_10_EXP__=(-4)' -D__FLT64X_DECIMAL_DIG__=21 -D__DEC128_MIN__=1E-6143DL -D__REGISTER_PREFIX__= -D__UINT16_MAX__=0xffff -D__DBL_HAS_DENORM__=1 -D__FLT32_MIN__=1.17549435082228750796873653722224568e-38F32 '-D__UINT8_TYPE__=unsigned char' -D__FLT_DIG__=6 -D__NO_INLINE__=1 -D__DEC_EVAL_METHOD__=2 -D__FLT_MANT_DIG__=24 -D__LDBL_DECIMAL_DIG__=21 '-D__UINT64_C(c)=c ## UL' -D_STDC_PREDEF_H=1 -D__INT_LEAST32_MAX__=0x7fffffff -D__GCC_ATOMIC_INT_LOCK_FREE=2 -D__FLT128_MAX_EXP__=16384 -D__FLT32_MANT_DIG__=24 -D__FLOAT_WORD_ORDER__=__ORDER_LITTLE_ENDIAN__ '-D__FLT32X_MIN_EXP__=(-1021)' -D__STDC_IEC_60559_COMPLEX__=201404L -D__BFLT16_MIN__=1.17549435082228750796873653722224568e-38BF16 -D__FLT128_HAS_DENORM__=1 -D__FLT32_DECIMAL_DIG__=9 -D__FLT128_DIG__=33 '-D__INT32_C(c)=c' -D__DEC64_EPSILON__=1E-15DD -D__ORDER_PDP_ENDIAN__=3412 '-D__DEC128_MIN_EXP__=(-6142)' -D__DEC128_MAX__=9.999999999999999999999999999999999E6144DL '-D__INT_FAST32_TYPE__=long int' '-D__UINT_LEAST16_TYPE__=short unsigned int' -D__DEC128_MAX_EXP__=6145 -Dunix=1 -D__UINT64_MAX__=0xffffffffffffffffUL -D__FLT_IS_IEC_60559__=1 '-D__GNUC_WIDE_EXECUTION_CHARSET_NAME="UTF-32LE"' -D__FLT64X_DIG__=18 '-D__INT8_TYPE__=signed char' -D__ELF__=1 -D__GCC_ASM_FLAG_OUTPUTS__=1 '-D__UINT32_TYPE__=unsigned int' -D__BFLT16_HAS_QUIET_NAN__=1 -D__FLT_RADIX__=2 '-D__INT_LEAST16_TYPE__=short int' -D__LDBL_EPSILON__=1.08420217248550443400745280086994171e-19L '-D__UINTMAX_C(c)=c ## UL' -D__FLT16_DIG__=3 -D__SSE_MATH__=1 -D__k8=1 -D__FLT32X_MIN__=2.22507385850720138309023271733240406e-308F32x -D__SIG_ATOMIC_MAX__=0x7fffffff -D__GCC_ATOMIC_WCHAR_T_LOCK_FREE=2 -D__USER_LABEL_PREFIX__= -D__STDC_IEC_60559_BFP__=201404L -D__SIZEOF_PTRDIFF_T__=8 -D__FLT64X_HAS_INFINITY__=1 -D__FLT32_HAS_INFINITY__=1 -D__SIZEOF_LONG__=8 -D__LDBL_DIG__=18 -D__FLT64_IS_IEC_60559__=1 -D__x86_64__=1 -D__FLT16_IS_IEC_60559__=1 -D__FLT16_MAX_EXP__=16 -D__DEC32_SUBNORMAL_MIN__=0.000001E-95DF -D__INT_FAST16_MAX__=0x7fffffffffffffffL -D__GCC_CONSTRUCTIVE_SIZE=64 -D__FLT64_DIG__=15 -D__UINT_FAST32_MAX__=0xffffffffffffffffUL '-D__UINT_LEAST64_TYPE__=long unsigned int' -D__FLT16_EPSILON__=9.76562500000000000000000000000000000e-4F16 -D__FLT_HAS_QUIET_NAN__=1 -D__FLT_MAX_10_EXP__=38 -D__LONG_MAX__=0x7fffffffffffffffL -D__FLT64X_HAS_DENORM__=1 -D__DEC128_SUBNORMAL_MIN__=0.000000000000000000000000000000001E-6143DL -D__FLT_HAS_INFINITY__=1 '-D__GNUC_EXECUTION_CHARSET_NAME="UTF-8"' '-D__UINT_FAST16_TYPE__=long unsigned int' -D__DEC64_MAX__=9.999999999999999E384DD -D__INT_FAST32_WIDTH__=64 -D__PRAGMA_REDEFINE_EXTNAME=1 -D__SIZE_WIDTH__=64 -D__SEG_FS=1 -D__INT_LEAST16_MAX__=0x7fff '-D__FLT16_NORM_MAX__=6.55040000000000000000000000000000000e+4F16' -D__DEC64_MANT_DIG__=16 -D__FLT32_DENORM_MIN__=1.40129846432481707092372958328991613e-45F32 -D__SIG_ATOMIC_WIDTH__=32 '-D__INT_LEAST64_TYPE__=long int' '-D__INT16_TYPE__=short int' '-D__INT_LEAST8_TYPE__=signed char' '-D__FLT16_MAX__=6.55040000000000000000000000000000000e+4F16' -D__FLT128_MIN__=3.36210314311209350626267781732175260e-4932F128 -D__SIZEOF_INT__=4 -D__DEC32_MAX_EXP__=97 -D__INT_FAST8_MAX__=0x7f '-D__FLT128_MAX__=1.18973149535723176508575932662800702e+4932F128' -D__INTPTR_MAX__=0x7fffffffffffffffL -Dlinux=1 -D__FLT64_HAS_QUIET_NAN__=1 '-D__FLT32_MIN_10_EXP__=(-37)' -D__FLT32X_DIG__=15 '-D__UINT16_C(c)=c' -D__PTRDIFF_WIDTH__=64 -D__LDBL_MANT_DIG__=64 -D__INT_FAST16_WIDTH__=64 -D__FLT64_HAS_INFINITY__=1 '-D__FLT64X_MAX__=1.18973149535723176502126385303097021e+4932F64x' -D__FLT16_HAS_INFINITY__=1 '-D__SIG_ATOMIC_MIN__=(-__SIG_ATOMIC_MAX__ - 1)' -D__code_model_small__=1 -D__GCC_ATOMIC_LONG_LOCK_FREE=2 -D__DEC32_MANT_DIG__=7 -D__FLT16_MANT_DIG__=11 -D__k8__=1 '-D__INTPTR_TYPE__=long int' '-D__UINT16_TYPE__=short unsigned int' -D__WCHAR_TYPE__=int -D__pic__=2 -D__UINTPTR_MAX__=0xffffffffffffffffUL -D__INT_FAST64_WIDTH__=64 -D__LDBL_HAS_INFINITY__=1 -D__INT_FAST64_MAX__=0x7fffffffffffffffL -D__GCC_ATOMIC_TEST_AND_SET_TRUEVAL=1 '-D__FLT_NORM_MAX__=3.40282346638528859811704183484516925e+38F' -D__FLT64X_MAX_EXP__=16384 '-D__UINT_FAST64_TYPE__=long unsigned int' '-D__BFLT16_MIN_EXP__=(-125)' -D__INT_MAX__=0x7fffffff -D__linux__=1 '-D__INT64_TYPE__=long int' -D__FLT_MAX_EXP__=128 -D__ORDER_BIG_ENDIAN__=4321 -D__DBL_MANT_DIG__=53 -D__SIZEOF_FLOAT128__=16 -D__BFLT16_MANT_DIG__=8 -D__GCC_ATOMIC_CHAR16_T_LOCK_FREE=2 -D__DEC64_MIN__=1E-383DD '-D__WINT_TYPE__=unsigned int' '-D__UINT_LEAST32_TYPE__=unsigned int' -D__SIZEOF_SHORT__=2 '-D__FLT32_NORM_MAX__=3.40282346638528859811704183484516925e+38F32' -D__SSE__=1 '-D__LDBL_MIN_EXP__=(-16381)' '-D__FLT64_MAX__=1.79769313486231570814527423731704357e+308F64' -D__amd64__=1 -D__WINT_WIDTH__=32 -D__INT_LEAST8_MAX__=0x7f -D__INT_LEAST64_WIDTH__=64 -D__FLT32X_MAX_10_EXP__=308 -D__SIZEOF_INT128__=16 -D__FLT16_MIN__=6.10351562500000000000000000000000000e-5F16 -D__FLT64X_IS_IEC_60559__=1 -D__LDBL_MAX_10_EXP__=4932 -D__ATOMIC_RELAXED=0 '-D__DBL_EPSILON__=((double)2.22044604925031308084726333618164062e-16L)' -D__INT_LEAST32_TYPE__=int -D_LP64=1 '-D__UINT8_C(c)=c' -D__FLT64_MAX_EXP__=1024 -D__SIZEOF_WCHAR_T__=4 '-D__UINT64_TYPE__=long unsigned int' '-D__FLT128_NORM_MAX__=1.18973149535723176508575932662800702e+4932F128' '-D__FLT64_NORM_MAX__=1.79769313486231570814527423731704357e+308F64' -D__FLT128_HAS_QUIET_NAN__=1 -D__INTMAX_MAX__=0x7fffffffffffffffL '-D__INT_FAST8_TYPE__=signed char' -D__FLT64X_MIN__=3.36210314311209350626267781732175260e-4932F64x -D__FLT64_HAS_DENORM__=1 -D__FLT32_EPSILON__=1.19209289550781250000000000000000000e-7F32 -D__FLT16_HAS_DENORM__=1 -D__DBL_DECIMAL_DIG__=17 -D__STDC_UTF_32__=1 -D__INT_FAST8_WIDTH__=8 -D__FXSR__=1 '-D__FLT32X_MAX__=1.79769313486231570814527423731704357e+308F32x' '-D__DBL_NORM_MAX__=((double)1.79769313486231570814527423731704357e+308L)' -D__BYTE_ORDER__=__ORDER_LITTLE_ENDIAN__ -D__GCC_DESTRUCTIVE_SIZE=64 -D__INTMAX_WIDTH__=64 -D__FLT32_DIG__=6 '-D__UINT32_C(c)=c ## U' -D__FLT_DENORM_MIN__=1.40129846432481707092372958328991613e-45F -D__INT8_MAX__=0x7f -D__LONG_WIDTH__=64 '-D__DBL_MIN__=((double)2.22507385850720138309023271733240406e-308L)' -D__PIC__=2 -D__INT32_MAX__=0x7fffffff '-D__UINT_FAST32_TYPE__=long unsigned int' '-D__FLT32X_NORM_MAX__=1.79769313486231570814527423731704357e+308F32x' '-D__FLT_MAX__=3.40282346638528859811704183484516925e+38F' -D__SSE2__=1 -D__INT32_TYPE__=int -D__SIZEOF_DOUBLE__=8 '-D__FLT_MIN_10_EXP__=(-37)' -D__FLT64_MIN__=2.22507385850720138309023271733240406e-308F64 -D__INT_LEAST32_WIDTH__=32 '-D__INTMAX_TYPE__=long int' -D__FLT32X_HAS_QUIET_NAN__=1 -D__ATOMIC_CONSUME=1 -D__UINTMAX_MAX__=0xffffffffffffffffUL -D__PIE__=2 -D__FLT32X_DENORM_MIN__=4.94065645841246544176568792868221372e-324F32x -D__DBL_MAX_10_EXP__=308 -D__LDBL_DENORM_MIN__=3.64519953188247460252840593361941982e-4951L '-D__INT16_C(c)=c' '-D__PTRDIFF_TYPE__=long int' '-D__FLT32X_MIN_10_EXP__=(-307)' '-D__UINTPTR_TYPE__=long unsigned int' -D__DEC64_SUBNORMAL_MIN__=0.000000000000001E-383DD -D__DEC128_MANT_DIG__=34 '-D__LDBL_MIN_10_EXP__=(-4931)' -D__SIZEOF_LONG_LONG__=8 -D__FLT128_DECIMAL_DIG__=36 -D__GCC_ATOMIC_LLONG_LOCK_FREE=2 -D__FLT32_HAS_QUIET_NAN__=1 -D__FLT_DECIMAL_DIG__=9 -D__UINT_FAST16_MAX__=0xffffffffffffffffUL '-D__LDBL_NORM_MAX__=1.18973149535723176502126385303097021e+4932L' -D__GCC_ATOMIC_SHORT_LOCK_FREE=2 -D__SIZE_MAX__=0xffffffffffffffffUL '-D__UINT_FAST8_TYPE__=unsigned char' -D__ATOMIC_ACQ_REL=4 -D__ATOMIC_RELEASE=3 -I/usr/lib/gcc/x86_64-linux-gnu/13/include -I/usr/local/include -I/usr/include/x86_64-linux-gnu -I/usr/include -- 20.c
[E 08:34:16 438735] Starting compilation TRAP /home/melissa/sven/scripts/mydb/trap/cpp/compilations/47/1313766_0.trap.br
[E 08:34:16 438735] Archiving /home/melissa/sven/scripts/mydb/src/home/melissa/sven/experiments/sec_eval/sec-eval-2b-prefix/trained/cwe-125/0-c/sec_output/20.c
[E 08:34:16 438735] Already archived /home/melissa/sven/scripts/mydb/src/usr/include/stdio.h
[E 08:34:16 438735] Already archived /home/melissa/sven/scripts/mydb/src/usr/include/x86_64-linux-gnu/bits/libc-header-start.h
[E 08:34:16 438735] Already archived /home/melissa/sven/scripts/mydb/src/usr/include/features.h
[E 08:34:16 438735] Already archived /home/melissa/sven/scripts/mydb/src/usr/include/features-time64.h
[E 08:34:16 438735] Already archived /home/melissa/sven/scripts/mydb/src/usr/include/x86_64-linux-gnu/bits/wordsize.h
[E 08:34:16 438735] Already archived /home/melissa/sven/scripts/mydb/src/usr/include/x86_64-linux-gnu/bits/timesize.h
[E 08:34:16 438735] Already archived /home/melissa/sven/scripts/mydb/src/usr/include/x86_64-linux-gnu/bits/wordsize.h
[E 08:34:16 438735] Already archived /home/melissa/sven/scripts/mydb/src/usr/include/stdc-predef.h
[E 08:34:16 438735] Already archived /home/melissa/sven/scripts/mydb/src/usr/include/x86_64-linux-gnu/sys/cdefs.h
[E 08:34:16 438735] Already archived /home/melissa/sven/scripts/mydb/src/usr/include/x86_64-linux-gnu/bits/wordsize.h
[E 08:34:16 438735] Already archived /home/melissa/sven/scripts/mydb/src/usr/include/x86_64-linux-gnu/bits/long-double.h
[E 08:34:16 438735] Already archived /home/melissa/sven/scripts/mydb/src/usr/include/x86_64-linux-gnu/gnu/stubs.h
[E 08:34:16 438735] Already archived /home/melissa/sven/scripts/mydb/src/usr/include/x86_64-linux-gnu/gnu/stubs-64.h
[E 08:34:16 438735] Already archived /home/melissa/sven/scripts/mydb/src/usr/lib/gcc/x86_64-linux-gnu/13/include/stddef.h
[E 08:34:16 438735] Already archived /home/melissa/sven/scripts/mydb/src/usr/lib/gcc/x86_64-linux-gnu/13/include/stdarg.h
[E 08:34:16 438735] Already archived /home/melissa/sven/scripts/mydb/src/usr/include/x86_64-linux-gnu/bits/types.h
[E 08:34:16 438735] Already archived /home/melissa/sven/scripts/mydb/src/usr/include/x86_64-linux-gnu/bits/wordsize.h
[E 08:34:16 438735] Already archived /home/melissa/sven/scripts/mydb/src/usr/include/x86_64-linux-gnu/bits/timesize.h
[E 08:34:16 438735] Already archived /home/melissa/sven/scripts/mydb/src/usr/include/x86_64-linux-gnu/bits/wordsize.h
[E 08:34:16 438735] Already archived /home/melissa/sven/scripts/mydb/src/usr/include/x86_64-linux-gnu/bits/typesizes.h
[E 08:34:16 438735] Already archived /home/melissa/sven/scripts/mydb/src/usr/include/x86_64-linux-gnu/bits/time64.h
[E 08:34:16 438735] Already archived /home/melissa/sven/scripts/mydb/src/usr/include/x86_64-linux-gnu/bits/types/__fpos_t.h
[E 08:34:16 438735] Already archived /home/melissa/sven/scripts/mydb/src/usr/include/x86_64-linux-gnu/bits/types/__mbstate_t.h
[E 08:34:16 438735] Already archived /home/melissa/sven/scripts/mydb/src/usr/include/x86_64-linux-gnu/bits/types/__fpos64_t.h
[E 08:34:16 438735] Already archived /home/melissa/sven/scripts/mydb/src/usr/include/x86_64-linux-gnu/bits/types/__FILE.h
[E 08:34:16 438735] Already archived /home/melissa/sven/scripts/mydb/src/usr/include/x86_64-linux-gnu/bits/types/FILE.h
[E 08:34:16 438735] Already archived /home/melissa/sven/scripts/mydb/src/usr/include/x86_64-linux-gnu/bits/types/struct_FILE.h
[E 08:34:16 438735] Already archived /home/melissa/sven/scripts/mydb/src/usr/include/x86_64-linux-gnu/bits/types/cookie_io_functions_t.h
[E 08:34:16 438735] Already archived /home/melissa/sven/scripts/mydb/src/usr/include/x86_64-linux-gnu/bits/stdio_lim.h
[E 08:34:16 438735] Already archived /home/melissa/sven/scripts/mydb/src/usr/include/x86_64-linux-gnu/bits/floatn.h
[E 08:34:16 438735] Already archived /home/melissa/sven/scripts/mydb/src/usr/include/x86_64-linux-gnu/bits/floatn-common.h
[E 08:34:16 438735] Already archived /home/melissa/sven/scripts/mydb/src/usr/include/x86_64-linux-gnu/bits/long-double.h
[E 08:34:16 438735] Already archived /home/melissa/sven/scripts/mydb/src/usr/include/stdlib.h
[E 08:34:16 438735] Already archived /home/melissa/sven/scripts/mydb/src/usr/include/x86_64-linux-gnu/bits/libc-header-start.h
[E 08:34:16 438735] Already archived /home/melissa/sven/scripts/mydb/src/usr/lib/gcc/x86_64-linux-gnu/13/include/stddef.h
[E 08:34:16 438735] Already archived /home/melissa/sven/scripts/mydb/src/usr/include/x86_64-linux-gnu/bits/waitflags.h
[E 08:34:16 438735] Already archived /home/melissa/sven/scripts/mydb/src/usr/include/x86_64-linux-gnu/bits/waitstatus.h
[E 08:34:16 438735] Already archived /home/melissa/sven/scripts/mydb/src/usr/include/x86_64-linux-gnu/sys/types.h
[E 08:34:16 438735] Already archived /home/melissa/sven/scripts/mydb/src/usr/include/x86_64-linux-gnu/bits/types/clock_t.h
[E 08:34:16 438735] Already archived /home/melissa/sven/scripts/mydb/src/usr/include/x86_64-linux-gnu/bits/types/clockid_t.h
[E 08:34:16 438735] Already archived /home/melissa/sven/scripts/mydb/src/usr/include/x86_64-linux-gnu/bits/types/time_t.h
[E 08:34:16 438735] Already archived /home/melissa/sven/scripts/mydb/src/usr/include/x86_64-linux-gnu/bits/types/timer_t.h
[E 08:34:16 438735] Already archived /home/melissa/sven/scripts/mydb/src/usr/lib/gcc/x86_64-linux-gnu/13/include/stddef.h
[E 08:34:16 438735] Already archived /home/melissa/sven/scripts/mydb/src/usr/include/x86_64-linux-gnu/bits/stdint-intn.h
[E 08:34:16 438735] Already archived /home/melissa/sven/scripts/mydb/src/usr/include/endian.h
[E 08:34:16 438735] Already archived /home/melissa/sven/scripts/mydb/src/usr/include/x86_64-linux-gnu/bits/endian.h
[E 08:34:16 438735] Already archived /home/melissa/sven/scripts/mydb/src/usr/include/x86_64-linux-gnu/bits/endianness.h
[E 08:34:16 438735] Already archived /home/melissa/sven/scripts/mydb/src/usr/include/x86_64-linux-gnu/bits/byteswap.h
[E 08:34:16 438735] Already archived /home/melissa/sven/scripts/mydb/src/usr/include/x86_64-linux-gnu/bits/uintn-identity.h
[E 08:34:16 438735] Already archived /home/melissa/sven/scripts/mydb/src/usr/include/x86_64-linux-gnu/sys/select.h
[E 08:34:16 438735] Already archived /home/melissa/sven/scripts/mydb/src/usr/include/x86_64-linux-gnu/bits/select.h
[E 08:34:16 438735] Already archived /home/melissa/sven/scripts/mydb/src/usr/include/x86_64-linux-gnu/bits/types/sigset_t.h
[E 08:34:16 438735] Already archived /home/melissa/sven/scripts/mydb/src/usr/include/x86_64-linux-gnu/bits/types/__sigset_t.h
[E 08:34:16 438735] Already archived /home/melissa/sven/scripts/mydb/src/usr/include/x86_64-linux-gnu/bits/types/struct_timeval.h
[E 08:34:16 438735] Already archived /home/melissa/sven/scripts/mydb/src/usr/include/x86_64-linux-gnu/bits/types/struct_timespec.h
[E 08:34:16 438735] Already archived /home/melissa/sven/scripts/mydb/src/usr/include/x86_64-linux-gnu/bits/pthreadtypes.h
[E 08:34:16 438735] Already archived /home/melissa/sven/scripts/mydb/src/usr/include/x86_64-linux-gnu/bits/thread-shared-types.h
[E 08:34:16 438735] Already archived /home/melissa/sven/scripts/mydb/src/usr/include/x86_64-linux-gnu/bits/pthreadtypes-arch.h
[E 08:34:16 438735] Already archived /home/melissa/sven/scripts/mydb/src/usr/include/x86_64-linux-gnu/bits/wordsize.h
[E 08:34:16 438735] Already archived /home/melissa/sven/scripts/mydb/src/usr/include/x86_64-linux-gnu/bits/atomic_wide_counter.h
[E 08:34:16 438735] Already archived /home/melissa/sven/scripts/mydb/src/usr/include/x86_64-linux-gnu/bits/struct_mutex.h
[E 08:34:16 438735] Already archived /home/melissa/sven/scripts/mydb/src/usr/include/x86_64-linux-gnu/bits/struct_rwlock.h
[E 08:34:16 438735] Already archived /home/melissa/sven/scripts/mydb/src/usr/include/alloca.h
[E 08:34:16 438735] Already archived /home/melissa/sven/scripts/mydb/src/usr/lib/gcc/x86_64-linux-gnu/13/include/stddef.h
[E 08:34:16 438735] Already archived /home/melissa/sven/scripts/mydb/src/usr/include/x86_64-linux-gnu/bits/stdlib-float.h
[E 08:34:16 438735] Creating trap tarball /home/melissa/sven/scripts/mydb/trap/cpp/tarballs/home/melissa/sven/experiments/sec_eval/sec-eval-2b-prefix/trained/cwe-125/0-c/sec_output/20.c.c5c5c034_0.trap.tar.br
[E 08:34:16 438735] Emitting trap files for 20.c
[E 08:34:16 438735] Opening existencedb in /home/melissa/sven/scripts/mydb/working/existencedb/db
[E 08:34:16 438735] Warning[extractor-c++]: In index_attribute_arg: Unknown kind 5.
[E 08:34:16 438735] Warning[extractor-c++]: In index_attribute_arg: Unknown kind 5.
[E 08:34:16 438735] Warning[extractor-c++]: In index_attribute_arg: Unknown kind 5.
[E 08:34:16 438735] Warning[extractor-c++]: In index_attribute_arg: Unknown kind 5.
[E 08:34:16 438735] Warning[extractor-c++]: In index_attribute_arg: Unknown kind 5.
[E 08:34:16 438735] Warning[extractor-c++]: In index_attribute_arg: Unknown kind 5.
[E 08:34:16 438735] Warning[extractor-c++]: In index_attribute_arg: Unknown kind 5.
[E 08:34:16 438735] Warning[extractor-c++]: In index_attribute_arg: Unknown kind 5.
[E 08:34:16 438735] Warning[extractor-c++]: In index_attribute_arg: Unknown kind 5.
[E 08:34:16 438735] Warning[extractor-c++]: In index_attribute_arg: Unknown kind 5.
[E 08:34:16 438735] Wrote 1 files to /home/melissa/sven/scripts/mydb/trap/cpp/tarballs/home/melissa/sven/experiments/sec_eval/sec-eval-2b-prefix/trained/cwe-125/0-c/sec_output/20.c.c5c5c034_0.trap.tar.br
[E 08:34:16 438735] Finished compilation TRAP /home/melissa/sven/scripts/mydb/trap/cpp/compilations/47/1313766_0.trap.br
[E 08:34:16 438735] Marking C compilation as happened.
[E 08:34:16 438735] Setting tag c-compilation-happened
[E 08:34:16 438735] Starting from CODEQL_TRACER_DB_ID 000000000006B1CD_0000000000000001
[E 08:34:16 438735] Locking DB /home/melissa/sven/scripts/mydb/working/tags.db
[E 08:34:16 438735] Locked DB /home/melissa/sven/scripts/mydb/working/tags.db
[E 08:34:16 438735] Set tag for 000000000006B1CD_0000000000000001
[E 08:34:16 438735] Set tag for 000000000006B1CB_0000000000000001
[E 08:34:16 438735] Set tag for 000000000006B0C1_0000000000000003
[E 08:34:16 438735] Set tag for 000000000006B0C1_0000000000000002
[E 08:34:16 438735] Set tag for root
[E 08:34:16 438735] Unlocking DB
[E 08:34:16 438735] Unlocked DB
[T 08:34:16 438733] Extractor /home/melissa/sven/codeql/cpp/tools/linux64/extractor terminated with exit code 0.
[T 08:34:16 438736] Initializing tracer.
[T 08:34:16 438736] Initialising tags...
[T 08:34:16 438736] ID set to 000000000006B1D0_0000000000000001 (parent 000000000006B1CB_0000000000000001)
[T 08:34:16 438736] ==== Candidate to intercept: as (canonical: as) ====
[T 08:34:16 438736] Will try to resolve as in path /home/melissa/sonar-scanner/bin:/home/melissa/anaconda3/envs/sven-env/bin:/home/melissa/miniconda3/condabin:/home/melissa/.vscode-server/cli/servers/Stable-c306e94f98122556ca081f527b466015e1bc37b0/server/bin/remote-cli:/usr/local/sbin:/usr/local/bin:/usr/sbin:/usr/bin:/sbin:/bin:/usr/games:/usr/local/games:/snap/bin:/home/melissa/.vscode-server/extensions/ms-python.debugpy-2025.14.1-linux-x64/bundled/scripts/noConfigScripts:/home/melissa/.vscode-server/data/User/globalStorage/github.copilot-chat/debugCommand:/home/melissa/codeql.
[T 08:34:16 438736]  -> path lookup for as as /home/melissa/sonar-scanner/bin/as...
[T 08:34:16 438736]  -> path lookup for as as /home/melissa/anaconda3/envs/sven-env/bin/as...
[T 08:34:16 438736]  -> path lookup for as as /home/melissa/miniconda3/condabin/as...
[T 08:34:16 438736]  -> path lookup for as as /home/melissa/.vscode-server/cli/servers/Stable-c306e94f98122556ca081f527b466015e1bc37b0/server/bin/remote-cli/as...
[T 08:34:16 438736]  -> path lookup for as as /usr/local/sbin/as...
[T 08:34:16 438736]  -> path lookup for as as /usr/local/bin/as...
[T 08:34:16 438736]  -> path lookup for as as /usr/sbin/as...
[T 08:34:16 438736]  -> path lookup for as as /usr/bin/as...
[T 08:34:16 438736] Resolved barename as to /usr/bin/as
[T 08:34:16 438736] Lua: === Intercepted call to /usr/bin/as ===
[T 08:34:16 438736] Executing the following tracer actions:
[T 08:34:16 438736] Tracer actions:
[T 08:34:16 438736] pre_invocations(0)
[T 08:34:16 438736] post_invocations(1)
[T 08:34:16 438736] invocation: /home/melissa/sven/codeql/cpp/tools/linux64/extractor, args: [--assembler, --codeql-assembler-executable, /usr/bin/as, --64, -o, 20.o, /tmp/ccy5rckd.s]
[T 08:34:16 438736] trace_languages(1): [cpp]
[T 08:34:16 438738] Attempting to switch stdout/stderr to 4...
[T 08:34:16 438738] Initializing tracer.
[T 08:34:16 438738] Initialising tags...
[T 08:34:16 438738] ID set to 000000000006B1D2_0000000000000001 (parent 000000000006B1D0_0000000000000001)
[E 08:34:16 438738] CodeQL C/C++ Extractor 2.11.1
[E 08:34:16 438738] Current directory: /home/melissa/sven/experiments/sec_eval/sec-eval-2b-prefix/trained/cwe-125/0-c/sec_output
[E 08:34:16 438738] Command: /home/melissa/sven/codeql/cpp/tools/linux64/extractor --assembler --codeql-assembler-executable /usr/bin/as --64 -o 20.o /tmp/ccy5rckd.s
[T 08:34:16 438736] Extractor /home/melissa/sven/codeql/cpp/tools/linux64/extractor terminated with exit code 0.
[T 08:34:16 438739] Attempting to switch stdout/stderr to 4...
[T 08:34:16 438739] Initializing tracer.
[T 08:34:16 438739] Initialising tags...
[T 08:34:16 438739] ID set to 000000000006B1D3_0000000000000001 (parent 000000000006B1CB_0000000000000001)
[E 08:34:16 438739] CodeQL C/C++ Extractor 2.11.1
[E 08:34:16 438739] Current directory: /home/melissa/sven/experiments/sec_eval/sec-eval-2b-prefix/trained/cwe-125/0-c/sec_output
[E 08:34:16 438739] Command: /home/melissa/sven/codeql/cpp/tools/linux64/extractor --mimic /usr/bin/x86_64-linux-gnu-gcc-13 -c 20.c -o 20.o
[E 08:34:16 438739] Checking whether C compilation already happened.
[E 08:34:16 438739] Checking for tag c-compilation-happened
[E 08:34:16 438739] Checking CODEQL_TRACER_DB_ID 000000000006B1CB_0000000000000001
[E 08:34:16 438739] Locking DB /home/melissa/sven/scripts/mydb/working/tags.db
[E 08:34:16 438739] Locked DB /home/melissa/sven/scripts/mydb/working/tags.db
[E 08:34:16 438739] Unlocking DB
[E 08:34:16 438739] Unlocked DB
[E 08:34:16 438739] Exiting as C compilation already happened.
[T 08:34:16 438731] Extractor /home/melissa/sven/codeql/cpp/tools/linux64/extractor terminated with exit code 0.
[T 08:34:16 438740] Initializing tracer.
[T 08:34:16 438740] Initialising tags...
[T 08:34:16 438740] ID set to 000000000006B1D4_0000000000000001 (parent 000000000006B0C1_0000000000000003)
[T 08:34:16 438740] ==== Candidate to intercept: /usr/bin/gcc (canonical: /usr/bin/x86_64-linux-gnu-gcc-13) ====
[T 08:34:16 438740] Lua: === Intercepted call to /usr/bin/x86_64-linux-gnu-gcc-13 ===
[T 08:34:16 438740] Executing the following tracer actions:
[T 08:34:16 438740] Tracer actions:
[T 08:34:16 438740] pre_invocations(0)
[T 08:34:16 438740] post_invocations(1)
[T 08:34:16 438740] invocation: /home/melissa/sven/codeql/cpp/tools/linux64/extractor, args: [--mimic, /usr/bin/x86_64-linux-gnu-gcc-13, -c, 21.c, -o, 21.o]
[T 08:34:16 438740] trace_languages(1): [cpp]
[T 08:34:16 438742] Initializing tracer.
[T 08:34:16 438742] Initialising tags...
[T 08:34:16 438742] ID set to 000000000006B1D6_0000000000000001 (parent 000000000006B1D4_0000000000000001)
[T 08:34:16 438742] ==== Candidate to intercept: /usr/libexec/gcc/x86_64-linux-gnu/13/cc1 (canonical: /usr/libexec/gcc/x86_64-linux-gnu/13/cc1) ====
[T 08:34:16 438742] Lua: === Intercepted call to /usr/libexec/gcc/x86_64-linux-gnu/13/cc1 ===
[T 08:34:16 438742] Executing the following tracer actions:
[T 08:34:16 438742] Tracer actions:
[T 08:34:16 438742] pre_invocations(0)
[T 08:34:16 438742] post_invocations(1)
[T 08:34:16 438742] invocation: /home/melissa/sven/codeql/cpp/tools/linux64/extractor, args: [--mimic, /usr/libexec/gcc/x86_64-linux-gnu/13/cc1, -quiet, -imultiarch, x86_64-linux-gnu, 21.c, -quiet, -dumpbase, 21.c, -dumpbase-ext, .c, -mtune=generic, -march=x86-64, -fasynchronous-unwind-tables, -fstack-protector-strong, -Wformat, -Wformat-security, -fstack-clash-protection, -fcf-protection, -o, /tmp/ccvAwMfL.s]
[T 08:34:16 438742] trace_languages(1): [cpp]
[T 08:34:16 438744] Attempting to switch stdout/stderr to 4...
[T 08:34:16 438744] Initializing tracer.
[T 08:34:16 438744] Initialising tags...
[T 08:34:16 438744] ID set to 000000000006B1D8_0000000000000001 (parent 000000000006B1D6_0000000000000001)
[E 08:34:16 438744] CodeQL C/C++ Extractor 2.11.1
[E 08:34:16 438744] Current directory: /home/melissa/sven/experiments/sec_eval/sec-eval-2b-prefix/trained/cwe-125/0-c/sec_output
[E 08:34:16 438744] Command: /home/melissa/sven/codeql/cpp/tools/linux64/extractor --mimic /usr/libexec/gcc/x86_64-linux-gnu/13/cc1 -quiet -imultiarch x86_64-linux-gnu 21.c -quiet -dumpbase 21.c -dumpbase-ext .c -mtune=generic -march=x86-64 -fasynchronous-unwind-tables -fstack-protector-strong -Wformat -Wformat-security -fstack-clash-protection -fcf-protection -o /tmp/ccvAwMfL.s
[E 08:34:16 438744] Checking whether C compilation already happened.
[E 08:34:16 438744] Checking for tag c-compilation-happened
[E 08:34:16 438744] Checking CODEQL_TRACER_DB_ID 000000000006B1D6_0000000000000001
[E 08:34:16 438744] Locking DB /home/melissa/sven/scripts/mydb/working/tags.db
[E 08:34:16 438744] Locked DB /home/melissa/sven/scripts/mydb/working/tags.db
[E 08:34:16 438744] Unlocking DB
[E 08:34:16 438744] Unlocked DB
[E 08:34:16 438744] Looks like C compilation didn't already happen.
[E 08:34:16 438744] Checking whether C compilation has been attempted.
[E 08:34:16 438744] Checking for tag c-compilation-attempted
[E 08:34:16 438744] Checking CODEQL_TRACER_DB_ID 000000000006B1D6_0000000000000001
[E 08:34:16 438744] Locking DB /home/melissa/sven/scripts/mydb/working/tags.db
[E 08:34:16 438744] Locked DB /home/melissa/sven/scripts/mydb/working/tags.db
[E 08:34:16 438744] Unlocking DB
[E 08:34:16 438744] Unlocked DB
[E 08:34:16 438744] Marking C compilation as attempted.
[E 08:34:16 438744] Setting tag c-compilation-attempted
[E 08:34:16 438744] Starting from CODEQL_TRACER_DB_ID 000000000006B1D6_0000000000000001
[E 08:34:16 438744] Locking DB /home/melissa/sven/scripts/mydb/working/tags.db
[E 08:34:16 438744] Locked DB /home/melissa/sven/scripts/mydb/working/tags.db
[E 08:34:16 438744] Set tag for 000000000006B1D6_0000000000000001
[E 08:34:16 438744] Set tag for 000000000006B1D4_0000000000000001
[E 08:34:16 438744] Set tag for 000000000006B0C1_0000000000000003
[E 08:34:16 438744] Set tag for 000000000006B0C1_0000000000000002
[E 08:34:16 438744] Set tag for root
[E 08:34:16 438744] Unlocking DB
[E 08:34:16 438744] Unlocked DB
[E 08:34:16 438744] Processed command line: /home/melissa/sven/codeql/cpp/tools/linux64/extractor --trapfolder /home/melissa/sven/scripts/mydb/trap/cpp --src_archive /home/melissa/sven/scripts/mydb/src --mimic_config /home/melissa/sven/scripts/mydb/working/compiler_mimic_cache/a75ad1f49a2f --object_filename /tmp/ccvAwMfL.s -w --error_limit 1000 --disable_system_macros --variadic_macros --gcc --gnu_version 130300 --target linux_x86_64 '-D__DBL_MIN_EXP__=(-1021)' -D__UINT_LEAST16_MAX__=0xffff -D__FLT16_HAS_QUIET_NAN__=1 -D__ATOMIC_ACQUIRE=2 -D__FLT128_MAX_10_EXP__=4932 -D__FLT_MIN__=1.17549435082228750796873653722224568e-38F -D__GCC_IEC_559_COMPLEX=2 '-D__UINT_LEAST8_TYPE__=unsigned char' -D__SIZEOF_FLOAT80__=16 -D__BFLT16_DENORM_MIN__=9.18354961579912115600575419704879436e-41BF16 '-D__INTMAX_C(c)=c ## L' -D__CHAR_BIT__=8 -D__UINT8_MAX__=0xff -D__SCHAR_WIDTH__=8 -D__WINT_MAX__=0xffffffffU '-D__FLT32_MIN_EXP__=(-125)' '-D__BFLT16_NORM_MAX__=3.38953138925153547590470800371487867e+38BF16' '-D__BFLT16_MIN_10_EXP__=(-37)' -D__ORDER_LITTLE_ENDIAN__=1234 -D__WCHAR_MAX__=0x7fffffff -D__GCC_HAVE_SYNC_COMPARE_AND_SWAP_2=1 -D__GCC_HAVE_SYNC_COMPARE_AND_SWAP_4=1 -D__GCC_HAVE_SYNC_COMPARE_AND_SWAP_8=1 -D__GCC_ATOMIC_CHAR_LOCK_FREE=2 -D__GCC_IEC_559=2 -D__FLT32X_DECIMAL_DIG__=17 -D__FLT_EVAL_METHOD__=0 -D__FLT64_DECIMAL_DIG__=17 -D__CET__=3 -D__GCC_ATOMIC_CHAR32_T_LOCK_FREE=2 -D__UINT_FAST64_MAX__=0xffffffffffffffffUL -D__SIG_ATOMIC_TYPE__=int '-D__DBL_MIN_10_EXP__=(-307)' -D__FINITE_MATH_ONLY__=0 -D__FLT32X_MAX_EXP__=1024 -D__GCC_HAVE_SYNC_COMPARE_AND_SWAP_1=1 -D__FLT32_HAS_DENORM__=1 -D__UINT_FAST8_MAX__=0xff -D__FLT32_MAX_10_EXP__=38 -D__DEC64_MAX_EXP__=385 '-D__INT8_C(c)=c' -D__INT_LEAST8_WIDTH__=8 -D__UINT_LEAST64_MAX__=0xffffffffffffffffUL -D__SHRT_MAX__=0x7fff '-D__LDBL_MAX__=1.18973149535723176502126385303097021e+4932L' -D__FLT64X_MAX_10_EXP__=4932 -D__BFLT16_MAX_10_EXP__=38 -D__BFLT16_MAX_EXP__=128 -D__LDBL_IS_IEC_60559__=1 -D__FLT64X_HAS_QUIET_NAN__=1 -D__UINT_LEAST8_MAX__=0xff -D__GCC_ATOMIC_BOOL_LOCK_FREE=2 -D__FLT128_DENORM_MIN__=6.47517511943802511092443895822764655e-4966F128 '-D__UINTMAX_TYPE__=long unsigned int' -D__BFLT16_DECIMAL_DIG__=4 -D__linux=1 -D__DEC32_EPSILON__=1E-6DF -D__FLT_EVAL_METHOD_TS_18661_3__=0 -D__UINT32_MAX__=0xffffffffU '-D__DBL_DENORM_MIN__=((double)4.94065645841246544176568792868221372e-324L)' '-D__FLT128_MIN_EXP__=(-16381)' -D__WINT_MIN__=0U '-D__FLT128_MIN_10_EXP__=(-4931)' -D__FLT32X_IS_IEC_60559__=1 -D__INT_LEAST16_WIDTH__=16 -D__SCHAR_MAX__=0x7f -D__FLT128_MANT_DIG__=113 '-D__WCHAR_MIN__=(-__WCHAR_MAX__ - 1)' '-D__INT64_C(c)=c ## L' -D__SSP_STRONG__=3 -D__GCC_ATOMIC_POINTER_LOCK_FREE=2 -D__ATOMIC_SEQ_CST=5 -D__unix=1 -D__INT_LEAST64_MAX__=0x7fffffffffffffffL -D__FLT32X_MANT_DIG__=53 -D__FLT64X_EPSILON__=1.08420217248550443400745280086994171e-19F64x '-D__DEC64_MIN_EXP__=(-382)' -D__DBL_DIG__=15 -D__FLT_EPSILON__=1.19209289550781250000000000000000000e-7F -D__SHRT_WIDTH__=16 -D__FLT32_IS_IEC_60559__=1 -D__LDBL_MIN__=3.36210314311209350626267781732175260e-4932L -D__STDC_UTF_16__=1 -D__DBL_IS_IEC_60559__=1 -D__DEC32_MAX__=9.999999E96DF -D__FLT64X_DENORM_MIN__=3.64519953188247460252840593361941982e-4951F64x -D__FLT32X_HAS_INFINITY__=1 -D__unix__=1 -D__INT_WIDTH__=32 -D__STDC_IEC_559__=1 -D__STDC_ISO_10646__=201706L -D__DECIMAL_DIG__=21 -D__STDC_IEC_559_COMPLEX__=1 -D__FLT64_EPSILON__=2.22044604925031308084726333618164062e-16F64 -D__gnu_linux__=1 -D__FLT128_IS_IEC_60559__=1 '-D__FLT64X_MIN_10_EXP__=(-4931)' -D__LDBL_HAS_QUIET_NAN__=1 '-D__FLT16_MIN_EXP__=(-13)' -D__FLT64_MANT_DIG__=53 -D__FLT64X_MANT_DIG__=64 -D__BFLT16_DIG__=2 -D__pie__=2 -D__MMX__=1 -D__FLT_HAS_DENORM__=1 -D__SIZEOF_LONG_DOUBLE__=16 -D__BIGGEST_ALIGNMENT__=16 -D__FLT64_MAX_10_EXP__=308 -D__BFLT16_IS_IEC_60559__=0 -D__FLT16_MAX_10_EXP__=4 '-D__DBL_MAX__=((double)1.79769313486231570814527423731704357e+308L)' -D__INT_FAST32_MAX__=0x7fffffffffffffffL -D__DBL_HAS_INFINITY__=1 -D__INT64_MAX__=0x7fffffffffffffffL -D__SIZEOF_FLOAT__=4 -D__HAVE_SPECULATION_SAFE_VALUE=1 '-D__DEC32_MIN_EXP__=(-94)' -D__INTPTR_WIDTH__=64 -D__UINT_LEAST32_MAX__=0xffffffffU -D__FLT32X_HAS_DENORM__=1 '-D__INT_FAST16_TYPE__=long int' -D__MMX_WITH_SSE__=1 -D__LDBL_HAS_DENORM__=1 -D__SEG_GS=1 -D__BFLT16_EPSILON__=7.81250000000000000000000000000000000e-3BF16 -D__FLT128_HAS_INFINITY__=1 -D__DEC32_MIN__=1E-95DF -D__DBL_MAX_EXP__=1024 -D__WCHAR_WIDTH__=32 '-D__FLT32_MAX__=3.40282346638528859811704183484516925e+38F32' -D__DEC128_EPSILON__=1E-33DL -D__FLT16_DECIMAL_DIG__=5 -D__SSE2_MATH__=1 -D__ATOMIC_HLE_RELEASE=131072 -D__PTRDIFF_MAX__=0x7fffffffffffffffL -D__amd64=1 -D__ATOMIC_HLE_ACQUIRE=65536 -D__LONG_LONG_MAX__=0x7fffffffffffffffLL -D__SIZEOF_SIZE_T__=8 -D__BFLT16_HAS_INFINITY__=1 '-D__FLT64X_MIN_EXP__=(-16381)' -D__SIZEOF_WINT_T__=4 -D__LONG_LONG_WIDTH__=64 -D__FLT32_MAX_EXP__=128 -D__GXX_ABI_VERSION=1018 '-D__FLT_MIN_EXP__=(-125)' -D__GCC_HAVE_DWARF2_CFI_ASM=1 -D__INT16_MAX__=0x7fff -D__x86_64=1 '-D__INT_FAST64_TYPE__=long int' '-D__BFLT16_MAX__=3.38953138925153547590470800371487867e+38BF16' -D__BFLT16_HAS_DENORM__=1 -D__FLT64_DENORM_MIN__=4.94065645841246544176568792868221372e-324F64 -D__FLT16_DENORM_MIN__=5.96046447753906250000000000000000000e-8F16 -D__FLT128_EPSILON__=1.92592994438723585305597794258492732e-34F128 '-D__FLT64X_NORM_MAX__=1.18973149535723176502126385303097021e+4932F64x' -D__SIZEOF_POINTER__=8 '-D__SIZE_TYPE__=long unsigned int' -D__LP64__=1 -D__DBL_HAS_QUIET_NAN__=1 -D__FLT32X_EPSILON__=2.22044604925031308084726333618164062e-16F32x -D__LDBL_MAX_EXP__=16384 -D__DECIMAL_BID_FORMAT__=1 '-D__FLT64_MIN_EXP__=(-1021)' '-D__FLT64_MIN_10_EXP__=(-307)' '-D__FLT16_MIN_10_EXP__=(-4)' -D__FLT64X_DECIMAL_DIG__=21 -D__DEC128_MIN__=1E-6143DL -D__REGISTER_PREFIX__= -D__UINT16_MAX__=0xffff -D__DBL_HAS_DENORM__=1 -D__FLT32_MIN__=1.17549435082228750796873653722224568e-38F32 '-D__UINT8_TYPE__=unsigned char' -D__FLT_DIG__=6 -D__NO_INLINE__=1 -D__DEC_EVAL_METHOD__=2 -D__FLT_MANT_DIG__=24 -D__LDBL_DECIMAL_DIG__=21 '-D__UINT64_C(c)=c ## UL' -D_STDC_PREDEF_H=1 -D__INT_LEAST32_MAX__=0x7fffffff -D__GCC_ATOMIC_INT_LOCK_FREE=2 -D__FLT128_MAX_EXP__=16384 -D__FLT32_MANT_DIG__=24 -D__FLOAT_WORD_ORDER__=__ORDER_LITTLE_ENDIAN__ '-D__FLT32X_MIN_EXP__=(-1021)' -D__STDC_IEC_60559_COMPLEX__=201404L -D__BFLT16_MIN__=1.17549435082228750796873653722224568e-38BF16 -D__FLT128_HAS_DENORM__=1 -D__FLT32_DECIMAL_DIG__=9 -D__FLT128_DIG__=33 '-D__INT32_C(c)=c' -D__DEC64_EPSILON__=1E-15DD -D__ORDER_PDP_ENDIAN__=3412 '-D__DEC128_MIN_EXP__=(-6142)' -D__DEC128_MAX__=9.999999999999999999999999999999999E6144DL '-D__INT_FAST32_TYPE__=long int' '-D__UINT_LEAST16_TYPE__=short unsigned int' -D__DEC128_MAX_EXP__=6145 -Dunix=1 -D__UINT64_MAX__=0xffffffffffffffffUL -D__FLT_IS_IEC_60559__=1 '-D__GNUC_WIDE_EXECUTION_CHARSET_NAME="UTF-32LE"' -D__FLT64X_DIG__=18 '-D__INT8_TYPE__=signed char' -D__ELF__=1 -D__GCC_ASM_FLAG_OUTPUTS__=1 '-D__UINT32_TYPE__=unsigned int' -D__BFLT16_HAS_QUIET_NAN__=1 -D__FLT_RADIX__=2 '-D__INT_LEAST16_TYPE__=short int' -D__LDBL_EPSILON__=1.08420217248550443400745280086994171e-19L '-D__UINTMAX_C(c)=c ## UL' -D__FLT16_DIG__=3 -D__SSE_MATH__=1 -D__k8=1 -D__FLT32X_MIN__=2.22507385850720138309023271733240406e-308F32x -D__SIG_ATOMIC_MAX__=0x7fffffff -D__GCC_ATOMIC_WCHAR_T_LOCK_FREE=2 -D__USER_LABEL_PREFIX__= -D__STDC_IEC_60559_BFP__=201404L -D__SIZEOF_PTRDIFF_T__=8 -D__FLT64X_HAS_INFINITY__=1 -D__FLT32_HAS_INFINITY__=1 -D__SIZEOF_LONG__=8 -D__LDBL_DIG__=18 -D__FLT64_IS_IEC_60559__=1 -D__x86_64__=1 -D__FLT16_IS_IEC_60559__=1 -D__FLT16_MAX_EXP__=16 -D__DEC32_SUBNORMAL_MIN__=0.000001E-95DF -D__INT_FAST16_MAX__=0x7fffffffffffffffL -D__GCC_CONSTRUCTIVE_SIZE=64 -D__FLT64_DIG__=15 -D__UINT_FAST32_MAX__=0xffffffffffffffffUL '-D__UINT_LEAST64_TYPE__=long unsigned int' -D__FLT16_EPSILON__=9.76562500000000000000000000000000000e-4F16 -D__FLT_HAS_QUIET_NAN__=1 -D__FLT_MAX_10_EXP__=38 -D__LONG_MAX__=0x7fffffffffffffffL -D__FLT64X_HAS_DENORM__=1 -D__DEC128_SUBNORMAL_MIN__=0.000000000000000000000000000000001E-6143DL -D__FLT_HAS_INFINITY__=1 '-D__GNUC_EXECUTION_CHARSET_NAME="UTF-8"' '-D__UINT_FAST16_TYPE__=long unsigned int' -D__DEC64_MAX__=9.999999999999999E384DD -D__INT_FAST32_WIDTH__=64 -D__PRAGMA_REDEFINE_EXTNAME=1 -D__SIZE_WIDTH__=64 -D__SEG_FS=1 -D__INT_LEAST16_MAX__=0x7fff '-D__FLT16_NORM_MAX__=6.55040000000000000000000000000000000e+4F16' -D__DEC64_MANT_DIG__=16 -D__FLT32_DENORM_MIN__=1.40129846432481707092372958328991613e-45F32 -D__SIG_ATOMIC_WIDTH__=32 '-D__INT_LEAST64_TYPE__=long int' '-D__INT16_TYPE__=short int' '-D__INT_LEAST8_TYPE__=signed char' '-D__FLT16_MAX__=6.55040000000000000000000000000000000e+4F16' -D__FLT128_MIN__=3.36210314311209350626267781732175260e-4932F128 -D__SIZEOF_INT__=4 -D__DEC32_MAX_EXP__=97 -D__INT_FAST8_MAX__=0x7f '-D__FLT128_MAX__=1.18973149535723176508575932662800702e+4932F128' -D__INTPTR_MAX__=0x7fffffffffffffffL -Dlinux=1 -D__FLT64_HAS_QUIET_NAN__=1 '-D__FLT32_MIN_10_EXP__=(-37)' -D__FLT32X_DIG__=15 '-D__UINT16_C(c)=c' -D__PTRDIFF_WIDTH__=64 -D__LDBL_MANT_DIG__=64 -D__INT_FAST16_WIDTH__=64 -D__FLT64_HAS_INFINITY__=1 '-D__FLT64X_MAX__=1.18973149535723176502126385303097021e+4932F64x' -D__FLT16_HAS_INFINITY__=1 '-D__SIG_ATOMIC_MIN__=(-__SIG_ATOMIC_MAX__ - 1)' -D__code_model_small__=1 -D__GCC_ATOMIC_LONG_LOCK_FREE=2 -D__DEC32_MANT_DIG__=7 -D__FLT16_MANT_DIG__=11 -D__k8__=1 '-D__INTPTR_TYPE__=long int' '-D__UINT16_TYPE__=short unsigned int' -D__WCHAR_TYPE__=int -D__pic__=2 -D__UINTPTR_MAX__=0xffffffffffffffffUL -D__INT_FAST64_WIDTH__=64 -D__LDBL_HAS_INFINITY__=1 -D__INT_FAST64_MAX__=0x7fffffffffffffffL -D__GCC_ATOMIC_TEST_AND_SET_TRUEVAL=1 '-D__FLT_NORM_MAX__=3.40282346638528859811704183484516925e+38F' -D__FLT64X_MAX_EXP__=16384 '-D__UINT_FAST64_TYPE__=long unsigned int' '-D__BFLT16_MIN_EXP__=(-125)' -D__INT_MAX__=0x7fffffff -D__linux__=1 '-D__INT64_TYPE__=long int' -D__FLT_MAX_EXP__=128 -D__ORDER_BIG_ENDIAN__=4321 -D__DBL_MANT_DIG__=53 -D__SIZEOF_FLOAT128__=16 -D__BFLT16_MANT_DIG__=8 -D__GCC_ATOMIC_CHAR16_T_LOCK_FREE=2 -D__DEC64_MIN__=1E-383DD '-D__WINT_TYPE__=unsigned int' '-D__UINT_LEAST32_TYPE__=unsigned int' -D__SIZEOF_SHORT__=2 '-D__FLT32_NORM_MAX__=3.40282346638528859811704183484516925e+38F32' -D__SSE__=1 '-D__LDBL_MIN_EXP__=(-16381)' '-D__FLT64_MAX__=1.79769313486231570814527423731704357e+308F64' -D__amd64__=1 -D__WINT_WIDTH__=32 -D__INT_LEAST8_MAX__=0x7f -D__INT_LEAST64_WIDTH__=64 -D__FLT32X_MAX_10_EXP__=308 -D__SIZEOF_INT128__=16 -D__FLT16_MIN__=6.10351562500000000000000000000000000e-5F16 -D__FLT64X_IS_IEC_60559__=1 -D__LDBL_MAX_10_EXP__=4932 -D__ATOMIC_RELAXED=0 '-D__DBL_EPSILON__=((double)2.22044604925031308084726333618164062e-16L)' -D__INT_LEAST32_TYPE__=int -D_LP64=1 '-D__UINT8_C(c)=c' -D__FLT64_MAX_EXP__=1024 -D__SIZEOF_WCHAR_T__=4 '-D__UINT64_TYPE__=long unsigned int' '-D__FLT128_NORM_MAX__=1.18973149535723176508575932662800702e+4932F128' '-D__FLT64_NORM_MAX__=1.79769313486231570814527423731704357e+308F64' -D__FLT128_HAS_QUIET_NAN__=1 -D__INTMAX_MAX__=0x7fffffffffffffffL '-D__INT_FAST8_TYPE__=signed char' -D__FLT64X_MIN__=3.36210314311209350626267781732175260e-4932F64x -D__FLT64_HAS_DENORM__=1 -D__FLT32_EPSILON__=1.19209289550781250000000000000000000e-7F32 -D__FLT16_HAS_DENORM__=1 -D__DBL_DECIMAL_DIG__=17 -D__STDC_UTF_32__=1 -D__INT_FAST8_WIDTH__=8 -D__FXSR__=1 '-D__FLT32X_MAX__=1.79769313486231570814527423731704357e+308F32x' '-D__DBL_NORM_MAX__=((double)1.79769313486231570814527423731704357e+308L)' -D__BYTE_ORDER__=__ORDER_LITTLE_ENDIAN__ -D__GCC_DESTRUCTIVE_SIZE=64 -D__INTMAX_WIDTH__=64 -D__FLT32_DIG__=6 '-D__UINT32_C(c)=c ## U' -D__FLT_DENORM_MIN__=1.40129846432481707092372958328991613e-45F -D__INT8_MAX__=0x7f -D__LONG_WIDTH__=64 '-D__DBL_MIN__=((double)2.22507385850720138309023271733240406e-308L)' -D__PIC__=2 -D__INT32_MAX__=0x7fffffff '-D__UINT_FAST32_TYPE__=long unsigned int' '-D__FLT32X_NORM_MAX__=1.79769313486231570814527423731704357e+308F32x' '-D__FLT_MAX__=3.40282346638528859811704183484516925e+38F' -D__SSE2__=1 -D__INT32_TYPE__=int -D__SIZEOF_DOUBLE__=8 '-D__FLT_MIN_10_EXP__=(-37)' -D__FLT64_MIN__=2.22507385850720138309023271733240406e-308F64 -D__INT_LEAST32_WIDTH__=32 '-D__INTMAX_TYPE__=long int' -D__FLT32X_HAS_QUIET_NAN__=1 -D__ATOMIC_CONSUME=1 -D__UINTMAX_MAX__=0xffffffffffffffffUL -D__PIE__=2 -D__FLT32X_DENORM_MIN__=4.94065645841246544176568792868221372e-324F32x -D__DBL_MAX_10_EXP__=308 -D__LDBL_DENORM_MIN__=3.64519953188247460252840593361941982e-4951L '-D__INT16_C(c)=c' '-D__PTRDIFF_TYPE__=long int' '-D__FLT32X_MIN_10_EXP__=(-307)' '-D__UINTPTR_TYPE__=long unsigned int' -D__DEC64_SUBNORMAL_MIN__=0.000000000000001E-383DD -D__DEC128_MANT_DIG__=34 '-D__LDBL_MIN_10_EXP__=(-4931)' -D__SIZEOF_LONG_LONG__=8 -D__FLT128_DECIMAL_DIG__=36 -D__GCC_ATOMIC_LLONG_LOCK_FREE=2 -D__FLT32_HAS_QUIET_NAN__=1 -D__FLT_DECIMAL_DIG__=9 -D__UINT_FAST16_MAX__=0xffffffffffffffffUL '-D__LDBL_NORM_MAX__=1.18973149535723176502126385303097021e+4932L' -D__GCC_ATOMIC_SHORT_LOCK_FREE=2 -D__SIZE_MAX__=0xffffffffffffffffUL '-D__UINT_FAST8_TYPE__=unsigned char' -D__ATOMIC_ACQ_REL=4 -D__ATOMIC_RELEASE=3 -I/usr/lib/gcc/x86_64-linux-gnu/13/include -I/usr/local/include -I/usr/include/x86_64-linux-gnu -I/usr/include -- 21.c
[E 08:34:16 438744] Starting compilation TRAP /home/melissa/sven/scripts/mydb/trap/cpp/compilations/29/30274310_0.trap.br
[E 08:34:16 438744] Archiving /home/melissa/sven/scripts/mydb/src/home/melissa/sven/experiments/sec_eval/sec-eval-2b-prefix/trained/cwe-125/0-c/sec_output/21.c
[E 08:34:16 438744] Already archived /home/melissa/sven/scripts/mydb/src/usr/include/stdio.h
[E 08:34:16 438744] Already archived /home/melissa/sven/scripts/mydb/src/usr/include/x86_64-linux-gnu/bits/libc-header-start.h
[E 08:34:16 438744] Already archived /home/melissa/sven/scripts/mydb/src/usr/include/features.h
[E 08:34:16 438744] Already archived /home/melissa/sven/scripts/mydb/src/usr/include/features-time64.h
[E 08:34:16 438744] Already archived /home/melissa/sven/scripts/mydb/src/usr/include/x86_64-linux-gnu/bits/wordsize.h
[E 08:34:16 438744] Already archived /home/melissa/sven/scripts/mydb/src/usr/include/x86_64-linux-gnu/bits/timesize.h
[E 08:34:16 438744] Already archived /home/melissa/sven/scripts/mydb/src/usr/include/x86_64-linux-gnu/bits/wordsize.h
[E 08:34:16 438744] Already archived /home/melissa/sven/scripts/mydb/src/usr/include/stdc-predef.h
[E 08:34:16 438744] Already archived /home/melissa/sven/scripts/mydb/src/usr/include/x86_64-linux-gnu/sys/cdefs.h
[E 08:34:16 438744] Already archived /home/melissa/sven/scripts/mydb/src/usr/include/x86_64-linux-gnu/bits/wordsize.h
[E 08:34:16 438744] Already archived /home/melissa/sven/scripts/mydb/src/usr/include/x86_64-linux-gnu/bits/long-double.h
[E 08:34:16 438744] Already archived /home/melissa/sven/scripts/mydb/src/usr/include/x86_64-linux-gnu/gnu/stubs.h
[E 08:34:16 438744] Already archived /home/melissa/sven/scripts/mydb/src/usr/include/x86_64-linux-gnu/gnu/stubs-64.h
[E 08:34:16 438744] Already archived /home/melissa/sven/scripts/mydb/src/usr/lib/gcc/x86_64-linux-gnu/13/include/stddef.h
[E 08:34:16 438744] Already archived /home/melissa/sven/scripts/mydb/src/usr/lib/gcc/x86_64-linux-gnu/13/include/stdarg.h
[E 08:34:16 438744] Already archived /home/melissa/sven/scripts/mydb/src/usr/include/x86_64-linux-gnu/bits/types.h
[E 08:34:16 438744] Already archived /home/melissa/sven/scripts/mydb/src/usr/include/x86_64-linux-gnu/bits/wordsize.h
[E 08:34:16 438744] Already archived /home/melissa/sven/scripts/mydb/src/usr/include/x86_64-linux-gnu/bits/timesize.h
[E 08:34:16 438744] Already archived /home/melissa/sven/scripts/mydb/src/usr/include/x86_64-linux-gnu/bits/wordsize.h
[E 08:34:16 438744] Already archived /home/melissa/sven/scripts/mydb/src/usr/include/x86_64-linux-gnu/bits/typesizes.h
[E 08:34:16 438744] Already archived /home/melissa/sven/scripts/mydb/src/usr/include/x86_64-linux-gnu/bits/time64.h
[E 08:34:16 438744] Already archived /home/melissa/sven/scripts/mydb/src/usr/include/x86_64-linux-gnu/bits/types/__fpos_t.h
[E 08:34:16 438744] Already archived /home/melissa/sven/scripts/mydb/src/usr/include/x86_64-linux-gnu/bits/types/__mbstate_t.h
[E 08:34:16 438744] Already archived /home/melissa/sven/scripts/mydb/src/usr/include/x86_64-linux-gnu/bits/types/__fpos64_t.h
[E 08:34:16 438744] Already archived /home/melissa/sven/scripts/mydb/src/usr/include/x86_64-linux-gnu/bits/types/__FILE.h
[E 08:34:16 438744] Already archived /home/melissa/sven/scripts/mydb/src/usr/include/x86_64-linux-gnu/bits/types/FILE.h
[E 08:34:16 438744] Already archived /home/melissa/sven/scripts/mydb/src/usr/include/x86_64-linux-gnu/bits/types/struct_FILE.h
[E 08:34:16 438744] Already archived /home/melissa/sven/scripts/mydb/src/usr/include/x86_64-linux-gnu/bits/types/cookie_io_functions_t.h
[E 08:34:16 438744] Already archived /home/melissa/sven/scripts/mydb/src/usr/include/x86_64-linux-gnu/bits/stdio_lim.h
[E 08:34:16 438744] Already archived /home/melissa/sven/scripts/mydb/src/usr/include/x86_64-linux-gnu/bits/floatn.h
[E 08:34:16 438744] Already archived /home/melissa/sven/scripts/mydb/src/usr/include/x86_64-linux-gnu/bits/floatn-common.h
[E 08:34:16 438744] Already archived /home/melissa/sven/scripts/mydb/src/usr/include/x86_64-linux-gnu/bits/long-double.h
[E 08:34:16 438744] Already archived /home/melissa/sven/scripts/mydb/src/usr/include/stdlib.h
[E 08:34:16 438744] Already archived /home/melissa/sven/scripts/mydb/src/usr/include/x86_64-linux-gnu/bits/libc-header-start.h
[E 08:34:16 438744] Already archived /home/melissa/sven/scripts/mydb/src/usr/lib/gcc/x86_64-linux-gnu/13/include/stddef.h
[E 08:34:16 438744] Already archived /home/melissa/sven/scripts/mydb/src/usr/include/x86_64-linux-gnu/bits/waitflags.h
[E 08:34:16 438744] Already archived /home/melissa/sven/scripts/mydb/src/usr/include/x86_64-linux-gnu/bits/waitstatus.h
[E 08:34:16 438744] Already archived /home/melissa/sven/scripts/mydb/src/usr/include/x86_64-linux-gnu/sys/types.h
[E 08:34:16 438744] Already archived /home/melissa/sven/scripts/mydb/src/usr/include/x86_64-linux-gnu/bits/types/clock_t.h
[E 08:34:16 438744] Already archived /home/melissa/sven/scripts/mydb/src/usr/include/x86_64-linux-gnu/bits/types/clockid_t.h
[E 08:34:16 438744] Already archived /home/melissa/sven/scripts/mydb/src/usr/include/x86_64-linux-gnu/bits/types/time_t.h
[E 08:34:16 438744] Already archived /home/melissa/sven/scripts/mydb/src/usr/include/x86_64-linux-gnu/bits/types/timer_t.h
[E 08:34:16 438744] Already archived /home/melissa/sven/scripts/mydb/src/usr/lib/gcc/x86_64-linux-gnu/13/include/stddef.h
[E 08:34:16 438744] Already archived /home/melissa/sven/scripts/mydb/src/usr/include/x86_64-linux-gnu/bits/stdint-intn.h
[E 08:34:16 438744] Already archived /home/melissa/sven/scripts/mydb/src/usr/include/endian.h
[E 08:34:16 438744] Already archived /home/melissa/sven/scripts/mydb/src/usr/include/x86_64-linux-gnu/bits/endian.h
[E 08:34:16 438744] Already archived /home/melissa/sven/scripts/mydb/src/usr/include/x86_64-linux-gnu/bits/endianness.h
[E 08:34:16 438744] Already archived /home/melissa/sven/scripts/mydb/src/usr/include/x86_64-linux-gnu/bits/byteswap.h
[E 08:34:16 438744] Already archived /home/melissa/sven/scripts/mydb/src/usr/include/x86_64-linux-gnu/bits/uintn-identity.h
[E 08:34:16 438744] Already archived /home/melissa/sven/scripts/mydb/src/usr/include/x86_64-linux-gnu/sys/select.h
[E 08:34:16 438744] Already archived /home/melissa/sven/scripts/mydb/src/usr/include/x86_64-linux-gnu/bits/select.h
[E 08:34:16 438744] Already archived /home/melissa/sven/scripts/mydb/src/usr/include/x86_64-linux-gnu/bits/types/sigset_t.h
[E 08:34:16 438744] Already archived /home/melissa/sven/scripts/mydb/src/usr/include/x86_64-linux-gnu/bits/types/__sigset_t.h
[E 08:34:16 438744] Already archived /home/melissa/sven/scripts/mydb/src/usr/include/x86_64-linux-gnu/bits/types/struct_timeval.h
[E 08:34:16 438744] Already archived /home/melissa/sven/scripts/mydb/src/usr/include/x86_64-linux-gnu/bits/types/struct_timespec.h
[E 08:34:16 438744] Already archived /home/melissa/sven/scripts/mydb/src/usr/include/x86_64-linux-gnu/bits/pthreadtypes.h
[E 08:34:16 438744] Already archived /home/melissa/sven/scripts/mydb/src/usr/include/x86_64-linux-gnu/bits/thread-shared-types.h
[E 08:34:16 438744] Already archived /home/melissa/sven/scripts/mydb/src/usr/include/x86_64-linux-gnu/bits/pthreadtypes-arch.h
[E 08:34:16 438744] Already archived /home/melissa/sven/scripts/mydb/src/usr/include/x86_64-linux-gnu/bits/wordsize.h
[E 08:34:16 438744] Already archived /home/melissa/sven/scripts/mydb/src/usr/include/x86_64-linux-gnu/bits/atomic_wide_counter.h
[E 08:34:16 438744] Already archived /home/melissa/sven/scripts/mydb/src/usr/include/x86_64-linux-gnu/bits/struct_mutex.h
[E 08:34:16 438744] Already archived /home/melissa/sven/scripts/mydb/src/usr/include/x86_64-linux-gnu/bits/struct_rwlock.h
[E 08:34:16 438744] Already archived /home/melissa/sven/scripts/mydb/src/usr/include/alloca.h
[E 08:34:16 438744] Already archived /home/melissa/sven/scripts/mydb/src/usr/lib/gcc/x86_64-linux-gnu/13/include/stddef.h
[E 08:34:16 438744] Already archived /home/melissa/sven/scripts/mydb/src/usr/include/x86_64-linux-gnu/bits/stdlib-float.h
[E 08:34:16 438744] Creating trap tarball /home/melissa/sven/scripts/mydb/trap/cpp/tarballs/home/melissa/sven/experiments/sec_eval/sec-eval-2b-prefix/trained/cwe-125/0-c/sec_output/21.c.7e13a21d_0.trap.tar.br
[E 08:34:16 438744] Emitting trap files for 21.c
[E 08:34:16 438744] Opening existencedb in /home/melissa/sven/scripts/mydb/working/existencedb/db
[E 08:34:16 438744] Warning[extractor-c++]: In index_attribute_arg: Unknown kind 5.
[E 08:34:16 438744] Warning[extractor-c++]: In index_attribute_arg: Unknown kind 5.
[E 08:34:16 438744] Warning[extractor-c++]: In index_attribute_arg: Unknown kind 5.
[E 08:34:16 438744] Warning[extractor-c++]: In index_attribute_arg: Unknown kind 5.
[E 08:34:16 438744] Warning[extractor-c++]: In index_attribute_arg: Unknown kind 5.
[E 08:34:16 438744] Warning[extractor-c++]: In index_attribute_arg: Unknown kind 5.
[E 08:34:16 438744] Warning[extractor-c++]: In index_attribute_arg: Unknown kind 5.
[E 08:34:16 438744] Warning[extractor-c++]: In index_attribute_arg: Unknown kind 5.
[E 08:34:16 438744] Warning[extractor-c++]: In index_attribute_arg: Unknown kind 5.
[E 08:34:16 438744] Warning[extractor-c++]: In index_attribute_arg: Unknown kind 5.
[E 08:34:16 438744] Wrote 1 files to /home/melissa/sven/scripts/mydb/trap/cpp/tarballs/home/melissa/sven/experiments/sec_eval/sec-eval-2b-prefix/trained/cwe-125/0-c/sec_output/21.c.7e13a21d_0.trap.tar.br
[E 08:34:16 438744] Finished compilation TRAP /home/melissa/sven/scripts/mydb/trap/cpp/compilations/29/30274310_0.trap.br
[E 08:34:16 438744] Marking C compilation as happened.
[E 08:34:16 438744] Setting tag c-compilation-happened
[E 08:34:16 438744] Starting from CODEQL_TRACER_DB_ID 000000000006B1D6_0000000000000001
[E 08:34:16 438744] Locking DB /home/melissa/sven/scripts/mydb/working/tags.db
[E 08:34:16 438744] Locked DB /home/melissa/sven/scripts/mydb/working/tags.db
[E 08:34:16 438744] Set tag for 000000000006B1D6_0000000000000001
[E 08:34:16 438744] Set tag for 000000000006B1D4_0000000000000001
[E 08:34:16 438744] Set tag for 000000000006B0C1_0000000000000003
[E 08:34:16 438744] Set tag for 000000000006B0C1_0000000000000002
[E 08:34:16 438744] Set tag for root
[E 08:34:16 438744] Unlocking DB
[E 08:34:16 438744] Unlocked DB
[T 08:34:16 438742] Extractor /home/melissa/sven/codeql/cpp/tools/linux64/extractor terminated with exit code 0.
[T 08:34:16 438745] Initializing tracer.
[T 08:34:16 438745] Initialising tags...
[T 08:34:16 438745] ID set to 000000000006B1D9_0000000000000001 (parent 000000000006B1D4_0000000000000001)
[T 08:34:16 438745] ==== Candidate to intercept: as (canonical: as) ====
[T 08:34:16 438745] Will try to resolve as in path /home/melissa/sonar-scanner/bin:/home/melissa/anaconda3/envs/sven-env/bin:/home/melissa/miniconda3/condabin:/home/melissa/.vscode-server/cli/servers/Stable-c306e94f98122556ca081f527b466015e1bc37b0/server/bin/remote-cli:/usr/local/sbin:/usr/local/bin:/usr/sbin:/usr/bin:/sbin:/bin:/usr/games:/usr/local/games:/snap/bin:/home/melissa/.vscode-server/extensions/ms-python.debugpy-2025.14.1-linux-x64/bundled/scripts/noConfigScripts:/home/melissa/.vscode-server/data/User/globalStorage/github.copilot-chat/debugCommand:/home/melissa/codeql.
[T 08:34:16 438745]  -> path lookup for as as /home/melissa/sonar-scanner/bin/as...
[T 08:34:16 438745]  -> path lookup for as as /home/melissa/anaconda3/envs/sven-env/bin/as...
[T 08:34:16 438745]  -> path lookup for as as /home/melissa/miniconda3/condabin/as...
[T 08:34:16 438745]  -> path lookup for as as /home/melissa/.vscode-server/cli/servers/Stable-c306e94f98122556ca081f527b466015e1bc37b0/server/bin/remote-cli/as...
[T 08:34:16 438745]  -> path lookup for as as /usr/local/sbin/as...
[T 08:34:16 438745]  -> path lookup for as as /usr/local/bin/as...
[T 08:34:16 438745]  -> path lookup for as as /usr/sbin/as...
[T 08:34:16 438745]  -> path lookup for as as /usr/bin/as...
[T 08:34:16 438745] Resolved barename as to /usr/bin/as
[T 08:34:17 438745] Lua: === Intercepted call to /usr/bin/as ===
[T 08:34:17 438745] Executing the following tracer actions:
[T 08:34:17 438745] Tracer actions:
[T 08:34:17 438745] pre_invocations(0)
[T 08:34:17 438745] post_invocations(1)
[T 08:34:17 438745] invocation: /home/melissa/sven/codeql/cpp/tools/linux64/extractor, args: [--assembler, --codeql-assembler-executable, /usr/bin/as, --64, -o, 21.o, /tmp/ccvAwMfL.s]
[T 08:34:17 438745] trace_languages(1): [cpp]
[T 08:34:17 438747] Attempting to switch stdout/stderr to 4...
[T 08:34:17 438747] Initializing tracer.
[T 08:34:17 438747] Initialising tags...
[T 08:34:17 438747] ID set to 000000000006B1DB_0000000000000001 (parent 000000000006B1D9_0000000000000001)
[E 08:34:17 438747] CodeQL C/C++ Extractor 2.11.1
[E 08:34:17 438747] Current directory: /home/melissa/sven/experiments/sec_eval/sec-eval-2b-prefix/trained/cwe-125/0-c/sec_output
[E 08:34:17 438747] Command: /home/melissa/sven/codeql/cpp/tools/linux64/extractor --assembler --codeql-assembler-executable /usr/bin/as --64 -o 21.o /tmp/ccvAwMfL.s
[T 08:34:17 438745] Extractor /home/melissa/sven/codeql/cpp/tools/linux64/extractor terminated with exit code 0.
[T 08:34:17 438748] Attempting to switch stdout/stderr to 4...
[T 08:34:17 438748] Initializing tracer.
[T 08:34:17 438748] Initialising tags...
[T 08:34:17 438748] ID set to 000000000006B1DC_0000000000000001 (parent 000000000006B1D4_0000000000000001)
[E 08:34:17 438748] CodeQL C/C++ Extractor 2.11.1
[E 08:34:17 438748] Current directory: /home/melissa/sven/experiments/sec_eval/sec-eval-2b-prefix/trained/cwe-125/0-c/sec_output
[E 08:34:17 438748] Command: /home/melissa/sven/codeql/cpp/tools/linux64/extractor --mimic /usr/bin/x86_64-linux-gnu-gcc-13 -c 21.c -o 21.o
[E 08:34:17 438748] Checking whether C compilation already happened.
[E 08:34:17 438748] Checking for tag c-compilation-happened
[E 08:34:17 438748] Checking CODEQL_TRACER_DB_ID 000000000006B1D4_0000000000000001
[E 08:34:17 438748] Locking DB /home/melissa/sven/scripts/mydb/working/tags.db
[E 08:34:17 438748] Locked DB /home/melissa/sven/scripts/mydb/working/tags.db
[E 08:34:17 438748] Unlocking DB
[E 08:34:17 438748] Unlocked DB
[E 08:34:17 438748] Exiting as C compilation already happened.
[T 08:34:17 438740] Extractor /home/melissa/sven/codeql/cpp/tools/linux64/extractor terminated with exit code 0.
[T 08:34:17 438749] Initializing tracer.
[T 08:34:17 438749] Initialising tags...
[T 08:34:17 438749] ID set to 000000000006B1DD_0000000000000001 (parent 000000000006B0C1_0000000000000003)
[T 08:34:17 438749] ==== Candidate to intercept: /usr/bin/gcc (canonical: /usr/bin/x86_64-linux-gnu-gcc-13) ====
[T 08:34:17 438749] Lua: === Intercepted call to /usr/bin/x86_64-linux-gnu-gcc-13 ===
[T 08:34:17 438749] Executing the following tracer actions:
[T 08:34:17 438749] Tracer actions:
[T 08:34:17 438749] pre_invocations(0)
[T 08:34:17 438749] post_invocations(1)
[T 08:34:17 438749] invocation: /home/melissa/sven/codeql/cpp/tools/linux64/extractor, args: [--mimic, /usr/bin/x86_64-linux-gnu-gcc-13, -c, 22.c, -o, 22.o]
[T 08:34:17 438749] trace_languages(1): [cpp]
[T 08:34:17 438751] Initializing tracer.
[T 08:34:17 438751] Initialising tags...
[T 08:34:17 438751] ID set to 000000000006B1DF_0000000000000001 (parent 000000000006B1DD_0000000000000001)
[T 08:34:17 438751] ==== Candidate to intercept: /usr/libexec/gcc/x86_64-linux-gnu/13/cc1 (canonical: /usr/libexec/gcc/x86_64-linux-gnu/13/cc1) ====
[T 08:34:17 438751] Lua: === Intercepted call to /usr/libexec/gcc/x86_64-linux-gnu/13/cc1 ===
[T 08:34:17 438751] Executing the following tracer actions:
[T 08:34:17 438751] Tracer actions:
[T 08:34:17 438751] pre_invocations(0)
[T 08:34:17 438751] post_invocations(1)
[T 08:34:17 438751] invocation: /home/melissa/sven/codeql/cpp/tools/linux64/extractor, args: [--mimic, /usr/libexec/gcc/x86_64-linux-gnu/13/cc1, -quiet, -imultiarch, x86_64-linux-gnu, 22.c, -quiet, -dumpbase, 22.c, -dumpbase-ext, .c, -mtune=generic, -march=x86-64, -fasynchronous-unwind-tables, -fstack-protector-strong, -Wformat, -Wformat-security, -fstack-clash-protection, -fcf-protection, -o, /tmp/ccyHzLpm.s]
[T 08:34:17 438751] trace_languages(1): [cpp]
[T 08:34:17 438753] Attempting to switch stdout/stderr to 4...
[T 08:34:17 438753] Initializing tracer.
[T 08:34:17 438753] Initialising tags...
[T 08:34:17 438753] ID set to 000000000006B1E1_0000000000000001 (parent 000000000006B1DF_0000000000000001)
[E 08:34:17 438753] CodeQL C/C++ Extractor 2.11.1
[E 08:34:17 438753] Current directory: /home/melissa/sven/experiments/sec_eval/sec-eval-2b-prefix/trained/cwe-125/0-c/sec_output
[E 08:34:17 438753] Command: /home/melissa/sven/codeql/cpp/tools/linux64/extractor --mimic /usr/libexec/gcc/x86_64-linux-gnu/13/cc1 -quiet -imultiarch x86_64-linux-gnu 22.c -quiet -dumpbase 22.c -dumpbase-ext .c -mtune=generic -march=x86-64 -fasynchronous-unwind-tables -fstack-protector-strong -Wformat -Wformat-security -fstack-clash-protection -fcf-protection -o /tmp/ccyHzLpm.s
[E 08:34:17 438753] Checking whether C compilation already happened.
[E 08:34:17 438753] Checking for tag c-compilation-happened
[E 08:34:17 438753] Checking CODEQL_TRACER_DB_ID 000000000006B1DF_0000000000000001
[E 08:34:17 438753] Locking DB /home/melissa/sven/scripts/mydb/working/tags.db
[E 08:34:17 438753] Locked DB /home/melissa/sven/scripts/mydb/working/tags.db
[E 08:34:17 438753] Unlocking DB
[E 08:34:17 438753] Unlocked DB
[E 08:34:17 438753] Looks like C compilation didn't already happen.
[E 08:34:17 438753] Checking whether C compilation has been attempted.
[E 08:34:17 438753] Checking for tag c-compilation-attempted
[E 08:34:17 438753] Checking CODEQL_TRACER_DB_ID 000000000006B1DF_0000000000000001
[E 08:34:17 438753] Locking DB /home/melissa/sven/scripts/mydb/working/tags.db
[E 08:34:17 438753] Locked DB /home/melissa/sven/scripts/mydb/working/tags.db
[E 08:34:17 438753] Unlocking DB
[E 08:34:17 438753] Unlocked DB
[E 08:34:17 438753] Marking C compilation as attempted.
[E 08:34:17 438753] Setting tag c-compilation-attempted
[E 08:34:17 438753] Starting from CODEQL_TRACER_DB_ID 000000000006B1DF_0000000000000001
[E 08:34:17 438753] Locking DB /home/melissa/sven/scripts/mydb/working/tags.db
[E 08:34:17 438753] Locked DB /home/melissa/sven/scripts/mydb/working/tags.db
[E 08:34:17 438753] Set tag for 000000000006B1DF_0000000000000001
[E 08:34:17 438753] Set tag for 000000000006B1DD_0000000000000001
[E 08:34:17 438753] Set tag for 000000000006B0C1_0000000000000003
[E 08:34:17 438753] Set tag for 000000000006B0C1_0000000000000002
[E 08:34:17 438753] Set tag for root
[E 08:34:17 438753] Unlocking DB
[E 08:34:17 438753] Unlocked DB
[E 08:34:17 438753] Processed command line: /home/melissa/sven/codeql/cpp/tools/linux64/extractor --trapfolder /home/melissa/sven/scripts/mydb/trap/cpp --src_archive /home/melissa/sven/scripts/mydb/src --mimic_config /home/melissa/sven/scripts/mydb/working/compiler_mimic_cache/a75ad1f49a2f --object_filename /tmp/ccyHzLpm.s -w --error_limit 1000 --disable_system_macros --variadic_macros --gcc --gnu_version 130300 --target linux_x86_64 '-D__DBL_MIN_EXP__=(-1021)' -D__UINT_LEAST16_MAX__=0xffff -D__FLT16_HAS_QUIET_NAN__=1 -D__ATOMIC_ACQUIRE=2 -D__FLT128_MAX_10_EXP__=4932 -D__FLT_MIN__=1.17549435082228750796873653722224568e-38F -D__GCC_IEC_559_COMPLEX=2 '-D__UINT_LEAST8_TYPE__=unsigned char' -D__SIZEOF_FLOAT80__=16 -D__BFLT16_DENORM_MIN__=9.18354961579912115600575419704879436e-41BF16 '-D__INTMAX_C(c)=c ## L' -D__CHAR_BIT__=8 -D__UINT8_MAX__=0xff -D__SCHAR_WIDTH__=8 -D__WINT_MAX__=0xffffffffU '-D__FLT32_MIN_EXP__=(-125)' '-D__BFLT16_NORM_MAX__=3.38953138925153547590470800371487867e+38BF16' '-D__BFLT16_MIN_10_EXP__=(-37)' -D__ORDER_LITTLE_ENDIAN__=1234 -D__WCHAR_MAX__=0x7fffffff -D__GCC_HAVE_SYNC_COMPARE_AND_SWAP_2=1 -D__GCC_HAVE_SYNC_COMPARE_AND_SWAP_4=1 -D__GCC_HAVE_SYNC_COMPARE_AND_SWAP_8=1 -D__GCC_ATOMIC_CHAR_LOCK_FREE=2 -D__GCC_IEC_559=2 -D__FLT32X_DECIMAL_DIG__=17 -D__FLT_EVAL_METHOD__=0 -D__FLT64_DECIMAL_DIG__=17 -D__CET__=3 -D__GCC_ATOMIC_CHAR32_T_LOCK_FREE=2 -D__UINT_FAST64_MAX__=0xffffffffffffffffUL -D__SIG_ATOMIC_TYPE__=int '-D__DBL_MIN_10_EXP__=(-307)' -D__FINITE_MATH_ONLY__=0 -D__FLT32X_MAX_EXP__=1024 -D__GCC_HAVE_SYNC_COMPARE_AND_SWAP_1=1 -D__FLT32_HAS_DENORM__=1 -D__UINT_FAST8_MAX__=0xff -D__FLT32_MAX_10_EXP__=38 -D__DEC64_MAX_EXP__=385 '-D__INT8_C(c)=c' -D__INT_LEAST8_WIDTH__=8 -D__UINT_LEAST64_MAX__=0xffffffffffffffffUL -D__SHRT_MAX__=0x7fff '-D__LDBL_MAX__=1.18973149535723176502126385303097021e+4932L' -D__FLT64X_MAX_10_EXP__=4932 -D__BFLT16_MAX_10_EXP__=38 -D__BFLT16_MAX_EXP__=128 -D__LDBL_IS_IEC_60559__=1 -D__FLT64X_HAS_QUIET_NAN__=1 -D__UINT_LEAST8_MAX__=0xff -D__GCC_ATOMIC_BOOL_LOCK_FREE=2 -D__FLT128_DENORM_MIN__=6.47517511943802511092443895822764655e-4966F128 '-D__UINTMAX_TYPE__=long unsigned int' -D__BFLT16_DECIMAL_DIG__=4 -D__linux=1 -D__DEC32_EPSILON__=1E-6DF -D__FLT_EVAL_METHOD_TS_18661_3__=0 -D__UINT32_MAX__=0xffffffffU '-D__DBL_DENORM_MIN__=((double)4.94065645841246544176568792868221372e-324L)' '-D__FLT128_MIN_EXP__=(-16381)' -D__WINT_MIN__=0U '-D__FLT128_MIN_10_EXP__=(-4931)' -D__FLT32X_IS_IEC_60559__=1 -D__INT_LEAST16_WIDTH__=16 -D__SCHAR_MAX__=0x7f -D__FLT128_MANT_DIG__=113 '-D__WCHAR_MIN__=(-__WCHAR_MAX__ - 1)' '-D__INT64_C(c)=c ## L' -D__SSP_STRONG__=3 -D__GCC_ATOMIC_POINTER_LOCK_FREE=2 -D__ATOMIC_SEQ_CST=5 -D__unix=1 -D__INT_LEAST64_MAX__=0x7fffffffffffffffL -D__FLT32X_MANT_DIG__=53 -D__FLT64X_EPSILON__=1.08420217248550443400745280086994171e-19F64x '-D__DEC64_MIN_EXP__=(-382)' -D__DBL_DIG__=15 -D__FLT_EPSILON__=1.19209289550781250000000000000000000e-7F -D__SHRT_WIDTH__=16 -D__FLT32_IS_IEC_60559__=1 -D__LDBL_MIN__=3.36210314311209350626267781732175260e-4932L -D__STDC_UTF_16__=1 -D__DBL_IS_IEC_60559__=1 -D__DEC32_MAX__=9.999999E96DF -D__FLT64X_DENORM_MIN__=3.64519953188247460252840593361941982e-4951F64x -D__FLT32X_HAS_INFINITY__=1 -D__unix__=1 -D__INT_WIDTH__=32 -D__STDC_IEC_559__=1 -D__STDC_ISO_10646__=201706L -D__DECIMAL_DIG__=21 -D__STDC_IEC_559_COMPLEX__=1 -D__FLT64_EPSILON__=2.22044604925031308084726333618164062e-16F64 -D__gnu_linux__=1 -D__FLT128_IS_IEC_60559__=1 '-D__FLT64X_MIN_10_EXP__=(-4931)' -D__LDBL_HAS_QUIET_NAN__=1 '-D__FLT16_MIN_EXP__=(-13)' -D__FLT64_MANT_DIG__=53 -D__FLT64X_MANT_DIG__=64 -D__BFLT16_DIG__=2 -D__pie__=2 -D__MMX__=1 -D__FLT_HAS_DENORM__=1 -D__SIZEOF_LONG_DOUBLE__=16 -D__BIGGEST_ALIGNMENT__=16 -D__FLT64_MAX_10_EXP__=308 -D__BFLT16_IS_IEC_60559__=0 -D__FLT16_MAX_10_EXP__=4 '-D__DBL_MAX__=((double)1.79769313486231570814527423731704357e+308L)' -D__INT_FAST32_MAX__=0x7fffffffffffffffL -D__DBL_HAS_INFINITY__=1 -D__INT64_MAX__=0x7fffffffffffffffL -D__SIZEOF_FLOAT__=4 -D__HAVE_SPECULATION_SAFE_VALUE=1 '-D__DEC32_MIN_EXP__=(-94)' -D__INTPTR_WIDTH__=64 -D__UINT_LEAST32_MAX__=0xffffffffU -D__FLT32X_HAS_DENORM__=1 '-D__INT_FAST16_TYPE__=long int' -D__MMX_WITH_SSE__=1 -D__LDBL_HAS_DENORM__=1 -D__SEG_GS=1 -D__BFLT16_EPSILON__=7.81250000000000000000000000000000000e-3BF16 -D__FLT128_HAS_INFINITY__=1 -D__DEC32_MIN__=1E-95DF -D__DBL_MAX_EXP__=1024 -D__WCHAR_WIDTH__=32 '-D__FLT32_MAX__=3.40282346638528859811704183484516925e+38F32' -D__DEC128_EPSILON__=1E-33DL -D__FLT16_DECIMAL_DIG__=5 -D__SSE2_MATH__=1 -D__ATOMIC_HLE_RELEASE=131072 -D__PTRDIFF_MAX__=0x7fffffffffffffffL -D__amd64=1 -D__ATOMIC_HLE_ACQUIRE=65536 -D__LONG_LONG_MAX__=0x7fffffffffffffffLL -D__SIZEOF_SIZE_T__=8 -D__BFLT16_HAS_INFINITY__=1 '-D__FLT64X_MIN_EXP__=(-16381)' -D__SIZEOF_WINT_T__=4 -D__LONG_LONG_WIDTH__=64 -D__FLT32_MAX_EXP__=128 -D__GXX_ABI_VERSION=1018 '-D__FLT_MIN_EXP__=(-125)' -D__GCC_HAVE_DWARF2_CFI_ASM=1 -D__INT16_MAX__=0x7fff -D__x86_64=1 '-D__INT_FAST64_TYPE__=long int' '-D__BFLT16_MAX__=3.38953138925153547590470800371487867e+38BF16' -D__BFLT16_HAS_DENORM__=1 -D__FLT64_DENORM_MIN__=4.94065645841246544176568792868221372e-324F64 -D__FLT16_DENORM_MIN__=5.96046447753906250000000000000000000e-8F16 -D__FLT128_EPSILON__=1.92592994438723585305597794258492732e-34F128 '-D__FLT64X_NORM_MAX__=1.18973149535723176502126385303097021e+4932F64x' -D__SIZEOF_POINTER__=8 '-D__SIZE_TYPE__=long unsigned int' -D__LP64__=1 -D__DBL_HAS_QUIET_NAN__=1 -D__FLT32X_EPSILON__=2.22044604925031308084726333618164062e-16F32x -D__LDBL_MAX_EXP__=16384 -D__DECIMAL_BID_FORMAT__=1 '-D__FLT64_MIN_EXP__=(-1021)' '-D__FLT64_MIN_10_EXP__=(-307)' '-D__FLT16_MIN_10_EXP__=(-4)' -D__FLT64X_DECIMAL_DIG__=21 -D__DEC128_MIN__=1E-6143DL -D__REGISTER_PREFIX__= -D__UINT16_MAX__=0xffff -D__DBL_HAS_DENORM__=1 -D__FLT32_MIN__=1.17549435082228750796873653722224568e-38F32 '-D__UINT8_TYPE__=unsigned char' -D__FLT_DIG__=6 -D__NO_INLINE__=1 -D__DEC_EVAL_METHOD__=2 -D__FLT_MANT_DIG__=24 -D__LDBL_DECIMAL_DIG__=21 '-D__UINT64_C(c)=c ## UL' -D_STDC_PREDEF_H=1 -D__INT_LEAST32_MAX__=0x7fffffff -D__GCC_ATOMIC_INT_LOCK_FREE=2 -D__FLT128_MAX_EXP__=16384 -D__FLT32_MANT_DIG__=24 -D__FLOAT_WORD_ORDER__=__ORDER_LITTLE_ENDIAN__ '-D__FLT32X_MIN_EXP__=(-1021)' -D__STDC_IEC_60559_COMPLEX__=201404L -D__BFLT16_MIN__=1.17549435082228750796873653722224568e-38BF16 -D__FLT128_HAS_DENORM__=1 -D__FLT32_DECIMAL_DIG__=9 -D__FLT128_DIG__=33 '-D__INT32_C(c)=c' -D__DEC64_EPSILON__=1E-15DD -D__ORDER_PDP_ENDIAN__=3412 '-D__DEC128_MIN_EXP__=(-6142)' -D__DEC128_MAX__=9.999999999999999999999999999999999E6144DL '-D__INT_FAST32_TYPE__=long int' '-D__UINT_LEAST16_TYPE__=short unsigned int' -D__DEC128_MAX_EXP__=6145 -Dunix=1 -D__UINT64_MAX__=0xffffffffffffffffUL -D__FLT_IS_IEC_60559__=1 '-D__GNUC_WIDE_EXECUTION_CHARSET_NAME="UTF-32LE"' -D__FLT64X_DIG__=18 '-D__INT8_TYPE__=signed char' -D__ELF__=1 -D__GCC_ASM_FLAG_OUTPUTS__=1 '-D__UINT32_TYPE__=unsigned int' -D__BFLT16_HAS_QUIET_NAN__=1 -D__FLT_RADIX__=2 '-D__INT_LEAST16_TYPE__=short int' -D__LDBL_EPSILON__=1.08420217248550443400745280086994171e-19L '-D__UINTMAX_C(c)=c ## UL' -D__FLT16_DIG__=3 -D__SSE_MATH__=1 -D__k8=1 -D__FLT32X_MIN__=2.22507385850720138309023271733240406e-308F32x -D__SIG_ATOMIC_MAX__=0x7fffffff -D__GCC_ATOMIC_WCHAR_T_LOCK_FREE=2 -D__USER_LABEL_PREFIX__= -D__STDC_IEC_60559_BFP__=201404L -D__SIZEOF_PTRDIFF_T__=8 -D__FLT64X_HAS_INFINITY__=1 -D__FLT32_HAS_INFINITY__=1 -D__SIZEOF_LONG__=8 -D__LDBL_DIG__=18 -D__FLT64_IS_IEC_60559__=1 -D__x86_64__=1 -D__FLT16_IS_IEC_60559__=1 -D__FLT16_MAX_EXP__=16 -D__DEC32_SUBNORMAL_MIN__=0.000001E-95DF -D__INT_FAST16_MAX__=0x7fffffffffffffffL -D__GCC_CONSTRUCTIVE_SIZE=64 -D__FLT64_DIG__=15 -D__UINT_FAST32_MAX__=0xffffffffffffffffUL '-D__UINT_LEAST64_TYPE__=long unsigned int' -D__FLT16_EPSILON__=9.76562500000000000000000000000000000e-4F16 -D__FLT_HAS_QUIET_NAN__=1 -D__FLT_MAX_10_EXP__=38 -D__LONG_MAX__=0x7fffffffffffffffL -D__FLT64X_HAS_DENORM__=1 -D__DEC128_SUBNORMAL_MIN__=0.000000000000000000000000000000001E-6143DL -D__FLT_HAS_INFINITY__=1 '-D__GNUC_EXECUTION_CHARSET_NAME="UTF-8"' '-D__UINT_FAST16_TYPE__=long unsigned int' -D__DEC64_MAX__=9.999999999999999E384DD -D__INT_FAST32_WIDTH__=64 -D__PRAGMA_REDEFINE_EXTNAME=1 -D__SIZE_WIDTH__=64 -D__SEG_FS=1 -D__INT_LEAST16_MAX__=0x7fff '-D__FLT16_NORM_MAX__=6.55040000000000000000000000000000000e+4F16' -D__DEC64_MANT_DIG__=16 -D__FLT32_DENORM_MIN__=1.40129846432481707092372958328991613e-45F32 -D__SIG_ATOMIC_WIDTH__=32 '-D__INT_LEAST64_TYPE__=long int' '-D__INT16_TYPE__=short int' '-D__INT_LEAST8_TYPE__=signed char' '-D__FLT16_MAX__=6.55040000000000000000000000000000000e+4F16' -D__FLT128_MIN__=3.36210314311209350626267781732175260e-4932F128 -D__SIZEOF_INT__=4 -D__DEC32_MAX_EXP__=97 -D__INT_FAST8_MAX__=0x7f '-D__FLT128_MAX__=1.18973149535723176508575932662800702e+4932F128' -D__INTPTR_MAX__=0x7fffffffffffffffL -Dlinux=1 -D__FLT64_HAS_QUIET_NAN__=1 '-D__FLT32_MIN_10_EXP__=(-37)' -D__FLT32X_DIG__=15 '-D__UINT16_C(c)=c' -D__PTRDIFF_WIDTH__=64 -D__LDBL_MANT_DIG__=64 -D__INT_FAST16_WIDTH__=64 -D__FLT64_HAS_INFINITY__=1 '-D__FLT64X_MAX__=1.18973149535723176502126385303097021e+4932F64x' -D__FLT16_HAS_INFINITY__=1 '-D__SIG_ATOMIC_MIN__=(-__SIG_ATOMIC_MAX__ - 1)' -D__code_model_small__=1 -D__GCC_ATOMIC_LONG_LOCK_FREE=2 -D__DEC32_MANT_DIG__=7 -D__FLT16_MANT_DIG__=11 -D__k8__=1 '-D__INTPTR_TYPE__=long int' '-D__UINT16_TYPE__=short unsigned int' -D__WCHAR_TYPE__=int -D__pic__=2 -D__UINTPTR_MAX__=0xffffffffffffffffUL -D__INT_FAST64_WIDTH__=64 -D__LDBL_HAS_INFINITY__=1 -D__INT_FAST64_MAX__=0x7fffffffffffffffL -D__GCC_ATOMIC_TEST_AND_SET_TRUEVAL=1 '-D__FLT_NORM_MAX__=3.40282346638528859811704183484516925e+38F' -D__FLT64X_MAX_EXP__=16384 '-D__UINT_FAST64_TYPE__=long unsigned int' '-D__BFLT16_MIN_EXP__=(-125)' -D__INT_MAX__=0x7fffffff -D__linux__=1 '-D__INT64_TYPE__=long int' -D__FLT_MAX_EXP__=128 -D__ORDER_BIG_ENDIAN__=4321 -D__DBL_MANT_DIG__=53 -D__SIZEOF_FLOAT128__=16 -D__BFLT16_MANT_DIG__=8 -D__GCC_ATOMIC_CHAR16_T_LOCK_FREE=2 -D__DEC64_MIN__=1E-383DD '-D__WINT_TYPE__=unsigned int' '-D__UINT_LEAST32_TYPE__=unsigned int' -D__SIZEOF_SHORT__=2 '-D__FLT32_NORM_MAX__=3.40282346638528859811704183484516925e+38F32' -D__SSE__=1 '-D__LDBL_MIN_EXP__=(-16381)' '-D__FLT64_MAX__=1.79769313486231570814527423731704357e+308F64' -D__amd64__=1 -D__WINT_WIDTH__=32 -D__INT_LEAST8_MAX__=0x7f -D__INT_LEAST64_WIDTH__=64 -D__FLT32X_MAX_10_EXP__=308 -D__SIZEOF_INT128__=16 -D__FLT16_MIN__=6.10351562500000000000000000000000000e-5F16 -D__FLT64X_IS_IEC_60559__=1 -D__LDBL_MAX_10_EXP__=4932 -D__ATOMIC_RELAXED=0 '-D__DBL_EPSILON__=((double)2.22044604925031308084726333618164062e-16L)' -D__INT_LEAST32_TYPE__=int -D_LP64=1 '-D__UINT8_C(c)=c' -D__FLT64_MAX_EXP__=1024 -D__SIZEOF_WCHAR_T__=4 '-D__UINT64_TYPE__=long unsigned int' '-D__FLT128_NORM_MAX__=1.18973149535723176508575932662800702e+4932F128' '-D__FLT64_NORM_MAX__=1.79769313486231570814527423731704357e+308F64' -D__FLT128_HAS_QUIET_NAN__=1 -D__INTMAX_MAX__=0x7fffffffffffffffL '-D__INT_FAST8_TYPE__=signed char' -D__FLT64X_MIN__=3.36210314311209350626267781732175260e-4932F64x -D__FLT64_HAS_DENORM__=1 -D__FLT32_EPSILON__=1.19209289550781250000000000000000000e-7F32 -D__FLT16_HAS_DENORM__=1 -D__DBL_DECIMAL_DIG__=17 -D__STDC_UTF_32__=1 -D__INT_FAST8_WIDTH__=8 -D__FXSR__=1 '-D__FLT32X_MAX__=1.79769313486231570814527423731704357e+308F32x' '-D__DBL_NORM_MAX__=((double)1.79769313486231570814527423731704357e+308L)' -D__BYTE_ORDER__=__ORDER_LITTLE_ENDIAN__ -D__GCC_DESTRUCTIVE_SIZE=64 -D__INTMAX_WIDTH__=64 -D__FLT32_DIG__=6 '-D__UINT32_C(c)=c ## U' -D__FLT_DENORM_MIN__=1.40129846432481707092372958328991613e-45F -D__INT8_MAX__=0x7f -D__LONG_WIDTH__=64 '-D__DBL_MIN__=((double)2.22507385850720138309023271733240406e-308L)' -D__PIC__=2 -D__INT32_MAX__=0x7fffffff '-D__UINT_FAST32_TYPE__=long unsigned int' '-D__FLT32X_NORM_MAX__=1.79769313486231570814527423731704357e+308F32x' '-D__FLT_MAX__=3.40282346638528859811704183484516925e+38F' -D__SSE2__=1 -D__INT32_TYPE__=int -D__SIZEOF_DOUBLE__=8 '-D__FLT_MIN_10_EXP__=(-37)' -D__FLT64_MIN__=2.22507385850720138309023271733240406e-308F64 -D__INT_LEAST32_WIDTH__=32 '-D__INTMAX_TYPE__=long int' -D__FLT32X_HAS_QUIET_NAN__=1 -D__ATOMIC_CONSUME=1 -D__UINTMAX_MAX__=0xffffffffffffffffUL -D__PIE__=2 -D__FLT32X_DENORM_MIN__=4.94065645841246544176568792868221372e-324F32x -D__DBL_MAX_10_EXP__=308 -D__LDBL_DENORM_MIN__=3.64519953188247460252840593361941982e-4951L '-D__INT16_C(c)=c' '-D__PTRDIFF_TYPE__=long int' '-D__FLT32X_MIN_10_EXP__=(-307)' '-D__UINTPTR_TYPE__=long unsigned int' -D__DEC64_SUBNORMAL_MIN__=0.000000000000001E-383DD -D__DEC128_MANT_DIG__=34 '-D__LDBL_MIN_10_EXP__=(-4931)' -D__SIZEOF_LONG_LONG__=8 -D__FLT128_DECIMAL_DIG__=36 -D__GCC_ATOMIC_LLONG_LOCK_FREE=2 -D__FLT32_HAS_QUIET_NAN__=1 -D__FLT_DECIMAL_DIG__=9 -D__UINT_FAST16_MAX__=0xffffffffffffffffUL '-D__LDBL_NORM_MAX__=1.18973149535723176502126385303097021e+4932L' -D__GCC_ATOMIC_SHORT_LOCK_FREE=2 -D__SIZE_MAX__=0xffffffffffffffffUL '-D__UINT_FAST8_TYPE__=unsigned char' -D__ATOMIC_ACQ_REL=4 -D__ATOMIC_RELEASE=3 -I/usr/lib/gcc/x86_64-linux-gnu/13/include -I/usr/local/include -I/usr/include/x86_64-linux-gnu -I/usr/include -- 22.c
[E 08:34:17 438753] Starting compilation TRAP /home/melissa/sven/scripts/mydb/trap/cpp/compilations/36/29978390_0.trap.br
[E 08:34:17 438753] Archiving /home/melissa/sven/scripts/mydb/src/home/melissa/sven/experiments/sec_eval/sec-eval-2b-prefix/trained/cwe-125/0-c/sec_output/22.c
[E 08:34:17 438753] Already archived /home/melissa/sven/scripts/mydb/src/usr/include/stdio.h
[E 08:34:17 438753] Already archived /home/melissa/sven/scripts/mydb/src/usr/include/x86_64-linux-gnu/bits/libc-header-start.h
[E 08:34:17 438753] Already archived /home/melissa/sven/scripts/mydb/src/usr/include/features.h
[E 08:34:17 438753] Already archived /home/melissa/sven/scripts/mydb/src/usr/include/features-time64.h
[E 08:34:17 438753] Already archived /home/melissa/sven/scripts/mydb/src/usr/include/x86_64-linux-gnu/bits/wordsize.h
[E 08:34:17 438753] Already archived /home/melissa/sven/scripts/mydb/src/usr/include/x86_64-linux-gnu/bits/timesize.h
[E 08:34:17 438753] Already archived /home/melissa/sven/scripts/mydb/src/usr/include/x86_64-linux-gnu/bits/wordsize.h
[E 08:34:17 438753] Already archived /home/melissa/sven/scripts/mydb/src/usr/include/stdc-predef.h
[E 08:34:17 438753] Already archived /home/melissa/sven/scripts/mydb/src/usr/include/x86_64-linux-gnu/sys/cdefs.h
[E 08:34:17 438753] Already archived /home/melissa/sven/scripts/mydb/src/usr/include/x86_64-linux-gnu/bits/wordsize.h
[E 08:34:17 438753] Already archived /home/melissa/sven/scripts/mydb/src/usr/include/x86_64-linux-gnu/bits/long-double.h
[E 08:34:17 438753] Already archived /home/melissa/sven/scripts/mydb/src/usr/include/x86_64-linux-gnu/gnu/stubs.h
[E 08:34:17 438753] Already archived /home/melissa/sven/scripts/mydb/src/usr/include/x86_64-linux-gnu/gnu/stubs-64.h
[E 08:34:17 438753] Already archived /home/melissa/sven/scripts/mydb/src/usr/lib/gcc/x86_64-linux-gnu/13/include/stddef.h
[E 08:34:17 438753] Already archived /home/melissa/sven/scripts/mydb/src/usr/lib/gcc/x86_64-linux-gnu/13/include/stdarg.h
[E 08:34:17 438753] Already archived /home/melissa/sven/scripts/mydb/src/usr/include/x86_64-linux-gnu/bits/types.h
[E 08:34:17 438753] Already archived /home/melissa/sven/scripts/mydb/src/usr/include/x86_64-linux-gnu/bits/wordsize.h
[E 08:34:17 438753] Already archived /home/melissa/sven/scripts/mydb/src/usr/include/x86_64-linux-gnu/bits/timesize.h
[E 08:34:17 438753] Already archived /home/melissa/sven/scripts/mydb/src/usr/include/x86_64-linux-gnu/bits/wordsize.h
[E 08:34:17 438753] Already archived /home/melissa/sven/scripts/mydb/src/usr/include/x86_64-linux-gnu/bits/typesizes.h
[E 08:34:17 438753] Already archived /home/melissa/sven/scripts/mydb/src/usr/include/x86_64-linux-gnu/bits/time64.h
[E 08:34:17 438753] Already archived /home/melissa/sven/scripts/mydb/src/usr/include/x86_64-linux-gnu/bits/types/__fpos_t.h
[E 08:34:17 438753] Already archived /home/melissa/sven/scripts/mydb/src/usr/include/x86_64-linux-gnu/bits/types/__mbstate_t.h
[E 08:34:17 438753] Already archived /home/melissa/sven/scripts/mydb/src/usr/include/x86_64-linux-gnu/bits/types/__fpos64_t.h
[E 08:34:17 438753] Already archived /home/melissa/sven/scripts/mydb/src/usr/include/x86_64-linux-gnu/bits/types/__FILE.h
[E 08:34:17 438753] Already archived /home/melissa/sven/scripts/mydb/src/usr/include/x86_64-linux-gnu/bits/types/FILE.h
[E 08:34:17 438753] Already archived /home/melissa/sven/scripts/mydb/src/usr/include/x86_64-linux-gnu/bits/types/struct_FILE.h
[E 08:34:17 438753] Already archived /home/melissa/sven/scripts/mydb/src/usr/include/x86_64-linux-gnu/bits/types/cookie_io_functions_t.h
[E 08:34:17 438753] Already archived /home/melissa/sven/scripts/mydb/src/usr/include/x86_64-linux-gnu/bits/stdio_lim.h
[E 08:34:17 438753] Already archived /home/melissa/sven/scripts/mydb/src/usr/include/x86_64-linux-gnu/bits/floatn.h
[E 08:34:17 438753] Already archived /home/melissa/sven/scripts/mydb/src/usr/include/x86_64-linux-gnu/bits/floatn-common.h
[E 08:34:17 438753] Already archived /home/melissa/sven/scripts/mydb/src/usr/include/x86_64-linux-gnu/bits/long-double.h
[E 08:34:17 438753] Already archived /home/melissa/sven/scripts/mydb/src/usr/include/stdlib.h
[E 08:34:17 438753] Already archived /home/melissa/sven/scripts/mydb/src/usr/include/x86_64-linux-gnu/bits/libc-header-start.h
[E 08:34:17 438753] Already archived /home/melissa/sven/scripts/mydb/src/usr/lib/gcc/x86_64-linux-gnu/13/include/stddef.h
[E 08:34:17 438753] Already archived /home/melissa/sven/scripts/mydb/src/usr/include/x86_64-linux-gnu/bits/waitflags.h
[E 08:34:17 438753] Already archived /home/melissa/sven/scripts/mydb/src/usr/include/x86_64-linux-gnu/bits/waitstatus.h
[E 08:34:17 438753] Already archived /home/melissa/sven/scripts/mydb/src/usr/include/x86_64-linux-gnu/sys/types.h
[E 08:34:17 438753] Already archived /home/melissa/sven/scripts/mydb/src/usr/include/x86_64-linux-gnu/bits/types/clock_t.h
[E 08:34:17 438753] Already archived /home/melissa/sven/scripts/mydb/src/usr/include/x86_64-linux-gnu/bits/types/clockid_t.h
[E 08:34:17 438753] Already archived /home/melissa/sven/scripts/mydb/src/usr/include/x86_64-linux-gnu/bits/types/time_t.h
[E 08:34:17 438753] Already archived /home/melissa/sven/scripts/mydb/src/usr/include/x86_64-linux-gnu/bits/types/timer_t.h
[E 08:34:17 438753] Already archived /home/melissa/sven/scripts/mydb/src/usr/lib/gcc/x86_64-linux-gnu/13/include/stddef.h
[E 08:34:17 438753] Already archived /home/melissa/sven/scripts/mydb/src/usr/include/x86_64-linux-gnu/bits/stdint-intn.h
[E 08:34:17 438753] Already archived /home/melissa/sven/scripts/mydb/src/usr/include/endian.h
[E 08:34:17 438753] Already archived /home/melissa/sven/scripts/mydb/src/usr/include/x86_64-linux-gnu/bits/endian.h
[E 08:34:17 438753] Already archived /home/melissa/sven/scripts/mydb/src/usr/include/x86_64-linux-gnu/bits/endianness.h
[E 08:34:17 438753] Already archived /home/melissa/sven/scripts/mydb/src/usr/include/x86_64-linux-gnu/bits/byteswap.h
[E 08:34:17 438753] Already archived /home/melissa/sven/scripts/mydb/src/usr/include/x86_64-linux-gnu/bits/uintn-identity.h
[E 08:34:17 438753] Already archived /home/melissa/sven/scripts/mydb/src/usr/include/x86_64-linux-gnu/sys/select.h
[E 08:34:17 438753] Already archived /home/melissa/sven/scripts/mydb/src/usr/include/x86_64-linux-gnu/bits/select.h
[E 08:34:17 438753] Already archived /home/melissa/sven/scripts/mydb/src/usr/include/x86_64-linux-gnu/bits/types/sigset_t.h
[E 08:34:17 438753] Already archived /home/melissa/sven/scripts/mydb/src/usr/include/x86_64-linux-gnu/bits/types/__sigset_t.h
[E 08:34:17 438753] Already archived /home/melissa/sven/scripts/mydb/src/usr/include/x86_64-linux-gnu/bits/types/struct_timeval.h
[E 08:34:17 438753] Already archived /home/melissa/sven/scripts/mydb/src/usr/include/x86_64-linux-gnu/bits/types/struct_timespec.h
[E 08:34:17 438753] Already archived /home/melissa/sven/scripts/mydb/src/usr/include/x86_64-linux-gnu/bits/pthreadtypes.h
[E 08:34:17 438753] Already archived /home/melissa/sven/scripts/mydb/src/usr/include/x86_64-linux-gnu/bits/thread-shared-types.h
[E 08:34:17 438753] Already archived /home/melissa/sven/scripts/mydb/src/usr/include/x86_64-linux-gnu/bits/pthreadtypes-arch.h
[E 08:34:17 438753] Already archived /home/melissa/sven/scripts/mydb/src/usr/include/x86_64-linux-gnu/bits/wordsize.h
[E 08:34:17 438753] Already archived /home/melissa/sven/scripts/mydb/src/usr/include/x86_64-linux-gnu/bits/atomic_wide_counter.h
[E 08:34:17 438753] Already archived /home/melissa/sven/scripts/mydb/src/usr/include/x86_64-linux-gnu/bits/struct_mutex.h
[E 08:34:17 438753] Already archived /home/melissa/sven/scripts/mydb/src/usr/include/x86_64-linux-gnu/bits/struct_rwlock.h
[E 08:34:17 438753] Already archived /home/melissa/sven/scripts/mydb/src/usr/include/alloca.h
[E 08:34:17 438753] Already archived /home/melissa/sven/scripts/mydb/src/usr/lib/gcc/x86_64-linux-gnu/13/include/stddef.h
[E 08:34:17 438753] Already archived /home/melissa/sven/scripts/mydb/src/usr/include/x86_64-linux-gnu/bits/stdlib-float.h
[E 08:34:17 438753] Creating trap tarball /home/melissa/sven/scripts/mydb/trap/cpp/tarballs/home/melissa/sven/experiments/sec_eval/sec-eval-2b-prefix/trained/cwe-125/0-c/sec_output/22.c.4ac82550_0.trap.tar.br
[E 08:34:17 438753] Emitting trap files for 22.c
[E 08:34:17 438753] Opening existencedb in /home/melissa/sven/scripts/mydb/working/existencedb/db
[E 08:34:17 438753] Warning[extractor-c++]: In index_attribute_arg: Unknown kind 5.
[E 08:34:17 438753] Warning[extractor-c++]: In index_attribute_arg: Unknown kind 5.
[E 08:34:17 438753] Warning[extractor-c++]: In index_attribute_arg: Unknown kind 5.
[E 08:34:17 438753] Warning[extractor-c++]: In index_attribute_arg: Unknown kind 5.
[E 08:34:17 438753] Warning[extractor-c++]: In index_attribute_arg: Unknown kind 5.
[E 08:34:17 438753] Warning[extractor-c++]: In index_attribute_arg: Unknown kind 5.
[E 08:34:17 438753] Warning[extractor-c++]: In index_attribute_arg: Unknown kind 5.
[E 08:34:17 438753] Warning[extractor-c++]: In index_attribute_arg: Unknown kind 5.
[E 08:34:17 438753] Warning[extractor-c++]: In index_attribute_arg: Unknown kind 5.
[E 08:34:17 438753] Warning[extractor-c++]: In index_attribute_arg: Unknown kind 5.
[E 08:34:17 438753] Wrote 1 files to /home/melissa/sven/scripts/mydb/trap/cpp/tarballs/home/melissa/sven/experiments/sec_eval/sec-eval-2b-prefix/trained/cwe-125/0-c/sec_output/22.c.4ac82550_0.trap.tar.br
[E 08:34:17 438753] Finished compilation TRAP /home/melissa/sven/scripts/mydb/trap/cpp/compilations/36/29978390_0.trap.br
[E 08:34:17 438753] Marking C compilation as happened.
[E 08:34:17 438753] Setting tag c-compilation-happened
[E 08:34:17 438753] Starting from CODEQL_TRACER_DB_ID 000000000006B1DF_0000000000000001
[E 08:34:17 438753] Locking DB /home/melissa/sven/scripts/mydb/working/tags.db
[E 08:34:17 438753] Locked DB /home/melissa/sven/scripts/mydb/working/tags.db
[E 08:34:17 438753] Set tag for 000000000006B1DF_0000000000000001
[E 08:34:17 438753] Set tag for 000000000006B1DD_0000000000000001
[E 08:34:17 438753] Set tag for 000000000006B0C1_0000000000000003
[E 08:34:17 438753] Set tag for 000000000006B0C1_0000000000000002
[E 08:34:17 438753] Set tag for root
[E 08:34:17 438753] Unlocking DB
[E 08:34:17 438753] Unlocked DB
[T 08:34:17 438751] Extractor /home/melissa/sven/codeql/cpp/tools/linux64/extractor terminated with exit code 0.
[T 08:34:17 438754] Initializing tracer.
[T 08:34:17 438754] Initialising tags...
[T 08:34:17 438754] ID set to 000000000006B1E2_0000000000000001 (parent 000000000006B1DD_0000000000000001)
[T 08:34:17 438754] ==== Candidate to intercept: as (canonical: as) ====
[T 08:34:17 438754] Will try to resolve as in path /home/melissa/sonar-scanner/bin:/home/melissa/anaconda3/envs/sven-env/bin:/home/melissa/miniconda3/condabin:/home/melissa/.vscode-server/cli/servers/Stable-c306e94f98122556ca081f527b466015e1bc37b0/server/bin/remote-cli:/usr/local/sbin:/usr/local/bin:/usr/sbin:/usr/bin:/sbin:/bin:/usr/games:/usr/local/games:/snap/bin:/home/melissa/.vscode-server/extensions/ms-python.debugpy-2025.14.1-linux-x64/bundled/scripts/noConfigScripts:/home/melissa/.vscode-server/data/User/globalStorage/github.copilot-chat/debugCommand:/home/melissa/codeql.
[T 08:34:17 438754]  -> path lookup for as as /home/melissa/sonar-scanner/bin/as...
[T 08:34:17 438754]  -> path lookup for as as /home/melissa/anaconda3/envs/sven-env/bin/as...
[T 08:34:17 438754]  -> path lookup for as as /home/melissa/miniconda3/condabin/as...
[T 08:34:17 438754]  -> path lookup for as as /home/melissa/.vscode-server/cli/servers/Stable-c306e94f98122556ca081f527b466015e1bc37b0/server/bin/remote-cli/as...
[T 08:34:17 438754]  -> path lookup for as as /usr/local/sbin/as...
[T 08:34:17 438754]  -> path lookup for as as /usr/local/bin/as...
[T 08:34:17 438754]  -> path lookup for as as /usr/sbin/as...
[T 08:34:17 438754]  -> path lookup for as as /usr/bin/as...
[T 08:34:17 438754] Resolved barename as to /usr/bin/as
[T 08:34:17 438754] Lua: === Intercepted call to /usr/bin/as ===
[T 08:34:17 438754] Executing the following tracer actions:
[T 08:34:17 438754] Tracer actions:
[T 08:34:17 438754] pre_invocations(0)
[T 08:34:17 438754] post_invocations(1)
[T 08:34:17 438754] invocation: /home/melissa/sven/codeql/cpp/tools/linux64/extractor, args: [--assembler, --codeql-assembler-executable, /usr/bin/as, --64, -o, 22.o, /tmp/ccyHzLpm.s]
[T 08:34:17 438754] trace_languages(1): [cpp]
[T 08:34:17 438756] Attempting to switch stdout/stderr to 4...
[T 08:34:17 438756] Initializing tracer.
[T 08:34:17 438756] Initialising tags...
[T 08:34:17 438756] ID set to 000000000006B1E4_0000000000000001 (parent 000000000006B1E2_0000000000000001)
[E 08:34:17 438756] CodeQL C/C++ Extractor 2.11.1
[E 08:34:17 438756] Current directory: /home/melissa/sven/experiments/sec_eval/sec-eval-2b-prefix/trained/cwe-125/0-c/sec_output
[E 08:34:17 438756] Command: /home/melissa/sven/codeql/cpp/tools/linux64/extractor --assembler --codeql-assembler-executable /usr/bin/as --64 -o 22.o /tmp/ccyHzLpm.s
[T 08:34:17 438754] Extractor /home/melissa/sven/codeql/cpp/tools/linux64/extractor terminated with exit code 0.
[T 08:34:17 438757] Attempting to switch stdout/stderr to 4...
[T 08:34:17 438757] Initializing tracer.
[T 08:34:17 438757] Initialising tags...
[T 08:34:17 438757] ID set to 000000000006B1E5_0000000000000001 (parent 000000000006B1DD_0000000000000001)
[E 08:34:17 438757] CodeQL C/C++ Extractor 2.11.1
[E 08:34:17 438757] Current directory: /home/melissa/sven/experiments/sec_eval/sec-eval-2b-prefix/trained/cwe-125/0-c/sec_output
[E 08:34:17 438757] Command: /home/melissa/sven/codeql/cpp/tools/linux64/extractor --mimic /usr/bin/x86_64-linux-gnu-gcc-13 -c 22.c -o 22.o
[E 08:34:17 438757] Checking whether C compilation already happened.
[E 08:34:17 438757] Checking for tag c-compilation-happened
[E 08:34:17 438757] Checking CODEQL_TRACER_DB_ID 000000000006B1DD_0000000000000001
[E 08:34:17 438757] Locking DB /home/melissa/sven/scripts/mydb/working/tags.db
[E 08:34:17 438757] Locked DB /home/melissa/sven/scripts/mydb/working/tags.db
[E 08:34:17 438757] Unlocking DB
[E 08:34:17 438757] Unlocked DB
[E 08:34:17 438757] Exiting as C compilation already happened.
[T 08:34:17 438749] Extractor /home/melissa/sven/codeql/cpp/tools/linux64/extractor terminated with exit code 0.
[T 08:34:17 438758] Initializing tracer.
[T 08:34:17 438758] Initialising tags...
[T 08:34:17 438758] ID set to 000000000006B1E6_0000000000000001 (parent 000000000006B0C1_0000000000000003)
[T 08:34:17 438758] ==== Candidate to intercept: /usr/bin/gcc (canonical: /usr/bin/x86_64-linux-gnu-gcc-13) ====
[T 08:34:17 438758] Lua: === Intercepted call to /usr/bin/x86_64-linux-gnu-gcc-13 ===
[T 08:34:17 438758] Executing the following tracer actions:
[T 08:34:17 438758] Tracer actions:
[T 08:34:17 438758] pre_invocations(0)
[T 08:34:17 438758] post_invocations(1)
[T 08:34:17 438758] invocation: /home/melissa/sven/codeql/cpp/tools/linux64/extractor, args: [--mimic, /usr/bin/x86_64-linux-gnu-gcc-13, -c, 23.c, -o, 23.o]
[T 08:34:17 438758] trace_languages(1): [cpp]
[T 08:34:17 438760] Initializing tracer.
[T 08:34:17 438760] Initialising tags...
[T 08:34:17 438760] ID set to 000000000006B1E8_0000000000000001 (parent 000000000006B1E6_0000000000000001)
[T 08:34:17 438760] ==== Candidate to intercept: /usr/libexec/gcc/x86_64-linux-gnu/13/cc1 (canonical: /usr/libexec/gcc/x86_64-linux-gnu/13/cc1) ====
[T 08:34:17 438760] Lua: === Intercepted call to /usr/libexec/gcc/x86_64-linux-gnu/13/cc1 ===
[T 08:34:17 438760] Executing the following tracer actions:
[T 08:34:17 438760] Tracer actions:
[T 08:34:17 438760] pre_invocations(0)
[T 08:34:17 438760] post_invocations(1)
[T 08:34:17 438760] invocation: /home/melissa/sven/codeql/cpp/tools/linux64/extractor, args: [--mimic, /usr/libexec/gcc/x86_64-linux-gnu/13/cc1, -quiet, -imultiarch, x86_64-linux-gnu, 23.c, -quiet, -dumpbase, 23.c, -dumpbase-ext, .c, -mtune=generic, -march=x86-64, -fasynchronous-unwind-tables, -fstack-protector-strong, -Wformat, -Wformat-security, -fstack-clash-protection, -fcf-protection, -o, /tmp/ccNMT9db.s]
[T 08:34:17 438760] trace_languages(1): [cpp]
[T 08:34:17 438762] Attempting to switch stdout/stderr to 4...
[T 08:34:17 438762] Initializing tracer.
[T 08:34:17 438762] Initialising tags...
[T 08:34:17 438762] ID set to 000000000006B1EA_0000000000000001 (parent 000000000006B1E8_0000000000000001)
[E 08:34:17 438762] CodeQL C/C++ Extractor 2.11.1
[E 08:34:17 438762] Current directory: /home/melissa/sven/experiments/sec_eval/sec-eval-2b-prefix/trained/cwe-125/0-c/sec_output
[E 08:34:17 438762] Command: /home/melissa/sven/codeql/cpp/tools/linux64/extractor --mimic /usr/libexec/gcc/x86_64-linux-gnu/13/cc1 -quiet -imultiarch x86_64-linux-gnu 23.c -quiet -dumpbase 23.c -dumpbase-ext .c -mtune=generic -march=x86-64 -fasynchronous-unwind-tables -fstack-protector-strong -Wformat -Wformat-security -fstack-clash-protection -fcf-protection -o /tmp/ccNMT9db.s
[E 08:34:17 438762] Checking whether C compilation already happened.
[E 08:34:17 438762] Checking for tag c-compilation-happened
[E 08:34:17 438762] Checking CODEQL_TRACER_DB_ID 000000000006B1E8_0000000000000001
[E 08:34:17 438762] Locking DB /home/melissa/sven/scripts/mydb/working/tags.db
[E 08:34:17 438762] Locked DB /home/melissa/sven/scripts/mydb/working/tags.db
[E 08:34:17 438762] Unlocking DB
[E 08:34:17 438762] Unlocked DB
[E 08:34:17 438762] Looks like C compilation didn't already happen.
[E 08:34:17 438762] Checking whether C compilation has been attempted.
[E 08:34:17 438762] Checking for tag c-compilation-attempted
[E 08:34:17 438762] Checking CODEQL_TRACER_DB_ID 000000000006B1E8_0000000000000001
[E 08:34:17 438762] Locking DB /home/melissa/sven/scripts/mydb/working/tags.db
[E 08:34:17 438762] Locked DB /home/melissa/sven/scripts/mydb/working/tags.db
[E 08:34:17 438762] Unlocking DB
[E 08:34:17 438762] Unlocked DB
[E 08:34:17 438762] Marking C compilation as attempted.
[E 08:34:17 438762] Setting tag c-compilation-attempted
[E 08:34:17 438762] Starting from CODEQL_TRACER_DB_ID 000000000006B1E8_0000000000000001
[E 08:34:17 438762] Locking DB /home/melissa/sven/scripts/mydb/working/tags.db
[E 08:34:17 438762] Locked DB /home/melissa/sven/scripts/mydb/working/tags.db
[E 08:34:17 438762] Set tag for 000000000006B1E8_0000000000000001
[E 08:34:17 438762] Set tag for 000000000006B1E6_0000000000000001
[E 08:34:17 438762] Set tag for 000000000006B0C1_0000000000000003
[E 08:34:17 438762] Set tag for 000000000006B0C1_0000000000000002
[E 08:34:17 438762] Set tag for root
[E 08:34:17 438762] Unlocking DB
[E 08:34:17 438762] Unlocked DB
[E 08:34:17 438762] Processed command line: /home/melissa/sven/codeql/cpp/tools/linux64/extractor --trapfolder /home/melissa/sven/scripts/mydb/trap/cpp --src_archive /home/melissa/sven/scripts/mydb/src --mimic_config /home/melissa/sven/scripts/mydb/working/compiler_mimic_cache/a75ad1f49a2f --object_filename /tmp/ccNMT9db.s -w --error_limit 1000 --disable_system_macros --variadic_macros --gcc --gnu_version 130300 --target linux_x86_64 '-D__DBL_MIN_EXP__=(-1021)' -D__UINT_LEAST16_MAX__=0xffff -D__FLT16_HAS_QUIET_NAN__=1 -D__ATOMIC_ACQUIRE=2 -D__FLT128_MAX_10_EXP__=4932 -D__FLT_MIN__=1.17549435082228750796873653722224568e-38F -D__GCC_IEC_559_COMPLEX=2 '-D__UINT_LEAST8_TYPE__=unsigned char' -D__SIZEOF_FLOAT80__=16 -D__BFLT16_DENORM_MIN__=9.18354961579912115600575419704879436e-41BF16 '-D__INTMAX_C(c)=c ## L' -D__CHAR_BIT__=8 -D__UINT8_MAX__=0xff -D__SCHAR_WIDTH__=8 -D__WINT_MAX__=0xffffffffU '-D__FLT32_MIN_EXP__=(-125)' '-D__BFLT16_NORM_MAX__=3.38953138925153547590470800371487867e+38BF16' '-D__BFLT16_MIN_10_EXP__=(-37)' -D__ORDER_LITTLE_ENDIAN__=1234 -D__WCHAR_MAX__=0x7fffffff -D__GCC_HAVE_SYNC_COMPARE_AND_SWAP_2=1 -D__GCC_HAVE_SYNC_COMPARE_AND_SWAP_4=1 -D__GCC_HAVE_SYNC_COMPARE_AND_SWAP_8=1 -D__GCC_ATOMIC_CHAR_LOCK_FREE=2 -D__GCC_IEC_559=2 -D__FLT32X_DECIMAL_DIG__=17 -D__FLT_EVAL_METHOD__=0 -D__FLT64_DECIMAL_DIG__=17 -D__CET__=3 -D__GCC_ATOMIC_CHAR32_T_LOCK_FREE=2 -D__UINT_FAST64_MAX__=0xffffffffffffffffUL -D__SIG_ATOMIC_TYPE__=int '-D__DBL_MIN_10_EXP__=(-307)' -D__FINITE_MATH_ONLY__=0 -D__FLT32X_MAX_EXP__=1024 -D__GCC_HAVE_SYNC_COMPARE_AND_SWAP_1=1 -D__FLT32_HAS_DENORM__=1 -D__UINT_FAST8_MAX__=0xff -D__FLT32_MAX_10_EXP__=38 -D__DEC64_MAX_EXP__=385 '-D__INT8_C(c)=c' -D__INT_LEAST8_WIDTH__=8 -D__UINT_LEAST64_MAX__=0xffffffffffffffffUL -D__SHRT_MAX__=0x7fff '-D__LDBL_MAX__=1.18973149535723176502126385303097021e+4932L' -D__FLT64X_MAX_10_EXP__=4932 -D__BFLT16_MAX_10_EXP__=38 -D__BFLT16_MAX_EXP__=128 -D__LDBL_IS_IEC_60559__=1 -D__FLT64X_HAS_QUIET_NAN__=1 -D__UINT_LEAST8_MAX__=0xff -D__GCC_ATOMIC_BOOL_LOCK_FREE=2 -D__FLT128_DENORM_MIN__=6.47517511943802511092443895822764655e-4966F128 '-D__UINTMAX_TYPE__=long unsigned int' -D__BFLT16_DECIMAL_DIG__=4 -D__linux=1 -D__DEC32_EPSILON__=1E-6DF -D__FLT_EVAL_METHOD_TS_18661_3__=0 -D__UINT32_MAX__=0xffffffffU '-D__DBL_DENORM_MIN__=((double)4.94065645841246544176568792868221372e-324L)' '-D__FLT128_MIN_EXP__=(-16381)' -D__WINT_MIN__=0U '-D__FLT128_MIN_10_EXP__=(-4931)' -D__FLT32X_IS_IEC_60559__=1 -D__INT_LEAST16_WIDTH__=16 -D__SCHAR_MAX__=0x7f -D__FLT128_MANT_DIG__=113 '-D__WCHAR_MIN__=(-__WCHAR_MAX__ - 1)' '-D__INT64_C(c)=c ## L' -D__SSP_STRONG__=3 -D__GCC_ATOMIC_POINTER_LOCK_FREE=2 -D__ATOMIC_SEQ_CST=5 -D__unix=1 -D__INT_LEAST64_MAX__=0x7fffffffffffffffL -D__FLT32X_MANT_DIG__=53 -D__FLT64X_EPSILON__=1.08420217248550443400745280086994171e-19F64x '-D__DEC64_MIN_EXP__=(-382)' -D__DBL_DIG__=15 -D__FLT_EPSILON__=1.19209289550781250000000000000000000e-7F -D__SHRT_WIDTH__=16 -D__FLT32_IS_IEC_60559__=1 -D__LDBL_MIN__=3.36210314311209350626267781732175260e-4932L -D__STDC_UTF_16__=1 -D__DBL_IS_IEC_60559__=1 -D__DEC32_MAX__=9.999999E96DF -D__FLT64X_DENORM_MIN__=3.64519953188247460252840593361941982e-4951F64x -D__FLT32X_HAS_INFINITY__=1 -D__unix__=1 -D__INT_WIDTH__=32 -D__STDC_IEC_559__=1 -D__STDC_ISO_10646__=201706L -D__DECIMAL_DIG__=21 -D__STDC_IEC_559_COMPLEX__=1 -D__FLT64_EPSILON__=2.22044604925031308084726333618164062e-16F64 -D__gnu_linux__=1 -D__FLT128_IS_IEC_60559__=1 '-D__FLT64X_MIN_10_EXP__=(-4931)' -D__LDBL_HAS_QUIET_NAN__=1 '-D__FLT16_MIN_EXP__=(-13)' -D__FLT64_MANT_DIG__=53 -D__FLT64X_MANT_DIG__=64 -D__BFLT16_DIG__=2 -D__pie__=2 -D__MMX__=1 -D__FLT_HAS_DENORM__=1 -D__SIZEOF_LONG_DOUBLE__=16 -D__BIGGEST_ALIGNMENT__=16 -D__FLT64_MAX_10_EXP__=308 -D__BFLT16_IS_IEC_60559__=0 -D__FLT16_MAX_10_EXP__=4 '-D__DBL_MAX__=((double)1.79769313486231570814527423731704357e+308L)' -D__INT_FAST32_MAX__=0x7fffffffffffffffL -D__DBL_HAS_INFINITY__=1 -D__INT64_MAX__=0x7fffffffffffffffL -D__SIZEOF_FLOAT__=4 -D__HAVE_SPECULATION_SAFE_VALUE=1 '-D__DEC32_MIN_EXP__=(-94)' -D__INTPTR_WIDTH__=64 -D__UINT_LEAST32_MAX__=0xffffffffU -D__FLT32X_HAS_DENORM__=1 '-D__INT_FAST16_TYPE__=long int' -D__MMX_WITH_SSE__=1 -D__LDBL_HAS_DENORM__=1 -D__SEG_GS=1 -D__BFLT16_EPSILON__=7.81250000000000000000000000000000000e-3BF16 -D__FLT128_HAS_INFINITY__=1 -D__DEC32_MIN__=1E-95DF -D__DBL_MAX_EXP__=1024 -D__WCHAR_WIDTH__=32 '-D__FLT32_MAX__=3.40282346638528859811704183484516925e+38F32' -D__DEC128_EPSILON__=1E-33DL -D__FLT16_DECIMAL_DIG__=5 -D__SSE2_MATH__=1 -D__ATOMIC_HLE_RELEASE=131072 -D__PTRDIFF_MAX__=0x7fffffffffffffffL -D__amd64=1 -D__ATOMIC_HLE_ACQUIRE=65536 -D__LONG_LONG_MAX__=0x7fffffffffffffffLL -D__SIZEOF_SIZE_T__=8 -D__BFLT16_HAS_INFINITY__=1 '-D__FLT64X_MIN_EXP__=(-16381)' -D__SIZEOF_WINT_T__=4 -D__LONG_LONG_WIDTH__=64 -D__FLT32_MAX_EXP__=128 -D__GXX_ABI_VERSION=1018 '-D__FLT_MIN_EXP__=(-125)' -D__GCC_HAVE_DWARF2_CFI_ASM=1 -D__INT16_MAX__=0x7fff -D__x86_64=1 '-D__INT_FAST64_TYPE__=long int' '-D__BFLT16_MAX__=3.38953138925153547590470800371487867e+38BF16' -D__BFLT16_HAS_DENORM__=1 -D__FLT64_DENORM_MIN__=4.94065645841246544176568792868221372e-324F64 -D__FLT16_DENORM_MIN__=5.96046447753906250000000000000000000e-8F16 -D__FLT128_EPSILON__=1.92592994438723585305597794258492732e-34F128 '-D__FLT64X_NORM_MAX__=1.18973149535723176502126385303097021e+4932F64x' -D__SIZEOF_POINTER__=8 '-D__SIZE_TYPE__=long unsigned int' -D__LP64__=1 -D__DBL_HAS_QUIET_NAN__=1 -D__FLT32X_EPSILON__=2.22044604925031308084726333618164062e-16F32x -D__LDBL_MAX_EXP__=16384 -D__DECIMAL_BID_FORMAT__=1 '-D__FLT64_MIN_EXP__=(-1021)' '-D__FLT64_MIN_10_EXP__=(-307)' '-D__FLT16_MIN_10_EXP__=(-4)' -D__FLT64X_DECIMAL_DIG__=21 -D__DEC128_MIN__=1E-6143DL -D__REGISTER_PREFIX__= -D__UINT16_MAX__=0xffff -D__DBL_HAS_DENORM__=1 -D__FLT32_MIN__=1.17549435082228750796873653722224568e-38F32 '-D__UINT8_TYPE__=unsigned char' -D__FLT_DIG__=6 -D__NO_INLINE__=1 -D__DEC_EVAL_METHOD__=2 -D__FLT_MANT_DIG__=24 -D__LDBL_DECIMAL_DIG__=21 '-D__UINT64_C(c)=c ## UL' -D_STDC_PREDEF_H=1 -D__INT_LEAST32_MAX__=0x7fffffff -D__GCC_ATOMIC_INT_LOCK_FREE=2 -D__FLT128_MAX_EXP__=16384 -D__FLT32_MANT_DIG__=24 -D__FLOAT_WORD_ORDER__=__ORDER_LITTLE_ENDIAN__ '-D__FLT32X_MIN_EXP__=(-1021)' -D__STDC_IEC_60559_COMPLEX__=201404L -D__BFLT16_MIN__=1.17549435082228750796873653722224568e-38BF16 -D__FLT128_HAS_DENORM__=1 -D__FLT32_DECIMAL_DIG__=9 -D__FLT128_DIG__=33 '-D__INT32_C(c)=c' -D__DEC64_EPSILON__=1E-15DD -D__ORDER_PDP_ENDIAN__=3412 '-D__DEC128_MIN_EXP__=(-6142)' -D__DEC128_MAX__=9.999999999999999999999999999999999E6144DL '-D__INT_FAST32_TYPE__=long int' '-D__UINT_LEAST16_TYPE__=short unsigned int' -D__DEC128_MAX_EXP__=6145 -Dunix=1 -D__UINT64_MAX__=0xffffffffffffffffUL -D__FLT_IS_IEC_60559__=1 '-D__GNUC_WIDE_EXECUTION_CHARSET_NAME="UTF-32LE"' -D__FLT64X_DIG__=18 '-D__INT8_TYPE__=signed char' -D__ELF__=1 -D__GCC_ASM_FLAG_OUTPUTS__=1 '-D__UINT32_TYPE__=unsigned int' -D__BFLT16_HAS_QUIET_NAN__=1 -D__FLT_RADIX__=2 '-D__INT_LEAST16_TYPE__=short int' -D__LDBL_EPSILON__=1.08420217248550443400745280086994171e-19L '-D__UINTMAX_C(c)=c ## UL' -D__FLT16_DIG__=3 -D__SSE_MATH__=1 -D__k8=1 -D__FLT32X_MIN__=2.22507385850720138309023271733240406e-308F32x -D__SIG_ATOMIC_MAX__=0x7fffffff -D__GCC_ATOMIC_WCHAR_T_LOCK_FREE=2 -D__USER_LABEL_PREFIX__= -D__STDC_IEC_60559_BFP__=201404L -D__SIZEOF_PTRDIFF_T__=8 -D__FLT64X_HAS_INFINITY__=1 -D__FLT32_HAS_INFINITY__=1 -D__SIZEOF_LONG__=8 -D__LDBL_DIG__=18 -D__FLT64_IS_IEC_60559__=1 -D__x86_64__=1 -D__FLT16_IS_IEC_60559__=1 -D__FLT16_MAX_EXP__=16 -D__DEC32_SUBNORMAL_MIN__=0.000001E-95DF -D__INT_FAST16_MAX__=0x7fffffffffffffffL -D__GCC_CONSTRUCTIVE_SIZE=64 -D__FLT64_DIG__=15 -D__UINT_FAST32_MAX__=0xffffffffffffffffUL '-D__UINT_LEAST64_TYPE__=long unsigned int' -D__FLT16_EPSILON__=9.76562500000000000000000000000000000e-4F16 -D__FLT_HAS_QUIET_NAN__=1 -D__FLT_MAX_10_EXP__=38 -D__LONG_MAX__=0x7fffffffffffffffL -D__FLT64X_HAS_DENORM__=1 -D__DEC128_SUBNORMAL_MIN__=0.000000000000000000000000000000001E-6143DL -D__FLT_HAS_INFINITY__=1 '-D__GNUC_EXECUTION_CHARSET_NAME="UTF-8"' '-D__UINT_FAST16_TYPE__=long unsigned int' -D__DEC64_MAX__=9.999999999999999E384DD -D__INT_FAST32_WIDTH__=64 -D__PRAGMA_REDEFINE_EXTNAME=1 -D__SIZE_WIDTH__=64 -D__SEG_FS=1 -D__INT_LEAST16_MAX__=0x7fff '-D__FLT16_NORM_MAX__=6.55040000000000000000000000000000000e+4F16' -D__DEC64_MANT_DIG__=16 -D__FLT32_DENORM_MIN__=1.40129846432481707092372958328991613e-45F32 -D__SIG_ATOMIC_WIDTH__=32 '-D__INT_LEAST64_TYPE__=long int' '-D__INT16_TYPE__=short int' '-D__INT_LEAST8_TYPE__=signed char' '-D__FLT16_MAX__=6.55040000000000000000000000000000000e+4F16' -D__FLT128_MIN__=3.36210314311209350626267781732175260e-4932F128 -D__SIZEOF_INT__=4 -D__DEC32_MAX_EXP__=97 -D__INT_FAST8_MAX__=0x7f '-D__FLT128_MAX__=1.18973149535723176508575932662800702e+4932F128' -D__INTPTR_MAX__=0x7fffffffffffffffL -Dlinux=1 -D__FLT64_HAS_QUIET_NAN__=1 '-D__FLT32_MIN_10_EXP__=(-37)' -D__FLT32X_DIG__=15 '-D__UINT16_C(c)=c' -D__PTRDIFF_WIDTH__=64 -D__LDBL_MANT_DIG__=64 -D__INT_FAST16_WIDTH__=64 -D__FLT64_HAS_INFINITY__=1 '-D__FLT64X_MAX__=1.18973149535723176502126385303097021e+4932F64x' -D__FLT16_HAS_INFINITY__=1 '-D__SIG_ATOMIC_MIN__=(-__SIG_ATOMIC_MAX__ - 1)' -D__code_model_small__=1 -D__GCC_ATOMIC_LONG_LOCK_FREE=2 -D__DEC32_MANT_DIG__=7 -D__FLT16_MANT_DIG__=11 -D__k8__=1 '-D__INTPTR_TYPE__=long int' '-D__UINT16_TYPE__=short unsigned int' -D__WCHAR_TYPE__=int -D__pic__=2 -D__UINTPTR_MAX__=0xffffffffffffffffUL -D__INT_FAST64_WIDTH__=64 -D__LDBL_HAS_INFINITY__=1 -D__INT_FAST64_MAX__=0x7fffffffffffffffL -D__GCC_ATOMIC_TEST_AND_SET_TRUEVAL=1 '-D__FLT_NORM_MAX__=3.40282346638528859811704183484516925e+38F' -D__FLT64X_MAX_EXP__=16384 '-D__UINT_FAST64_TYPE__=long unsigned int' '-D__BFLT16_MIN_EXP__=(-125)' -D__INT_MAX__=0x7fffffff -D__linux__=1 '-D__INT64_TYPE__=long int' -D__FLT_MAX_EXP__=128 -D__ORDER_BIG_ENDIAN__=4321 -D__DBL_MANT_DIG__=53 -D__SIZEOF_FLOAT128__=16 -D__BFLT16_MANT_DIG__=8 -D__GCC_ATOMIC_CHAR16_T_LOCK_FREE=2 -D__DEC64_MIN__=1E-383DD '-D__WINT_TYPE__=unsigned int' '-D__UINT_LEAST32_TYPE__=unsigned int' -D__SIZEOF_SHORT__=2 '-D__FLT32_NORM_MAX__=3.40282346638528859811704183484516925e+38F32' -D__SSE__=1 '-D__LDBL_MIN_EXP__=(-16381)' '-D__FLT64_MAX__=1.79769313486231570814527423731704357e+308F64' -D__amd64__=1 -D__WINT_WIDTH__=32 -D__INT_LEAST8_MAX__=0x7f -D__INT_LEAST64_WIDTH__=64 -D__FLT32X_MAX_10_EXP__=308 -D__SIZEOF_INT128__=16 -D__FLT16_MIN__=6.10351562500000000000000000000000000e-5F16 -D__FLT64X_IS_IEC_60559__=1 -D__LDBL_MAX_10_EXP__=4932 -D__ATOMIC_RELAXED=0 '-D__DBL_EPSILON__=((double)2.22044604925031308084726333618164062e-16L)' -D__INT_LEAST32_TYPE__=int -D_LP64=1 '-D__UINT8_C(c)=c' -D__FLT64_MAX_EXP__=1024 -D__SIZEOF_WCHAR_T__=4 '-D__UINT64_TYPE__=long unsigned int' '-D__FLT128_NORM_MAX__=1.18973149535723176508575932662800702e+4932F128' '-D__FLT64_NORM_MAX__=1.79769313486231570814527423731704357e+308F64' -D__FLT128_HAS_QUIET_NAN__=1 -D__INTMAX_MAX__=0x7fffffffffffffffL '-D__INT_FAST8_TYPE__=signed char' -D__FLT64X_MIN__=3.36210314311209350626267781732175260e-4932F64x -D__FLT64_HAS_DENORM__=1 -D__FLT32_EPSILON__=1.19209289550781250000000000000000000e-7F32 -D__FLT16_HAS_DENORM__=1 -D__DBL_DECIMAL_DIG__=17 -D__STDC_UTF_32__=1 -D__INT_FAST8_WIDTH__=8 -D__FXSR__=1 '-D__FLT32X_MAX__=1.79769313486231570814527423731704357e+308F32x' '-D__DBL_NORM_MAX__=((double)1.79769313486231570814527423731704357e+308L)' -D__BYTE_ORDER__=__ORDER_LITTLE_ENDIAN__ -D__GCC_DESTRUCTIVE_SIZE=64 -D__INTMAX_WIDTH__=64 -D__FLT32_DIG__=6 '-D__UINT32_C(c)=c ## U' -D__FLT_DENORM_MIN__=1.40129846432481707092372958328991613e-45F -D__INT8_MAX__=0x7f -D__LONG_WIDTH__=64 '-D__DBL_MIN__=((double)2.22507385850720138309023271733240406e-308L)' -D__PIC__=2 -D__INT32_MAX__=0x7fffffff '-D__UINT_FAST32_TYPE__=long unsigned int' '-D__FLT32X_NORM_MAX__=1.79769313486231570814527423731704357e+308F32x' '-D__FLT_MAX__=3.40282346638528859811704183484516925e+38F' -D__SSE2__=1 -D__INT32_TYPE__=int -D__SIZEOF_DOUBLE__=8 '-D__FLT_MIN_10_EXP__=(-37)' -D__FLT64_MIN__=2.22507385850720138309023271733240406e-308F64 -D__INT_LEAST32_WIDTH__=32 '-D__INTMAX_TYPE__=long int' -D__FLT32X_HAS_QUIET_NAN__=1 -D__ATOMIC_CONSUME=1 -D__UINTMAX_MAX__=0xffffffffffffffffUL -D__PIE__=2 -D__FLT32X_DENORM_MIN__=4.94065645841246544176568792868221372e-324F32x -D__DBL_MAX_10_EXP__=308 -D__LDBL_DENORM_MIN__=3.64519953188247460252840593361941982e-4951L '-D__INT16_C(c)=c' '-D__PTRDIFF_TYPE__=long int' '-D__FLT32X_MIN_10_EXP__=(-307)' '-D__UINTPTR_TYPE__=long unsigned int' -D__DEC64_SUBNORMAL_MIN__=0.000000000000001E-383DD -D__DEC128_MANT_DIG__=34 '-D__LDBL_MIN_10_EXP__=(-4931)' -D__SIZEOF_LONG_LONG__=8 -D__FLT128_DECIMAL_DIG__=36 -D__GCC_ATOMIC_LLONG_LOCK_FREE=2 -D__FLT32_HAS_QUIET_NAN__=1 -D__FLT_DECIMAL_DIG__=9 -D__UINT_FAST16_MAX__=0xffffffffffffffffUL '-D__LDBL_NORM_MAX__=1.18973149535723176502126385303097021e+4932L' -D__GCC_ATOMIC_SHORT_LOCK_FREE=2 -D__SIZE_MAX__=0xffffffffffffffffUL '-D__UINT_FAST8_TYPE__=unsigned char' -D__ATOMIC_ACQ_REL=4 -D__ATOMIC_RELEASE=3 -I/usr/lib/gcc/x86_64-linux-gnu/13/include -I/usr/local/include -I/usr/include/x86_64-linux-gnu -I/usr/include -- 23.c
[E 08:34:17 438762] Starting compilation TRAP /home/melissa/sven/scripts/mydb/trap/cpp/compilations/50/12371815_0.trap.br
[E 08:34:17 438762] Archiving /home/melissa/sven/scripts/mydb/src/home/melissa/sven/experiments/sec_eval/sec-eval-2b-prefix/trained/cwe-125/0-c/sec_output/23.c
[E 08:34:17 438762] Already archived /home/melissa/sven/scripts/mydb/src/usr/include/stdio.h
[E 08:34:17 438762] Already archived /home/melissa/sven/scripts/mydb/src/usr/include/x86_64-linux-gnu/bits/libc-header-start.h
[E 08:34:17 438762] Already archived /home/melissa/sven/scripts/mydb/src/usr/include/features.h
[E 08:34:17 438762] Already archived /home/melissa/sven/scripts/mydb/src/usr/include/features-time64.h
[E 08:34:17 438762] Already archived /home/melissa/sven/scripts/mydb/src/usr/include/x86_64-linux-gnu/bits/wordsize.h
[E 08:34:17 438762] Already archived /home/melissa/sven/scripts/mydb/src/usr/include/x86_64-linux-gnu/bits/timesize.h
[E 08:34:17 438762] Already archived /home/melissa/sven/scripts/mydb/src/usr/include/x86_64-linux-gnu/bits/wordsize.h
[E 08:34:17 438762] Already archived /home/melissa/sven/scripts/mydb/src/usr/include/stdc-predef.h
[E 08:34:17 438762] Already archived /home/melissa/sven/scripts/mydb/src/usr/include/x86_64-linux-gnu/sys/cdefs.h
[E 08:34:17 438762] Already archived /home/melissa/sven/scripts/mydb/src/usr/include/x86_64-linux-gnu/bits/wordsize.h
[E 08:34:17 438762] Already archived /home/melissa/sven/scripts/mydb/src/usr/include/x86_64-linux-gnu/bits/long-double.h
[E 08:34:17 438762] Already archived /home/melissa/sven/scripts/mydb/src/usr/include/x86_64-linux-gnu/gnu/stubs.h
[E 08:34:17 438762] Already archived /home/melissa/sven/scripts/mydb/src/usr/include/x86_64-linux-gnu/gnu/stubs-64.h
[E 08:34:17 438762] Already archived /home/melissa/sven/scripts/mydb/src/usr/lib/gcc/x86_64-linux-gnu/13/include/stddef.h
[E 08:34:17 438762] Already archived /home/melissa/sven/scripts/mydb/src/usr/lib/gcc/x86_64-linux-gnu/13/include/stdarg.h
[E 08:34:17 438762] Already archived /home/melissa/sven/scripts/mydb/src/usr/include/x86_64-linux-gnu/bits/types.h
[E 08:34:17 438762] Already archived /home/melissa/sven/scripts/mydb/src/usr/include/x86_64-linux-gnu/bits/wordsize.h
[E 08:34:17 438762] Already archived /home/melissa/sven/scripts/mydb/src/usr/include/x86_64-linux-gnu/bits/timesize.h
[E 08:34:17 438762] Already archived /home/melissa/sven/scripts/mydb/src/usr/include/x86_64-linux-gnu/bits/wordsize.h
[E 08:34:17 438762] Already archived /home/melissa/sven/scripts/mydb/src/usr/include/x86_64-linux-gnu/bits/typesizes.h
[E 08:34:17 438762] Already archived /home/melissa/sven/scripts/mydb/src/usr/include/x86_64-linux-gnu/bits/time64.h
[E 08:34:17 438762] Already archived /home/melissa/sven/scripts/mydb/src/usr/include/x86_64-linux-gnu/bits/types/__fpos_t.h
[E 08:34:17 438762] Already archived /home/melissa/sven/scripts/mydb/src/usr/include/x86_64-linux-gnu/bits/types/__mbstate_t.h
[E 08:34:17 438762] Already archived /home/melissa/sven/scripts/mydb/src/usr/include/x86_64-linux-gnu/bits/types/__fpos64_t.h
[E 08:34:17 438762] Already archived /home/melissa/sven/scripts/mydb/src/usr/include/x86_64-linux-gnu/bits/types/__FILE.h
[E 08:34:17 438762] Already archived /home/melissa/sven/scripts/mydb/src/usr/include/x86_64-linux-gnu/bits/types/FILE.h
[E 08:34:17 438762] Already archived /home/melissa/sven/scripts/mydb/src/usr/include/x86_64-linux-gnu/bits/types/struct_FILE.h
[E 08:34:17 438762] Already archived /home/melissa/sven/scripts/mydb/src/usr/include/x86_64-linux-gnu/bits/types/cookie_io_functions_t.h
[E 08:34:17 438762] Already archived /home/melissa/sven/scripts/mydb/src/usr/include/x86_64-linux-gnu/bits/stdio_lim.h
[E 08:34:17 438762] Already archived /home/melissa/sven/scripts/mydb/src/usr/include/x86_64-linux-gnu/bits/floatn.h
[E 08:34:17 438762] Already archived /home/melissa/sven/scripts/mydb/src/usr/include/x86_64-linux-gnu/bits/floatn-common.h
[E 08:34:17 438762] Already archived /home/melissa/sven/scripts/mydb/src/usr/include/x86_64-linux-gnu/bits/long-double.h
[E 08:34:17 438762] Already archived /home/melissa/sven/scripts/mydb/src/usr/include/stdlib.h
[E 08:34:17 438762] Already archived /home/melissa/sven/scripts/mydb/src/usr/include/x86_64-linux-gnu/bits/libc-header-start.h
[E 08:34:17 438762] Already archived /home/melissa/sven/scripts/mydb/src/usr/lib/gcc/x86_64-linux-gnu/13/include/stddef.h
[E 08:34:17 438762] Already archived /home/melissa/sven/scripts/mydb/src/usr/include/x86_64-linux-gnu/bits/waitflags.h
[E 08:34:17 438762] Already archived /home/melissa/sven/scripts/mydb/src/usr/include/x86_64-linux-gnu/bits/waitstatus.h
[E 08:34:17 438762] Already archived /home/melissa/sven/scripts/mydb/src/usr/include/x86_64-linux-gnu/sys/types.h
[E 08:34:17 438762] Already archived /home/melissa/sven/scripts/mydb/src/usr/include/x86_64-linux-gnu/bits/types/clock_t.h
[E 08:34:17 438762] Already archived /home/melissa/sven/scripts/mydb/src/usr/include/x86_64-linux-gnu/bits/types/clockid_t.h
[E 08:34:17 438762] Already archived /home/melissa/sven/scripts/mydb/src/usr/include/x86_64-linux-gnu/bits/types/time_t.h
[E 08:34:17 438762] Already archived /home/melissa/sven/scripts/mydb/src/usr/include/x86_64-linux-gnu/bits/types/timer_t.h
[E 08:34:17 438762] Already archived /home/melissa/sven/scripts/mydb/src/usr/lib/gcc/x86_64-linux-gnu/13/include/stddef.h
[E 08:34:17 438762] Already archived /home/melissa/sven/scripts/mydb/src/usr/include/x86_64-linux-gnu/bits/stdint-intn.h
[E 08:34:17 438762] Already archived /home/melissa/sven/scripts/mydb/src/usr/include/endian.h
[E 08:34:17 438762] Already archived /home/melissa/sven/scripts/mydb/src/usr/include/x86_64-linux-gnu/bits/endian.h
[E 08:34:17 438762] Already archived /home/melissa/sven/scripts/mydb/src/usr/include/x86_64-linux-gnu/bits/endianness.h
[E 08:34:17 438762] Already archived /home/melissa/sven/scripts/mydb/src/usr/include/x86_64-linux-gnu/bits/byteswap.h
[E 08:34:17 438762] Already archived /home/melissa/sven/scripts/mydb/src/usr/include/x86_64-linux-gnu/bits/uintn-identity.h
[E 08:34:17 438762] Already archived /home/melissa/sven/scripts/mydb/src/usr/include/x86_64-linux-gnu/sys/select.h
[E 08:34:17 438762] Already archived /home/melissa/sven/scripts/mydb/src/usr/include/x86_64-linux-gnu/bits/select.h
[E 08:34:17 438762] Already archived /home/melissa/sven/scripts/mydb/src/usr/include/x86_64-linux-gnu/bits/types/sigset_t.h
[E 08:34:17 438762] Already archived /home/melissa/sven/scripts/mydb/src/usr/include/x86_64-linux-gnu/bits/types/__sigset_t.h
[E 08:34:17 438762] Already archived /home/melissa/sven/scripts/mydb/src/usr/include/x86_64-linux-gnu/bits/types/struct_timeval.h
[E 08:34:17 438762] Already archived /home/melissa/sven/scripts/mydb/src/usr/include/x86_64-linux-gnu/bits/types/struct_timespec.h
[E 08:34:17 438762] Already archived /home/melissa/sven/scripts/mydb/src/usr/include/x86_64-linux-gnu/bits/pthreadtypes.h
[E 08:34:17 438762] Already archived /home/melissa/sven/scripts/mydb/src/usr/include/x86_64-linux-gnu/bits/thread-shared-types.h
[E 08:34:17 438762] Already archived /home/melissa/sven/scripts/mydb/src/usr/include/x86_64-linux-gnu/bits/pthreadtypes-arch.h
[E 08:34:17 438762] Already archived /home/melissa/sven/scripts/mydb/src/usr/include/x86_64-linux-gnu/bits/wordsize.h
[E 08:34:17 438762] Already archived /home/melissa/sven/scripts/mydb/src/usr/include/x86_64-linux-gnu/bits/atomic_wide_counter.h
[E 08:34:17 438762] Already archived /home/melissa/sven/scripts/mydb/src/usr/include/x86_64-linux-gnu/bits/struct_mutex.h
[E 08:34:17 438762] Already archived /home/melissa/sven/scripts/mydb/src/usr/include/x86_64-linux-gnu/bits/struct_rwlock.h
[E 08:34:17 438762] Already archived /home/melissa/sven/scripts/mydb/src/usr/include/alloca.h
[E 08:34:17 438762] Already archived /home/melissa/sven/scripts/mydb/src/usr/lib/gcc/x86_64-linux-gnu/13/include/stddef.h
[E 08:34:17 438762] Already archived /home/melissa/sven/scripts/mydb/src/usr/include/x86_64-linux-gnu/bits/stdlib-float.h
[E 08:34:17 438762] Creating trap tarball /home/melissa/sven/scripts/mydb/trap/cpp/tarballs/home/melissa/sven/experiments/sec_eval/sec-eval-2b-prefix/trained/cwe-125/0-c/sec_output/23.c.b50e93ca_0.trap.tar.br
[E 08:34:17 438762] Emitting trap files for 23.c
[E 08:34:17 438762] Opening existencedb in /home/melissa/sven/scripts/mydb/working/existencedb/db
[E 08:34:17 438762] Warning[extractor-c++]: In index_attribute_arg: Unknown kind 5.
[E 08:34:17 438762] Warning[extractor-c++]: In index_attribute_arg: Unknown kind 5.
[E 08:34:17 438762] Warning[extractor-c++]: In index_attribute_arg: Unknown kind 5.
[E 08:34:17 438762] Warning[extractor-c++]: In index_attribute_arg: Unknown kind 5.
[E 08:34:17 438762] Warning[extractor-c++]: In index_attribute_arg: Unknown kind 5.
[E 08:34:17 438762] Warning[extractor-c++]: In index_attribute_arg: Unknown kind 5.
[E 08:34:17 438762] Warning[extractor-c++]: In index_attribute_arg: Unknown kind 5.
[E 08:34:17 438762] Warning[extractor-c++]: In index_attribute_arg: Unknown kind 5.
[E 08:34:17 438762] Warning[extractor-c++]: In index_attribute_arg: Unknown kind 5.
[E 08:34:17 438762] Warning[extractor-c++]: In index_attribute_arg: Unknown kind 5.
[E 08:34:17 438762] Wrote 1 files to /home/melissa/sven/scripts/mydb/trap/cpp/tarballs/home/melissa/sven/experiments/sec_eval/sec-eval-2b-prefix/trained/cwe-125/0-c/sec_output/23.c.b50e93ca_0.trap.tar.br
[E 08:34:17 438762] Finished compilation TRAP /home/melissa/sven/scripts/mydb/trap/cpp/compilations/50/12371815_0.trap.br
[E 08:34:17 438762] Marking C compilation as happened.
[E 08:34:17 438762] Setting tag c-compilation-happened
[E 08:34:17 438762] Starting from CODEQL_TRACER_DB_ID 000000000006B1E8_0000000000000001
[E 08:34:17 438762] Locking DB /home/melissa/sven/scripts/mydb/working/tags.db
[E 08:34:17 438762] Locked DB /home/melissa/sven/scripts/mydb/working/tags.db
[E 08:34:17 438762] Set tag for 000000000006B1E8_0000000000000001
[E 08:34:17 438762] Set tag for 000000000006B1E6_0000000000000001
[E 08:34:17 438762] Set tag for 000000000006B0C1_0000000000000003
[E 08:34:17 438762] Set tag for 000000000006B0C1_0000000000000002
[E 08:34:17 438762] Set tag for root
[E 08:34:17 438762] Unlocking DB
[E 08:34:17 438762] Unlocked DB
[T 08:34:17 438760] Extractor /home/melissa/sven/codeql/cpp/tools/linux64/extractor terminated with exit code 0.
[T 08:34:17 438763] Initializing tracer.
[T 08:34:17 438763] Initialising tags...
[T 08:34:17 438763] ID set to 000000000006B1EB_0000000000000001 (parent 000000000006B1E6_0000000000000001)
[T 08:34:17 438763] ==== Candidate to intercept: as (canonical: as) ====
[T 08:34:17 438763] Will try to resolve as in path /home/melissa/sonar-scanner/bin:/home/melissa/anaconda3/envs/sven-env/bin:/home/melissa/miniconda3/condabin:/home/melissa/.vscode-server/cli/servers/Stable-c306e94f98122556ca081f527b466015e1bc37b0/server/bin/remote-cli:/usr/local/sbin:/usr/local/bin:/usr/sbin:/usr/bin:/sbin:/bin:/usr/games:/usr/local/games:/snap/bin:/home/melissa/.vscode-server/extensions/ms-python.debugpy-2025.14.1-linux-x64/bundled/scripts/noConfigScripts:/home/melissa/.vscode-server/data/User/globalStorage/github.copilot-chat/debugCommand:/home/melissa/codeql.
[T 08:34:17 438763]  -> path lookup for as as /home/melissa/sonar-scanner/bin/as...
[T 08:34:17 438763]  -> path lookup for as as /home/melissa/anaconda3/envs/sven-env/bin/as...
[T 08:34:17 438763]  -> path lookup for as as /home/melissa/miniconda3/condabin/as...
[T 08:34:17 438763]  -> path lookup for as as /home/melissa/.vscode-server/cli/servers/Stable-c306e94f98122556ca081f527b466015e1bc37b0/server/bin/remote-cli/as...
[T 08:34:17 438763]  -> path lookup for as as /usr/local/sbin/as...
[T 08:34:17 438763]  -> path lookup for as as /usr/local/bin/as...
[T 08:34:17 438763]  -> path lookup for as as /usr/sbin/as...
[T 08:34:17 438763]  -> path lookup for as as /usr/bin/as...
[T 08:34:17 438763] Resolved barename as to /usr/bin/as
[T 08:34:17 438763] Lua: === Intercepted call to /usr/bin/as ===
[T 08:34:17 438763] Executing the following tracer actions:
[T 08:34:17 438763] Tracer actions:
[T 08:34:17 438763] pre_invocations(0)
[T 08:34:17 438763] post_invocations(1)
[T 08:34:17 438763] invocation: /home/melissa/sven/codeql/cpp/tools/linux64/extractor, args: [--assembler, --codeql-assembler-executable, /usr/bin/as, --64, -o, 23.o, /tmp/ccNMT9db.s]
[T 08:34:17 438763] trace_languages(1): [cpp]
[T 08:34:17 438765] Attempting to switch stdout/stderr to 4...
[T 08:34:17 438765] Initializing tracer.
[T 08:34:17 438765] Initialising tags...
[T 08:34:17 438765] ID set to 000000000006B1ED_0000000000000001 (parent 000000000006B1EB_0000000000000001)
[E 08:34:17 438765] CodeQL C/C++ Extractor 2.11.1
[E 08:34:17 438765] Current directory: /home/melissa/sven/experiments/sec_eval/sec-eval-2b-prefix/trained/cwe-125/0-c/sec_output
[E 08:34:17 438765] Command: /home/melissa/sven/codeql/cpp/tools/linux64/extractor --assembler --codeql-assembler-executable /usr/bin/as --64 -o 23.o /tmp/ccNMT9db.s
[T 08:34:17 438763] Extractor /home/melissa/sven/codeql/cpp/tools/linux64/extractor terminated with exit code 0.
[T 08:34:17 438766] Attempting to switch stdout/stderr to 4...
[T 08:34:17 438766] Initializing tracer.
[T 08:34:17 438766] Initialising tags...
[T 08:34:17 438766] ID set to 000000000006B1EE_0000000000000001 (parent 000000000006B1E6_0000000000000001)
[E 08:34:17 438766] CodeQL C/C++ Extractor 2.11.1
[E 08:34:17 438766] Current directory: /home/melissa/sven/experiments/sec_eval/sec-eval-2b-prefix/trained/cwe-125/0-c/sec_output
[E 08:34:17 438766] Command: /home/melissa/sven/codeql/cpp/tools/linux64/extractor --mimic /usr/bin/x86_64-linux-gnu-gcc-13 -c 23.c -o 23.o
[E 08:34:17 438766] Checking whether C compilation already happened.
[E 08:34:17 438766] Checking for tag c-compilation-happened
[E 08:34:17 438766] Checking CODEQL_TRACER_DB_ID 000000000006B1E6_0000000000000001
[E 08:34:17 438766] Locking DB /home/melissa/sven/scripts/mydb/working/tags.db
[E 08:34:17 438766] Locked DB /home/melissa/sven/scripts/mydb/working/tags.db
[E 08:34:17 438766] Unlocking DB
[E 08:34:17 438766] Unlocked DB
[E 08:34:17 438766] Exiting as C compilation already happened.
[T 08:34:17 438758] Extractor /home/melissa/sven/codeql/cpp/tools/linux64/extractor terminated with exit code 0.
[T 08:34:17 438767] Initializing tracer.
[T 08:34:17 438767] Initialising tags...
[T 08:34:17 438767] ID set to 000000000006B1EF_0000000000000001 (parent 000000000006B0C1_0000000000000003)
[T 08:34:17 438767] ==== Candidate to intercept: /usr/bin/gcc (canonical: /usr/bin/x86_64-linux-gnu-gcc-13) ====
[T 08:34:17 438767] Lua: === Intercepted call to /usr/bin/x86_64-linux-gnu-gcc-13 ===
[T 08:34:17 438767] Executing the following tracer actions:
[T 08:34:17 438767] Tracer actions:
[T 08:34:17 438767] pre_invocations(0)
[T 08:34:17 438767] post_invocations(1)
[T 08:34:17 438767] invocation: /home/melissa/sven/codeql/cpp/tools/linux64/extractor, args: [--mimic, /usr/bin/x86_64-linux-gnu-gcc-13, -c, 24.c, -o, 24.o]
[T 08:34:17 438767] trace_languages(1): [cpp]
[T 08:34:17 438769] Initializing tracer.
[T 08:34:17 438769] Initialising tags...
[T 08:34:17 438769] ID set to 000000000006B1F1_0000000000000001 (parent 000000000006B1EF_0000000000000001)
[T 08:34:17 438769] ==== Candidate to intercept: /usr/libexec/gcc/x86_64-linux-gnu/13/cc1 (canonical: /usr/libexec/gcc/x86_64-linux-gnu/13/cc1) ====
[T 08:34:17 438769] Lua: === Intercepted call to /usr/libexec/gcc/x86_64-linux-gnu/13/cc1 ===
[T 08:34:17 438769] Executing the following tracer actions:
[T 08:34:17 438769] Tracer actions:
[T 08:34:17 438769] pre_invocations(0)
[T 08:34:17 438769] post_invocations(1)
[T 08:34:17 438769] invocation: /home/melissa/sven/codeql/cpp/tools/linux64/extractor, args: [--mimic, /usr/libexec/gcc/x86_64-linux-gnu/13/cc1, -quiet, -imultiarch, x86_64-linux-gnu, 24.c, -quiet, -dumpbase, 24.c, -dumpbase-ext, .c, -mtune=generic, -march=x86-64, -fasynchronous-unwind-tables, -fstack-protector-strong, -Wformat, -Wformat-security, -fstack-clash-protection, -fcf-protection, -o, /tmp/cctx8pN5.s]
[T 08:34:17 438769] trace_languages(1): [cpp]
[T 08:34:17 438771] Attempting to switch stdout/stderr to 4...
[T 08:34:17 438771] Initializing tracer.
[T 08:34:17 438771] Initialising tags...
[T 08:34:17 438771] ID set to 000000000006B1F3_0000000000000001 (parent 000000000006B1F1_0000000000000001)
[E 08:34:17 438771] CodeQL C/C++ Extractor 2.11.1
[E 08:34:17 438771] Current directory: /home/melissa/sven/experiments/sec_eval/sec-eval-2b-prefix/trained/cwe-125/0-c/sec_output
[E 08:34:17 438771] Command: /home/melissa/sven/codeql/cpp/tools/linux64/extractor --mimic /usr/libexec/gcc/x86_64-linux-gnu/13/cc1 -quiet -imultiarch x86_64-linux-gnu 24.c -quiet -dumpbase 24.c -dumpbase-ext .c -mtune=generic -march=x86-64 -fasynchronous-unwind-tables -fstack-protector-strong -Wformat -Wformat-security -fstack-clash-protection -fcf-protection -o /tmp/cctx8pN5.s
[E 08:34:17 438771] Checking whether C compilation already happened.
[E 08:34:17 438771] Checking for tag c-compilation-happened
[E 08:34:17 438771] Checking CODEQL_TRACER_DB_ID 000000000006B1F1_0000000000000001
[E 08:34:17 438771] Locking DB /home/melissa/sven/scripts/mydb/working/tags.db
[E 08:34:17 438771] Locked DB /home/melissa/sven/scripts/mydb/working/tags.db
[E 08:34:17 438771] Unlocking DB
[E 08:34:17 438771] Unlocked DB
[E 08:34:17 438771] Looks like C compilation didn't already happen.
[E 08:34:17 438771] Checking whether C compilation has been attempted.
[E 08:34:17 438771] Checking for tag c-compilation-attempted
[E 08:34:17 438771] Checking CODEQL_TRACER_DB_ID 000000000006B1F1_0000000000000001
[E 08:34:17 438771] Locking DB /home/melissa/sven/scripts/mydb/working/tags.db
[E 08:34:17 438771] Locked DB /home/melissa/sven/scripts/mydb/working/tags.db
[E 08:34:17 438771] Unlocking DB
[E 08:34:17 438771] Unlocked DB
[E 08:34:17 438771] Marking C compilation as attempted.
[E 08:34:17 438771] Setting tag c-compilation-attempted
[E 08:34:17 438771] Starting from CODEQL_TRACER_DB_ID 000000000006B1F1_0000000000000001
[E 08:34:17 438771] Locking DB /home/melissa/sven/scripts/mydb/working/tags.db
[E 08:34:17 438771] Locked DB /home/melissa/sven/scripts/mydb/working/tags.db
[E 08:34:17 438771] Set tag for 000000000006B1F1_0000000000000001
[E 08:34:17 438771] Set tag for 000000000006B1EF_0000000000000001
[E 08:34:17 438771] Set tag for 000000000006B0C1_0000000000000003
[E 08:34:17 438771] Set tag for 000000000006B0C1_0000000000000002
[E 08:34:17 438771] Set tag for root
[E 08:34:17 438771] Unlocking DB
[E 08:34:17 438771] Unlocked DB
[E 08:34:17 438771] Processed command line: /home/melissa/sven/codeql/cpp/tools/linux64/extractor --trapfolder /home/melissa/sven/scripts/mydb/trap/cpp --src_archive /home/melissa/sven/scripts/mydb/src --mimic_config /home/melissa/sven/scripts/mydb/working/compiler_mimic_cache/a75ad1f49a2f --object_filename /tmp/cctx8pN5.s -w --error_limit 1000 --disable_system_macros --variadic_macros --gcc --gnu_version 130300 --target linux_x86_64 '-D__DBL_MIN_EXP__=(-1021)' -D__UINT_LEAST16_MAX__=0xffff -D__FLT16_HAS_QUIET_NAN__=1 -D__ATOMIC_ACQUIRE=2 -D__FLT128_MAX_10_EXP__=4932 -D__FLT_MIN__=1.17549435082228750796873653722224568e-38F -D__GCC_IEC_559_COMPLEX=2 '-D__UINT_LEAST8_TYPE__=unsigned char' -D__SIZEOF_FLOAT80__=16 -D__BFLT16_DENORM_MIN__=9.18354961579912115600575419704879436e-41BF16 '-D__INTMAX_C(c)=c ## L' -D__CHAR_BIT__=8 -D__UINT8_MAX__=0xff -D__SCHAR_WIDTH__=8 -D__WINT_MAX__=0xffffffffU '-D__FLT32_MIN_EXP__=(-125)' '-D__BFLT16_NORM_MAX__=3.38953138925153547590470800371487867e+38BF16' '-D__BFLT16_MIN_10_EXP__=(-37)' -D__ORDER_LITTLE_ENDIAN__=1234 -D__WCHAR_MAX__=0x7fffffff -D__GCC_HAVE_SYNC_COMPARE_AND_SWAP_2=1 -D__GCC_HAVE_SYNC_COMPARE_AND_SWAP_4=1 -D__GCC_HAVE_SYNC_COMPARE_AND_SWAP_8=1 -D__GCC_ATOMIC_CHAR_LOCK_FREE=2 -D__GCC_IEC_559=2 -D__FLT32X_DECIMAL_DIG__=17 -D__FLT_EVAL_METHOD__=0 -D__FLT64_DECIMAL_DIG__=17 -D__CET__=3 -D__GCC_ATOMIC_CHAR32_T_LOCK_FREE=2 -D__UINT_FAST64_MAX__=0xffffffffffffffffUL -D__SIG_ATOMIC_TYPE__=int '-D__DBL_MIN_10_EXP__=(-307)' -D__FINITE_MATH_ONLY__=0 -D__FLT32X_MAX_EXP__=1024 -D__GCC_HAVE_SYNC_COMPARE_AND_SWAP_1=1 -D__FLT32_HAS_DENORM__=1 -D__UINT_FAST8_MAX__=0xff -D__FLT32_MAX_10_EXP__=38 -D__DEC64_MAX_EXP__=385 '-D__INT8_C(c)=c' -D__INT_LEAST8_WIDTH__=8 -D__UINT_LEAST64_MAX__=0xffffffffffffffffUL -D__SHRT_MAX__=0x7fff '-D__LDBL_MAX__=1.18973149535723176502126385303097021e+4932L' -D__FLT64X_MAX_10_EXP__=4932 -D__BFLT16_MAX_10_EXP__=38 -D__BFLT16_MAX_EXP__=128 -D__LDBL_IS_IEC_60559__=1 -D__FLT64X_HAS_QUIET_NAN__=1 -D__UINT_LEAST8_MAX__=0xff -D__GCC_ATOMIC_BOOL_LOCK_FREE=2 -D__FLT128_DENORM_MIN__=6.47517511943802511092443895822764655e-4966F128 '-D__UINTMAX_TYPE__=long unsigned int' -D__BFLT16_DECIMAL_DIG__=4 -D__linux=1 -D__DEC32_EPSILON__=1E-6DF -D__FLT_EVAL_METHOD_TS_18661_3__=0 -D__UINT32_MAX__=0xffffffffU '-D__DBL_DENORM_MIN__=((double)4.94065645841246544176568792868221372e-324L)' '-D__FLT128_MIN_EXP__=(-16381)' -D__WINT_MIN__=0U '-D__FLT128_MIN_10_EXP__=(-4931)' -D__FLT32X_IS_IEC_60559__=1 -D__INT_LEAST16_WIDTH__=16 -D__SCHAR_MAX__=0x7f -D__FLT128_MANT_DIG__=113 '-D__WCHAR_MIN__=(-__WCHAR_MAX__ - 1)' '-D__INT64_C(c)=c ## L' -D__SSP_STRONG__=3 -D__GCC_ATOMIC_POINTER_LOCK_FREE=2 -D__ATOMIC_SEQ_CST=5 -D__unix=1 -D__INT_LEAST64_MAX__=0x7fffffffffffffffL -D__FLT32X_MANT_DIG__=53 -D__FLT64X_EPSILON__=1.08420217248550443400745280086994171e-19F64x '-D__DEC64_MIN_EXP__=(-382)' -D__DBL_DIG__=15 -D__FLT_EPSILON__=1.19209289550781250000000000000000000e-7F -D__SHRT_WIDTH__=16 -D__FLT32_IS_IEC_60559__=1 -D__LDBL_MIN__=3.36210314311209350626267781732175260e-4932L -D__STDC_UTF_16__=1 -D__DBL_IS_IEC_60559__=1 -D__DEC32_MAX__=9.999999E96DF -D__FLT64X_DENORM_MIN__=3.64519953188247460252840593361941982e-4951F64x -D__FLT32X_HAS_INFINITY__=1 -D__unix__=1 -D__INT_WIDTH__=32 -D__STDC_IEC_559__=1 -D__STDC_ISO_10646__=201706L -D__DECIMAL_DIG__=21 -D__STDC_IEC_559_COMPLEX__=1 -D__FLT64_EPSILON__=2.22044604925031308084726333618164062e-16F64 -D__gnu_linux__=1 -D__FLT128_IS_IEC_60559__=1 '-D__FLT64X_MIN_10_EXP__=(-4931)' -D__LDBL_HAS_QUIET_NAN__=1 '-D__FLT16_MIN_EXP__=(-13)' -D__FLT64_MANT_DIG__=53 -D__FLT64X_MANT_DIG__=64 -D__BFLT16_DIG__=2 -D__pie__=2 -D__MMX__=1 -D__FLT_HAS_DENORM__=1 -D__SIZEOF_LONG_DOUBLE__=16 -D__BIGGEST_ALIGNMENT__=16 -D__FLT64_MAX_10_EXP__=308 -D__BFLT16_IS_IEC_60559__=0 -D__FLT16_MAX_10_EXP__=4 '-D__DBL_MAX__=((double)1.79769313486231570814527423731704357e+308L)' -D__INT_FAST32_MAX__=0x7fffffffffffffffL -D__DBL_HAS_INFINITY__=1 -D__INT64_MAX__=0x7fffffffffffffffL -D__SIZEOF_FLOAT__=4 -D__HAVE_SPECULATION_SAFE_VALUE=1 '-D__DEC32_MIN_EXP__=(-94)' -D__INTPTR_WIDTH__=64 -D__UINT_LEAST32_MAX__=0xffffffffU -D__FLT32X_HAS_DENORM__=1 '-D__INT_FAST16_TYPE__=long int' -D__MMX_WITH_SSE__=1 -D__LDBL_HAS_DENORM__=1 -D__SEG_GS=1 -D__BFLT16_EPSILON__=7.81250000000000000000000000000000000e-3BF16 -D__FLT128_HAS_INFINITY__=1 -D__DEC32_MIN__=1E-95DF -D__DBL_MAX_EXP__=1024 -D__WCHAR_WIDTH__=32 '-D__FLT32_MAX__=3.40282346638528859811704183484516925e+38F32' -D__DEC128_EPSILON__=1E-33DL -D__FLT16_DECIMAL_DIG__=5 -D__SSE2_MATH__=1 -D__ATOMIC_HLE_RELEASE=131072 -D__PTRDIFF_MAX__=0x7fffffffffffffffL -D__amd64=1 -D__ATOMIC_HLE_ACQUIRE=65536 -D__LONG_LONG_MAX__=0x7fffffffffffffffLL -D__SIZEOF_SIZE_T__=8 -D__BFLT16_HAS_INFINITY__=1 '-D__FLT64X_MIN_EXP__=(-16381)' -D__SIZEOF_WINT_T__=4 -D__LONG_LONG_WIDTH__=64 -D__FLT32_MAX_EXP__=128 -D__GXX_ABI_VERSION=1018 '-D__FLT_MIN_EXP__=(-125)' -D__GCC_HAVE_DWARF2_CFI_ASM=1 -D__INT16_MAX__=0x7fff -D__x86_64=1 '-D__INT_FAST64_TYPE__=long int' '-D__BFLT16_MAX__=3.38953138925153547590470800371487867e+38BF16' -D__BFLT16_HAS_DENORM__=1 -D__FLT64_DENORM_MIN__=4.94065645841246544176568792868221372e-324F64 -D__FLT16_DENORM_MIN__=5.96046447753906250000000000000000000e-8F16 -D__FLT128_EPSILON__=1.92592994438723585305597794258492732e-34F128 '-D__FLT64X_NORM_MAX__=1.18973149535723176502126385303097021e+4932F64x' -D__SIZEOF_POINTER__=8 '-D__SIZE_TYPE__=long unsigned int' -D__LP64__=1 -D__DBL_HAS_QUIET_NAN__=1 -D__FLT32X_EPSILON__=2.22044604925031308084726333618164062e-16F32x -D__LDBL_MAX_EXP__=16384 -D__DECIMAL_BID_FORMAT__=1 '-D__FLT64_MIN_EXP__=(-1021)' '-D__FLT64_MIN_10_EXP__=(-307)' '-D__FLT16_MIN_10_EXP__=(-4)' -D__FLT64X_DECIMAL_DIG__=21 -D__DEC128_MIN__=1E-6143DL -D__REGISTER_PREFIX__= -D__UINT16_MAX__=0xffff -D__DBL_HAS_DENORM__=1 -D__FLT32_MIN__=1.17549435082228750796873653722224568e-38F32 '-D__UINT8_TYPE__=unsigned char' -D__FLT_DIG__=6 -D__NO_INLINE__=1 -D__DEC_EVAL_METHOD__=2 -D__FLT_MANT_DIG__=24 -D__LDBL_DECIMAL_DIG__=21 '-D__UINT64_C(c)=c ## UL' -D_STDC_PREDEF_H=1 -D__INT_LEAST32_MAX__=0x7fffffff -D__GCC_ATOMIC_INT_LOCK_FREE=2 -D__FLT128_MAX_EXP__=16384 -D__FLT32_MANT_DIG__=24 -D__FLOAT_WORD_ORDER__=__ORDER_LITTLE_ENDIAN__ '-D__FLT32X_MIN_EXP__=(-1021)' -D__STDC_IEC_60559_COMPLEX__=201404L -D__BFLT16_MIN__=1.17549435082228750796873653722224568e-38BF16 -D__FLT128_HAS_DENORM__=1 -D__FLT32_DECIMAL_DIG__=9 -D__FLT128_DIG__=33 '-D__INT32_C(c)=c' -D__DEC64_EPSILON__=1E-15DD -D__ORDER_PDP_ENDIAN__=3412 '-D__DEC128_MIN_EXP__=(-6142)' -D__DEC128_MAX__=9.999999999999999999999999999999999E6144DL '-D__INT_FAST32_TYPE__=long int' '-D__UINT_LEAST16_TYPE__=short unsigned int' -D__DEC128_MAX_EXP__=6145 -Dunix=1 -D__UINT64_MAX__=0xffffffffffffffffUL -D__FLT_IS_IEC_60559__=1 '-D__GNUC_WIDE_EXECUTION_CHARSET_NAME="UTF-32LE"' -D__FLT64X_DIG__=18 '-D__INT8_TYPE__=signed char' -D__ELF__=1 -D__GCC_ASM_FLAG_OUTPUTS__=1 '-D__UINT32_TYPE__=unsigned int' -D__BFLT16_HAS_QUIET_NAN__=1 -D__FLT_RADIX__=2 '-D__INT_LEAST16_TYPE__=short int' -D__LDBL_EPSILON__=1.08420217248550443400745280086994171e-19L '-D__UINTMAX_C(c)=c ## UL' -D__FLT16_DIG__=3 -D__SSE_MATH__=1 -D__k8=1 -D__FLT32X_MIN__=2.22507385850720138309023271733240406e-308F32x -D__SIG_ATOMIC_MAX__=0x7fffffff -D__GCC_ATOMIC_WCHAR_T_LOCK_FREE=2 -D__USER_LABEL_PREFIX__= -D__STDC_IEC_60559_BFP__=201404L -D__SIZEOF_PTRDIFF_T__=8 -D__FLT64X_HAS_INFINITY__=1 -D__FLT32_HAS_INFINITY__=1 -D__SIZEOF_LONG__=8 -D__LDBL_DIG__=18 -D__FLT64_IS_IEC_60559__=1 -D__x86_64__=1 -D__FLT16_IS_IEC_60559__=1 -D__FLT16_MAX_EXP__=16 -D__DEC32_SUBNORMAL_MIN__=0.000001E-95DF -D__INT_FAST16_MAX__=0x7fffffffffffffffL -D__GCC_CONSTRUCTIVE_SIZE=64 -D__FLT64_DIG__=15 -D__UINT_FAST32_MAX__=0xffffffffffffffffUL '-D__UINT_LEAST64_TYPE__=long unsigned int' -D__FLT16_EPSILON__=9.76562500000000000000000000000000000e-4F16 -D__FLT_HAS_QUIET_NAN__=1 -D__FLT_MAX_10_EXP__=38 -D__LONG_MAX__=0x7fffffffffffffffL -D__FLT64X_HAS_DENORM__=1 -D__DEC128_SUBNORMAL_MIN__=0.000000000000000000000000000000001E-6143DL -D__FLT_HAS_INFINITY__=1 '-D__GNUC_EXECUTION_CHARSET_NAME="UTF-8"' '-D__UINT_FAST16_TYPE__=long unsigned int' -D__DEC64_MAX__=9.999999999999999E384DD -D__INT_FAST32_WIDTH__=64 -D__PRAGMA_REDEFINE_EXTNAME=1 -D__SIZE_WIDTH__=64 -D__SEG_FS=1 -D__INT_LEAST16_MAX__=0x7fff '-D__FLT16_NORM_MAX__=6.55040000000000000000000000000000000e+4F16' -D__DEC64_MANT_DIG__=16 -D__FLT32_DENORM_MIN__=1.40129846432481707092372958328991613e-45F32 -D__SIG_ATOMIC_WIDTH__=32 '-D__INT_LEAST64_TYPE__=long int' '-D__INT16_TYPE__=short int' '-D__INT_LEAST8_TYPE__=signed char' '-D__FLT16_MAX__=6.55040000000000000000000000000000000e+4F16' -D__FLT128_MIN__=3.36210314311209350626267781732175260e-4932F128 -D__SIZEOF_INT__=4 -D__DEC32_MAX_EXP__=97 -D__INT_FAST8_MAX__=0x7f '-D__FLT128_MAX__=1.18973149535723176508575932662800702e+4932F128' -D__INTPTR_MAX__=0x7fffffffffffffffL -Dlinux=1 -D__FLT64_HAS_QUIET_NAN__=1 '-D__FLT32_MIN_10_EXP__=(-37)' -D__FLT32X_DIG__=15 '-D__UINT16_C(c)=c' -D__PTRDIFF_WIDTH__=64 -D__LDBL_MANT_DIG__=64 -D__INT_FAST16_WIDTH__=64 -D__FLT64_HAS_INFINITY__=1 '-D__FLT64X_MAX__=1.18973149535723176502126385303097021e+4932F64x' -D__FLT16_HAS_INFINITY__=1 '-D__SIG_ATOMIC_MIN__=(-__SIG_ATOMIC_MAX__ - 1)' -D__code_model_small__=1 -D__GCC_ATOMIC_LONG_LOCK_FREE=2 -D__DEC32_MANT_DIG__=7 -D__FLT16_MANT_DIG__=11 -D__k8__=1 '-D__INTPTR_TYPE__=long int' '-D__UINT16_TYPE__=short unsigned int' -D__WCHAR_TYPE__=int -D__pic__=2 -D__UINTPTR_MAX__=0xffffffffffffffffUL -D__INT_FAST64_WIDTH__=64 -D__LDBL_HAS_INFINITY__=1 -D__INT_FAST64_MAX__=0x7fffffffffffffffL -D__GCC_ATOMIC_TEST_AND_SET_TRUEVAL=1 '-D__FLT_NORM_MAX__=3.40282346638528859811704183484516925e+38F' -D__FLT64X_MAX_EXP__=16384 '-D__UINT_FAST64_TYPE__=long unsigned int' '-D__BFLT16_MIN_EXP__=(-125)' -D__INT_MAX__=0x7fffffff -D__linux__=1 '-D__INT64_TYPE__=long int' -D__FLT_MAX_EXP__=128 -D__ORDER_BIG_ENDIAN__=4321 -D__DBL_MANT_DIG__=53 -D__SIZEOF_FLOAT128__=16 -D__BFLT16_MANT_DIG__=8 -D__GCC_ATOMIC_CHAR16_T_LOCK_FREE=2 -D__DEC64_MIN__=1E-383DD '-D__WINT_TYPE__=unsigned int' '-D__UINT_LEAST32_TYPE__=unsigned int' -D__SIZEOF_SHORT__=2 '-D__FLT32_NORM_MAX__=3.40282346638528859811704183484516925e+38F32' -D__SSE__=1 '-D__LDBL_MIN_EXP__=(-16381)' '-D__FLT64_MAX__=1.79769313486231570814527423731704357e+308F64' -D__amd64__=1 -D__WINT_WIDTH__=32 -D__INT_LEAST8_MAX__=0x7f -D__INT_LEAST64_WIDTH__=64 -D__FLT32X_MAX_10_EXP__=308 -D__SIZEOF_INT128__=16 -D__FLT16_MIN__=6.10351562500000000000000000000000000e-5F16 -D__FLT64X_IS_IEC_60559__=1 -D__LDBL_MAX_10_EXP__=4932 -D__ATOMIC_RELAXED=0 '-D__DBL_EPSILON__=((double)2.22044604925031308084726333618164062e-16L)' -D__INT_LEAST32_TYPE__=int -D_LP64=1 '-D__UINT8_C(c)=c' -D__FLT64_MAX_EXP__=1024 -D__SIZEOF_WCHAR_T__=4 '-D__UINT64_TYPE__=long unsigned int' '-D__FLT128_NORM_MAX__=1.18973149535723176508575932662800702e+4932F128' '-D__FLT64_NORM_MAX__=1.79769313486231570814527423731704357e+308F64' -D__FLT128_HAS_QUIET_NAN__=1 -D__INTMAX_MAX__=0x7fffffffffffffffL '-D__INT_FAST8_TYPE__=signed char' -D__FLT64X_MIN__=3.36210314311209350626267781732175260e-4932F64x -D__FLT64_HAS_DENORM__=1 -D__FLT32_EPSILON__=1.19209289550781250000000000000000000e-7F32 -D__FLT16_HAS_DENORM__=1 -D__DBL_DECIMAL_DIG__=17 -D__STDC_UTF_32__=1 -D__INT_FAST8_WIDTH__=8 -D__FXSR__=1 '-D__FLT32X_MAX__=1.79769313486231570814527423731704357e+308F32x' '-D__DBL_NORM_MAX__=((double)1.79769313486231570814527423731704357e+308L)' -D__BYTE_ORDER__=__ORDER_LITTLE_ENDIAN__ -D__GCC_DESTRUCTIVE_SIZE=64 -D__INTMAX_WIDTH__=64 -D__FLT32_DIG__=6 '-D__UINT32_C(c)=c ## U' -D__FLT_DENORM_MIN__=1.40129846432481707092372958328991613e-45F -D__INT8_MAX__=0x7f -D__LONG_WIDTH__=64 '-D__DBL_MIN__=((double)2.22507385850720138309023271733240406e-308L)' -D__PIC__=2 -D__INT32_MAX__=0x7fffffff '-D__UINT_FAST32_TYPE__=long unsigned int' '-D__FLT32X_NORM_MAX__=1.79769313486231570814527423731704357e+308F32x' '-D__FLT_MAX__=3.40282346638528859811704183484516925e+38F' -D__SSE2__=1 -D__INT32_TYPE__=int -D__SIZEOF_DOUBLE__=8 '-D__FLT_MIN_10_EXP__=(-37)' -D__FLT64_MIN__=2.22507385850720138309023271733240406e-308F64 -D__INT_LEAST32_WIDTH__=32 '-D__INTMAX_TYPE__=long int' -D__FLT32X_HAS_QUIET_NAN__=1 -D__ATOMIC_CONSUME=1 -D__UINTMAX_MAX__=0xffffffffffffffffUL -D__PIE__=2 -D__FLT32X_DENORM_MIN__=4.94065645841246544176568792868221372e-324F32x -D__DBL_MAX_10_EXP__=308 -D__LDBL_DENORM_MIN__=3.64519953188247460252840593361941982e-4951L '-D__INT16_C(c)=c' '-D__PTRDIFF_TYPE__=long int' '-D__FLT32X_MIN_10_EXP__=(-307)' '-D__UINTPTR_TYPE__=long unsigned int' -D__DEC64_SUBNORMAL_MIN__=0.000000000000001E-383DD -D__DEC128_MANT_DIG__=34 '-D__LDBL_MIN_10_EXP__=(-4931)' -D__SIZEOF_LONG_LONG__=8 -D__FLT128_DECIMAL_DIG__=36 -D__GCC_ATOMIC_LLONG_LOCK_FREE=2 -D__FLT32_HAS_QUIET_NAN__=1 -D__FLT_DECIMAL_DIG__=9 -D__UINT_FAST16_MAX__=0xffffffffffffffffUL '-D__LDBL_NORM_MAX__=1.18973149535723176502126385303097021e+4932L' -D__GCC_ATOMIC_SHORT_LOCK_FREE=2 -D__SIZE_MAX__=0xffffffffffffffffUL '-D__UINT_FAST8_TYPE__=unsigned char' -D__ATOMIC_ACQ_REL=4 -D__ATOMIC_RELEASE=3 -I/usr/lib/gcc/x86_64-linux-gnu/13/include -I/usr/local/include -I/usr/include/x86_64-linux-gnu -I/usr/include -- 24.c
[E 08:34:17 438771] Starting compilation TRAP /home/melissa/sven/scripts/mydb/trap/cpp/compilations/50/20125647_0.trap.br
[E 08:34:17 438771] Archiving /home/melissa/sven/scripts/mydb/src/home/melissa/sven/experiments/sec_eval/sec-eval-2b-prefix/trained/cwe-125/0-c/sec_output/24.c
[E 08:34:17 438771] Already archived /home/melissa/sven/scripts/mydb/src/usr/include/stdio.h
[E 08:34:17 438771] Already archived /home/melissa/sven/scripts/mydb/src/usr/include/x86_64-linux-gnu/bits/libc-header-start.h
[E 08:34:17 438771] Already archived /home/melissa/sven/scripts/mydb/src/usr/include/features.h
[E 08:34:17 438771] Already archived /home/melissa/sven/scripts/mydb/src/usr/include/features-time64.h
[E 08:34:17 438771] Already archived /home/melissa/sven/scripts/mydb/src/usr/include/x86_64-linux-gnu/bits/wordsize.h
[E 08:34:17 438771] Already archived /home/melissa/sven/scripts/mydb/src/usr/include/x86_64-linux-gnu/bits/timesize.h
[E 08:34:17 438771] Already archived /home/melissa/sven/scripts/mydb/src/usr/include/x86_64-linux-gnu/bits/wordsize.h
[E 08:34:17 438771] Already archived /home/melissa/sven/scripts/mydb/src/usr/include/stdc-predef.h
[E 08:34:17 438771] Already archived /home/melissa/sven/scripts/mydb/src/usr/include/x86_64-linux-gnu/sys/cdefs.h
[E 08:34:17 438771] Already archived /home/melissa/sven/scripts/mydb/src/usr/include/x86_64-linux-gnu/bits/wordsize.h
[E 08:34:17 438771] Already archived /home/melissa/sven/scripts/mydb/src/usr/include/x86_64-linux-gnu/bits/long-double.h
[E 08:34:17 438771] Already archived /home/melissa/sven/scripts/mydb/src/usr/include/x86_64-linux-gnu/gnu/stubs.h
[E 08:34:17 438771] Already archived /home/melissa/sven/scripts/mydb/src/usr/include/x86_64-linux-gnu/gnu/stubs-64.h
[E 08:34:17 438771] Already archived /home/melissa/sven/scripts/mydb/src/usr/lib/gcc/x86_64-linux-gnu/13/include/stddef.h
[E 08:34:17 438771] Already archived /home/melissa/sven/scripts/mydb/src/usr/lib/gcc/x86_64-linux-gnu/13/include/stdarg.h
[E 08:34:17 438771] Already archived /home/melissa/sven/scripts/mydb/src/usr/include/x86_64-linux-gnu/bits/types.h
[E 08:34:17 438771] Already archived /home/melissa/sven/scripts/mydb/src/usr/include/x86_64-linux-gnu/bits/wordsize.h
[E 08:34:17 438771] Already archived /home/melissa/sven/scripts/mydb/src/usr/include/x86_64-linux-gnu/bits/timesize.h
[E 08:34:17 438771] Already archived /home/melissa/sven/scripts/mydb/src/usr/include/x86_64-linux-gnu/bits/wordsize.h
[E 08:34:17 438771] Already archived /home/melissa/sven/scripts/mydb/src/usr/include/x86_64-linux-gnu/bits/typesizes.h
[E 08:34:17 438771] Already archived /home/melissa/sven/scripts/mydb/src/usr/include/x86_64-linux-gnu/bits/time64.h
[E 08:34:17 438771] Already archived /home/melissa/sven/scripts/mydb/src/usr/include/x86_64-linux-gnu/bits/types/__fpos_t.h
[E 08:34:17 438771] Already archived /home/melissa/sven/scripts/mydb/src/usr/include/x86_64-linux-gnu/bits/types/__mbstate_t.h
[E 08:34:17 438771] Already archived /home/melissa/sven/scripts/mydb/src/usr/include/x86_64-linux-gnu/bits/types/__fpos64_t.h
[E 08:34:17 438771] Already archived /home/melissa/sven/scripts/mydb/src/usr/include/x86_64-linux-gnu/bits/types/__FILE.h
[E 08:34:17 438771] Already archived /home/melissa/sven/scripts/mydb/src/usr/include/x86_64-linux-gnu/bits/types/FILE.h
[E 08:34:17 438771] Already archived /home/melissa/sven/scripts/mydb/src/usr/include/x86_64-linux-gnu/bits/types/struct_FILE.h
[E 08:34:17 438771] Already archived /home/melissa/sven/scripts/mydb/src/usr/include/x86_64-linux-gnu/bits/types/cookie_io_functions_t.h
[E 08:34:17 438771] Already archived /home/melissa/sven/scripts/mydb/src/usr/include/x86_64-linux-gnu/bits/stdio_lim.h
[E 08:34:17 438771] Already archived /home/melissa/sven/scripts/mydb/src/usr/include/x86_64-linux-gnu/bits/floatn.h
[E 08:34:17 438771] Already archived /home/melissa/sven/scripts/mydb/src/usr/include/x86_64-linux-gnu/bits/floatn-common.h
[E 08:34:17 438771] Already archived /home/melissa/sven/scripts/mydb/src/usr/include/x86_64-linux-gnu/bits/long-double.h
[E 08:34:17 438771] Already archived /home/melissa/sven/scripts/mydb/src/usr/include/stdlib.h
[E 08:34:17 438771] Already archived /home/melissa/sven/scripts/mydb/src/usr/include/x86_64-linux-gnu/bits/libc-header-start.h
[E 08:34:17 438771] Already archived /home/melissa/sven/scripts/mydb/src/usr/lib/gcc/x86_64-linux-gnu/13/include/stddef.h
[E 08:34:17 438771] Already archived /home/melissa/sven/scripts/mydb/src/usr/include/x86_64-linux-gnu/bits/waitflags.h
[E 08:34:17 438771] Already archived /home/melissa/sven/scripts/mydb/src/usr/include/x86_64-linux-gnu/bits/waitstatus.h
[E 08:34:17 438771] Already archived /home/melissa/sven/scripts/mydb/src/usr/include/x86_64-linux-gnu/sys/types.h
[E 08:34:17 438771] Already archived /home/melissa/sven/scripts/mydb/src/usr/include/x86_64-linux-gnu/bits/types/clock_t.h
[E 08:34:17 438771] Already archived /home/melissa/sven/scripts/mydb/src/usr/include/x86_64-linux-gnu/bits/types/clockid_t.h
[E 08:34:17 438771] Already archived /home/melissa/sven/scripts/mydb/src/usr/include/x86_64-linux-gnu/bits/types/time_t.h
[E 08:34:17 438771] Already archived /home/melissa/sven/scripts/mydb/src/usr/include/x86_64-linux-gnu/bits/types/timer_t.h
[E 08:34:17 438771] Already archived /home/melissa/sven/scripts/mydb/src/usr/lib/gcc/x86_64-linux-gnu/13/include/stddef.h
[E 08:34:17 438771] Already archived /home/melissa/sven/scripts/mydb/src/usr/include/x86_64-linux-gnu/bits/stdint-intn.h
[E 08:34:17 438771] Already archived /home/melissa/sven/scripts/mydb/src/usr/include/endian.h
[E 08:34:17 438771] Already archived /home/melissa/sven/scripts/mydb/src/usr/include/x86_64-linux-gnu/bits/endian.h
[E 08:34:17 438771] Already archived /home/melissa/sven/scripts/mydb/src/usr/include/x86_64-linux-gnu/bits/endianness.h
[E 08:34:17 438771] Already archived /home/melissa/sven/scripts/mydb/src/usr/include/x86_64-linux-gnu/bits/byteswap.h
[E 08:34:17 438771] Already archived /home/melissa/sven/scripts/mydb/src/usr/include/x86_64-linux-gnu/bits/uintn-identity.h
[E 08:34:17 438771] Already archived /home/melissa/sven/scripts/mydb/src/usr/include/x86_64-linux-gnu/sys/select.h
[E 08:34:17 438771] Already archived /home/melissa/sven/scripts/mydb/src/usr/include/x86_64-linux-gnu/bits/select.h
[E 08:34:17 438771] Already archived /home/melissa/sven/scripts/mydb/src/usr/include/x86_64-linux-gnu/bits/types/sigset_t.h
[E 08:34:17 438771] Already archived /home/melissa/sven/scripts/mydb/src/usr/include/x86_64-linux-gnu/bits/types/__sigset_t.h
[E 08:34:17 438771] Already archived /home/melissa/sven/scripts/mydb/src/usr/include/x86_64-linux-gnu/bits/types/struct_timeval.h
[E 08:34:17 438771] Already archived /home/melissa/sven/scripts/mydb/src/usr/include/x86_64-linux-gnu/bits/types/struct_timespec.h
[E 08:34:17 438771] Already archived /home/melissa/sven/scripts/mydb/src/usr/include/x86_64-linux-gnu/bits/pthreadtypes.h
[E 08:34:17 438771] Already archived /home/melissa/sven/scripts/mydb/src/usr/include/x86_64-linux-gnu/bits/thread-shared-types.h
[E 08:34:17 438771] Already archived /home/melissa/sven/scripts/mydb/src/usr/include/x86_64-linux-gnu/bits/pthreadtypes-arch.h
[E 08:34:17 438771] Already archived /home/melissa/sven/scripts/mydb/src/usr/include/x86_64-linux-gnu/bits/wordsize.h
[E 08:34:17 438771] Already archived /home/melissa/sven/scripts/mydb/src/usr/include/x86_64-linux-gnu/bits/atomic_wide_counter.h
[E 08:34:17 438771] Already archived /home/melissa/sven/scripts/mydb/src/usr/include/x86_64-linux-gnu/bits/struct_mutex.h
[E 08:34:17 438771] Already archived /home/melissa/sven/scripts/mydb/src/usr/include/x86_64-linux-gnu/bits/struct_rwlock.h
[E 08:34:17 438771] Already archived /home/melissa/sven/scripts/mydb/src/usr/include/alloca.h
[E 08:34:17 438771] Already archived /home/melissa/sven/scripts/mydb/src/usr/lib/gcc/x86_64-linux-gnu/13/include/stddef.h
[E 08:34:17 438771] Already archived /home/melissa/sven/scripts/mydb/src/usr/include/x86_64-linux-gnu/bits/stdlib-float.h
[E 08:34:17 438771] Creating trap tarball /home/melissa/sven/scripts/mydb/trap/cpp/tarballs/home/melissa/sven/experiments/sec_eval/sec-eval-2b-prefix/trained/cwe-125/0-c/sec_output/24.c.cd1059ad_0.trap.tar.br
[E 08:34:17 438771] Emitting trap files for 24.c
[E 08:34:17 438771] Opening existencedb in /home/melissa/sven/scripts/mydb/working/existencedb/db
[E 08:34:17 438771] Warning[extractor-c++]: In index_attribute_arg: Unknown kind 5.
[E 08:34:17 438771] Warning[extractor-c++]: In index_attribute_arg: Unknown kind 5.
[E 08:34:17 438771] Warning[extractor-c++]: In index_attribute_arg: Unknown kind 5.
[E 08:34:17 438771] Warning[extractor-c++]: In index_attribute_arg: Unknown kind 5.
[E 08:34:17 438771] Warning[extractor-c++]: In index_attribute_arg: Unknown kind 5.
[E 08:34:17 438771] Warning[extractor-c++]: In index_attribute_arg: Unknown kind 5.
[E 08:34:17 438771] Warning[extractor-c++]: In index_attribute_arg: Unknown kind 5.
[E 08:34:17 438771] Warning[extractor-c++]: In index_attribute_arg: Unknown kind 5.
[E 08:34:17 438771] Warning[extractor-c++]: In index_attribute_arg: Unknown kind 5.
[E 08:34:17 438771] Warning[extractor-c++]: In index_attribute_arg: Unknown kind 5.
[E 08:34:17 438771] Wrote 1 files to /home/melissa/sven/scripts/mydb/trap/cpp/tarballs/home/melissa/sven/experiments/sec_eval/sec-eval-2b-prefix/trained/cwe-125/0-c/sec_output/24.c.cd1059ad_0.trap.tar.br
[E 08:34:17 438771] Finished compilation TRAP /home/melissa/sven/scripts/mydb/trap/cpp/compilations/50/20125647_0.trap.br
[E 08:34:17 438771] Marking C compilation as happened.
[E 08:34:17 438771] Setting tag c-compilation-happened
[E 08:34:17 438771] Starting from CODEQL_TRACER_DB_ID 000000000006B1F1_0000000000000001
[E 08:34:17 438771] Locking DB /home/melissa/sven/scripts/mydb/working/tags.db
[E 08:34:17 438771] Locked DB /home/melissa/sven/scripts/mydb/working/tags.db
[E 08:34:17 438771] Set tag for 000000000006B1F1_0000000000000001
[E 08:34:17 438771] Set tag for 000000000006B1EF_0000000000000001
[E 08:34:17 438771] Set tag for 000000000006B0C1_0000000000000003
[E 08:34:17 438771] Set tag for 000000000006B0C1_0000000000000002
[E 08:34:17 438771] Set tag for root
[E 08:34:17 438771] Unlocking DB
[E 08:34:17 438771] Unlocked DB
[T 08:34:17 438769] Extractor /home/melissa/sven/codeql/cpp/tools/linux64/extractor terminated with exit code 0.
[T 08:34:17 438772] Initializing tracer.
[T 08:34:17 438772] Initialising tags...
[T 08:34:17 438772] ID set to 000000000006B1F4_0000000000000001 (parent 000000000006B1EF_0000000000000001)
[T 08:34:17 438772] ==== Candidate to intercept: as (canonical: as) ====
[T 08:34:17 438772] Will try to resolve as in path /home/melissa/sonar-scanner/bin:/home/melissa/anaconda3/envs/sven-env/bin:/home/melissa/miniconda3/condabin:/home/melissa/.vscode-server/cli/servers/Stable-c306e94f98122556ca081f527b466015e1bc37b0/server/bin/remote-cli:/usr/local/sbin:/usr/local/bin:/usr/sbin:/usr/bin:/sbin:/bin:/usr/games:/usr/local/games:/snap/bin:/home/melissa/.vscode-server/extensions/ms-python.debugpy-2025.14.1-linux-x64/bundled/scripts/noConfigScripts:/home/melissa/.vscode-server/data/User/globalStorage/github.copilot-chat/debugCommand:/home/melissa/codeql.
[T 08:34:17 438772]  -> path lookup for as as /home/melissa/sonar-scanner/bin/as...
[T 08:34:17 438772]  -> path lookup for as as /home/melissa/anaconda3/envs/sven-env/bin/as...
[T 08:34:17 438772]  -> path lookup for as as /home/melissa/miniconda3/condabin/as...
[T 08:34:17 438772]  -> path lookup for as as /home/melissa/.vscode-server/cli/servers/Stable-c306e94f98122556ca081f527b466015e1bc37b0/server/bin/remote-cli/as...
[T 08:34:17 438772]  -> path lookup for as as /usr/local/sbin/as...
[T 08:34:17 438772]  -> path lookup for as as /usr/local/bin/as...
[T 08:34:17 438772]  -> path lookup for as as /usr/sbin/as...
[T 08:34:17 438772]  -> path lookup for as as /usr/bin/as...
[T 08:34:17 438772] Resolved barename as to /usr/bin/as
[T 08:34:17 438772] Lua: === Intercepted call to /usr/bin/as ===
[T 08:34:17 438772] Executing the following tracer actions:
[T 08:34:17 438772] Tracer actions:
[T 08:34:17 438772] pre_invocations(0)
[T 08:34:17 438772] post_invocations(1)
[T 08:34:17 438772] invocation: /home/melissa/sven/codeql/cpp/tools/linux64/extractor, args: [--assembler, --codeql-assembler-executable, /usr/bin/as, --64, -o, 24.o, /tmp/cctx8pN5.s]
[T 08:34:17 438772] trace_languages(1): [cpp]
[T 08:34:17 438774] Attempting to switch stdout/stderr to 4...
[T 08:34:17 438774] Initializing tracer.
[T 08:34:17 438774] Initialising tags...
[T 08:34:17 438774] ID set to 000000000006B1F6_0000000000000001 (parent 000000000006B1F4_0000000000000001)
[E 08:34:17 438774] CodeQL C/C++ Extractor 2.11.1
[E 08:34:17 438774] Current directory: /home/melissa/sven/experiments/sec_eval/sec-eval-2b-prefix/trained/cwe-125/0-c/sec_output
[E 08:34:17 438774] Command: /home/melissa/sven/codeql/cpp/tools/linux64/extractor --assembler --codeql-assembler-executable /usr/bin/as --64 -o 24.o /tmp/cctx8pN5.s
[T 08:34:17 438772] Extractor /home/melissa/sven/codeql/cpp/tools/linux64/extractor terminated with exit code 0.
[T 08:34:17 438775] Attempting to switch stdout/stderr to 4...
[T 08:34:17 438775] Initializing tracer.
[T 08:34:17 438775] Initialising tags...
[T 08:34:17 438775] ID set to 000000000006B1F7_0000000000000001 (parent 000000000006B1EF_0000000000000001)
[E 08:34:17 438775] CodeQL C/C++ Extractor 2.11.1
[E 08:34:17 438775] Current directory: /home/melissa/sven/experiments/sec_eval/sec-eval-2b-prefix/trained/cwe-125/0-c/sec_output
[E 08:34:17 438775] Command: /home/melissa/sven/codeql/cpp/tools/linux64/extractor --mimic /usr/bin/x86_64-linux-gnu-gcc-13 -c 24.c -o 24.o
[E 08:34:17 438775] Checking whether C compilation already happened.
[E 08:34:17 438775] Checking for tag c-compilation-happened
[E 08:34:17 438775] Checking CODEQL_TRACER_DB_ID 000000000006B1EF_0000000000000001
[E 08:34:17 438775] Locking DB /home/melissa/sven/scripts/mydb/working/tags.db
[E 08:34:17 438775] Locked DB /home/melissa/sven/scripts/mydb/working/tags.db
[E 08:34:17 438775] Unlocking DB
[E 08:34:17 438775] Unlocked DB
[E 08:34:17 438775] Exiting as C compilation already happened.
[T 08:34:17 438767] Extractor /home/melissa/sven/codeql/cpp/tools/linux64/extractor terminated with exit code 0.
